case,width,height,draw_width,draw_height,index,simulation_publish_ms,edt_dispatch_ms,edt_paint_ms,published,enemies,player_bullets,enemy_bullets,particles
world1_normal_960,960,600,960,600,0,7.317200,0.130100,1.351200,true,6,32,12,120
world1_normal_960,960,600,960,600,1,6.837300,0.109600,1.484100,true,6,32,12,120
world1_normal_960,960,600,960,600,2,7.087200,0.224200,1.431000,true,6,32,12,120
world1_normal_960,960,600,960,600,3,7.083800,0.105100,1.308100,true,6,32,12,120
world1_normal_960,960,600,960,600,4,7.241200,0.117700,1.335700,true,6,32,12,120
world1_normal_960,960,600,960,600,5,7.150000,0.150400,1.314200,true,6,32,12,120
world1_normal_960,960,600,960,600,6,6.640100,0.114000,1.415000,true,6,32,12,120
world1_normal_960,960,600,960,600,7,6.466500,0.124000,1.704900,true,6,32,12,120
world1_normal_960,960,600,960,600,8,6.689300,0.115900,1.458000,true,6,32,12,120
world1_normal_960,960,600,960,600,9,7.144700,0.115600,2.416500,true,6,32,12,120
world1_normal_960,960,600,960,600,10,6.884200,0.110700,1.384100,true,6,32,12,120
world1_normal_960,960,600,960,600,11,6.934300,0.113600,1.734400,true,6,32,12,120
world1_normal_960,960,600,960,600,12,6.716300,0.098900,1.301900,true,6,32,12,120
world1_normal_960,960,600,960,600,13,6.539200,0.104900,1.343300,true,6,32,12,120
world1_normal_960,960,600,960,600,14,6.479000,0.100100,1.273300,true,6,32,12,120
world1_normal_960,960,600,960,600,15,6.370500,0.154900,1.375400,true,6,32,12,120
world1_normal_960,960,600,960,600,16,6.439100,0.114000,1.365400,true,6,32,12,120
world1_normal_960,960,600,960,600,17,6.700600,0.142200,1.338200,true,6,32,12,120
world1_normal_960,960,600,960,600,18,7.422600,0.107100,1.520800,true,6,32,12,120
world1_normal_960,960,600,960,600,19,6.653000,0.144100,1.709700,true,6,32,12,120
world1_normal_960,960,600,960,600,20,6.556700,0.103700,1.258100,true,6,32,12,120
world1_normal_960,960,600,960,600,21,6.653000,0.103300,1.521200,true,6,32,12,120
world1_normal_960,960,600,960,600,22,8.647500,0.098300,1.287700,true,6,32,12,120
world1_normal_960,960,600,960,600,23,6.714800,0.102200,1.477200,true,7,32,12,120
world1_normal_960,960,600,960,600,24,6.373900,0.107100,1.394100,true,6,32,12,120
world1_normal_960,960,600,960,600,25,6.843500,0.098100,1.451000,true,6,32,12,120
world1_normal_960,960,600,960,600,26,6.888200,0.115300,1.395300,true,6,32,12,120
world1_normal_960,960,600,960,600,27,6.865500,0.128400,1.347400,true,6,32,12,120
world1_normal_960,960,600,960,600,28,6.420500,0.109800,1.239800,true,6,32,12,120
world1_normal_960,960,600,960,600,29,7.041000,0.118400,1.271200,true,6,32,12,120
world1_normal_960,960,600,960,600,30,7.550600,0.104100,1.377900,true,6,32,12,120
world1_normal_960,960,600,960,600,31,6.898700,0.114300,1.496400,true,6,32,12,120
world1_normal_960,960,600,960,600,32,6.715400,0.115200,1.402100,true,6,32,12,120
world1_normal_960,960,600,960,600,33,7.062600,0.123800,1.481800,true,6,32,12,120
world1_normal_960,960,600,960,600,34,6.851600,0.109800,1.385000,true,6,32,12,120
world1_normal_960,960,600,960,600,35,6.493100,0.099100,1.329800,true,6,32,12,120
world1_normal_960,960,600,960,600,36,7.354400,0.108200,1.431300,true,6,32,12,120
world1_normal_960,960,600,960,600,37,7.161100,0.147600,1.466500,true,6,32,12,120
world1_normal_960,960,600,960,600,38,6.921700,0.120200,1.568500,true,6,32,12,120
world1_normal_960,960,600,960,600,39,6.863100,0.111000,1.271500,true,6,32,12,120
world1_normal_960,960,600,960,600,40,6.642600,0.091300,1.279500,true,6,32,12,120
world1_normal_960,960,600,960,600,41,6.581200,0.125900,1.295100,true,6,32,12,120
world1_normal_960,960,600,960,600,42,6.763700,0.122800,1.275700,true,6,32,12,120
world1_normal_960,960,600,960,600,43,6.797500,0.096700,1.241500,true,6,32,12,120
world1_normal_960,960,600,960,600,44,7.369800,0.110700,1.491100,true,6,32,12,120
world1_normal_960,960,600,960,600,45,6.339400,0.105500,1.448000,true,6,32,12,120
world1_normal_960,960,600,960,600,46,6.637800,0.099700,1.454800,true,6,32,12,120
world1_normal_960,960,600,960,600,47,6.331600,0.100000,1.290400,true,6,32,12,120
world1_normal_960,960,600,960,600,48,6.402600,0.125800,1.330800,true,6,32,12,120
world1_normal_960,960,600,960,600,49,6.236400,0.100100,1.465700,true,6,32,12,120
world1_normal_960,960,600,960,600,50,6.584400,0.128500,1.344800,true,6,32,12,120
world1_normal_960,960,600,960,600,51,6.099900,0.111500,1.543100,true,6,32,12,120
world1_normal_960,960,600,960,600,52,9.644100,0.110100,1.364000,true,6,32,13,120
world1_normal_960,960,600,960,600,53,6.769800,0.105000,1.439300,true,6,32,12,120
world1_normal_960,960,600,960,600,54,6.755900,0.121600,1.440300,true,6,32,12,120
world1_normal_960,960,600,960,600,55,6.388900,0.108500,1.235600,true,6,32,12,120
world1_normal_960,960,600,960,600,56,6.490500,0.109900,1.515900,true,6,32,13,120
world1_normal_960,960,600,960,600,57,6.550100,0.108200,1.288500,true,6,32,12,120
world1_normal_960,960,600,960,600,58,7.092000,0.113900,1.424800,true,6,32,12,120
world1_normal_960,960,600,960,600,59,6.444700,0.099600,1.340600,true,6,32,12,120
world1_normal_960,960,600,960,600,60,6.336300,0.238100,1.354600,true,6,32,12,120
world1_normal_960,960,600,960,600,61,7.209400,0.148500,1.336800,true,6,32,12,120
world1_normal_960,960,600,960,600,62,8.032000,0.168500,1.453100,true,6,32,12,120
world1_normal_960,960,600,960,600,63,7.195300,0.141600,1.328700,true,6,32,12,120
world1_normal_960,960,600,960,600,64,8.234500,0.110900,1.756900,true,6,32,12,120
world1_normal_960,960,600,960,600,65,6.878700,0.099500,1.734800,true,6,32,12,120
world1_normal_960,960,600,960,600,66,9.664300,0.110500,1.313500,true,6,32,12,120
world1_normal_960,960,600,960,600,67,7.241200,0.133100,1.545900,true,6,32,12,120
world1_normal_960,960,600,960,600,68,6.558400,0.152800,1.900500,true,6,32,12,120
world1_normal_960,960,600,960,600,69,7.560200,0.126900,2.065600,true,6,32,12,120
world1_normal_960,960,600,960,600,70,6.959500,0.097800,1.261400,true,6,32,12,120
world1_normal_960,960,600,960,600,71,7.004500,0.126600,1.385300,true,6,32,12,120
world1_normal_960,960,600,960,600,72,6.699200,0.116900,1.449700,true,6,32,12,120
world1_normal_960,960,600,960,600,73,7.171400,0.105600,1.480000,true,6,32,12,120
world1_normal_960,960,600,960,600,74,6.773600,0.118900,1.577000,true,6,32,12,120
world1_normal_960,960,600,960,600,75,6.520700,0.135000,1.441000,true,6,32,12,120
world1_normal_960,960,600,960,600,76,6.261800,0.109200,1.676800,true,6,32,12,120
world1_normal_960,960,600,960,600,77,6.232900,0.142800,1.400900,true,6,32,12,120
world1_normal_960,960,600,960,600,78,6.223400,0.100300,1.271700,true,6,32,12,120
world1_normal_960,960,600,960,600,79,6.017500,0.103900,1.544700,true,6,32,12,120
world1_normal_960,960,600,960,600,80,6.397300,0.097800,1.512800,true,6,32,12,120
world1_normal_960,960,600,960,600,81,6.033300,0.115700,1.257000,true,6,32,12,120
world1_normal_960,960,600,960,600,82,6.137100,0.105900,1.445100,true,6,32,12,120
world1_normal_960,960,600,960,600,83,6.343800,0.101000,1.470500,true,6,32,12,120
world1_normal_960,960,600,960,600,84,6.466400,0.096400,1.258300,true,6,32,13,120
world1_normal_960,960,600,960,600,85,6.582000,0.097100,1.260500,true,6,32,12,120
world1_normal_960,960,600,960,600,86,8.419400,0.130600,1.523900,true,6,32,12,120
world1_normal_960,960,600,960,600,87,6.401300,0.102500,1.459300,true,6,32,12,120
world1_normal_960,960,600,960,600,88,6.638500,0.111100,2.363400,true,6,32,12,120
world1_normal_960,960,600,960,600,89,7.396900,0.109400,1.426300,true,6,32,12,120
world1_normal_960,960,600,960,600,90,6.516000,0.223500,1.483400,true,6,32,12,120
world1_normal_960,960,600,960,600,91,6.226400,0.104600,1.438600,true,6,32,12,120
world1_normal_960,960,600,960,600,92,6.468700,0.105900,1.360700,true,6,32,12,120
world1_normal_960,960,600,960,600,93,6.235200,0.114900,1.616700,true,6,32,12,120
world1_normal_960,960,600,960,600,94,6.185100,0.104100,1.349300,true,6,32,12,120
world1_normal_960,960,600,960,600,95,6.939900,0.097900,1.419000,true,7,32,12,120
world1_normal_960,960,600,960,600,96,6.291000,0.105700,2.006900,true,6,32,12,120
world1_normal_960,960,600,960,600,97,7.753900,0.113600,1.281400,true,6,32,12,120
world1_normal_960,960,600,960,600,98,6.585500,0.100600,1.680800,true,6,32,12,120
world1_normal_960,960,600,960,600,99,6.803800,0.119600,1.465300,true,6,32,12,120
world1_normal_960,960,600,960,600,100,6.906200,0.103000,1.767700,true,6,32,12,120
world1_normal_960,960,600,960,600,101,7.129100,0.129600,1.373900,true,6,32,12,120
world1_normal_960,960,600,960,600,102,6.616500,0.103800,1.462700,true,6,32,12,120
world1_normal_960,960,600,960,600,103,6.405400,0.105300,1.540400,true,6,32,12,120
world1_normal_960,960,600,960,600,104,7.281800,0.112700,1.285400,true,6,32,12,120
world1_normal_960,960,600,960,600,105,6.754100,0.099500,1.643300,true,6,32,12,120
world1_normal_960,960,600,960,600,106,6.476800,0.101500,1.369100,true,6,32,12,120
world1_normal_960,960,600,960,600,107,6.243500,0.123200,1.241900,true,6,32,12,120
world1_normal_960,960,600,960,600,108,5.986400,0.100300,1.511100,true,6,32,12,120
world1_normal_960,960,600,960,600,109,6.362200,0.118100,1.287800,true,6,32,12,120
world1_normal_960,960,600,960,600,110,6.300900,0.128200,1.375200,true,6,32,12,120
world1_normal_960,960,600,960,600,111,6.848300,0.102200,1.259300,true,6,32,12,120
world1_normal_960,960,600,960,600,112,8.548700,0.115700,1.285200,true,6,32,12,120
world1_normal_960,960,600,960,600,113,7.027400,0.101500,1.304800,true,6,32,12,120
world1_normal_960,960,600,960,600,114,8.562300,0.128300,1.636200,true,6,32,12,120
world1_normal_960,960,600,960,600,115,6.575800,0.110100,1.516600,true,6,32,12,120
world1_normal_960,960,600,960,600,116,8.512200,0.126500,1.257300,true,6,32,12,120
world1_normal_960,960,600,960,600,117,6.773100,0.118600,1.452200,true,6,32,12,120
world1_normal_960,960,600,960,600,118,6.291900,0.100600,1.745800,true,6,32,12,120
world1_normal_960,960,600,960,600,119,5.939900,0.097500,1.420300,true,6,32,12,120
world1_normal_960,960,600,960,600,120,6.037500,0.100000,1.501300,true,6,32,12,120
world1_normal_960,960,600,960,600,121,6.920100,0.116700,1.401000,true,6,32,12,120
world1_normal_960,960,600,960,600,122,7.126100,0.103600,1.419300,true,6,32,12,120
world1_normal_960,960,600,960,600,123,6.257500,0.101800,1.529600,true,6,32,12,120
world1_normal_960,960,600,960,600,124,6.917300,0.112800,1.528600,true,6,32,12,120
world1_normal_960,960,600,960,600,125,6.393800,0.106200,1.331200,true,6,32,12,120
world1_normal_960,960,600,960,600,126,7.647500,0.143900,1.561300,true,6,32,12,120
world1_normal_960,960,600,960,600,127,7.517200,0.099200,1.440800,true,6,32,12,120
world1_normal_960,960,600,960,600,128,6.695700,0.109400,1.600100,true,6,32,12,120
world1_normal_960,960,600,960,600,129,7.576500,0.127700,1.520800,true,6,32,12,120
world1_normal_960,960,600,960,600,130,6.239900,0.105900,1.380200,true,6,32,12,120
world1_normal_960,960,600,960,600,131,6.947200,0.131700,1.497100,true,6,32,12,120
world1_normal_960,960,600,960,600,132,6.452200,0.118400,1.434000,true,6,32,12,120
world1_normal_960,960,600,960,600,133,6.396800,0.133900,1.447600,true,6,32,12,120
world1_normal_960,960,600,960,600,134,7.137000,0.097300,1.264900,true,6,32,12,120
world1_normal_960,960,600,960,600,135,5.879900,0.099200,1.235800,true,6,32,12,120
world1_normal_960,960,600,960,600,136,7.530400,0.114200,1.353500,true,6,32,12,120
world1_normal_960,960,600,960,600,137,6.281800,0.102100,1.340800,true,6,32,12,120
world1_normal_960,960,600,960,600,138,6.000300,0.096200,1.413900,true,6,32,12,120
world1_normal_960,960,600,960,600,139,8.664800,0.117100,1.582000,true,6,32,12,120
world1_normal_960,960,600,960,600,140,6.337300,0.103200,1.634600,true,6,32,12,120
world1_normal_960,960,600,960,600,141,6.335500,0.113400,2.433300,true,6,32,12,120
world1_normal_960,960,600,960,600,142,7.105000,0.101100,1.343700,true,6,32,12,120
world1_normal_960,960,600,960,600,143,7.304700,0.114500,1.388600,true,6,32,12,120
world1_normal_960,960,600,960,600,144,7.836100,0.102400,1.259100,true,6,32,12,120
world1_normal_960,960,600,960,600,145,6.139900,0.118800,1.403900,true,6,32,12,120
world1_normal_960,960,600,960,600,146,6.004300,0.128700,1.988000,true,6,32,12,120
world1_normal_960,960,600,960,600,147,6.201000,0.151700,1.362100,true,6,32,12,120
world1_normal_960,960,600,960,600,148,5.788800,0.162500,1.454100,true,6,32,12,120
world1_normal_960,960,600,960,600,149,7.167200,0.110800,1.558400,true,6,32,12,120
world1_normal_960,960,600,960,600,150,5.970700,0.103100,1.251800,true,6,32,12,120
world1_normal_960,960,600,960,600,151,6.046500,0.106400,1.476500,true,6,32,12,120
world1_normal_960,960,600,960,600,152,5.833800,0.102100,1.384900,true,6,32,12,120
world1_normal_960,960,600,960,600,153,5.868400,0.108300,1.319600,true,6,32,12,120
world1_normal_960,960,600,960,600,154,5.627100,0.103300,1.249200,true,6,32,12,120
world1_normal_960,960,600,960,600,155,5.819600,0.092100,1.260800,true,6,32,12,120
world1_normal_960,960,600,960,600,156,5.666000,0.111900,1.220200,true,6,32,12,120
world1_normal_960,960,600,960,600,157,6.174200,0.098200,1.515400,true,6,32,12,120
world1_normal_960,960,600,960,600,158,5.863600,0.103000,1.260900,true,6,32,12,120
world1_normal_960,960,600,960,600,159,5.786800,0.107900,1.364100,true,6,32,12,120
world1_normal_960,960,600,960,600,160,6.272700,0.117100,1.382400,true,6,32,12,120
world1_normal_960,960,600,960,600,161,5.927800,0.107800,1.500400,true,6,32,12,120
world1_normal_960,960,600,960,600,162,7.377400,0.101100,1.487500,true,6,32,13,120
world1_normal_960,960,600,960,600,163,8.088300,0.110900,1.317800,true,6,32,12,120
world1_normal_960,960,600,960,600,164,6.279800,0.116000,1.295500,true,6,32,12,120
world1_normal_960,960,600,960,600,165,6.331600,0.097300,1.303000,true,6,32,12,120
world1_normal_960,960,600,960,600,166,5.740200,0.105400,1.433400,true,6,32,13,120
world1_normal_960,960,600,960,600,167,6.188100,0.109900,1.280500,true,7,32,12,120
world1_normal_960,960,600,960,600,168,5.788000,0.104000,1.411900,true,6,32,12,120
world1_normal_960,960,600,960,600,169,6.291700,0.090500,1.241500,true,6,32,12,120
world1_normal_960,960,600,960,600,170,6.213300,0.090000,1.319300,true,6,32,12,120
world1_normal_960,960,600,960,600,171,6.136700,0.110800,1.432500,true,6,32,12,120
world1_normal_960,960,600,960,600,172,5.707200,0.176400,1.403700,true,6,32,12,120
world1_normal_960,960,600,960,600,173,5.710500,0.129500,1.459400,true,6,32,12,120
world1_normal_960,960,600,960,600,174,5.678500,0.105800,1.431800,true,6,32,12,120
world1_normal_960,960,600,960,600,175,5.833200,0.103500,1.502600,true,6,32,12,120
world1_normal_960,960,600,960,600,176,5.812100,0.122900,1.291100,true,6,32,12,120
world1_normal_960,960,600,960,600,177,6.126200,0.106600,1.245600,true,6,32,12,120
world1_normal_960,960,600,960,600,178,5.800700,0.100000,1.515700,true,6,32,12,120
world1_normal_960,960,600,960,600,179,6.175600,0.103200,1.487700,true,6,32,12,120
world1_normal_960,960,600,960,600,180,6.182800,0.116000,1.338600,true,6,32,12,120
world1_normal_960,960,600,960,600,181,5.902200,0.133100,1.235200,true,6,32,12,120
world1_normal_960,960,600,960,600,182,5.739400,0.104700,1.284200,true,6,32,12,120
world1_normal_960,960,600,960,600,183,5.914100,0.092500,1.249600,true,6,32,12,120
world1_normal_960,960,600,960,600,184,6.761500,0.106000,1.304100,true,6,32,12,120
world1_normal_960,960,600,960,600,185,5.739000,0.092500,1.250400,true,6,32,12,120
world1_normal_960,960,600,960,600,186,5.599400,0.109100,1.446800,true,6,32,12,120
world1_normal_960,960,600,960,600,187,8.471500,0.130800,1.428900,true,6,32,12,120
world1_normal_960,960,600,960,600,188,5.932300,0.174700,1.638300,true,6,32,12,120
world1_normal_960,960,600,960,600,189,6.033400,0.214300,1.496800,true,6,32,12,120
world1_normal_960,960,600,960,600,190,6.649300,0.329000,1.453900,true,6,32,12,120
world1_normal_960,960,600,960,600,191,6.742600,0.248600,1.313600,true,6,32,12,120
world1_normal_960,960,600,960,600,192,6.556900,0.318500,1.813000,true,6,32,12,120
world1_normal_960,960,600,960,600,193,6.108100,0.083100,1.380000,true,6,32,12,120
world1_normal_960,960,600,960,600,194,5.737200,0.122700,1.430600,true,6,32,12,120
world1_normal_960,960,600,960,600,195,5.666700,0.114700,1.531800,true,6,32,12,120
world1_normal_960,960,600,960,600,196,5.819300,0.086100,1.518800,true,6,32,12,120
world1_normal_960,960,600,960,600,197,5.884200,0.084700,1.401000,true,6,32,12,120
world1_normal_960,960,600,960,600,198,6.015600,0.100700,1.753800,true,6,32,12,120
world1_normal_960,960,600,960,600,199,5.818600,0.099900,1.496000,true,6,32,12,120
world1_normal_960,960,600,960,600,200,6.414900,0.102900,1.461600,true,6,32,12,120
world1_normal_960,960,600,960,600,201,6.027800,0.098900,1.586400,true,6,32,12,120
world1_normal_960,960,600,960,600,202,5.812400,0.088700,1.412900,true,6,32,12,120
world1_normal_960,960,600,960,600,203,6.629000,0.088400,1.344200,true,6,32,12,120
world1_normal_960,960,600,960,600,204,5.449300,0.092500,1.354400,true,6,32,12,120
world1_normal_960,960,600,960,600,205,5.946000,0.085000,1.249200,true,6,32,12,120
world1_normal_960,960,600,960,600,206,5.453600,0.075900,1.218700,true,6,32,12,120
world1_normal_960,960,600,960,600,207,5.852500,0.078500,1.259700,true,6,32,12,120
world1_normal_960,960,600,960,600,208,5.989700,0.077900,1.552000,true,6,32,12,120
world1_normal_960,960,600,960,600,209,5.668700,0.100600,1.384200,true,6,32,12,120
world1_normal_960,960,600,960,600,210,6.180800,0.086400,1.370800,true,6,32,12,120
world1_normal_960,960,600,960,600,211,5.346800,0.083300,1.300000,true,6,32,12,120
world1_normal_960,960,600,960,600,212,5.600200,0.070500,1.225700,true,6,32,12,120
world1_normal_600,600,400,600,375,0,6.468800,0.112500,2.488800,true,6,32,12,120
world1_normal_600,600,400,600,375,1,5.415200,0.087200,2.202100,true,6,32,12,120
world1_normal_600,600,400,600,375,2,5.740400,0.089500,2.273400,true,6,32,12,120
world1_normal_600,600,400,600,375,3,5.271000,0.115700,2.659900,true,6,32,12,120
world1_normal_600,600,400,600,375,4,5.408600,0.092400,2.425700,true,6,32,12,120
world1_normal_600,600,400,600,375,5,5.552800,0.089600,2.469900,true,6,32,12,120
world1_normal_600,600,400,600,375,6,6.335400,0.086400,2.353900,true,6,32,12,120
world1_normal_600,600,400,600,375,7,5.551100,0.140100,2.470800,true,6,32,12,120
world1_normal_600,600,400,600,375,8,5.708500,0.132500,2.413500,true,6,32,12,120
world1_normal_600,600,400,600,375,9,5.520100,0.270300,2.548900,true,6,32,12,120
world1_normal_600,600,400,600,375,10,5.535100,0.087500,2.477900,true,6,32,12,120
world1_normal_600,600,400,600,375,11,6.056300,0.105500,2.365800,true,6,32,12,120
world1_normal_600,600,400,600,375,12,5.863000,0.071500,2.407100,true,6,32,12,120
world1_normal_600,600,400,600,375,13,6.032600,0.082300,2.429100,true,6,32,12,120
world1_normal_600,600,400,600,375,14,5.543200,0.080700,2.236600,true,6,32,12,120
world1_normal_600,600,400,600,375,15,5.416500,0.076700,2.410800,true,6,32,12,120
world1_normal_600,600,400,600,375,16,6.168900,0.079100,2.517600,true,6,32,12,120
world1_normal_600,600,400,600,375,17,5.411300,0.078700,2.305700,true,6,32,12,120
world1_normal_600,600,400,600,375,18,5.304300,0.078200,2.620100,true,6,32,12,120
world1_normal_600,600,400,600,375,19,5.682000,0.089200,2.478000,true,6,32,12,120
world1_normal_600,600,400,600,375,20,5.252400,0.074600,2.527300,true,6,32,12,120
world1_normal_600,600,400,600,375,21,5.594200,0.087400,2.404500,true,6,32,13,120
world1_normal_600,600,400,600,375,22,5.628100,0.086100,2.271600,true,6,32,12,120
world1_normal_600,600,400,600,375,23,6.526100,0.076200,2.390800,true,6,32,12,120
world1_normal_600,600,400,600,375,24,5.469800,0.083000,2.433300,true,6,32,12,120
world1_normal_600,600,400,600,375,25,5.647200,0.080300,2.251100,true,6,32,13,120
world1_normal_600,600,400,600,375,26,5.745100,0.079500,2.408700,true,6,32,12,120
world1_normal_600,600,400,600,375,27,5.560500,0.077400,2.496400,true,6,32,12,120
world1_normal_600,600,400,600,375,28,5.237900,0.074100,2.196600,true,6,32,12,120
world1_normal_600,600,400,600,375,29,5.116300,0.067700,2.188800,true,6,32,12,120
world1_normal_600,600,400,600,375,30,5.205200,0.091500,2.332900,true,6,32,12,120
world1_normal_600,600,400,600,375,31,5.133800,0.090200,2.470200,true,6,32,12,120
world1_normal_600,600,400,600,375,32,5.313500,0.082000,2.454400,true,6,32,12,120
world1_normal_600,600,400,600,375,33,6.288600,0.068600,2.242100,true,6,32,12,120
world1_normal_600,600,400,600,375,34,5.244700,0.065700,2.328000,true,6,32,12,120
world1_normal_600,600,400,600,375,35,5.217800,0.079200,2.393800,true,6,32,12,120
world1_normal_600,600,400,600,375,36,6.203900,0.073700,2.446900,true,6,32,12,120
world1_normal_600,600,400,600,375,37,5.388200,0.078800,2.458300,true,6,32,12,120
world1_normal_600,600,400,600,375,38,5.202600,0.093600,2.538300,true,6,32,12,120
world1_normal_600,600,400,600,375,39,5.419900,0.091600,2.470300,true,6,32,12,120
world1_normal_600,600,400,600,375,40,5.692000,0.105400,3.245100,true,6,32,12,120
world1_normal_600,600,400,600,375,41,5.300600,0.068200,2.274600,true,6,32,12,120
world1_normal_600,600,400,600,375,42,5.466000,0.087200,2.515000,true,6,32,12,120
world1_normal_600,600,400,600,375,43,5.261400,0.089500,2.992200,true,6,32,12,120
world1_normal_600,600,400,600,375,44,5.806400,0.097500,2.909900,true,6,32,12,120
world1_normal_600,600,400,600,375,45,5.918300,0.109000,3.137700,true,6,32,12,120
world1_normal_600,600,400,600,375,46,5.805200,0.080100,2.326400,true,6,32,12,120
world1_normal_600,600,400,600,375,47,5.565300,0.076700,2.327000,true,6,32,12,120
world1_normal_600,600,400,600,375,48,5.228800,0.088000,2.443400,true,6,32,12,120
world1_normal_600,600,400,600,375,49,5.630300,0.096000,2.334400,true,6,32,12,120
world1_normal_600,600,400,600,375,50,5.724400,0.072100,2.559600,true,6,32,12,120
world1_normal_600,600,400,600,375,51,5.073400,0.070700,2.440500,true,6,32,12,120
world1_normal_600,600,400,600,375,52,5.903200,0.070400,2.577800,true,6,32,12,120
world1_normal_600,600,400,600,375,53,5.223700,0.083400,2.720900,true,6,32,13,120
world1_normal_600,600,400,600,375,54,4.865600,0.070900,2.328300,true,6,32,12,120
world1_normal_600,600,400,600,375,55,5.385600,0.078600,2.382200,true,6,32,12,120
world1_normal_600,600,400,600,375,56,5.305100,0.084000,2.405000,true,6,32,12,120
world1_normal_600,600,400,600,375,57,5.285400,0.086600,2.482900,true,6,32,12,120
world1_normal_600,600,400,600,375,58,6.053700,0.085100,2.523800,true,6,32,12,120
world1_normal_600,600,400,600,375,59,5.106600,0.077100,2.363200,true,6,32,12,120
world1_normal_600,600,400,600,375,60,5.799400,0.077100,2.343000,true,6,32,12,120
world1_normal_600,600,400,600,375,61,5.336100,0.080000,2.469500,true,6,32,12,120
world1_normal_600,600,400,600,375,62,5.174100,0.070500,2.320900,true,6,32,12,120
world1_normal_600,600,400,600,375,63,5.580000,0.068200,2.380700,true,6,32,12,120
world1_normal_600,600,400,600,375,64,5.442900,0.077300,2.391200,true,7,32,12,120
world1_normal_600,600,400,600,375,65,5.514100,0.064800,2.198700,true,6,32,12,120
world1_normal_600,600,400,600,375,66,5.423200,0.083800,2.473600,true,6,32,12,120
world1_normal_600,600,400,600,375,67,5.451800,0.098500,2.230900,true,6,32,12,120
world1_normal_600,600,400,600,375,68,6.782500,0.080900,2.445600,true,6,32,12,120
world1_normal_600,600,400,600,375,69,5.656300,0.089800,3.119900,true,6,32,12,120
world1_normal_600,600,400,600,375,70,5.286800,0.075400,2.297100,true,6,32,12,120
world1_normal_600,600,400,600,375,71,5.256900,0.069100,2.321000,true,6,32,12,120
world1_normal_600,600,400,600,375,72,5.097000,0.092000,2.493800,true,6,32,12,120
world1_normal_600,600,400,600,375,73,5.780000,0.072600,2.207400,true,6,32,12,120
world1_normal_600,600,400,600,375,74,5.353700,0.081900,2.222400,true,6,32,12,120
world1_normal_600,600,400,600,375,75,7.137100,0.084300,2.243200,true,6,32,12,120
world1_normal_600,600,400,600,375,76,5.461600,0.068000,2.202500,true,6,32,12,120
world1_normal_600,600,400,600,375,77,5.257900,0.071100,2.402800,true,6,32,12,120
world1_normal_600,600,400,600,375,78,6.029600,0.077200,2.825900,true,6,32,12,120
world1_normal_600,600,400,600,375,79,5.199500,0.071800,2.222300,true,6,32,12,120
world1_normal_600,600,400,600,375,80,5.691200,0.087800,2.524300,true,6,32,12,120
world1_normal_600,600,400,600,375,81,5.471000,0.072200,2.647800,true,6,32,12,120
world1_normal_600,600,400,600,375,82,5.409300,0.074200,2.248500,true,6,32,12,120
world1_normal_600,600,400,600,375,83,5.412200,0.074300,2.458100,true,6,32,12,120
world1_normal_600,600,400,600,375,84,5.208300,0.099800,2.531000,true,6,32,12,120
world1_normal_600,600,400,600,375,85,5.343200,0.072700,2.192000,true,6,32,12,120
world1_normal_600,600,400,600,375,86,5.282600,0.067700,2.454100,true,6,32,12,120
world1_normal_600,600,400,600,375,87,5.344000,0.076700,2.681700,true,6,32,12,120
world1_normal_600,600,400,600,375,88,5.282000,0.071900,2.232800,true,6,32,12,120
world1_normal_600,600,400,600,375,89,5.161400,0.077300,2.471000,true,6,32,12,120
world1_normal_600,600,400,600,375,90,5.641900,0.071200,2.273500,true,6,32,12,120
world1_normal_600,600,400,600,375,91,4.961400,0.077000,2.400900,true,6,32,12,120
world1_normal_600,600,400,600,375,92,5.091000,0.088400,2.500900,true,6,32,12,120
world1_normal_600,600,400,600,375,93,5.211300,0.069500,2.287000,true,6,32,12,120
world1_normal_600,600,400,600,375,94,5.346300,0.087300,2.444500,true,6,32,12,120
world1_normal_600,600,400,600,375,95,6.146500,0.077300,2.422500,true,6,32,12,120
world1_normal_600,600,400,600,375,96,6.303500,0.070800,2.661700,true,6,32,12,120
world1_normal_600,600,400,600,375,97,6.566000,0.075700,2.248900,true,6,32,12,120
world1_normal_600,600,400,600,375,98,5.556300,0.071900,2.484500,true,6,32,12,120
world1_normal_600,600,400,600,375,99,5.566200,0.082400,2.389700,true,6,32,12,120
world1_normal_600,600,400,600,375,100,5.538600,0.095900,2.265200,true,6,32,12,120
world1_normal_600,600,400,600,375,101,5.454400,0.087300,2.408500,true,6,32,12,120
world1_normal_600,600,400,600,375,102,5.550200,0.088900,2.412500,true,6,32,12,120
world1_normal_600,600,400,600,375,103,5.366800,0.077200,2.235800,true,6,32,12,120
world1_normal_600,600,400,600,375,104,5.358800,0.072000,2.255800,true,6,32,12,120
world1_normal_600,600,400,600,375,105,5.449300,0.081600,2.531000,true,6,32,12,120
world1_normal_600,600,400,600,375,106,5.351300,0.116400,2.233300,true,6,32,12,120
world1_normal_600,600,400,600,375,107,5.264600,0.083100,2.283700,true,6,32,12,120
world1_normal_600,600,400,600,375,108,5.766500,0.059700,2.235100,true,6,32,12,120
world1_normal_600,600,400,600,375,109,5.629400,0.097700,3.017700,true,6,32,12,120
world1_normal_600,600,400,600,375,110,5.834900,0.074900,2.270900,true,6,32,12,120
world1_normal_600,600,400,600,375,111,5.671500,0.106900,2.478400,true,6,32,12,120
world1_normal_600,600,400,600,375,112,6.288100,0.086200,2.242600,true,6,32,12,120
world1_normal_600,600,400,600,375,113,7.727200,0.088000,2.377000,true,6,32,12,120
world1_normal_600,600,400,600,375,114,6.119000,0.111900,2.250400,true,6,32,12,120
world1_normal_600,600,400,600,375,115,5.436000,0.089200,2.902800,true,6,32,12,120
world1_normal_600,600,400,600,375,116,5.489000,0.072000,2.318700,true,6,32,12,120
world1_normal_600,600,400,600,375,117,5.613600,0.078100,2.301300,true,6,32,12,120
world1_normal_600,600,400,600,375,118,5.555300,0.086000,2.373000,true,6,32,12,120
world1_normal_600,600,400,600,375,119,5.310800,0.075300,2.231500,true,6,32,12,120
world1_normal_600,600,400,600,375,120,5.361400,0.071500,2.206300,true,6,32,12,120
world1_normal_600,600,400,600,375,121,5.298500,0.076700,2.535900,true,6,32,12,120
world1_normal_600,600,400,600,375,122,5.425400,0.081300,2.474400,true,6,32,12,120
world1_normal_600,600,400,600,375,123,5.073200,0.074500,2.339800,true,6,32,12,120
world1_normal_600,600,400,600,375,124,5.295500,0.090900,2.411000,true,6,32,12,120
world1_normal_600,600,400,600,375,125,5.404300,0.075300,2.494000,true,6,32,12,120
world1_normal_600,600,400,600,375,126,5.243300,0.074400,2.443700,true,6,32,12,120
world1_normal_600,600,400,600,375,127,5.307200,0.082300,2.212300,true,6,32,12,120
world1_normal_600,600,400,600,375,128,6.455300,0.094300,3.927900,true,6,32,12,120
world1_normal_600,600,400,600,375,129,5.597700,0.089400,2.403000,true,6,32,12,120
world1_normal_600,600,400,600,375,130,5.959900,0.080600,2.373800,true,6,32,12,120
world1_normal_600,600,400,600,375,131,6.393400,0.072300,2.517400,true,6,32,13,120
world1_normal_600,600,400,600,375,132,5.694400,0.077300,2.277600,true,6,32,12,120
world1_normal_600,600,400,600,375,133,5.119800,0.078300,2.335100,true,6,32,12,120
world1_normal_600,600,400,600,375,134,6.048100,0.094400,2.442000,true,6,32,12,120
world1_normal_600,600,400,600,375,135,5.371300,0.117300,2.473300,true,6,32,13,120
world1_normal_600,600,400,600,375,136,5.183100,0.076200,2.323700,true,7,32,12,120
world1_normal_600,600,400,600,375,137,5.294000,0.080400,2.288200,true,6,32,12,120
world1_normal_600,600,400,600,375,138,5.411800,0.065700,2.517300,true,6,32,12,120
world1_normal_600,600,400,600,375,139,5.195700,0.073800,2.492500,true,6,32,12,120
world1_normal_600,600,400,600,375,140,5.218800,0.070300,2.221000,true,6,32,12,120
world1_normal_600,600,400,600,375,141,5.276600,0.079800,2.349800,true,6,32,12,120
world1_normal_600,600,400,600,375,142,5.564300,0.098500,2.353600,true,6,32,12,120
world1_normal_600,600,400,600,375,143,5.251600,0.072100,2.770500,true,6,32,12,120
world1_normal_600,600,400,600,375,144,5.202800,0.095200,2.326100,true,6,32,12,120
world1_normal_600,600,400,600,375,145,5.479400,0.088200,2.343000,true,6,32,12,120
world1_normal_600,600,400,600,375,146,5.199800,0.089000,2.510300,true,6,32,12,120
world1_normal_600,600,400,600,375,147,5.094900,0.072000,2.448700,true,6,32,12,120
world1_normal_600,600,400,600,375,148,5.071800,0.073500,2.324700,true,6,32,12,120
world1_normal_600,600,400,600,375,149,5.108800,0.071700,2.660300,true,6,32,12,120
world1_normal_600,600,400,600,375,150,4.954200,0.076100,2.345600,true,6,32,12,120
world1_normal_600,600,400,600,375,151,5.059000,0.075100,2.376800,true,6,32,12,120
world1_normal_600,600,400,600,375,152,4.915700,0.077700,2.305500,true,6,32,12,120
world1_normal_600,600,400,600,375,153,5.352700,0.087200,2.367300,true,6,32,12,120
world1_normal_600,600,400,600,375,154,4.915000,0.076400,2.302400,true,6,32,12,120
world1_normal_600,600,400,600,375,155,4.995500,0.086200,2.178800,true,6,32,12,120
world1_normal_600,600,400,600,375,156,5.029700,0.090500,2.340700,true,6,32,12,120
world1_normal_600,600,400,600,375,157,5.471100,0.077900,2.375800,true,6,32,12,120
world1_normal_600,600,400,600,375,158,4.884400,0.084000,2.468600,true,6,32,12,120
world1_normal_600,600,400,600,375,159,4.835400,0.084600,2.462800,true,6,32,12,120
world1_normal_600,600,400,600,375,160,5.954300,0.065500,2.286600,true,6,32,12,120
world1_normal_600,600,400,600,375,161,5.336900,0.070600,2.351100,true,6,32,12,120
world1_normal_600,600,400,600,375,162,5.431300,0.078700,2.201000,true,6,32,12,120
world1_normal_600,600,400,600,375,163,5.762500,0.071000,2.162300,true,6,32,12,120
world1_normal_600,600,400,600,375,164,5.329100,0.080500,2.440600,true,6,32,12,120
world1_normal_600,600,400,600,375,165,4.998900,0.079800,2.353200,true,6,32,12,120
world1_normal_600,600,400,600,375,166,6.059800,0.074200,2.418500,true,6,32,12,120
world1_normal_600,600,400,600,375,167,5.266200,0.082500,2.501700,true,6,32,12,120
world1_normal_600,600,400,600,375,168,4.892500,0.079200,2.377300,true,6,32,12,120
world1_normal_600,600,400,600,375,169,4.985900,0.082300,2.202400,true,6,32,12,120
world1_normal_600,600,400,600,375,170,5.120800,0.070200,2.333100,true,6,32,12,120
world1_normal_600,600,400,600,375,171,5.041300,0.078000,2.498400,true,6,32,12,120
world1_normal_600,600,400,600,375,172,5.166400,0.097300,2.360800,true,6,32,12,120
world1_normal_600,600,400,600,375,173,4.908000,0.139500,2.584200,true,6,32,12,120
world1_normal_600,600,400,600,375,174,6.068300,0.083600,2.298800,true,6,32,12,120
world1_normal_600,600,400,600,375,175,5.235000,0.084600,2.363500,true,6,32,12,120
world1_normal_600,600,400,600,375,176,5.919000,0.080800,2.209000,true,6,32,12,120
world1_normal_600,600,400,600,375,177,5.182500,0.078900,2.749100,true,6,32,12,120
world1_normal_600,600,400,600,375,178,5.396300,0.096100,2.327300,true,6,32,12,120
world1_normal_600,600,400,600,375,179,6.081900,0.082000,2.396300,true,6,32,12,120
world1_normal_600,600,400,600,375,180,5.039500,0.099200,2.292100,true,6,32,12,120
world1_normal_600,600,400,600,375,181,5.238500,0.095200,2.355300,true,6,32,12,120
world1_normal_600,600,400,600,375,182,5.850800,0.085100,2.215400,true,6,32,12,120
world1_normal_600,600,400,600,375,183,5.493100,0.152200,2.237300,true,6,32,12,120
world1_normal_600,600,400,600,375,184,5.645300,0.095100,2.294400,true,6,32,12,120
world1_normal_600,600,400,600,375,185,5.167500,0.090500,2.244400,true,6,32,12,120
world1_normal_600,600,400,600,375,186,5.239200,0.077800,2.249900,true,6,32,12,120
world1_normal_600,600,400,600,375,187,5.102800,0.068600,2.339000,true,6,32,12,120
world1_normal_600,600,400,600,375,188,5.296900,0.084300,2.381700,true,6,32,12,120
world1_normal_600,600,400,600,375,189,5.563600,0.085300,2.439700,true,6,32,12,120
world1_normal_600,600,400,600,375,190,5.202300,0.075700,2.267100,true,6,32,12,120
world1_normal_600,600,400,600,375,191,5.068000,0.085000,2.396600,true,6,32,12,120
world1_normal_600,600,400,600,375,192,6.104600,0.083100,2.327400,true,6,32,12,120
world1_normal_600,600,400,600,375,193,5.810000,0.081700,2.380800,true,6,32,12,120
world1_normal_600,600,400,600,375,194,5.427800,0.066800,2.240700,true,6,32,12,120
world1_normal_600,600,400,600,375,195,5.032200,0.086300,2.371300,true,6,32,12,120
world1_normal_600,600,400,600,375,196,5.200900,0.083600,2.421000,true,6,32,12,120
world1_normal_600,600,400,600,375,197,5.058000,0.078700,2.523800,true,6,32,12,120
world1_normal_600,600,400,600,375,198,5.262200,0.095400,2.302400,true,6,32,12,120
world1_normal_600,600,400,600,375,199,5.164300,0.086500,2.215800,true,6,32,12,120
world1_normal_600,600,400,600,375,200,5.226900,0.082500,2.457400,true,6,32,12,120
world1_normal_600,600,400,600,375,201,5.208700,0.103400,2.296600,true,6,32,12,120
world1_normal_600,600,400,600,375,202,5.414200,0.080100,2.343500,true,6,32,12,120
world1_normal_600,600,400,600,375,203,5.942700,0.083200,2.453100,true,6,32,12,120
world1_normal_600,600,400,600,375,204,5.314600,0.079800,2.465800,true,6,32,12,120
world1_normal_600,600,400,600,375,205,5.046800,0.085000,2.385500,true,6,32,12,120
world1_normal_600,600,400,600,375,206,5.158700,0.093500,2.440600,true,6,32,12,120
world1_normal_600,600,400,600,375,207,5.130000,0.078100,2.186900,true,6,32,12,120
world1_normal_600,600,400,600,375,208,5.382700,0.083900,2.506500,true,7,32,12,120
world1_normal_600,600,400,600,375,209,5.066900,0.096000,2.448500,true,6,32,12,120
world1_normal_600,600,400,600,375,210,5.817500,0.097100,2.494900,true,6,32,12,120
world1_normal_600,600,400,600,375,211,5.270400,0.082100,2.237300,true,6,32,12,120
world1_normal_600,600,400,600,375,212,5.656600,0.082800,2.347600,true,6,32,12,120
world1_normal_600,600,400,600,375,213,6.057300,0.086700,2.183200,true,6,32,12,120
world1_normal_600,600,400,600,375,214,5.238700,0.084200,2.341800,true,6,32,12,120
world1_normal_600,600,400,600,375,215,5.018300,0.072400,2.463600,true,6,32,12,120
world1_normal_600,600,400,600,375,216,5.923600,0.080100,2.341900,true,6,32,12,120
world1_normal_600,600,400,600,375,217,5.178700,0.083900,2.416700,true,6,32,12,120
world1_normal_1280,1280,800,1280,800,0,5.647400,0.074700,10.752000,true,6,32,12,120
world1_normal_1280,1280,800,1280,800,1,6.108900,0.080500,10.050700,true,6,32,12,120
world1_normal_1280,1280,800,1280,800,2,4.900400,0.070200,9.714100,true,6,32,12,120
world1_normal_1280,1280,800,1280,800,3,5.424900,0.079700,10.632000,true,6,32,12,120
world1_normal_1280,1280,800,1280,800,4,5.109800,0.075400,10.150600,true,6,32,12,120
world1_normal_1280,1280,800,1280,800,5,5.705600,0.064400,9.631900,true,6,32,12,120
world1_normal_1280,1280,800,1280,800,6,5.096800,0.086200,9.819000,true,6,32,12,120
world1_normal_1280,1280,800,1280,800,7,5.010500,0.070800,9.800200,true,6,32,12,120
world1_normal_1280,1280,800,1280,800,8,5.033600,0.097300,9.778900,true,6,32,12,120
world1_normal_1280,1280,800,1280,800,9,4.999500,0.074000,9.939500,true,6,32,12,120
world1_normal_1280,1280,800,1280,800,10,5.115300,0.077100,10.001100,true,6,32,12,120
world1_normal_1280,1280,800,1280,800,11,4.932800,0.076200,9.636900,true,6,32,12,120
world1_normal_1280,1280,800,1280,800,12,4.971800,0.074500,9.846600,true,6,32,12,120
world1_normal_1280,1280,800,1280,800,13,5.035800,0.066800,9.848100,true,6,32,12,120
world1_normal_1280,1280,800,1280,800,14,5.216900,0.086700,9.773100,true,6,32,12,120
world1_normal_1280,1280,800,1280,800,15,5.083400,0.077600,9.847800,true,6,32,12,120
world1_normal_1280,1280,800,1280,800,16,5.299700,0.093700,10.075600,true,6,32,12,120
world1_normal_1280,1280,800,1280,800,17,6.009900,0.073200,9.637700,true,6,32,12,120
world1_normal_1280,1280,800,1280,800,18,5.103900,0.089400,10.148300,true,6,32,12,120
world1_normal_1280,1280,800,1280,800,19,5.525900,0.076800,9.642700,true,6,32,12,120
world1_normal_1280,1280,800,1280,800,20,5.239200,0.095000,9.613900,true,6,32,12,120
world1_normal_1280,1280,800,1280,800,21,5.921200,0.089900,9.648300,true,6,32,12,120
world1_normal_1280,1280,800,1280,800,22,4.971000,0.091100,9.969000,true,6,32,12,120
world1_normal_1280,1280,800,1280,800,23,6.052100,0.095400,9.708200,true,6,32,12,120
world1_normal_1280,1280,800,1280,800,24,4.999500,0.076800,9.635400,true,6,32,12,120
world1_normal_1280,1280,800,1280,800,25,5.199700,0.102900,9.755700,true,6,32,12,120
world1_normal_1280,1280,800,1280,800,26,4.976700,0.090800,9.908800,true,6,32,12,120
world1_normal_1280,1280,800,1280,800,27,5.671900,0.073100,10.484500,true,6,32,12,120
world1_normal_1280,1280,800,1280,800,28,6.394700,0.089000,9.868600,true,6,32,12,120
world1_normal_1280,1280,800,1280,800,29,5.356200,0.090900,10.163900,true,6,32,12,120
world1_normal_1280,1280,800,1280,800,30,5.016700,0.072300,10.169400,true,6,32,12,120
world1_normal_1280,1280,800,1280,800,31,5.253000,0.082300,9.904600,true,6,32,12,120
world1_normal_1280,1280,800,1280,800,32,4.852300,0.080000,9.778700,true,6,32,12,120
world1_normal_1280,1280,800,1280,800,33,5.105500,0.091200,9.749900,true,6,32,12,120
world1_normal_1280,1280,800,1280,800,34,4.913200,0.089300,9.616600,true,6,32,12,120
world1_normal_1280,1280,800,1280,800,35,5.733100,0.084400,9.647600,true,7,32,12,120
world1_normal_1280,1280,800,1280,800,36,5.577800,0.094600,9.762800,true,6,32,12,120
world1_normal_1280,1280,800,1280,800,37,5.190800,0.069900,9.914600,true,6,32,12,120
world1_normal_1280,1280,800,1280,800,38,4.966600,0.078200,9.725000,true,6,32,12,120
world1_normal_1280,1280,800,1280,800,39,5.156600,0.082500,9.774200,true,6,32,12,120
world1_normal_1280,1280,800,1280,800,40,4.959500,0.077000,10.041300,true,6,32,12,120
world1_normal_1280,1280,800,1280,800,41,5.141300,0.088900,9.686700,true,6,32,12,120
world1_normal_1280,1280,800,1280,800,42,4.936500,0.078900,10.078800,true,6,32,12,120
world1_normal_1280,1280,800,1280,800,43,5.542500,0.098400,9.840400,true,6,32,12,120
world1_normal_1280,1280,800,1280,800,44,5.905000,0.091600,10.009400,true,6,32,12,120
world1_normal_1280,1280,800,1280,800,45,5.179200,0.075200,9.792600,true,6,32,12,120
world1_normal_1280,1280,800,1280,800,46,5.286800,0.088100,9.711900,true,6,32,12,120
world1_normal_1280,1280,800,1280,800,47,6.197600,0.076400,9.643400,true,6,32,12,120
world1_normal_1280,1280,800,1280,800,48,5.203900,0.084500,9.737000,true,6,32,12,120
world1_normal_1280,1280,800,1280,800,49,5.646300,0.073400,9.945700,true,6,32,12,120
world1_normal_1280,1280,800,1280,800,50,5.619400,0.089300,9.756200,true,6,32,12,120
world1_normal_1280,1280,800,1280,800,51,5.791700,0.089200,9.791700,true,6,32,12,120
world1_normal_1280,1280,800,1280,800,52,4.892500,0.076200,9.852800,true,6,32,12,120
world1_normal_1280,1280,800,1280,800,53,5.608400,0.071100,10.699000,true,6,32,12,120
world1_normal_1280,1280,800,1280,800,54,5.700800,0.077400,10.244500,true,6,32,12,120
world1_normal_1280,1280,800,1280,800,55,5.273100,0.082100,10.116700,true,6,32,12,120
world1_normal_1280,1280,800,1280,800,56,5.322800,0.093000,9.771700,true,6,32,12,120
world1_normal_1280,1280,800,1280,800,57,5.257900,0.097400,9.749400,true,6,32,12,120
world1_normal_1280,1280,800,1280,800,58,5.057100,0.093400,9.915500,true,6,32,12,120
world1_normal_1280,1280,800,1280,800,59,5.222700,0.071800,9.917000,true,6,32,12,120
world1_normal_1280,1280,800,1280,800,60,5.625600,0.094000,9.748100,true,6,32,12,120
world1_normal_1280,1280,800,1280,800,61,5.720100,0.083900,9.862100,true,6,32,12,120
world1_normal_1280,1280,800,1280,800,62,5.319000,0.069100,9.544200,true,6,32,12,120
world1_normal_1280,1280,800,1280,800,63,5.017700,0.089300,9.784600,true,6,32,12,120
world1_normal_1280,1280,800,1280,800,64,5.454900,0.096200,9.767100,true,6,32,13,120
world1_normal_1280,1280,800,1280,800,65,5.294700,0.077600,9.757700,true,6,32,12,120
world1_normal_1280,1280,800,1280,800,66,5.082200,0.069600,9.941300,true,6,32,12,120
world1_normal_1280,1280,800,1280,800,67,5.316000,0.080500,9.936000,true,6,32,12,120
world1_normal_1280,1280,800,1280,800,68,5.857900,0.082200,9.895900,true,6,32,13,120
world1_normal_1280,1280,800,1280,800,69,5.128400,0.072400,9.881200,true,6,32,12,120
world1_normal_1280,1280,800,1280,800,70,5.213200,0.098900,10.117100,true,6,32,12,120
world1_normal_1280,1280,800,1280,800,71,5.237300,0.073100,10.351500,true,6,32,12,120
world1_normal_1280,1280,800,1280,800,72,5.118900,0.108800,9.891900,true,6,32,12,120
world1_normal_1280,1280,800,1280,800,73,5.612000,0.075600,10.344400,true,6,32,12,120
world1_normal_1280,1280,800,1280,800,74,5.037400,0.081700,9.860200,true,6,32,12,120
world1_normal_1280,1280,800,1280,800,75,5.446900,0.092500,12.341700,true,6,32,12,120
world1_normal_1280,1280,800,1280,800,76,4.991000,0.087300,9.849800,true,6,32,12,120
world1_normal_1280,1280,800,1280,800,77,5.511900,0.106200,9.904600,true,6,32,12,120
world1_normal_1280,1280,800,1280,800,78,4.933700,0.077200,9.959800,true,6,32,12,120
world1_normal_1280,1280,800,1280,800,79,5.658700,0.094000,10.470500,true,6,32,12,120
world1_normal_1280,1280,800,1280,800,80,5.265700,0.084600,9.831000,true,6,32,12,120
world1_normal_1280,1280,800,1280,800,81,5.208000,0.084400,9.824300,true,6,32,12,120
world1_normal_1280,1280,800,1280,800,82,5.117200,0.089200,9.815200,true,6,32,12,120
world1_normal_1280,1280,800,1280,800,83,5.477200,0.074300,10.392600,true,6,32,12,120
world1_normal_1280,1280,800,1280,800,84,5.061100,0.092100,12.025100,true,6,32,12,120
world1_normal_1280,1280,800,1280,800,85,5.366900,0.083400,9.939700,true,6,32,12,120
world1_normal_1280,1280,800,1280,800,86,5.425200,0.095500,10.176800,true,6,32,12,120
world1_normal_1280,1280,800,1280,800,87,5.363000,0.080600,10.039000,true,6,32,12,120
world1_normal_1280,1280,800,1280,800,88,5.898500,0.080000,10.298000,true,6,32,12,120
world1_normal_1280,1280,800,1280,800,89,5.444800,0.086400,10.076600,true,6,32,12,120
world1_normal_1280,1280,800,1280,800,90,5.508000,0.077900,10.085000,true,6,32,12,120
world1_normal_1280,1280,800,1280,800,91,5.422200,0.071300,9.875400,true,6,32,12,120
world1_normal_1280,1280,800,1280,800,92,5.498200,0.077100,10.035200,true,6,32,12,120
world1_normal_1280,1280,800,1280,800,93,5.585500,0.081300,9.906900,true,6,32,12,120
world1_normal_1280,1280,800,1280,800,94,5.452300,0.094300,9.908500,true,6,32,12,120
world1_normal_1280,1280,800,1280,800,95,5.594600,0.078600,9.830000,true,6,32,12,120
world1_normal_1280,1280,800,1280,800,96,4.987100,0.073700,9.837200,true,6,32,13,120
world1_normal_1280,1280,800,1280,800,97,5.202100,0.071600,10.665200,true,6,32,12,120
world1_normal_1280,1280,800,1280,800,98,4.923400,0.072400,10.458900,true,6,32,12,120
world1_normal_1280,1280,800,1280,800,99,5.479500,0.079100,9.878200,true,6,32,12,120
world1_normal_1280,1280,800,1280,800,100,5.252300,0.072100,10.018000,true,6,32,12,120
world1_normal_1280,1280,800,1280,800,101,5.478200,0.087900,10.087400,true,6,32,12,120
world1_normal_1280,1280,800,1280,800,102,4.961800,0.086100,9.936600,true,6,32,12,120
world1_normal_1280,1280,800,1280,800,103,5.217600,0.076400,10.350600,true,6,32,12,120
world1_normal_1280,1280,800,1280,800,104,5.045200,0.078400,9.833200,true,6,32,12,120
world1_normal_1280,1280,800,1280,800,105,5.227300,0.080800,10.043100,true,6,32,12,120
world1_normal_1280,1280,800,1280,800,106,5.033100,0.077900,9.781400,true,6,32,12,120
world1_normal_1280,1280,800,1280,800,107,5.273400,0.080000,10.024200,true,7,32,12,120
world1_normal_1280,1280,800,1280,800,108,5.015900,0.089600,9.961600,true,6,32,12,120
world1_normal_1280,1280,800,1280,800,109,5.548300,0.097400,10.211000,true,6,32,12,120
world1_normal_1280,1280,800,1280,800,110,5.204500,0.072300,9.941800,true,6,32,12,120
world1_normal_1280,1280,800,1280,800,111,5.415900,0.103800,11.661900,true,6,32,12,120
world1_normal_1280,1280,800,1280,800,112,5.822000,0.108700,10.217500,true,6,32,12,120
world1_normal_1280,1280,800,1280,800,113,5.397500,0.075800,9.969800,true,6,32,12,120
world1_high_960,960,600,960,600,0,82.171600,0.099500,2.144300,true,37,320,180,1200
world1_high_960,960,600,960,600,1,17.812600,0.088100,1.490100,true,37,320,180,1200
world1_high_960,960,600,960,600,2,15.307600,0.073300,1.324300,true,37,320,180,1200
world1_high_960,960,600,960,600,3,15.196400,0.095700,1.486700,true,37,320,180,1200
world1_high_960,960,600,960,600,4,28.594900,0.105900,1.381400,true,37,320,180,1200
world1_high_960,960,600,960,600,5,15.501400,0.100000,1.802100,true,37,320,180,1200
world1_high_960,960,600,960,600,6,15.419400,0.103200,1.529400,true,37,320,180,1200
world1_high_960,960,600,960,600,7,16.266500,0.109600,2.264300,true,37,320,180,1200
world1_high_960,960,600,960,600,8,17.772300,0.085300,1.515900,true,37,320,180,1200
world1_high_960,960,600,960,600,9,15.746400,0.100700,2.345400,true,37,320,180,1200
world1_high_960,960,600,960,600,10,15.694000,0.123400,1.804800,true,37,320,180,1200
world1_high_960,960,600,960,600,11,16.428800,0.094700,2.090300,true,37,320,180,1200
world1_high_960,960,600,960,600,12,18.355000,0.088700,1.322700,true,37,320,180,1200
world1_high_960,960,600,960,600,13,19.437100,0.105400,2.366200,true,37,320,180,1200
world1_high_960,960,600,960,600,14,21.549200,0.103400,2.353700,true,37,320,180,1200
world1_high_960,960,600,960,600,15,20.714400,0.146400,1.424400,true,37,320,180,1200
world1_high_960,960,600,960,600,16,21.445500,0.090100,1.687400,true,37,320,180,1200
world1_high_960,960,600,960,600,17,21.194700,0.078700,1.478500,true,37,320,180,1200
world1_high_960,960,600,960,600,18,19.565400,0.073700,1.559500,true,37,320,180,1200
world1_high_960,960,600,960,600,19,18.826600,0.083300,1.441200,true,37,320,180,1200
world1_high_960,960,600,960,600,20,11.416500,0.076700,1.442800,true,37,320,180,1200
world1_high_960,960,600,960,600,21,18.597000,0.094800,1.537300,true,37,320,180,1200
world1_high_960,960,600,960,600,22,11.668200,0.146400,1.356900,true,37,320,180,1200
world1_high_960,960,600,960,600,23,12.471200,0.084700,1.352500,true,37,320,180,1200
world1_high_960,960,600,960,600,24,11.187400,0.103000,1.408400,true,37,320,180,1200
world1_high_960,960,600,960,600,25,12.570700,0.085200,1.339300,true,37,320,180,1200
world1_high_960,960,600,960,600,26,11.265300,0.080000,1.308200,true,37,320,180,1200
world1_high_960,960,600,960,600,27,11.910000,0.092200,1.401500,true,37,320,180,1200
world1_high_960,960,600,960,600,28,11.445400,0.094500,1.751900,true,37,320,180,1200
world1_high_960,960,600,960,600,29,11.332400,0.089300,1.502700,true,37,320,180,1200
world1_high_960,960,600,960,600,30,11.621700,0.102800,1.423700,true,37,320,180,1200
world1_high_960,960,600,960,600,31,11.531100,0.092300,1.374800,true,37,320,180,1200
world1_high_960,960,600,960,600,32,11.866900,0.095000,1.486800,true,37,320,180,1200
world1_high_960,960,600,960,600,33,11.565600,0.074400,1.268800,true,37,320,180,1200
world1_high_960,960,600,960,600,34,12.158800,0.092600,1.378700,true,37,320,180,1200
world1_high_960,960,600,960,600,35,11.858200,0.075800,1.474200,true,37,320,180,1200
world1_high_960,960,600,960,600,36,13.804700,0.099600,1.364800,true,37,320,180,1200
world1_high_960,960,600,960,600,37,12.363900,0.089300,1.429200,true,37,320,180,1200
world1_high_960,960,600,960,600,38,11.061200,0.073100,1.260400,true,37,320,180,1200
world1_high_960,960,600,960,600,39,11.136700,0.100800,1.406800,true,37,320,180,1200
world1_high_960,960,600,960,600,40,11.569100,0.090400,1.367300,true,37,320,180,1200
world1_high_960,960,600,960,600,41,11.610700,0.075100,1.285000,true,37,320,180,1200
world1_high_960,960,600,960,600,42,18.789200,0.122100,2.047700,true,37,320,180,1200
world1_high_960,960,600,960,600,43,14.120200,0.076900,1.423300,true,37,320,180,1200
world1_high_960,960,600,960,600,44,11.752900,0.093200,1.988200,true,37,320,180,1200
world1_high_960,960,600,960,600,45,13.015000,0.089400,1.352000,true,37,320,180,1200
world1_high_960,960,600,960,600,46,14.519900,0.105100,1.791400,true,37,320,180,1200
world1_high_960,960,600,960,600,47,14.809700,0.091700,1.968600,true,37,320,180,1200
world1_high_960,960,600,960,600,48,12.731100,0.121900,1.438100,true,37,320,180,1200
world1_high_960,960,600,960,600,49,12.820000,0.076300,1.482600,true,37,320,180,1200
world1_high_960,960,600,960,600,50,11.912100,0.078400,1.399600,true,37,320,180,1200
world1_high_960,960,600,960,600,51,11.458600,0.084800,1.370300,true,37,320,180,1200
world1_high_960,960,600,960,600,52,12.864700,0.094900,1.425700,true,37,320,180,1200
world1_high_960,960,600,960,600,53,11.361200,0.093000,1.680400,true,37,320,180,1200
world1_high_960,960,600,960,600,54,12.021300,0.086600,1.832200,true,37,320,180,1200
world1_high_960,960,600,960,600,55,11.137500,0.087300,1.495100,true,37,320,180,1200
world1_high_960,960,600,960,600,56,11.754500,0.079200,1.417600,true,37,320,180,1200
world1_high_960,960,600,960,600,57,12.144500,0.073000,1.430500,true,37,320,180,1200
world1_high_960,960,600,960,600,58,11.269500,0.100600,1.489600,true,37,320,180,1200
world1_high_960,960,600,960,600,59,11.346000,0.094400,1.498100,true,37,320,180,1200
world1_high_960,960,600,960,600,60,12.052700,0.090100,2.148300,true,37,320,180,1200
world1_high_960,960,600,960,600,61,11.434900,0.073800,1.267900,true,37,320,180,1200
world1_high_960,960,600,960,600,62,11.244600,0.074500,1.717700,true,37,320,180,1200
world1_high_960,960,600,960,600,63,11.586000,0.090900,1.402600,true,37,320,180,1200
world1_high_960,960,600,960,600,64,12.273900,0.093200,1.379400,true,37,320,180,1200
world1_high_960,960,600,960,600,65,18.377300,0.108600,1.483500,true,37,320,180,1200
world1_high_960,960,600,960,600,66,12.224300,0.080600,1.389500,true,37,320,180,1200
world1_high_960,960,600,960,600,67,26.530400,0.128700,1.772000,true,37,320,180,1200
world1_high_960,960,600,960,600,68,14.809600,0.124800,3.583900,true,37,320,180,1200
world1_high_960,960,600,960,600,69,31.529400,0.103500,2.004600,true,37,320,180,1200
world1_high_960,960,600,960,600,70,17.226700,0.140600,1.971200,true,37,320,180,1200
world1_high_960,960,600,960,600,71,19.388000,0.083200,1.368500,true,37,320,180,1200
world1_high_960,960,600,960,600,72,14.246800,0.112400,1.439500,true,37,320,180,1200
world1_high_960,960,600,960,600,73,12.352500,0.077600,1.559900,true,37,320,180,1200
world1_high_960,960,600,960,600,74,11.777900,0.078600,1.422100,true,37,320,180,1200
world1_high_960,960,600,960,600,75,15.182200,0.085900,1.387500,true,37,320,180,1200
world1_high_960,960,600,960,600,76,12.246600,0.078200,1.422100,true,37,320,180,1200
world1_high_960,960,600,960,600,77,14.627000,0.081500,1.515000,true,37,320,180,1200
world1_high_960,960,600,960,600,78,12.327700,0.081400,1.486400,true,37,320,180,1200
world1_high_960,960,600,960,600,79,12.451700,0.110000,1.653700,true,37,320,180,1200
world1_high_960,960,600,960,600,80,13.659100,0.110800,2.247500,true,37,320,180,1200
world1_high_960,960,600,960,600,81,12.915900,0.087400,1.650500,true,37,320,180,1200
world1_high_960,960,600,960,600,82,13.932300,0.091600,1.340300,true,37,320,180,1200
world1_high_960,960,600,960,600,83,15.648300,0.107500,1.500800,true,37,320,180,1200
world1_high_960,960,600,960,600,84,12.838600,0.119700,1.757900,true,37,320,180,1200
world1_high_960,960,600,960,600,85,13.273400,0.122900,1.378100,true,37,320,180,1200
world1_high_960,960,600,960,600,86,21.266200,0.120800,1.593800,true,37,320,180,1200
world1_high_960,960,600,960,600,87,12.653500,0.078100,1.562000,true,37,320,180,1200
world1_high_960,960,600,960,600,88,11.960000,0.114400,2.089500,true,37,320,180,1200
world1_high_960,960,600,960,600,89,11.841900,0.095000,1.638200,true,37,320,180,1200
world1_high_960,960,600,960,600,90,12.514600,0.078500,1.534000,true,37,320,180,1200
world1_high_960,960,600,960,600,91,15.652400,0.081200,1.403700,true,37,320,180,1200
world1_high_960,960,600,960,600,92,12.187900,0.082800,1.655600,true,37,320,180,1200
world1_high_960,960,600,960,600,93,12.208500,0.097700,1.750100,true,37,320,180,1200
world1_high_960,960,600,960,600,94,11.656000,0.086800,1.410100,true,37,320,180,1200
world1_high_960,960,600,960,600,95,12.211200,0.085100,1.349900,true,37,320,180,1200
world1_high_960,960,600,960,600,96,11.955600,0.081300,1.489000,true,37,320,180,1200
world1_high_960,960,600,960,600,97,11.852200,0.100500,1.323300,true,37,320,180,1200
world1_high_960,960,600,960,600,98,12.163800,0.083700,1.342800,true,37,320,180,1200
world1_high_960,960,600,960,600,99,11.700600,0.083800,1.485900,true,37,320,180,1200
world1_high_960,960,600,960,600,100,11.663900,0.097700,1.368300,true,37,320,180,1200
world1_high_960,960,600,960,600,101,11.538600,0.079600,1.646200,true,37,320,180,1200
world1_high_960,960,600,960,600,102,11.974500,0.081100,1.279600,true,37,320,180,1200
world1_high_960,960,600,960,600,103,11.214800,0.079400,1.403700,true,37,320,180,1200
world1_high_960,960,600,960,600,104,11.426000,0.096500,1.398200,true,37,320,180,1200
world1_high_960,960,600,960,600,105,11.882400,0.094500,1.485500,true,37,320,180,1200
world1_high_600,600,400,600,375,0,10.572800,0.077800,2.264600,true,37,320,180,1200
world1_high_600,600,400,600,375,1,11.148800,0.092500,2.337700,true,37,320,180,1200
world1_high_600,600,400,600,375,2,11.203000,0.098000,2.402000,true,37,320,180,1200
world1_high_600,600,400,600,375,3,11.466100,0.086600,2.431200,true,37,320,180,1200
world1_high_600,600,400,600,375,4,12.587700,0.072200,2.262700,true,37,320,180,1200
world1_high_600,600,400,600,375,5,11.551100,0.083400,2.415700,true,37,320,180,1200
world1_high_600,600,400,600,375,6,11.893400,0.089700,2.174500,true,37,320,180,1200
world1_high_600,600,400,600,375,7,11.155800,0.095800,2.363000,true,37,320,180,1200
world1_high_600,600,400,600,375,8,11.330800,0.098200,2.385800,true,37,320,180,1200
world1_high_600,600,400,600,375,9,11.235900,0.094800,2.449700,true,37,320,180,1200
world1_high_600,600,400,600,375,10,10.816000,0.082200,2.210400,true,37,320,180,1200
world1_high_600,600,400,600,375,11,11.643100,0.096600,2.344400,true,37,320,180,1200
world1_high_600,600,400,600,375,12,11.348000,0.098900,2.405400,true,37,320,180,1200
world1_high_600,600,400,600,375,13,11.034800,0.106500,2.693800,true,37,320,180,1200
world1_high_600,600,400,600,375,14,10.898300,0.084500,2.346900,true,37,320,180,1200
world1_high_600,600,400,600,375,15,11.486900,0.076100,2.302300,true,37,320,180,1200
world1_high_600,600,400,600,375,16,11.475000,0.091400,2.352200,true,37,320,180,1200
world1_high_600,600,400,600,375,17,11.296200,0.075600,2.417400,true,37,320,180,1200
world1_high_600,600,400,600,375,18,11.633100,0.089800,2.330100,true,37,320,180,1200
world1_high_600,600,400,600,375,19,11.358300,0.099700,2.408500,true,37,320,180,1200
world1_high_600,600,400,600,375,20,10.850900,0.084600,2.297800,true,37,320,180,1200
world1_high_600,600,400,600,375,21,12.218200,0.106400,2.375200,true,37,320,180,1200
world1_high_600,600,400,600,375,22,11.265300,0.089900,2.651800,true,37,320,180,1200
world1_high_600,600,400,600,375,23,11.323200,0.082600,2.402800,true,37,320,180,1200
world1_high_600,600,400,600,375,24,12.032000,0.096900,2.659500,true,37,320,180,1200
world1_high_600,600,400,600,375,25,11.193100,0.108100,2.931500,true,37,320,180,1200
world1_high_600,600,400,600,375,26,11.506500,0.080400,2.356000,true,37,320,180,1200
world1_high_600,600,400,600,375,27,11.261000,0.078900,2.172000,true,37,320,180,1200
world1_high_600,600,400,600,375,28,11.186000,0.111500,2.446900,true,37,320,180,1200
world1_high_600,600,400,600,375,29,12.836100,0.081000,2.377400,true,37,320,180,1200
world1_high_600,600,400,600,375,30,11.622400,0.098700,2.366200,true,37,320,180,1200
world1_high_600,600,400,600,375,31,12.419600,0.081400,2.349200,true,37,320,180,1200
world1_high_600,600,400,600,375,32,11.533000,0.085800,2.357300,true,37,320,180,1200
world1_high_600,600,400,600,375,33,11.464700,0.084600,2.350200,true,37,320,180,1200
world1_high_600,600,400,600,375,34,10.933400,0.093000,2.485100,true,37,320,180,1200
world1_high_600,600,400,600,375,35,11.256800,0.084500,2.300400,true,37,320,180,1200
world1_high_600,600,400,600,375,36,11.005000,0.105300,2.365800,true,37,320,180,1200
world1_high_600,600,400,600,375,37,11.605300,0.079700,2.334500,true,37,320,180,1200
world1_high_600,600,400,600,375,38,12.218300,0.078200,2.190400,true,37,320,180,1200
world1_high_600,600,400,600,375,39,11.439300,0.096500,2.696900,true,37,320,180,1200
world1_high_600,600,400,600,375,40,12.645100,0.109000,2.371500,true,37,320,180,1200
world1_high_600,600,400,600,375,41,11.347100,0.074900,2.178600,true,37,320,180,1200
world1_high_600,600,400,600,375,42,11.020500,0.093200,2.303500,true,37,320,180,1200
world1_high_600,600,400,600,375,43,11.230700,0.095300,2.396900,true,37,320,180,1200
world1_high_600,600,400,600,375,44,12.091200,0.089400,2.243000,true,37,320,180,1200
world1_high_600,600,400,600,375,45,12.012600,0.098800,2.443300,true,37,320,180,1200
world1_high_600,600,400,600,375,46,13.174200,0.074400,2.182000,true,37,320,180,1200
world1_high_600,600,400,600,375,47,11.365300,0.099400,2.280200,true,37,320,180,1200
world1_high_600,600,400,600,375,48,11.886800,0.068800,2.671600,true,37,320,180,1200
world1_high_600,600,400,600,375,49,11.262200,0.078500,2.171400,true,37,320,180,1200
world1_high_600,600,400,600,375,50,10.977800,0.091600,2.338600,true,37,320,180,1200
world1_high_600,600,400,600,375,51,11.510400,0.138800,2.329100,true,37,320,180,1200
world1_high_600,600,400,600,375,52,11.021500,0.100400,2.393500,true,37,320,180,1200
world1_high_600,600,400,600,375,53,11.345300,0.118900,2.202900,true,37,320,180,1200
world1_high_600,600,400,600,375,54,11.591300,0.075100,2.729300,true,37,320,180,1200
world1_high_600,600,400,600,375,55,11.302900,0.092800,2.712300,true,37,320,180,1200
world1_high_600,600,400,600,375,56,11.303100,0.085600,2.373000,true,37,320,180,1200
world1_high_600,600,400,600,375,57,11.187900,0.097300,2.429700,true,37,320,180,1200
world1_high_600,600,400,600,375,58,11.096100,0.105300,2.317800,true,37,320,180,1200
world1_high_600,600,400,600,375,59,11.108700,0.091100,2.426500,true,37,320,180,1200
world1_high_600,600,400,600,375,60,11.559300,0.079000,2.212800,true,37,320,180,1200
world1_high_600,600,400,600,375,61,11.287900,0.091100,2.700900,true,37,320,180,1200
world1_high_600,600,400,600,375,62,10.979500,0.096300,2.487400,true,37,320,180,1200
world1_high_600,600,400,600,375,63,11.129400,0.074400,2.168700,true,37,320,180,1200
world1_high_600,600,400,600,375,64,10.890500,0.097400,2.291300,true,37,320,180,1200
world1_high_600,600,400,600,375,65,11.485500,0.099800,2.321800,true,37,320,180,1200
world1_high_600,600,400,600,375,66,12.281100,0.107600,2.385500,true,37,320,180,1200
world1_high_600,600,400,600,375,67,12.794400,0.098600,2.497600,true,37,320,180,1200
world1_high_600,600,400,600,375,68,11.475600,0.081000,2.287100,true,37,320,180,1200
world1_high_600,600,400,600,375,69,11.800600,0.081200,2.371800,true,37,320,180,1200
world1_high_600,600,400,600,375,70,11.116300,0.106900,2.682200,true,37,320,180,1200
world1_high_600,600,400,600,375,71,11.662000,0.075400,2.338300,true,37,320,180,1200
world1_high_600,600,400,600,375,72,12.385200,0.067400,2.177500,true,37,320,180,1200
world1_high_600,600,400,600,375,73,11.607400,0.074300,2.394800,true,37,320,180,1200
world1_high_600,600,400,600,375,74,11.512000,0.083300,2.611600,true,37,320,180,1200
world1_high_600,600,400,600,375,75,11.521200,0.111100,2.486900,true,37,320,180,1200
world1_high_600,600,400,600,375,76,11.381900,0.096400,2.386100,true,37,320,180,1200
world1_high_600,600,400,600,375,77,11.502500,0.086400,2.352700,true,37,320,180,1200
world1_high_600,600,400,600,375,78,11.306400,0.094300,2.400300,true,37,320,180,1200
world1_high_600,600,400,600,375,79,11.794500,0.096000,2.521900,true,37,320,180,1200
world1_high_600,600,400,600,375,80,11.126000,0.087700,2.360600,true,37,320,180,1200
world1_high_600,600,400,600,375,81,11.494900,0.078400,2.203700,true,37,320,180,1200
world1_high_600,600,400,600,375,82,11.458100,0.071800,2.189700,true,37,320,180,1200
world1_high_600,600,400,600,375,83,11.735300,0.155200,3.180600,true,37,320,180,1200
world1_high_600,600,400,600,375,84,11.315100,0.082900,2.410400,true,37,320,180,1200
world1_high_600,600,400,600,375,85,11.611800,0.073600,2.546700,true,37,320,180,1200
world1_high_600,600,400,600,375,86,11.424500,0.081700,2.370100,true,37,320,180,1200
world1_high_600,600,400,600,375,87,11.840000,0.073700,2.196400,true,37,320,180,1200
world1_high_600,600,400,600,375,88,11.435200,0.090900,2.337400,true,37,320,180,1200
world1_high_600,600,400,600,375,89,11.350000,0.079800,2.363900,true,37,320,180,1200
world1_high_600,600,400,600,375,90,11.412500,0.077200,2.203400,true,37,320,180,1200
world1_high_600,600,400,600,375,91,12.888700,0.089300,2.797100,true,37,320,180,1200
world1_high_600,600,400,600,375,92,11.992200,0.151800,2.462800,true,37,320,180,1200
world1_high_600,600,400,600,375,93,11.634600,0.076000,2.707200,true,37,320,180,1200
world1_high_600,600,400,600,375,94,11.158700,0.086900,2.512700,true,37,320,180,1200
world1_high_600,600,400,600,375,95,11.514500,0.075700,2.332000,true,37,320,180,1200
world1_high_600,600,400,600,375,96,11.069900,0.096300,2.390500,true,37,320,180,1200
world1_high_600,600,400,600,375,97,11.289100,0.140800,2.759100,true,37,320,180,1200
world1_high_600,600,400,600,375,98,12.042700,0.131500,2.666400,true,37,320,180,1200
world1_high_600,600,400,600,375,99,11.515800,0.126000,2.396300,true,37,320,180,1200
world1_high_600,600,400,600,375,100,10.993000,0.082500,2.239400,true,37,320,180,1200
world1_high_600,600,400,600,375,101,11.881400,0.077100,2.355900,true,37,320,180,1200
world1_high_600,600,400,600,375,102,11.395900,0.099300,2.370700,true,37,320,180,1200
world1_high_600,600,400,600,375,103,11.469400,0.110600,2.390900,true,37,320,180,1200
world1_high_600,600,400,600,375,104,11.507700,0.093900,2.369500,true,37,320,180,1200
world1_high_600,600,400,600,375,105,11.857000,0.086700,2.279500,true,37,320,180,1200
world1_high_600,600,400,600,375,106,10.951300,0.109700,2.461000,true,37,320,180,1200
world1_high_600,600,400,600,375,107,11.222000,0.078100,2.180800,true,37,320,180,1200
world1_high_600,600,400,600,375,108,11.013200,0.096200,2.360100,true,37,320,180,1200
world1_high_600,600,400,600,375,109,11.975700,0.088000,2.707200,true,37,320,180,1200
world1_high_600,600,400,600,375,110,11.002300,0.091400,2.306600,true,37,320,180,1200
world1_high_600,600,400,600,375,111,11.678300,0.096100,2.476000,true,37,320,180,1200
world1_high_600,600,400,600,375,112,11.095700,0.102100,2.352800,true,37,320,180,1200
world1_high_600,600,400,600,375,113,11.176900,0.086800,2.411400,true,37,320,180,1200
world1_high_600,600,400,600,375,114,11.259700,0.083900,2.337300,true,37,320,180,1200
world1_high_600,600,400,600,375,115,11.300300,0.102200,2.670400,true,37,320,180,1200
world1_high_600,600,400,600,375,116,11.104000,0.093000,2.714600,true,37,320,180,1200
world1_high_600,600,400,600,375,117,11.184100,0.076000,2.185000,true,37,320,180,1200
world1_high_600,600,400,600,375,118,11.584000,0.094100,2.484100,true,37,320,180,1200
world1_high_600,600,400,600,375,119,11.327300,0.099500,2.511300,true,37,320,180,1200
world1_high_600,600,400,600,375,120,11.532500,0.095100,2.235200,true,37,320,180,1200
world1_high_600,600,400,600,375,121,12.603700,0.071200,2.474600,true,37,320,180,1200
world1_high_600,600,400,600,375,122,11.248200,0.082900,2.511100,true,37,320,180,1200
world1_high_600,600,400,600,375,123,11.608900,0.074900,2.219800,true,37,320,180,1200
world1_high_600,600,400,600,375,124,11.305600,0.079400,2.302600,true,37,320,180,1200
world1_high_1280,1280,800,1280,800,0,11.891000,0.087900,10.111400,true,37,320,180,1200
world1_high_1280,1280,800,1280,800,1,10.254400,0.084100,9.802600,true,37,320,180,1200
world1_high_1280,1280,800,1280,800,2,10.748400,0.096100,9.763800,true,37,320,180,1200
world1_high_1280,1280,800,1280,800,3,9.894200,0.097400,9.931100,true,37,320,180,1200
world1_high_1280,1280,800,1280,800,4,10.445500,0.091000,9.657600,true,37,320,180,1200
world1_high_1280,1280,800,1280,800,5,11.747000,0.120800,10.720100,true,37,320,180,1200
world1_high_1280,1280,800,1280,800,6,10.952800,0.099600,10.061100,true,37,320,180,1200
world1_high_1280,1280,800,1280,800,7,10.740900,0.084000,9.723900,true,37,320,180,1200
world1_high_1280,1280,800,1280,800,8,12.334300,0.087000,9.785900,true,37,320,180,1200
world1_high_1280,1280,800,1280,800,9,11.107000,0.099000,9.866400,true,37,320,180,1200
world1_high_1280,1280,800,1280,800,10,10.738600,0.073600,9.788600,true,37,320,180,1200
world1_high_1280,1280,800,1280,800,11,11.565800,0.080600,9.680500,true,37,320,180,1200
world1_high_1280,1280,800,1280,800,12,10.707600,0.073500,10.189300,true,37,320,180,1200
world1_high_1280,1280,800,1280,800,13,9.948900,0.078600,9.858600,true,37,320,180,1200
world1_high_1280,1280,800,1280,800,14,12.028600,0.076100,9.680400,true,37,320,180,1200
world1_high_1280,1280,800,1280,800,15,10.254700,0.093700,9.742400,true,37,320,180,1200
world1_high_1280,1280,800,1280,800,16,10.513200,0.074000,9.764400,true,37,320,180,1200
world1_high_1280,1280,800,1280,800,17,10.387200,0.091400,9.774000,true,37,320,180,1200
world1_high_1280,1280,800,1280,800,18,12.158900,0.100000,10.100600,true,37,320,180,1200
world1_high_1280,1280,800,1280,800,19,10.495400,0.083800,10.739100,true,37,320,180,1200
world1_high_1280,1280,800,1280,800,20,11.103500,0.096400,9.820900,true,37,320,180,1200
world1_high_1280,1280,800,1280,800,21,10.772500,0.097200,10.076300,true,37,320,180,1200
world1_high_1280,1280,800,1280,800,22,11.220000,0.085600,9.709900,true,37,320,180,1200
world1_high_1280,1280,800,1280,800,23,11.030100,0.072900,9.804800,true,37,320,180,1200
world1_high_1280,1280,800,1280,800,24,11.460800,0.078000,10.641600,true,37,320,180,1200
world1_high_1280,1280,800,1280,800,25,10.758200,0.080100,9.922700,true,37,320,180,1200
world1_high_1280,1280,800,1280,800,26,10.881100,0.091100,9.623200,true,37,320,180,1200
world1_high_1280,1280,800,1280,800,27,10.963200,0.075500,10.093700,true,37,320,180,1200
world1_high_1280,1280,800,1280,800,28,12.091000,0.073800,9.823000,true,37,320,180,1200
world1_high_1280,1280,800,1280,800,29,10.844300,0.081400,9.976100,true,37,320,180,1200
world1_high_1280,1280,800,1280,800,30,11.093700,0.086100,9.855500,true,37,320,180,1200
world1_high_1280,1280,800,1280,800,31,10.826200,0.097300,10.105400,true,37,320,180,1200
world1_high_1280,1280,800,1280,800,32,10.911500,0.089700,9.754800,true,37,320,180,1200
world1_high_1280,1280,800,1280,800,33,11.303500,0.090800,9.839200,true,37,320,180,1200
world1_high_1280,1280,800,1280,800,34,11.076700,0.072700,9.569200,true,37,320,180,1200
world1_high_1280,1280,800,1280,800,35,11.105400,0.082900,9.790000,true,37,320,180,1200
world1_high_1280,1280,800,1280,800,36,11.187100,0.070700,9.540300,true,37,320,180,1200
world1_high_1280,1280,800,1280,800,37,11.208300,0.088900,10.144500,true,37,320,180,1200
world1_high_1280,1280,800,1280,800,38,11.022300,0.073900,10.120900,true,37,320,180,1200
world1_high_1280,1280,800,1280,800,39,11.028200,0.106800,10.089300,true,37,320,180,1200
world1_high_1280,1280,800,1280,800,40,12.163200,0.097400,9.750800,true,37,320,180,1200
world1_high_1280,1280,800,1280,800,41,11.209700,0.084800,9.769400,true,37,320,180,1200
world1_high_1280,1280,800,1280,800,42,10.991200,0.134000,9.899500,true,37,320,180,1200
world1_high_1280,1280,800,1280,800,43,12.015300,0.085500,9.776200,true,37,320,180,1200
world1_high_1280,1280,800,1280,800,44,11.672700,0.082400,9.817100,true,37,320,180,1200
world1_high_1280,1280,800,1280,800,45,10.721400,0.090300,9.757100,true,37,320,180,1200
world1_high_1280,1280,800,1280,800,46,11.062000,0.102000,9.711200,true,37,320,180,1200
world1_high_1280,1280,800,1280,800,47,11.152500,0.091900,9.790100,true,37,320,180,1200
world1_high_1280,1280,800,1280,800,48,11.234600,0.110900,9.846800,true,37,320,180,1200
world1_high_1280,1280,800,1280,800,49,10.842500,0.084100,9.944000,true,37,320,180,1200
world1_high_1280,1280,800,1280,800,50,11.370100,0.073300,10.376600,true,37,320,180,1200
world1_high_1280,1280,800,1280,800,51,10.599100,0.081100,9.689600,true,37,320,180,1200
world1_high_1280,1280,800,1280,800,52,11.408100,0.074100,9.551200,true,37,320,180,1200
world1_high_1280,1280,800,1280,800,53,10.697300,0.092500,9.890500,true,37,320,180,1200
world1_high_1280,1280,800,1280,800,54,11.687400,0.079700,9.575500,true,37,320,180,1200
world1_high_1280,1280,800,1280,800,55,10.709500,0.089900,9.862200,true,37,320,180,1200
world1_high_1280,1280,800,1280,800,56,11.212400,0.112500,9.679400,true,37,320,180,1200
world1_high_1280,1280,800,1280,800,57,10.892100,0.092800,9.717400,true,37,320,180,1200
world1_high_1280,1280,800,1280,800,58,11.560900,0.076900,9.709200,true,37,320,180,1200
world1_high_1280,1280,800,1280,800,59,10.928100,0.092100,9.671300,true,37,320,180,1200
world1_high_1280,1280,800,1280,800,60,11.841900,0.093100,9.767900,true,37,320,180,1200
world1_high_1280,1280,800,1280,800,61,11.038300,0.088900,9.870500,true,37,320,180,1200
world1_high_1280,1280,800,1280,800,62,11.391900,0.083000,9.744300,true,37,320,180,1200
world1_high_1280,1280,800,1280,800,63,10.821700,0.094500,9.773200,true,37,320,180,1200
world1_high_1280,1280,800,1280,800,64,11.756900,0.081100,10.224400,true,37,320,180,1200
world1_high_1280,1280,800,1280,800,65,10.886000,0.093100,9.784600,true,37,320,180,1200
world1_high_1280,1280,800,1280,800,66,11.339900,0.104100,9.676800,true,37,320,180,1200
world1_high_1280,1280,800,1280,800,67,12.473700,0.111000,9.713600,true,37,320,180,1200
world1_high_1280,1280,800,1280,800,68,12.365900,0.096600,9.751400,true,37,320,180,1200
world1_high_1280,1280,800,1280,800,69,12.303300,0.105600,9.953800,true,37,320,180,1200
world1_high_1280,1280,800,1280,800,70,10.948200,0.111600,9.917300,true,37,320,180,1200
world1_high_1280,1280,800,1280,800,71,11.254600,0.078100,9.988400,true,37,320,180,1200
world1_high_1280,1280,800,1280,800,72,11.019500,0.101000,10.597500,true,37,320,180,1200
world1_high_1280,1280,800,1280,800,73,11.011800,0.101900,9.698200,true,37,320,180,1200
world1_high_1280,1280,800,1280,800,74,11.031100,0.085000,9.715700,true,37,320,180,1200
world1_high_1280,1280,800,1280,800,75,11.043500,0.094400,9.724300,true,37,320,180,1200
world1_high_1280,1280,800,1280,800,76,12.939000,0.089000,9.595500,true,37,320,180,1200
world1_high_1280,1280,800,1280,800,77,11.200600,0.100500,9.745100,true,37,320,180,1200
world1_high_1280,1280,800,1280,800,78,11.099600,0.071800,9.563000,true,37,320,180,1200
world1_high_1280,1280,800,1280,800,79,11.521100,0.101400,9.697200,true,37,320,180,1200
world1_high_1280,1280,800,1280,800,80,11.314100,0.074100,9.540900,true,37,320,180,1200
world1_high_1280,1280,800,1280,800,81,11.861100,0.093600,10.009000,true,37,320,180,1200
world1_high_1280,1280,800,1280,800,82,11.655700,0.074500,9.604400,true,37,320,180,1200
world2_normal_960,960,600,960,600,0,7.527100,0.086600,1.479000,true,6,32,12,120
world2_normal_960,960,600,960,600,1,7.687400,0.081700,1.289700,true,6,32,12,120
world2_normal_960,960,600,960,600,2,8.409900,0.096800,1.518700,true,6,32,12,120
world2_normal_960,960,600,960,600,3,7.947000,0.089600,1.226500,true,6,32,12,120
world2_normal_960,960,600,960,600,4,7.974600,0.071600,1.266200,true,6,32,12,120
world2_normal_960,960,600,960,600,5,7.672500,0.066700,1.225900,true,6,32,12,120
world2_normal_960,960,600,960,600,6,7.486400,0.088000,1.262900,true,6,32,12,120
world2_normal_960,960,600,960,600,7,8.239600,0.073900,1.238100,true,6,32,12,120
world2_normal_960,960,600,960,600,8,7.414000,0.075600,1.490000,true,6,32,12,120
world2_normal_960,960,600,960,600,9,7.728100,0.094400,1.373300,true,6,32,12,120
world2_normal_960,960,600,960,600,10,8.110500,0.089500,1.339400,true,6,32,12,120
world2_normal_960,960,600,960,600,11,7.636500,0.082800,1.412000,true,6,32,12,120
world2_normal_960,960,600,960,600,12,7.498600,0.088200,1.459500,true,6,32,12,120
world2_normal_960,960,600,960,600,13,8.486100,0.091800,1.417500,true,6,32,12,120
world2_normal_960,960,600,960,600,14,7.570400,0.078900,1.290000,true,6,32,12,120
world2_normal_960,960,600,960,600,15,7.715800,0.090700,1.375500,true,6,32,12,120
world2_normal_960,960,600,960,600,16,7.698800,0.085100,1.255300,true,6,32,12,120
world2_normal_960,960,600,960,600,17,7.801500,0.061300,1.233700,true,6,32,12,120
world2_normal_960,960,600,960,600,18,7.622300,0.086900,1.329100,true,6,32,12,120
world2_normal_960,960,600,960,600,19,8.825700,0.077500,1.469100,true,6,32,12,120
world2_normal_960,960,600,960,600,20,7.764400,0.067300,1.397100,true,6,32,12,120
world2_normal_960,960,600,960,600,21,7.862800,0.086900,1.353900,true,6,32,12,120
world2_normal_960,960,600,960,600,22,8.170300,0.089400,1.350000,true,6,32,12,120
world2_normal_960,960,600,960,600,23,7.915100,0.074600,1.272500,true,6,32,12,120
world2_normal_960,960,600,960,600,24,8.452900,0.061900,1.268900,true,6,32,12,120
world2_normal_960,960,600,960,600,25,8.158100,0.072600,1.429800,true,6,32,12,120
world2_normal_960,960,600,960,600,26,7.636200,0.078400,1.507100,true,6,32,12,120
world2_normal_960,960,600,960,600,27,7.719000,0.077900,1.456400,true,6,32,12,120
world2_normal_960,960,600,960,600,28,7.486400,0.073700,1.515500,true,6,32,12,120
world2_normal_960,960,600,960,600,29,7.751300,0.080500,1.286900,true,6,32,12,120
world2_normal_960,960,600,960,600,30,7.498000,0.063700,1.474600,true,6,32,12,120
world2_normal_960,960,600,960,600,31,7.717500,0.061800,1.372500,true,6,32,12,120
world2_normal_960,960,600,960,600,32,7.524500,0.065800,1.461400,true,6,32,12,120
world2_normal_960,960,600,960,600,33,7.782600,0.068900,1.344700,true,6,32,12,120
world2_normal_960,960,600,960,600,34,7.661100,0.092000,1.378900,true,6,32,12,120
world2_normal_960,960,600,960,600,35,7.885700,0.070700,1.414500,true,6,32,12,120
world2_normal_960,960,600,960,600,36,8.603100,0.070500,1.259400,true,6,32,13,120
world2_normal_960,960,600,960,600,37,7.835900,0.068200,1.354000,true,6,32,12,120
world2_normal_960,960,600,960,600,38,8.129700,0.073700,1.298900,true,6,32,12,120
world2_normal_960,960,600,960,600,39,7.676500,0.063600,1.270900,true,6,32,12,120
world2_normal_960,960,600,960,600,40,7.577500,0.130700,1.247300,true,6,32,13,120
world2_normal_960,960,600,960,600,41,7.820200,0.073700,1.398900,true,6,32,12,120
world2_normal_960,960,600,960,600,42,8.086300,0.071100,1.258600,true,6,32,12,120
world2_normal_960,960,600,960,600,43,8.053500,0.079100,1.374500,true,6,32,12,120
world2_normal_960,960,600,960,600,44,7.640200,0.074900,1.358300,true,6,32,12,120
world2_normal_960,960,600,960,600,45,9.306200,0.081400,1.699200,true,6,32,12,120
world2_normal_960,960,600,960,600,46,7.712000,0.068600,1.334400,true,6,32,12,120
world2_normal_960,960,600,960,600,47,8.344500,0.088800,1.295700,true,6,32,12,120
world2_normal_960,960,600,960,600,48,7.497700,0.074800,1.342800,true,6,32,12,120
world2_normal_960,960,600,960,600,49,8.683700,0.056600,1.415600,true,6,32,12,120
world2_normal_960,960,600,960,600,50,7.768800,0.077200,1.342000,true,6,32,12,120
world2_normal_960,960,600,960,600,51,7.772700,0.087700,1.436500,true,6,32,12,120
world2_normal_960,960,600,960,600,52,7.931400,0.071600,1.266300,true,6,32,12,120
world2_normal_960,960,600,960,600,53,7.775500,0.066800,1.318400,true,6,32,12,120
world2_normal_960,960,600,960,600,54,7.701800,0.069400,1.241600,true,6,32,12,120
world2_normal_960,960,600,960,600,55,8.246300,0.075900,1.320300,true,6,32,12,120
world2_normal_960,960,600,960,600,56,9.293900,0.065100,1.230800,true,6,32,12,120
world2_normal_960,960,600,960,600,57,8.100400,0.076800,1.285800,true,6,32,12,120
world2_normal_960,960,600,960,600,58,7.433900,0.071900,1.325500,true,6,32,12,120
world2_normal_960,960,600,960,600,59,7.990900,0.078000,1.271600,true,6,32,12,120
world2_normal_960,960,600,960,600,60,7.890800,0.068800,1.237000,true,6,32,12,120
world2_normal_960,960,600,960,600,61,8.038900,0.075800,1.391300,true,6,32,12,120
world2_normal_960,960,600,960,600,62,7.572200,0.078700,1.407500,true,6,32,12,120
world2_normal_960,960,600,960,600,63,7.952800,0.070700,1.503400,true,6,32,12,120
world2_normal_960,960,600,960,600,64,7.669100,0.069100,1.247200,true,6,32,12,120
world2_normal_960,960,600,960,600,65,9.131000,0.064200,1.221800,true,6,32,12,120
world2_normal_960,960,600,960,600,66,7.464400,0.075100,1.460900,true,6,32,12,120
world2_normal_960,960,600,960,600,67,7.692200,0.078600,1.315900,true,6,32,12,120
world2_normal_960,960,600,960,600,68,7.555900,0.080600,1.326400,true,6,32,13,120
world2_normal_960,960,600,960,600,69,7.732300,0.069800,1.470100,true,6,32,12,120
world2_normal_960,960,600,960,600,70,7.301900,0.082300,1.698200,true,6,32,12,120
world2_normal_960,960,600,960,600,71,7.505900,0.084700,1.446000,true,6,32,12,120
world2_normal_960,960,600,960,600,72,7.569800,0.083500,1.273000,true,6,32,12,120
world2_normal_960,960,600,960,600,73,7.641200,0.096100,1.388700,true,6,32,12,120
world2_normal_960,960,600,960,600,74,7.725700,0.073700,1.371000,true,6,32,12,120
world2_normal_960,960,600,960,600,75,7.650600,0.069300,1.493200,true,6,32,12,120
world2_normal_960,960,600,960,600,76,7.871500,0.091600,1.467800,true,6,32,12,120
world2_normal_960,960,600,960,600,77,7.549100,0.076100,1.385400,true,6,32,12,120
world2_normal_960,960,600,960,600,78,8.723300,0.095100,1.423300,true,6,32,12,120
world2_normal_960,960,600,960,600,79,7.855800,0.072100,1.477500,true,6,32,12,120
world2_normal_960,960,600,960,600,80,7.357500,0.068600,1.265000,true,6,32,12,120
world2_normal_960,960,600,960,600,81,7.856000,0.083600,1.469800,true,6,32,12,120
world2_normal_960,960,600,960,600,82,7.382100,0.088000,1.467600,true,6,32,12,120
world2_normal_960,960,600,960,600,83,8.983400,0.071600,1.265800,true,6,32,12,120
world2_normal_960,960,600,960,600,84,7.355500,0.064700,1.264900,true,6,32,12,120
world2_normal_960,960,600,960,600,85,7.808000,0.079000,1.396300,true,6,32,12,120
world2_normal_960,960,600,960,600,86,8.220700,0.069700,1.241300,true,6,32,12,120
world2_normal_960,960,600,960,600,87,8.537000,0.068700,1.257800,true,6,32,12,120
world2_normal_960,960,600,960,600,88,7.469800,0.060200,1.233600,true,6,32,12,120
world2_normal_960,960,600,960,600,89,8.208500,0.076600,1.226100,true,6,32,12,120
world2_normal_960,960,600,960,600,90,7.562300,0.065100,1.259600,true,6,32,12,120
world2_normal_960,960,600,960,600,91,7.831100,0.068900,1.227500,true,6,32,12,120
world2_normal_960,960,600,960,600,92,7.601700,0.076500,1.486800,true,6,32,12,120
world2_normal_960,960,600,960,600,93,7.959100,0.072700,1.229100,true,6,32,12,120
world2_normal_960,960,600,960,600,94,7.499100,0.082800,1.563100,true,6,32,12,120
world2_normal_960,960,600,960,600,95,7.883300,0.087600,1.425500,true,6,32,12,120
world2_normal_960,960,600,960,600,96,7.721400,0.089100,1.357300,true,6,32,12,120
world2_normal_960,960,600,960,600,97,7.835900,0.087400,1.492400,true,6,32,12,120
world2_normal_960,960,600,960,600,98,7.733800,0.090500,1.268200,true,6,32,12,120
world2_normal_960,960,600,960,600,99,7.765600,0.091200,1.346300,true,6,32,12,120
world2_normal_960,960,600,960,600,100,7.574900,0.108100,1.318400,true,6,32,12,120
world2_normal_960,960,600,960,600,101,8.738400,0.070700,1.534800,true,6,32,12,120
world2_normal_960,960,600,960,600,102,7.777400,0.090900,1.456500,true,6,32,12,120
world2_normal_960,960,600,960,600,103,10.510600,0.073100,1.240200,true,6,32,12,120
world2_normal_960,960,600,960,600,104,7.531500,0.069900,1.460600,true,6,32,12,120
world2_normal_960,960,600,960,600,105,8.328400,0.069400,1.697300,true,6,32,12,120
world2_normal_960,960,600,960,600,106,7.568800,0.077300,1.530400,true,6,32,12,120
world2_normal_960,960,600,960,600,107,7.967800,0.087900,1.695400,true,6,32,12,120
world2_normal_960,960,600,960,600,108,7.379000,0.101300,1.686600,true,6,32,12,120
world2_normal_960,960,600,960,600,109,7.616300,0.119900,1.317100,true,6,32,12,120
world2_normal_960,960,600,960,600,110,7.640000,0.113600,1.310000,true,6,32,12,120
world2_normal_960,960,600,960,600,111,8.213900,0.082400,1.373300,true,6,32,12,120
world2_normal_960,960,600,960,600,112,7.387900,0.075700,1.474100,true,6,32,12,120
world2_normal_960,960,600,960,600,113,7.945800,0.065500,1.237000,true,6,32,12,120
world2_normal_960,960,600,960,600,114,7.446000,0.078700,1.253000,true,6,32,12,120
world2_normal_960,960,600,960,600,115,7.571200,0.065400,1.218500,true,6,32,12,120
world2_normal_960,960,600,960,600,116,7.481600,0.068900,1.550100,true,6,32,12,120
world2_normal_960,960,600,960,600,117,7.656700,0.063600,1.251000,true,6,32,12,120
world2_normal_960,960,600,960,600,118,8.728900,0.078300,1.254700,true,6,32,12,120
world2_normal_960,960,600,960,600,119,7.683500,0.077500,1.403800,true,6,32,12,120
world2_normal_960,960,600,960,600,120,7.961600,0.063600,1.429800,true,6,32,12,120
world2_normal_960,960,600,960,600,121,7.709500,0.091000,1.931500,true,6,32,12,120
world2_normal_960,960,600,960,600,122,7.328900,0.090300,1.492900,true,6,32,12,120
world2_normal_960,960,600,960,600,123,7.831700,0.081800,1.279600,true,6,32,12,120
world2_normal_960,960,600,960,600,124,8.169300,0.078700,1.569300,true,6,32,12,120
world2_normal_960,960,600,960,600,125,8.243500,0.095800,1.249300,true,6,32,12,120
world2_normal_960,960,600,960,600,126,8.109800,0.077600,1.481800,true,6,32,12,120
world2_normal_960,960,600,960,600,127,7.751000,0.076800,1.235300,true,6,32,12,120
world2_normal_960,960,600,960,600,128,8.400600,0.081300,1.289000,true,6,32,12,120
world2_normal_960,960,600,960,600,129,7.736400,0.069500,1.364200,true,6,32,12,120
world2_normal_960,960,600,960,600,130,7.576800,0.081000,1.375800,true,6,32,12,120
world2_normal_960,960,600,960,600,131,8.095200,0.072300,1.421400,true,6,32,12,120
world2_normal_960,960,600,960,600,132,8.236000,0.091400,1.240500,true,6,32,12,120
world2_normal_960,960,600,960,600,133,7.632100,0.066700,1.252900,true,6,32,12,120
world2_normal_960,960,600,960,600,134,7.436000,0.078300,1.241800,true,6,32,12,120
world2_normal_960,960,600,960,600,135,7.957300,0.082200,1.591200,true,6,32,12,120
world2_normal_960,960,600,960,600,136,7.970800,0.077100,1.377300,true,6,32,12,120
world2_normal_960,960,600,960,600,137,7.716100,0.071300,1.533500,true,6,32,12,120
world2_normal_960,960,600,960,600,138,7.459300,0.084400,1.222700,true,6,32,12,120
world2_normal_960,960,600,960,600,139,7.743100,0.063700,1.232100,true,6,32,12,120
world2_normal_960,960,600,960,600,140,9.118400,0.073200,1.244800,true,6,32,12,120
world2_normal_960,960,600,960,600,141,8.048100,0.077600,1.257000,true,6,32,12,120
world2_normal_960,960,600,960,600,142,7.228100,0.073600,1.381800,true,6,32,12,120
world2_normal_960,960,600,960,600,143,7.991400,0.078200,1.281500,true,6,32,12,120
world2_normal_960,960,600,960,600,144,8.071500,0.065300,1.349400,true,6,32,12,120
world2_normal_960,960,600,960,600,145,7.885500,0.077600,1.537000,true,6,32,12,120
world2_normal_960,960,600,960,600,146,7.286600,0.097400,1.331100,true,6,32,13,120
world2_normal_960,960,600,960,600,147,7.899700,0.083600,1.444300,true,6,32,12,120
world2_normal_960,960,600,960,600,148,7.607600,0.074300,1.428600,true,6,32,12,120
world2_normal_960,960,600,960,600,149,7.915400,0.083600,1.355300,true,6,32,12,120
world2_normal_960,960,600,960,600,150,7.442100,0.081100,1.375100,true,6,32,13,120
world2_normal_960,960,600,960,600,151,7.769600,0.075200,1.552000,true,6,32,12,120
world2_normal_960,960,600,960,600,152,7.145800,0.075300,1.334700,true,6,32,12,120
world2_normal_960,960,600,960,600,153,7.660500,0.074800,1.355700,true,6,32,12,120
world2_normal_960,960,600,960,600,154,7.226300,0.074800,1.478900,true,6,32,12,120
world2_normal_960,960,600,960,600,155,7.620300,0.077500,1.402600,true,6,32,12,120
world2_normal_960,960,600,960,600,156,7.551700,0.087100,1.327100,true,6,32,12,120
world2_normal_960,960,600,960,600,157,7.875500,0.069800,1.470100,true,6,32,12,120
world2_normal_960,960,600,960,600,158,7.869900,0.088000,1.375300,true,6,32,12,120
world2_normal_960,960,600,960,600,159,8.049000,0.079500,1.463400,true,6,32,12,120
world2_normal_960,960,600,960,600,160,7.294200,0.075400,1.575500,true,6,32,12,120
world2_normal_960,960,600,960,600,161,7.989200,0.066000,1.221600,true,6,32,12,120
world2_normal_960,960,600,960,600,162,10.868700,0.067800,1.348900,true,6,32,12,120
world2_normal_960,960,600,960,600,163,7.692400,0.081800,1.335400,true,6,32,12,120
world2_normal_960,960,600,960,600,164,8.559400,0.067000,1.228300,true,6,32,12,120
world2_normal_960,960,600,960,600,165,8.366800,0.072000,1.293900,true,6,32,12,120
world2_normal_960,960,600,960,600,166,7.667300,0.080400,1.403700,true,6,32,12,120
world2_normal_960,960,600,960,600,167,9.306200,0.080400,1.404900,true,6,32,12,120
world2_normal_960,960,600,960,600,168,7.674500,0.083300,1.297200,true,6,32,12,120
world2_normal_960,960,600,960,600,169,7.777100,0.061300,1.216700,true,6,32,12,120
world2_normal_960,960,600,960,600,170,7.414500,0.091100,1.645000,true,6,32,12,120
world2_normal_960,960,600,960,600,171,7.599500,0.089400,1.490000,true,6,32,12,120
world2_normal_960,960,600,960,600,172,8.889000,0.095700,1.291400,true,6,32,12,120
world2_normal_960,960,600,960,600,173,7.813800,0.089000,1.383300,true,6,32,12,120
world2_normal_960,960,600,960,600,174,8.772200,0.081300,1.339200,true,6,32,12,120
world2_normal_960,960,600,960,600,175,8.145600,0.080700,1.269600,true,6,32,12,120
world2_normal_960,960,600,960,600,176,7.591400,0.062800,1.215800,true,6,32,12,120
world2_normal_960,960,600,960,600,177,8.841600,0.085300,1.286600,true,6,32,12,120
world2_normal_960,960,600,960,600,178,7.422700,0.063200,1.218200,true,6,32,12,120
world2_normal_960,960,600,960,600,179,8.122900,0.078500,1.450100,true,6,32,12,120
world2_normal_960,960,600,960,600,180,7.491000,0.069700,1.233400,true,6,32,12,120
world2_normal_960,960,600,960,600,181,7.681000,0.084300,1.410100,true,6,32,12,120
world2_normal_960,960,600,960,600,182,8.414000,0.085400,1.343000,true,6,32,12,120
world2_normal_960,960,600,960,600,183,7.631700,0.071800,1.232600,true,6,32,12,120
world2_normal_960,960,600,960,600,184,7.315500,0.099600,1.814300,true,6,32,12,120
world2_normal_960,960,600,960,600,185,7.646300,0.070200,1.424300,true,6,32,12,120
world2_normal_960,960,600,960,600,186,7.568400,0.075600,1.527700,true,6,32,12,120
world2_normal_600,600,400,600,375,0,7.704100,0.075100,2.344600,true,6,32,12,120
world2_normal_600,600,400,600,375,1,7.944900,0.077600,2.270100,true,6,32,12,120
world2_normal_600,600,400,600,375,2,7.610500,0.086000,2.467500,true,6,32,12,120
world2_normal_600,600,400,600,375,3,8.375700,0.073700,2.470300,true,6,32,12,120
world2_normal_600,600,400,600,375,4,7.415100,0.070800,2.406600,true,6,32,12,120
world2_normal_600,600,400,600,375,5,7.558700,0.091700,2.459500,true,6,32,12,120
world2_normal_600,600,400,600,375,6,7.347500,0.084900,2.408600,true,6,32,12,120
world2_normal_600,600,400,600,375,7,7.839400,0.077200,2.212500,true,6,32,12,120
world2_normal_600,600,400,600,375,8,7.372300,0.082300,2.481500,true,6,32,12,120
world2_normal_600,600,400,600,375,9,7.594500,0.080100,2.444700,true,6,32,12,120
world2_normal_600,600,400,600,375,10,7.509100,0.076700,2.219500,true,6,32,12,120
world2_normal_600,600,400,600,375,11,7.734500,0.076600,2.740100,true,6,32,12,120
world2_normal_600,600,400,600,375,12,9.764000,0.097300,2.344600,true,6,32,12,120
world2_normal_600,600,400,600,375,13,7.850600,0.070400,2.614400,true,6,32,12,120
world2_normal_600,600,400,600,375,14,7.281200,0.080000,2.435300,true,6,32,12,120
world2_normal_600,600,400,600,375,15,7.656800,0.090100,2.761400,true,6,32,12,120
world2_normal_600,600,400,600,375,16,7.577900,0.087100,2.906900,true,6,32,12,120
world2_normal_600,600,400,600,375,17,8.110900,0.095300,2.496800,true,6,32,12,120
world2_normal_600,600,400,600,375,18,7.424800,0.081200,2.228000,true,6,32,12,120
world2_normal_600,600,400,600,375,19,7.822900,0.082700,2.438800,true,6,32,12,120
world2_normal_600,600,400,600,375,20,7.280200,0.111000,2.417300,true,6,32,12,120
world2_normal_600,600,400,600,375,21,7.788700,0.080000,2.393300,true,6,32,12,120
world2_normal_600,600,400,600,375,22,8.017200,0.090400,2.490000,true,6,32,12,120
world2_normal_600,600,400,600,375,23,7.638700,0.070700,2.422100,true,6,32,12,120
world2_normal_600,600,400,600,375,24,6.962700,0.085500,2.159900,true,6,32,12,120
world2_normal_600,600,400,600,375,25,7.813300,0.085700,2.762400,true,6,32,12,120
world2_normal_600,600,400,600,375,26,7.059200,0.090800,2.693100,true,6,32,12,120
world2_normal_600,600,400,600,375,27,7.748800,0.089400,2.365700,true,6,32,12,120
world2_normal_600,600,400,600,375,28,7.108900,0.076500,2.459700,true,6,32,12,120
world2_normal_600,600,400,600,375,29,7.340600,0.089800,2.709300,true,6,32,12,120
world2_normal_600,600,400,600,375,30,7.151500,0.090400,2.176700,true,6,32,12,120
world2_normal_600,600,400,600,375,31,7.821200,0.087200,2.475200,true,6,32,12,120
world2_normal_600,600,400,600,375,32,8.146600,0.091800,2.306600,true,6,32,12,120
world2_normal_600,600,400,600,375,33,7.757600,0.089400,2.197300,true,6,32,12,120
world2_normal_600,600,400,600,375,34,7.343600,0.086800,2.661700,true,6,32,12,120
world2_normal_600,600,400,600,375,35,8.444600,0.097500,2.351200,true,6,32,12,120
world2_normal_600,600,400,600,375,36,7.336400,0.094600,2.237300,true,6,32,12,120
world2_normal_600,600,400,600,375,37,7.851100,0.101100,2.545900,true,6,32,12,120
world2_normal_600,600,400,600,375,38,7.515600,0.093700,2.458100,true,6,32,12,120
world2_normal_600,600,400,600,375,39,8.278200,0.087200,2.488000,true,6,32,12,120
world2_normal_600,600,400,600,375,40,7.510800,0.075300,2.480600,true,6,32,13,120
world2_normal_600,600,400,600,375,41,7.725600,0.101300,2.424400,true,6,32,12,120
world2_normal_600,600,400,600,375,42,7.262900,0.075200,2.374600,true,6,32,12,120
world2_normal_600,600,400,600,375,43,7.618800,0.093600,2.394800,true,6,32,12,120
world2_normal_600,600,400,600,375,44,7.453400,0.081500,2.397300,true,6,32,13,120
world2_normal_600,600,400,600,375,45,8.335000,0.071300,2.430700,true,6,32,12,120
world2_normal_600,600,400,600,375,46,7.855200,0.098100,2.384700,true,6,32,12,120
world2_normal_600,600,400,600,375,47,7.871700,0.070000,2.213200,true,6,32,12,120
world2_normal_600,600,400,600,375,48,7.607100,0.087500,2.354500,true,6,32,12,120
world2_normal_600,600,400,600,375,49,7.944000,0.078400,2.199200,true,6,32,12,120
world2_normal_600,600,400,600,375,50,8.149300,0.079900,2.209300,true,6,32,12,120
world2_normal_600,600,400,600,375,51,7.822400,0.089100,2.349000,true,6,32,12,120
world2_normal_600,600,400,600,375,52,7.201100,0.067800,2.364500,true,6,32,12,120
world2_normal_600,600,400,600,375,53,8.094300,0.081400,2.230900,true,6,32,12,120
world2_normal_600,600,400,600,375,54,7.373200,0.085900,2.350400,true,6,32,12,120
world2_normal_600,600,400,600,375,55,9.814000,0.082000,2.299300,true,6,32,12,120
world2_normal_600,600,400,600,375,56,8.210900,0.094100,2.594300,true,6,32,12,120
world2_normal_600,600,400,600,375,57,7.736400,0.078800,2.221600,true,6,32,12,120
world2_normal_600,600,400,600,375,58,7.527000,0.086800,2.304100,true,6,32,12,120
world2_normal_600,600,400,600,375,59,7.999200,0.070400,2.379000,true,6,32,12,120
world2_normal_600,600,400,600,375,60,7.071800,0.079400,2.181900,true,6,32,12,120
world2_normal_600,600,400,600,375,61,7.593600,0.074000,2.293300,true,6,32,12,120
world2_normal_600,600,400,600,375,62,7.121800,0.095000,2.380900,true,6,32,12,120
world2_normal_600,600,400,600,375,63,7.579400,0.070000,2.563900,true,6,32,12,120
world2_normal_600,600,400,600,375,64,7.242100,0.078900,2.436300,true,6,32,12,120
world2_normal_600,600,400,600,375,65,8.074400,0.091500,2.690700,true,6,32,12,120
world2_normal_600,600,400,600,375,66,7.062800,0.091600,2.205500,true,6,32,12,120
world2_normal_600,600,400,600,375,67,7.576100,0.092600,2.429100,true,6,32,12,120
world2_normal_600,600,400,600,375,68,7.136600,0.094100,2.355800,true,6,32,12,120
world2_normal_600,600,400,600,375,69,7.451700,0.087000,2.419100,true,6,32,12,120
world2_normal_600,600,400,600,375,70,7.089800,0.099800,2.700100,true,6,32,12,120
world2_normal_600,600,400,600,375,71,7.591000,0.089300,2.375300,true,6,32,12,120
world2_normal_600,600,400,600,375,72,7.180200,0.093400,2.441000,true,6,32,13,120
world2_normal_600,600,400,600,375,73,8.087700,0.076600,2.310000,true,6,32,12,120
world2_normal_600,600,400,600,375,74,7.116600,0.088100,2.380800,true,6,32,12,120
world2_normal_600,600,400,600,375,75,7.566200,0.089500,2.201900,true,6,32,12,120
world2_normal_600,600,400,600,375,76,7.370800,0.091000,2.686600,true,6,32,12,120
world2_normal_600,600,400,600,375,77,7.398300,0.072600,2.441200,true,6,32,12,120
world2_normal_600,600,400,600,375,78,6.984400,0.086700,2.321000,true,6,32,12,120
world2_normal_600,600,400,600,375,79,8.436200,0.080000,2.343100,true,6,32,12,120
world2_normal_600,600,400,600,375,80,8.390400,0.082300,2.381900,true,6,32,12,120
world2_normal_600,600,400,600,375,81,7.670200,0.073400,2.209600,true,6,32,12,120
world2_normal_600,600,400,600,375,82,7.290300,0.071200,2.418100,true,6,32,12,120
world2_normal_600,600,400,600,375,83,7.615900,0.069400,2.191300,true,6,32,12,120
world2_normal_600,600,400,600,375,84,7.356300,0.085200,2.781700,true,6,32,12,120
world2_normal_600,600,400,600,375,85,7.532800,0.090000,2.433300,true,6,32,12,120
world2_normal_600,600,400,600,375,86,7.320500,0.074200,2.189400,true,6,32,12,120
world2_normal_600,600,400,600,375,87,7.539600,0.070700,2.295200,true,6,32,12,120
world2_normal_600,600,400,600,375,88,7.057200,0.089400,2.330200,true,6,32,12,120
world2_normal_600,600,400,600,375,89,7.668700,0.071200,2.436100,true,6,32,12,120
world2_normal_600,600,400,600,375,90,7.310600,0.067100,2.240000,true,6,32,12,120
world2_normal_600,600,400,600,375,91,7.536700,0.071700,2.336800,true,6,32,12,120
world2_normal_600,600,400,600,375,92,7.127700,0.083800,2.793500,true,6,32,12,120
world2_normal_600,600,400,600,375,93,7.784100,0.084300,2.560400,true,6,32,12,120
world2_normal_600,600,400,600,375,94,6.991300,0.069000,2.162800,true,6,32,12,120
world2_normal_600,600,400,600,375,95,7.758500,0.077300,2.209300,true,6,32,12,120
world2_normal_600,600,400,600,375,96,7.927500,0.089900,2.340100,true,6,32,12,120
world2_normal_600,600,400,600,375,97,8.056400,0.080100,2.459400,true,6,32,12,120
world2_normal_600,600,400,600,375,98,7.217700,0.084500,2.178100,true,6,32,12,120
world2_normal_600,600,400,600,375,99,7.697200,0.076000,2.571900,true,6,32,12,120
world2_normal_600,600,400,600,375,100,7.051100,0.070700,2.168300,true,6,32,12,120
world2_normal_600,600,400,600,375,101,7.955000,0.078700,2.328000,true,6,32,12,120
world2_normal_600,600,400,600,375,102,7.243000,0.095500,2.371200,true,6,32,12,120
world2_normal_600,600,400,600,375,103,7.486100,0.095100,2.351200,true,6,32,12,120
world2_normal_600,600,400,600,375,104,7.555200,0.078600,2.334900,true,6,32,12,120
world2_normal_600,600,400,600,375,105,7.898400,0.096200,2.717300,true,6,32,12,120
world2_normal_600,600,400,600,375,106,7.535000,0.094300,2.382200,true,6,32,12,120
world2_normal_600,600,400,600,375,107,7.500900,0.080200,2.277000,true,6,32,12,120
world2_normal_600,600,400,600,375,108,7.193800,0.143300,2.690300,true,6,32,12,120
world2_normal_600,600,400,600,375,109,7.537200,0.089900,2.413300,true,6,32,12,120
world2_normal_600,600,400,600,375,110,7.252500,0.073500,2.274400,true,6,32,12,120
world2_normal_600,600,400,600,375,111,8.150900,0.091000,2.332700,true,6,32,12,120
world2_normal_600,600,400,600,375,112,7.367300,0.094000,2.367100,true,6,32,12,120
world2_normal_600,600,400,600,375,113,7.765200,0.079500,2.202500,true,6,32,12,120
world2_normal_600,600,400,600,375,114,7.669300,0.089400,2.338500,true,6,32,12,120
world2_normal_600,600,400,600,375,115,8.456000,0.066600,2.167000,true,6,32,12,120
world2_normal_600,600,400,600,375,116,7.180000,0.078400,2.260000,true,6,32,12,120
world2_normal_600,600,400,600,375,117,8.133800,0.091200,2.394000,true,6,32,12,120
world2_normal_600,600,400,600,375,118,7.094900,0.068700,2.155600,true,6,32,12,120
world2_normal_600,600,400,600,375,119,7.613900,0.095900,2.452400,true,6,32,12,120
world2_normal_600,600,400,600,375,120,7.802400,0.086400,2.399400,true,6,32,12,120
world2_normal_600,600,400,600,375,121,8.186400,0.093500,2.459400,true,6,32,12,120
world2_normal_600,600,400,600,375,122,8.392000,0.089700,2.468000,true,6,32,12,120
world2_normal_600,600,400,600,375,123,9.561600,0.069700,2.219900,true,6,32,12,120
world2_normal_600,600,400,600,375,124,7.367300,0.079200,2.340900,true,6,32,12,120
world2_normal_600,600,400,600,375,125,8.414200,0.075000,2.332300,true,6,32,12,120
world2_normal_600,600,400,600,375,126,7.116400,0.075600,2.217000,true,6,32,12,120
world2_normal_600,600,400,600,375,127,7.637900,0.081700,2.256400,true,6,32,12,120
world2_normal_600,600,400,600,375,128,7.152100,0.070300,2.229000,true,6,32,12,120
world2_normal_600,600,400,600,375,129,7.661600,0.073000,2.407900,true,6,32,12,120
world2_normal_600,600,400,600,375,130,7.189800,0.098400,2.357800,true,6,32,12,120
world2_normal_600,600,400,600,375,131,8.506700,0.089100,2.343900,true,6,32,12,120
world2_normal_600,600,400,600,375,132,7.246300,0.102500,2.408500,true,6,32,12,120
world2_normal_600,600,400,600,375,133,7.551800,0.102400,2.282300,true,6,32,12,120
world2_normal_600,600,400,600,375,134,7.188600,0.072500,2.450300,true,6,32,12,120
world2_normal_600,600,400,600,375,135,8.535300,0.071400,2.174100,true,6,32,12,120
world2_normal_600,600,400,600,375,136,7.280700,0.106700,3.199700,true,6,32,12,120
world2_normal_600,600,400,600,375,137,7.956200,0.077400,2.524600,true,6,32,12,120
world2_normal_600,600,400,600,375,138,7.621600,0.077600,2.601500,true,6,32,12,120
world2_normal_600,600,400,600,375,139,7.882100,0.085500,2.492100,true,6,32,12,120
world2_normal_600,600,400,600,375,140,7.494500,0.101500,2.569600,true,6,32,12,120
world2_normal_600,600,400,600,375,141,7.642200,0.079900,2.441500,true,6,32,12,120
world2_normal_600,600,400,600,375,142,7.835700,0.080000,2.249100,true,6,32,12,120
world2_normal_600,600,400,600,375,143,7.866800,0.083000,2.387700,true,6,32,12,120
world2_normal_600,600,400,600,375,144,7.730200,0.101000,2.238000,true,6,32,12,120
world2_normal_600,600,400,600,375,145,8.330900,0.073600,2.377500,true,6,32,12,120
world2_normal_600,600,400,600,375,146,7.394300,0.084800,2.243300,true,6,32,12,120
world2_normal_600,600,400,600,375,147,7.574700,0.065900,2.197900,true,6,32,12,120
world2_normal_600,600,400,600,375,148,7.484400,0.081000,2.214500,true,6,32,12,120
world2_normal_600,600,400,600,375,149,7.909400,0.071500,2.216400,true,6,32,12,120
world2_normal_600,600,400,600,375,150,7.288600,0.075500,2.437900,true,6,32,13,120
world2_normal_600,600,400,600,375,151,8.929900,0.079200,2.353300,true,6,32,12,120
world2_normal_600,600,400,600,375,152,7.321200,0.075100,2.398800,true,6,32,12,120
world2_normal_600,600,400,600,375,153,7.889700,0.079600,2.408600,true,6,32,12,120
world2_normal_600,600,400,600,375,154,7.364900,0.145700,2.406900,true,6,32,13,120
world2_normal_600,600,400,600,375,155,8.172700,0.123200,2.382900,true,6,32,12,120
world2_normal_600,600,400,600,375,156,10.913600,0.082700,2.286300,true,6,32,12,120
world2_normal_600,600,400,600,375,157,7.812000,0.077700,2.436800,true,6,32,12,120
world2_normal_600,600,400,600,375,158,7.243200,0.099400,2.510200,true,6,32,12,120
world2_normal_600,600,400,600,375,159,8.333000,0.092800,2.484000,true,6,32,12,120
world2_normal_600,600,400,600,375,160,7.145000,0.095000,2.210100,true,6,32,12,120
world2_normal_600,600,400,600,375,161,7.922100,0.092100,2.338800,true,6,32,12,120
world2_normal_600,600,400,600,375,162,7.208100,0.098100,2.344900,true,6,32,12,120
world2_normal_600,600,400,600,375,163,7.928200,0.091000,2.245600,true,6,32,12,120
world2_normal_600,600,400,600,375,164,7.553100,0.089300,2.672800,true,6,32,12,120
world2_normal_600,600,400,600,375,165,7.644700,0.094400,2.401400,true,6,32,12,120
world2_normal_600,600,400,600,375,166,10.431800,0.109700,2.418600,true,6,32,12,120
world2_normal_600,600,400,600,375,167,8.883100,0.095800,2.338900,true,6,32,12,120
world2_normal_600,600,400,600,375,168,7.260700,0.096900,2.408200,true,6,32,12,120
world2_normal_600,600,400,600,375,169,7.724000,0.199700,2.543400,true,6,32,12,120
world2_normal_600,600,400,600,375,170,8.680600,0.089700,2.438400,true,6,32,12,120
world2_normal_1280,1280,800,1280,800,0,7.157600,0.117400,9.818600,true,6,32,12,120
world2_normal_1280,1280,800,1280,800,1,7.793700,0.095500,10.095800,true,6,32,12,120
world2_normal_1280,1280,800,1280,800,2,7.068000,0.091700,10.255600,true,6,32,12,120
world2_normal_1280,1280,800,1280,800,3,7.752400,0.083200,10.484400,true,6,32,12,120
world2_normal_1280,1280,800,1280,800,4,7.968900,0.083000,10.667700,true,6,32,12,120
world2_normal_1280,1280,800,1280,800,5,9.384300,0.075200,10.220900,true,6,32,12,120
world2_normal_1280,1280,800,1280,800,6,7.975100,0.105300,10.709100,true,6,32,12,120
world2_normal_1280,1280,800,1280,800,7,7.408100,0.087600,10.457500,true,6,32,12,120
world2_normal_1280,1280,800,1280,800,8,7.809400,0.105100,10.471800,true,6,32,12,120
world2_normal_1280,1280,800,1280,800,9,8.124100,0.088700,9.986600,true,6,32,12,120
world2_normal_1280,1280,800,1280,800,10,7.301000,0.080000,10.112200,true,6,32,12,120
world2_normal_1280,1280,800,1280,800,11,8.061200,0.094700,9.932300,true,6,32,12,120
world2_normal_1280,1280,800,1280,800,12,7.163800,0.088100,10.261200,true,6,32,12,120
world2_normal_1280,1280,800,1280,800,13,7.838500,0.090900,9.836500,true,6,32,12,120
world2_normal_1280,1280,800,1280,800,14,6.915100,0.091800,10.043800,true,6,32,12,120
world2_normal_1280,1280,800,1280,800,15,7.482100,0.072000,9.857600,true,6,32,12,120
world2_normal_1280,1280,800,1280,800,16,8.762500,0.086700,9.792800,true,6,32,12,120
world2_normal_1280,1280,800,1280,800,17,7.290400,0.068000,9.940000,true,6,32,12,120
world2_normal_1280,1280,800,1280,800,18,7.388900,0.099800,9.952300,true,6,32,12,120
world2_normal_1280,1280,800,1280,800,19,7.620300,0.086700,9.760400,true,6,32,12,120
world2_normal_1280,1280,800,1280,800,20,6.967500,0.077100,9.874200,true,6,32,12,120
world2_normal_1280,1280,800,1280,800,21,7.390700,0.097400,10.137900,true,6,32,12,120
world2_normal_1280,1280,800,1280,800,22,7.284600,0.072300,9.792800,true,6,32,12,120
world2_normal_1280,1280,800,1280,800,23,7.225400,0.096800,9.927900,true,6,32,12,120
world2_normal_1280,1280,800,1280,800,24,7.061500,0.065000,9.874600,true,6,32,12,120
world2_normal_1280,1280,800,1280,800,25,7.281100,0.092600,9.892100,true,6,32,12,120
world2_normal_1280,1280,800,1280,800,26,8.075800,0.072600,9.624700,true,6,32,12,120
world2_normal_1280,1280,800,1280,800,27,8.045100,0.074000,9.863800,true,6,32,12,120
world2_normal_1280,1280,800,1280,800,28,8.540700,0.100700,9.809600,true,6,32,12,120
world2_normal_1280,1280,800,1280,800,29,7.385100,0.078400,9.815600,true,6,32,12,120
world2_normal_1280,1280,800,1280,800,30,7.647000,0.083700,9.843900,true,6,32,12,120
world2_normal_1280,1280,800,1280,800,31,7.347400,0.073200,10.006600,true,6,32,12,120
world2_normal_1280,1280,800,1280,800,32,7.125600,0.074500,10.272900,true,6,32,12,120
world2_normal_1280,1280,800,1280,800,33,8.328700,0.070600,9.927000,true,6,32,12,120
world2_normal_1280,1280,800,1280,800,34,8.053000,0.085400,10.413100,true,6,32,12,120
world2_normal_1280,1280,800,1280,800,35,7.589500,0.070200,9.863800,true,6,32,12,120
world2_normal_1280,1280,800,1280,800,36,8.526100,0.072000,10.158900,true,6,32,12,120
world2_normal_1280,1280,800,1280,800,37,8.296200,0.076600,10.089600,true,6,32,12,120
world2_normal_1280,1280,800,1280,800,38,8.368600,0.099700,10.286700,true,6,32,12,120
world2_normal_1280,1280,800,1280,800,39,7.896100,0.078800,9.827000,true,6,32,12,120
world2_normal_1280,1280,800,1280,800,40,7.595900,0.065700,10.842500,true,6,32,12,120
world2_normal_1280,1280,800,1280,800,41,8.299800,0.079500,9.793500,true,6,32,12,120
world2_normal_1280,1280,800,1280,800,42,7.757800,0.103500,9.910000,true,6,32,12,120
world2_normal_1280,1280,800,1280,800,43,7.861500,0.077600,9.949000,true,6,32,12,120
world2_normal_1280,1280,800,1280,800,44,8.294400,0.109800,9.814800,true,6,32,12,120
world2_normal_1280,1280,800,1280,800,45,7.934800,0.109600,10.026700,true,6,32,12,120
world2_normal_1280,1280,800,1280,800,46,8.193900,0.097400,9.862600,true,6,32,12,120
world2_normal_1280,1280,800,1280,800,47,7.846200,0.084500,10.749800,true,6,32,12,120
world2_normal_1280,1280,800,1280,800,48,8.538000,0.078100,9.862400,true,6,32,12,120
world2_normal_1280,1280,800,1280,800,49,7.973200,0.084200,9.885400,true,6,32,12,120
world2_normal_1280,1280,800,1280,800,50,8.146100,0.089500,9.850300,true,6,32,12,120
world2_normal_1280,1280,800,1280,800,51,8.490600,0.080900,9.839600,true,6,32,12,120
world2_normal_1280,1280,800,1280,800,52,7.802900,0.082400,10.391500,true,6,32,12,120
world2_normal_1280,1280,800,1280,800,53,7.689300,0.096300,9.809100,true,6,32,12,120
world2_normal_1280,1280,800,1280,800,54,8.264800,0.075600,10.575000,true,6,32,12,120
world2_normal_1280,1280,800,1280,800,55,7.797100,0.080100,9.875700,true,6,32,12,120
world2_normal_1280,1280,800,1280,800,56,7.941600,0.090000,10.219600,true,6,32,12,120
world2_normal_1280,1280,800,1280,800,57,7.903000,0.084700,9.961800,true,6,32,12,120
world2_normal_1280,1280,800,1280,800,58,7.919000,0.086000,10.591100,true,6,32,12,120
world2_normal_1280,1280,800,1280,800,59,8.331400,0.076500,9.862100,true,6,32,12,120
world2_normal_1280,1280,800,1280,800,60,8.630200,0.079900,9.544800,true,6,32,12,120
world2_normal_1280,1280,800,1280,800,61,7.770200,0.079200,9.978800,true,6,32,12,120
world2_normal_1280,1280,800,1280,800,62,8.293600,0.086900,10.526800,true,6,32,12,120
world2_normal_1280,1280,800,1280,800,63,7.735600,0.080400,9.635300,true,6,32,12,120
world2_normal_1280,1280,800,1280,800,64,7.719100,0.091200,9.784200,true,6,32,12,120
world2_normal_1280,1280,800,1280,800,65,8.363900,0.086200,9.685100,true,6,32,12,120
world2_normal_1280,1280,800,1280,800,66,7.796100,0.086600,9.755200,true,6,32,12,120
world2_normal_1280,1280,800,1280,800,67,8.074600,0.080500,9.881000,true,6,32,12,120
world2_normal_1280,1280,800,1280,800,68,7.806000,0.079000,10.049100,true,6,32,12,120
world2_normal_1280,1280,800,1280,800,69,8.432500,0.078100,9.831400,true,6,32,12,120
world2_normal_1280,1280,800,1280,800,70,8.025000,0.078100,10.110700,true,6,32,12,120
world2_normal_1280,1280,800,1280,800,71,7.334000,0.083900,9.956600,true,6,32,13,120
world2_normal_1280,1280,800,1280,800,72,7.896900,0.083200,9.936700,true,6,32,12,120
world2_normal_1280,1280,800,1280,800,73,7.604600,0.069500,10.593400,true,6,32,12,120
world2_normal_1280,1280,800,1280,800,74,7.099500,0.079900,10.002700,true,6,32,12,120
world2_normal_1280,1280,800,1280,800,75,7.534900,0.075200,10.287900,true,6,32,13,120
world2_normal_1280,1280,800,1280,800,76,7.877800,0.071500,10.017700,true,6,32,12,120
world2_normal_1280,1280,800,1280,800,77,7.317600,0.066700,10.237100,true,6,32,12,120
world2_normal_1280,1280,800,1280,800,78,7.631800,0.077100,9.996200,true,6,32,12,120
world2_normal_1280,1280,800,1280,800,79,7.352400,0.078100,10.494400,true,6,32,12,120
world2_normal_1280,1280,800,1280,800,80,7.000000,0.073500,9.721300,true,6,32,12,120
world2_normal_1280,1280,800,1280,800,81,7.456600,0.073300,9.673600,true,6,32,12,120
world2_normal_1280,1280,800,1280,800,82,7.424600,0.082600,9.633000,true,6,32,12,120
world2_normal_1280,1280,800,1280,800,83,8.216700,0.086600,10.741800,true,6,32,12,120
world2_normal_1280,1280,800,1280,800,84,7.753000,0.074100,10.422500,true,6,32,12,120
world2_normal_1280,1280,800,1280,800,85,7.944300,0.074000,9.644700,true,6,32,12,120
world2_normal_1280,1280,800,1280,800,86,7.959400,0.086600,9.674600,true,6,32,12,120
world2_normal_1280,1280,800,1280,800,87,7.896400,0.090400,9.739400,true,6,32,12,120
world2_normal_1280,1280,800,1280,800,88,7.460400,0.093000,10.084500,true,6,32,12,120
world2_normal_1280,1280,800,1280,800,89,7.576800,0.075900,10.055500,true,6,32,12,120
world2_normal_1280,1280,800,1280,800,90,7.996100,0.096400,10.032100,true,6,32,12,120
world2_normal_1280,1280,800,1280,800,91,7.412100,0.073100,10.029900,true,6,32,12,120
world2_normal_1280,1280,800,1280,800,92,7.993800,0.075400,9.989300,true,6,32,12,120
world2_normal_1280,1280,800,1280,800,93,7.221400,0.084500,10.623800,true,6,32,12,120
world2_normal_1280,1280,800,1280,800,94,7.862100,0.071200,10.086100,true,6,32,12,120
world2_normal_1280,1280,800,1280,800,95,7.194400,0.067800,10.358900,true,6,32,12,120
world2_normal_1280,1280,800,1280,800,96,6.930100,0.072800,9.744600,true,6,32,12,120
world2_normal_1280,1280,800,1280,800,97,7.417500,0.085300,9.861100,true,6,32,12,120
world2_high_960,960,600,960,600,0,12.640700,0.073500,1.412900,true,37,320,180,1200
world2_high_960,960,600,960,600,1,14.531200,0.096500,1.401300,true,37,320,180,1200
world2_high_960,960,600,960,600,2,12.575500,0.071100,1.258200,true,37,320,180,1200
world2_high_960,960,600,960,600,3,12.768800,0.073700,1.519900,true,37,320,180,1200
world2_high_960,960,600,960,600,4,14.018000,0.085000,1.438800,true,37,320,180,1200
world2_high_960,960,600,960,600,5,13.132800,0.072400,1.516800,true,37,320,180,1200
world2_high_960,960,600,960,600,6,14.669100,0.124600,1.442500,true,37,320,180,1200
world2_high_960,960,600,960,600,7,15.036200,0.076700,1.476300,true,37,320,180,1200
world2_high_960,960,600,960,600,8,15.731000,0.080700,1.253800,true,37,320,180,1200
world2_high_960,960,600,960,600,9,14.652200,0.079300,1.417100,true,37,320,180,1200
world2_high_960,960,600,960,600,10,14.572800,0.068100,1.263900,true,37,320,180,1200
world2_high_960,960,600,960,600,11,13.243400,0.074900,1.521000,true,37,320,180,1200
world2_high_960,960,600,960,600,12,13.835300,0.079600,1.370000,true,37,320,180,1200
world2_high_960,960,600,960,600,13,15.900700,0.127500,1.311600,true,37,320,180,1200
world2_high_960,960,600,960,600,14,13.036100,0.078300,1.361000,true,37,320,180,1200
world2_high_960,960,600,960,600,15,15.401800,0.063800,1.362200,true,37,320,180,1200
world2_high_960,960,600,960,600,16,13.817800,0.074000,1.348700,true,37,320,180,1200
world2_high_960,960,600,960,600,17,14.357800,0.074000,1.357200,true,37,320,180,1200
world2_high_960,960,600,960,600,18,13.404200,0.077000,1.232700,true,37,320,180,1200
world2_high_960,960,600,960,600,19,13.251400,0.076900,1.447100,true,37,320,180,1200
world2_high_960,960,600,960,600,20,13.591200,0.081700,1.472700,true,37,320,180,1200
world2_high_960,960,600,960,600,21,12.926200,0.070800,1.213300,true,37,320,180,1200
world2_high_960,960,600,960,600,22,14.476700,0.084400,1.398600,true,37,320,180,1200
world2_high_960,960,600,960,600,23,14.752400,0.079300,1.502000,true,37,320,180,1200
world2_high_960,960,600,960,600,24,13.375000,0.077300,1.222800,true,37,320,180,1200
world2_high_960,960,600,960,600,25,14.528000,0.081700,1.324300,true,37,320,180,1200
world2_high_960,960,600,960,600,26,13.032100,0.093000,1.634700,true,37,320,180,1200
world2_high_960,960,600,960,600,27,13.197100,0.075000,1.497400,true,37,320,180,1200
world2_high_960,960,600,960,600,28,12.992400,0.079400,1.409500,true,37,320,180,1200
world2_high_960,960,600,960,600,29,14.509300,0.079600,1.768300,true,37,320,180,1200
world2_high_960,960,600,960,600,30,14.891900,0.071700,1.313400,true,37,320,180,1200
world2_high_960,960,600,960,600,31,13.416100,0.103800,1.361500,true,37,320,180,1200
world2_high_960,960,600,960,600,32,14.092700,0.074700,1.439300,true,37,320,180,1200
world2_high_960,960,600,960,600,33,13.861800,0.198800,1.309000,true,37,320,180,1200
world2_high_960,960,600,960,600,34,13.205500,0.075700,1.393400,true,37,320,180,1200
world2_high_960,960,600,960,600,35,15.246100,0.069500,1.447700,true,37,320,180,1200
world2_high_960,960,600,960,600,36,13.097400,0.076500,1.801400,true,37,320,180,1200
world2_high_960,960,600,960,600,37,14.933600,0.092700,1.325500,true,37,320,180,1200
world2_high_960,960,600,960,600,38,15.018800,0.069100,1.448200,true,37,320,180,1200
world2_high_960,960,600,960,600,39,13.058400,0.070900,1.281400,true,37,320,180,1200
world2_high_960,960,600,960,600,40,14.846800,0.073600,1.255800,true,37,320,180,1200
world2_high_960,960,600,960,600,41,14.441000,0.088300,1.543500,true,37,320,180,1200
world2_high_960,960,600,960,600,42,13.148800,0.092000,1.194000,true,37,320,180,1200
world2_high_960,960,600,960,600,43,14.941900,0.083200,1.273700,true,37,320,180,1200
world2_high_960,960,600,960,600,44,13.396100,0.072100,1.789300,true,37,320,180,1200
world2_high_960,960,600,960,600,45,13.130000,0.076100,1.644700,true,37,320,180,1200
world2_high_960,960,600,960,600,46,12.712600,0.103400,1.384600,true,37,320,180,1200
world2_high_960,960,600,960,600,47,14.966900,0.072300,1.564100,true,37,320,180,1200
world2_high_960,960,600,960,600,48,13.855600,0.075700,1.542700,true,37,320,180,1200
world2_high_960,960,600,960,600,49,14.347700,0.067600,1.208700,true,37,320,180,1200
world2_high_960,960,600,960,600,50,15.000500,0.082600,1.324100,true,37,320,180,1200
world2_high_960,960,600,960,600,51,13.438500,0.069800,1.322600,true,37,320,180,1200
world2_high_960,960,600,960,600,52,14.991300,0.077900,1.407900,true,37,320,180,1200
world2_high_960,960,600,960,600,53,13.512500,0.096900,1.469200,true,37,320,180,1200
world2_high_960,960,600,960,600,54,14.774800,0.071000,1.340400,true,37,320,180,1200
world2_high_960,960,600,960,600,55,14.884400,0.074800,1.422400,true,37,320,180,1200
world2_high_960,960,600,960,600,56,14.404700,0.078000,1.485600,true,37,320,180,1200
world2_high_960,960,600,960,600,57,13.060800,0.087300,1.266400,true,37,320,180,1200
world2_high_960,960,600,960,600,58,13.475100,0.067000,1.235200,true,37,320,180,1200
world2_high_960,960,600,960,600,59,13.960700,0.075400,1.237500,true,37,320,180,1200
world2_high_960,960,600,960,600,60,14.103300,0.077300,1.518600,true,37,320,180,1200
world2_high_960,960,600,960,600,61,14.240300,0.081000,1.435800,true,37,320,180,1200
world2_high_960,960,600,960,600,62,13.587400,0.092700,1.241600,true,37,320,180,1200
world2_high_960,960,600,960,600,63,13.287500,0.074000,1.465900,true,37,320,180,1200
world2_high_960,960,600,960,600,64,14.271200,0.079900,1.320200,true,37,320,180,1200
world2_high_960,960,600,960,600,65,13.563400,0.119900,1.483100,true,37,320,180,1200
world2_high_960,960,600,960,600,66,14.755300,0.074000,1.434500,true,37,320,180,1200
world2_high_960,960,600,960,600,67,13.964800,0.073300,1.815200,true,37,320,180,1200
world2_high_960,960,600,960,600,68,14.579100,0.078400,1.428300,true,37,320,180,1200
world2_high_960,960,600,960,600,69,14.944300,0.077400,1.302900,true,37,320,180,1200
world2_high_960,960,600,960,600,70,14.562700,0.101400,1.561800,true,37,320,180,1200
world2_high_960,960,600,960,600,71,13.262500,0.086900,1.234300,true,37,320,180,1200
world2_high_960,960,600,960,600,72,15.182700,0.086300,1.243200,true,37,320,180,1200
world2_high_960,960,600,960,600,73,14.234400,0.073400,1.726100,true,37,320,180,1200
world2_high_960,960,600,960,600,74,13.570600,0.089000,1.748900,true,37,320,180,1200
world2_high_960,960,600,960,600,75,14.923100,0.083100,1.679700,true,37,320,180,1200
world2_high_960,960,600,960,600,76,13.747500,0.086100,1.827000,true,37,320,180,1200
world2_high_960,960,600,960,600,77,13.743900,0.087600,1.383400,true,37,320,180,1200
world2_high_960,960,600,960,600,78,15.793700,0.078800,1.456900,true,37,320,180,1200
world2_high_960,960,600,960,600,79,13.971600,0.080000,1.426300,true,37,320,180,1200
world2_high_960,960,600,960,600,80,13.568800,0.095200,1.473600,true,37,320,180,1200
world2_high_960,960,600,960,600,81,13.617100,0.076900,1.331500,true,37,320,180,1200
world2_high_960,960,600,960,600,82,13.279000,0.188000,1.570800,true,37,320,180,1200
world2_high_960,960,600,960,600,83,13.502300,0.082200,1.519500,true,37,320,180,1200
world2_high_960,960,600,960,600,84,14.028300,0.076300,1.395000,true,37,320,180,1200
world2_high_960,960,600,960,600,85,13.075500,0.095800,1.458300,true,37,320,180,1200
world2_high_960,960,600,960,600,86,14.507800,0.077900,1.480900,true,37,320,180,1200
world2_high_960,960,600,960,600,87,13.629100,0.084600,1.532100,true,37,320,180,1200
world2_high_960,960,600,960,600,88,13.699400,0.077500,1.318400,true,37,320,180,1200
world2_high_960,960,600,960,600,89,13.910600,0.073200,1.484200,true,37,320,180,1200
world2_high_960,960,600,960,600,90,13.229700,0.075900,1.503300,true,37,320,180,1200
world2_high_960,960,600,960,600,91,13.446700,0.081200,1.523000,true,37,320,180,1200
world2_high_960,960,600,960,600,92,14.629200,0.085900,1.392600,true,37,320,180,1200
world2_high_960,960,600,960,600,93,13.763000,0.076700,1.418900,true,37,320,180,1200
world2_high_960,960,600,960,600,94,14.417000,0.075900,1.340200,true,37,320,180,1200
world2_high_960,960,600,960,600,95,13.934700,0.077400,1.239200,true,37,320,180,1200
world2_high_960,960,600,960,600,96,13.535600,0.076100,1.443200,true,37,320,180,1200
world2_high_960,960,600,960,600,97,13.974100,0.079300,1.395000,true,37,320,180,1200
world2_high_960,960,600,960,600,98,15.138500,0.080200,1.508700,true,37,320,180,1200
world2_high_960,960,600,960,600,99,13.349200,0.074200,1.243500,true,37,320,180,1200
world2_high_960,960,600,960,600,100,14.991900,0.075600,1.202200,true,37,320,180,1200
world2_high_960,960,600,960,600,101,12.916700,0.077600,1.763000,true,37,320,180,1200
world2_high_960,960,600,960,600,102,13.131500,0.092800,1.486800,true,37,320,180,1200
world2_high_960,960,600,960,600,103,14.159300,0.077600,1.329200,true,37,320,180,1200
world2_high_960,960,600,960,600,104,13.370900,0.161100,1.635200,true,37,320,180,1200
world2_high_960,960,600,960,600,105,13.174900,0.072700,1.364600,true,37,320,180,1200
world2_high_960,960,600,960,600,106,13.356500,0.080200,1.249800,true,37,320,180,1200
world2_high_960,960,600,960,600,107,14.195800,0.068900,1.731300,true,37,320,180,1200
world2_high_960,960,600,960,600,108,13.292200,0.089200,1.535400,true,37,320,180,1200
world2_high_960,960,600,960,600,109,12.982400,0.084500,1.346500,true,37,320,180,1200
world2_high_960,960,600,960,600,110,14.421300,0.073200,1.233800,true,37,320,180,1200
world2_high_960,960,600,960,600,111,13.941800,0.076300,1.801400,true,37,320,180,1200
world2_high_960,960,600,960,600,112,13.132500,0.093200,1.474900,true,37,320,180,1200
world2_high_600,600,400,600,375,0,13.084200,0.072200,2.383200,true,37,320,180,1200
world2_high_600,600,400,600,375,1,12.630400,0.076200,2.376000,true,37,320,180,1200
world2_high_600,600,400,600,375,2,12.745800,0.072700,2.242500,true,37,320,180,1200
world2_high_600,600,400,600,375,3,12.309600,0.074500,2.395300,true,37,320,180,1200
world2_high_600,600,400,600,375,4,12.593300,0.074200,2.313200,true,37,320,180,1200
world2_high_600,600,400,600,375,5,12.831900,0.090200,2.528300,true,37,320,180,1200
world2_high_600,600,400,600,375,6,13.099600,0.079200,2.282700,true,37,320,180,1200
world2_high_600,600,400,600,375,7,12.740800,0.074400,2.269300,true,37,320,180,1200
world2_high_600,600,400,600,375,8,12.881800,0.072500,2.331600,true,37,320,180,1200
world2_high_600,600,400,600,375,9,12.479300,0.074800,2.426800,true,37,320,180,1200
world2_high_600,600,400,600,375,10,13.096600,0.072300,2.409500,true,37,320,180,1200
world2_high_600,600,400,600,375,11,14.443000,0.064000,2.172300,true,37,320,180,1200
world2_high_600,600,400,600,375,12,13.998200,0.099100,2.268300,true,37,320,180,1200
world2_high_600,600,400,600,375,13,13.831300,0.071000,2.612200,true,37,320,180,1200
world2_high_600,600,400,600,375,14,14.035400,0.074000,2.845600,true,37,320,180,1200
world2_high_600,600,400,600,375,15,14.075600,0.069100,2.293700,true,37,320,180,1200
world2_high_600,600,400,600,375,16,14.524200,0.074600,2.440900,true,37,320,180,1200
world2_high_600,600,400,600,375,17,14.203900,0.079800,2.277600,true,37,320,180,1200
world2_high_600,600,400,600,375,18,13.906600,0.080500,2.642800,true,37,320,180,1200
world2_high_600,600,400,600,375,19,13.000100,0.066000,2.446500,true,37,320,180,1200
world2_high_600,600,400,600,375,20,14.268700,0.088000,2.304800,true,37,320,180,1200
world2_high_600,600,400,600,375,21,13.858800,0.088600,2.694600,true,37,320,180,1200
world2_high_600,600,400,600,375,22,14.504000,0.074300,2.361900,true,37,320,180,1200
world2_high_600,600,400,600,375,23,13.049000,0.072100,2.282300,true,37,320,180,1200
world2_high_600,600,400,600,375,24,14.997000,0.077700,2.396900,true,37,320,180,1200
world2_high_600,600,400,600,375,25,13.589900,0.080900,2.367000,true,37,320,180,1200
world2_high_600,600,400,600,375,26,13.273600,0.080100,2.213900,true,37,320,180,1200
world2_high_600,600,400,600,375,27,12.972700,0.072100,2.470500,true,37,320,180,1200
world2_high_600,600,400,600,375,28,14.194900,0.076600,2.572000,true,37,320,180,1200
world2_high_600,600,400,600,375,29,13.228700,0.068200,2.195100,true,37,320,180,1200
world2_high_600,600,400,600,375,30,14.694800,0.078200,2.233400,true,37,320,180,1200
world2_high_600,600,400,600,375,31,13.923600,0.070000,2.546100,true,37,320,180,1200
world2_high_600,600,400,600,375,32,13.615000,0.073600,2.318200,true,37,320,180,1200
world2_high_600,600,400,600,375,33,13.776600,0.220500,2.401600,true,37,320,180,1200
world2_high_600,600,400,600,375,34,14.571000,0.094200,2.419300,true,37,320,180,1200
world2_high_600,600,400,600,375,35,13.338900,0.072400,2.763200,true,37,320,180,1200
world2_high_600,600,400,600,375,36,13.171500,0.075900,2.232000,true,37,320,180,1200
world2_high_600,600,400,600,375,37,14.426000,0.078300,2.269800,true,37,320,180,1200
world2_high_600,600,400,600,375,38,13.465700,0.067900,2.155200,true,37,320,180,1200
world2_high_600,600,400,600,375,39,13.403000,0.076800,2.354400,true,37,320,180,1200
world2_high_600,600,400,600,375,40,13.462600,0.074800,2.318800,true,37,320,180,1200
world2_high_600,600,400,600,375,41,13.203300,0.079800,2.197400,true,37,320,180,1200
world2_high_600,600,400,600,375,42,13.277300,0.086100,2.315400,true,37,320,180,1200
world2_high_600,600,400,600,375,43,13.392400,0.074000,2.810200,true,37,320,180,1200
world2_high_600,600,400,600,375,44,13.376400,0.072900,2.267600,true,37,320,180,1200
world2_high_600,600,400,600,375,45,14.072700,0.105900,2.390400,true,37,320,180,1200
world2_high_600,600,400,600,375,46,13.143100,0.071100,2.668400,true,37,320,180,1200
world2_high_600,600,400,600,375,47,13.574200,0.070500,2.200700,true,37,320,180,1200
world2_high_600,600,400,600,375,48,14.606900,0.071200,2.186600,true,37,320,180,1200
world2_high_600,600,400,600,375,49,13.919600,0.073500,2.320500,true,37,320,180,1200
world2_high_600,600,400,600,375,50,13.427700,0.074700,2.326100,true,37,320,180,1200
world2_high_600,600,400,600,375,51,13.363200,0.100000,2.399600,true,37,320,180,1200
world2_high_600,600,400,600,375,52,13.282700,0.124300,2.621500,true,37,320,180,1200
world2_high_600,600,400,600,375,53,13.531700,0.094600,2.369500,true,37,320,180,1200
world2_high_600,600,400,600,375,54,15.145600,0.081800,2.191900,true,37,320,180,1200
world2_high_600,600,400,600,375,55,12.811300,0.067400,2.475300,true,37,320,180,1200
world2_high_600,600,400,600,375,56,13.325000,0.068200,2.341800,true,37,320,180,1200
world2_high_600,600,400,600,375,57,13.055600,0.094500,2.310200,true,37,320,180,1200
world2_high_600,600,400,600,375,58,14.264400,0.075400,2.605800,true,37,320,180,1200
world2_high_600,600,400,600,375,59,13.893600,0.080100,2.719300,true,37,320,180,1200
world2_high_600,600,400,600,375,60,13.344400,0.067500,2.192200,true,37,320,180,1200
world2_high_600,600,400,600,375,61,13.242400,0.077900,2.572200,true,37,320,180,1200
world2_high_600,600,400,600,375,62,13.472700,0.075100,2.391400,true,37,320,180,1200
world2_high_600,600,400,600,375,63,14.712400,0.072500,2.446000,true,37,320,180,1200
world2_high_600,600,400,600,375,64,14.424800,0.106200,2.454700,true,37,320,180,1200
world2_high_600,600,400,600,375,65,14.167000,0.076600,2.475300,true,37,320,180,1200
world2_high_600,600,400,600,375,66,15.076400,0.077100,2.572400,true,37,320,180,1200
world2_high_600,600,400,600,375,67,13.273100,0.077900,2.172900,true,37,320,180,1200
world2_high_600,600,400,600,375,68,14.702200,0.079800,2.268800,true,37,320,180,1200
world2_high_600,600,400,600,375,69,14.947900,0.077000,2.387800,true,37,320,180,1200
world2_high_600,600,400,600,375,70,14.336800,0.076800,2.547400,true,37,320,180,1200
world2_high_600,600,400,600,375,71,12.943800,0.081800,2.480600,true,37,320,180,1200
world2_high_600,600,400,600,375,72,13.750300,0.101000,2.338900,true,37,320,180,1200
world2_high_600,600,400,600,375,73,14.214500,0.124500,2.328100,true,37,320,180,1200
world2_high_600,600,400,600,375,74,14.387400,0.093300,2.201500,true,37,320,180,1200
world2_high_600,600,400,600,375,75,13.139300,0.144100,2.338600,true,37,320,180,1200
world2_high_600,600,400,600,375,76,14.685100,0.079100,2.483600,true,37,320,180,1200
world2_high_600,600,400,600,375,77,14.249700,0.073800,2.292600,true,37,320,180,1200
world2_high_600,600,400,600,375,78,14.157300,0.081900,2.584500,true,37,320,180,1200
world2_high_600,600,400,600,375,79,13.817600,0.072700,2.209000,true,37,320,180,1200
world2_high_600,600,400,600,375,80,13.496500,0.083500,2.287100,true,37,320,180,1200
world2_high_600,600,400,600,375,81,14.730100,0.091800,2.502300,true,37,320,180,1200
world2_high_600,600,400,600,375,82,14.053100,0.070900,2.566800,true,37,320,180,1200
world2_high_600,600,400,600,375,83,14.079500,0.085900,2.404900,true,37,320,180,1200
world2_high_600,600,400,600,375,84,13.504700,0.106800,2.356900,true,37,320,180,1200
world2_high_600,600,400,600,375,85,13.615900,0.093200,2.301400,true,37,320,180,1200
world2_high_600,600,400,600,375,86,13.969800,0.075800,2.764800,true,37,320,180,1200
world2_high_600,600,400,600,375,87,14.589400,0.112000,2.357000,true,37,320,180,1200
world2_high_600,600,400,600,375,88,15.260300,0.074400,2.312300,true,37,320,180,1200
world2_high_600,600,400,600,375,89,13.387700,0.083600,2.519000,true,37,320,180,1200
world2_high_600,600,400,600,375,90,13.531600,0.074000,2.567600,true,37,320,180,1200
world2_high_600,600,400,600,375,91,12.899800,0.074600,2.192900,true,37,320,180,1200
world2_high_600,600,400,600,375,92,13.580000,0.091400,2.833300,true,37,320,180,1200
world2_high_600,600,400,600,375,93,13.073600,0.073900,2.230800,true,37,320,180,1200
world2_high_600,600,400,600,375,94,13.552300,0.075400,2.485600,true,37,320,180,1200
world2_high_600,600,400,600,375,95,13.619700,0.083200,2.721100,true,37,320,180,1200
world2_high_600,600,400,600,375,96,15.159200,0.072000,2.667900,true,37,320,180,1200
world2_high_600,600,400,600,375,97,13.986000,0.075000,2.340700,true,37,320,180,1200
world2_high_600,600,400,600,375,98,13.339900,0.141400,2.549700,true,37,320,180,1200
world2_high_600,600,400,600,375,99,13.634800,0.071400,2.705600,true,37,320,180,1200
world2_high_600,600,400,600,375,100,13.659600,0.072500,2.567000,true,37,320,180,1200
world2_high_600,600,400,600,375,101,13.225900,0.073100,2.215400,true,37,320,180,1200
world2_high_600,600,400,600,375,102,14.633500,0.086300,2.393700,true,37,320,180,1200
world2_high_600,600,400,600,375,103,13.926300,0.078500,2.531600,true,37,320,180,1200
world2_high_600,600,400,600,375,104,13.644800,0.075500,2.425000,true,37,320,180,1200
world2_high_600,600,400,600,375,105,14.244200,0.080700,2.352700,true,37,320,180,1200
world2_high_600,600,400,600,375,106,14.458400,0.078900,2.304000,true,37,320,180,1200
world2_high_600,600,400,600,375,107,14.263400,0.077100,2.559100,true,37,320,180,1200
world2_high_1280,1280,800,1280,800,0,13.837000,0.075300,9.706400,true,37,320,180,1200
world2_high_1280,1280,800,1280,800,1,12.936700,0.091900,9.641600,true,37,320,180,1200
world2_high_1280,1280,800,1280,800,2,14.006300,0.079900,9.738700,true,37,320,180,1200
world2_high_1280,1280,800,1280,800,3,13.806800,0.081200,10.706100,true,37,320,180,1200
world2_high_1280,1280,800,1280,800,4,14.812100,0.080300,10.508000,true,37,320,180,1200
world2_high_1280,1280,800,1280,800,5,12.441300,0.076900,10.067500,true,37,320,180,1200
world2_high_1280,1280,800,1280,800,6,12.267800,0.071200,10.484200,true,37,320,180,1200
world2_high_1280,1280,800,1280,800,7,13.477200,0.083300,9.948800,true,37,320,180,1200
world2_high_1280,1280,800,1280,800,8,12.817300,0.080200,10.764600,true,37,320,180,1200
world2_high_1280,1280,800,1280,800,9,12.497200,0.113700,9.436800,true,37,320,180,1200
world2_high_1280,1280,800,1280,800,10,13.163600,0.077400,9.682700,true,37,320,180,1200
world2_high_1280,1280,800,1280,800,11,13.670300,0.075900,10.499800,true,37,320,180,1200
world2_high_1280,1280,800,1280,800,12,13.224400,0.078900,10.489600,true,37,320,180,1200
world2_high_1280,1280,800,1280,800,13,12.853300,0.080700,10.395500,true,37,320,180,1200
world2_high_1280,1280,800,1280,800,14,14.006500,0.090100,9.743800,true,37,320,180,1200
world2_high_1280,1280,800,1280,800,15,12.900500,0.070100,10.343500,true,37,320,180,1200
world2_high_1280,1280,800,1280,800,16,12.687800,0.076200,9.816400,true,37,320,180,1200
world2_high_1280,1280,800,1280,800,17,12.049400,0.098900,9.735500,true,37,320,180,1200
world2_high_1280,1280,800,1280,800,18,13.569300,0.079300,9.685200,true,37,320,180,1200
world2_high_1280,1280,800,1280,800,19,13.471700,0.082200,9.907600,true,37,320,180,1200
world2_high_1280,1280,800,1280,800,20,13.755100,0.079400,10.310000,true,37,320,180,1200
world2_high_1280,1280,800,1280,800,21,12.661800,0.077300,9.833700,true,37,320,180,1200
world2_high_1280,1280,800,1280,800,22,12.515600,0.076800,9.602700,true,37,320,180,1200
world2_high_1280,1280,800,1280,800,23,12.854800,0.081200,11.133800,true,37,320,180,1200
world2_high_1280,1280,800,1280,800,24,12.654200,0.085200,9.671000,true,37,320,180,1200
world2_high_1280,1280,800,1280,800,25,14.001400,0.080400,9.806300,true,37,320,180,1200
world2_high_1280,1280,800,1280,800,26,14.153300,0.080200,10.196300,true,37,320,180,1200
world2_high_1280,1280,800,1280,800,27,13.249700,0.094300,9.740900,true,37,320,180,1200
world2_high_1280,1280,800,1280,800,28,13.917400,0.072200,10.592300,true,37,320,180,1200
world2_high_1280,1280,800,1280,800,29,13.206500,0.070000,10.246900,true,37,320,180,1200
world2_high_1280,1280,800,1280,800,30,13.135300,0.072700,10.263400,true,37,320,180,1200
world2_high_1280,1280,800,1280,800,31,14.099500,0.075500,9.596100,true,37,320,180,1200
world2_high_1280,1280,800,1280,800,32,13.352000,0.069500,9.905100,true,37,320,180,1200
world2_high_1280,1280,800,1280,800,33,14.021400,0.070400,9.690600,true,37,320,180,1200
world2_high_1280,1280,800,1280,800,34,12.968300,0.084100,9.616300,true,37,320,180,1200
world2_high_1280,1280,800,1280,800,35,14.096400,0.073000,10.407400,true,37,320,180,1200
world2_high_1280,1280,800,1280,800,36,12.961000,0.087200,9.682700,true,37,320,180,1200
world2_high_1280,1280,800,1280,800,37,13.998100,0.071300,9.712600,true,37,320,180,1200
world2_high_1280,1280,800,1280,800,38,14.014400,0.103500,9.768300,true,37,320,180,1200
world2_high_1280,1280,800,1280,800,39,12.991000,0.069200,9.767500,true,37,320,180,1200
world2_high_1280,1280,800,1280,800,40,12.846400,0.072200,10.103400,true,37,320,180,1200
world2_high_1280,1280,800,1280,800,41,13.055100,0.080300,11.730600,true,37,320,180,1200
world2_high_1280,1280,800,1280,800,42,13.813200,0.076700,10.645900,true,37,320,180,1200
world2_high_1280,1280,800,1280,800,43,13.118400,0.076500,10.324300,true,37,320,180,1200
world2_high_1280,1280,800,1280,800,44,13.516600,0.069500,11.071600,true,37,320,180,1200
world2_high_1280,1280,800,1280,800,45,13.316100,0.073700,9.775700,true,37,320,180,1200
world2_high_1280,1280,800,1280,800,46,13.860500,0.095700,9.787600,true,37,320,180,1200
world2_high_1280,1280,800,1280,800,47,13.266900,0.073900,10.161500,true,37,320,180,1200
world2_high_1280,1280,800,1280,800,48,12.877000,0.071100,9.596300,true,37,320,180,1200
world2_high_1280,1280,800,1280,800,49,14.060300,0.098600,9.911300,true,37,320,180,1200
world2_high_1280,1280,800,1280,800,50,13.644900,0.106000,10.440900,true,37,320,180,1200
world2_high_1280,1280,800,1280,800,51,14.383800,0.082400,9.516600,true,37,320,180,1200
world2_high_1280,1280,800,1280,800,52,14.190200,0.090800,10.296200,true,37,320,180,1200
world2_high_1280,1280,800,1280,800,53,12.965900,0.073400,9.815900,true,37,320,180,1200
world2_high_1280,1280,800,1280,800,54,14.440000,0.075000,9.785400,true,37,320,180,1200
world2_high_1280,1280,800,1280,800,55,13.758800,0.076000,10.350600,true,37,320,180,1200
world2_high_1280,1280,800,1280,800,56,14.078700,0.073100,10.091900,true,37,320,180,1200
world2_high_1280,1280,800,1280,800,57,13.789000,0.083600,10.615800,true,37,320,180,1200
world2_high_1280,1280,800,1280,800,58,13.638000,0.080500,9.764600,true,37,320,180,1200
world2_high_1280,1280,800,1280,800,59,13.705700,0.102500,10.161300,true,37,320,180,1200
world2_high_1280,1280,800,1280,800,60,15.115500,0.077100,9.621900,true,37,320,180,1200
world2_high_1280,1280,800,1280,800,61,14.467200,0.076500,9.635700,true,37,320,180,1200
world2_high_1280,1280,800,1280,800,62,14.391200,0.092300,10.535200,true,37,320,180,1200
world2_high_1280,1280,800,1280,800,63,14.312100,0.089500,9.600600,true,37,320,180,1200
world2_high_1280,1280,800,1280,800,64,14.478500,0.069700,9.652200,true,37,320,180,1200
world2_high_1280,1280,800,1280,800,65,14.520700,0.110000,11.547300,true,37,320,180,1200
world2_high_1280,1280,800,1280,800,66,13.375500,0.067900,10.710600,true,37,320,180,1200
world2_high_1280,1280,800,1280,800,67,13.332700,0.075900,9.837200,true,37,320,180,1200
world2_high_1280,1280,800,1280,800,68,13.493400,0.071100,9.805100,true,37,320,180,1200
world2_high_1280,1280,800,1280,800,69,14.036500,0.082500,9.691500,true,37,320,180,1200
world2_high_1280,1280,800,1280,800,70,14.286400,0.071500,10.601800,true,37,320,180,1200
world2_high_1280,1280,800,1280,800,71,13.331800,0.071500,10.572000,true,37,320,180,1200
world2_high_1280,1280,800,1280,800,72,13.539100,0.074300,9.717300,true,37,320,180,1200
world2_high_1280,1280,800,1280,800,73,15.175600,0.077500,10.206200,true,37,320,180,1200
world3_normal_960,960,600,960,600,0,5.339500,0.071100,1.201500,true,6,32,12,120
world3_normal_960,960,600,960,600,1,5.711100,0.068800,1.686100,true,6,32,12,120
world3_normal_960,960,600,960,600,2,5.820400,0.073200,1.325500,true,6,32,12,120
world3_normal_960,960,600,960,600,3,5.513200,0.071000,1.565800,true,6,32,12,120
world3_normal_960,960,600,960,600,4,5.231800,0.065300,1.238700,true,6,32,12,120
world3_normal_960,960,600,960,600,5,5.429800,0.075000,1.425700,true,6,32,12,120
world3_normal_960,960,600,960,600,6,5.829600,0.068100,1.337600,true,6,32,12,120
world3_normal_960,960,600,960,600,7,5.955200,0.071200,1.694300,true,6,32,12,120
world3_normal_960,960,600,960,600,8,5.595400,0.073700,1.358800,true,6,32,12,120
world3_normal_960,960,600,960,600,9,5.402400,0.072900,1.441000,true,6,32,12,120
world3_normal_960,960,600,960,600,10,5.636800,0.074300,1.396200,true,6,32,12,120
world3_normal_960,960,600,960,600,11,5.612500,0.069400,1.351200,true,6,32,13,120
world3_normal_960,960,600,960,600,12,5.850700,0.086600,1.731800,true,6,32,12,120
world3_normal_960,960,600,960,600,13,5.572200,0.088900,1.402900,true,6,32,12,120
world3_normal_960,960,600,960,600,14,5.748100,0.075700,1.254300,true,6,32,12,120
world3_normal_960,960,600,960,600,15,5.518000,0.084000,1.461100,true,6,32,13,120
world3_normal_960,960,600,960,600,16,5.796600,0.070700,1.488700,true,6,32,12,120
world3_normal_960,960,600,960,600,17,5.725900,0.077700,1.418500,true,6,32,12,120
world3_normal_960,960,600,960,600,18,5.816200,0.084500,1.387300,true,6,32,12,120
world3_normal_960,960,600,960,600,19,5.854100,0.081400,1.301300,true,6,32,12,120
world3_normal_960,960,600,960,600,20,5.380900,0.077900,1.230100,true,6,32,12,120
world3_normal_960,960,600,960,600,21,5.558100,0.073100,1.343800,true,6,32,12,120
world3_normal_960,960,600,960,600,22,6.041500,0.082300,1.452600,true,6,32,12,120
world3_normal_960,960,600,960,600,23,5.522800,0.072000,1.492400,true,6,32,12,120
world3_normal_960,960,600,960,600,24,5.514000,0.065200,1.444200,true,6,32,12,120
world3_normal_960,960,600,960,600,25,5.420600,0.071400,1.262000,true,6,32,12,120
world3_normal_960,960,600,960,600,26,5.366500,0.078900,1.258700,true,6,32,12,120
world3_normal_960,960,600,960,600,27,5.966200,0.068900,1.394200,true,6,32,12,120
world3_normal_960,960,600,960,600,28,5.335400,0.073200,1.245300,true,6,32,12,120
world3_normal_960,960,600,960,600,29,5.705200,0.066000,1.409700,true,6,32,12,120
world3_normal_960,960,600,960,600,30,5.679400,0.076300,1.538100,true,6,32,12,120
world3_normal_960,960,600,960,600,31,5.342800,0.065400,1.414100,true,6,32,12,120
world3_normal_960,960,600,960,600,32,6.045100,0.069800,1.221600,true,6,32,12,120
world3_normal_960,960,600,960,600,33,5.259600,0.070900,1.241600,true,6,32,12,120
world3_normal_960,960,600,960,600,34,5.760700,0.066300,1.199000,true,6,32,12,120
world3_normal_960,960,600,960,600,35,5.483000,0.074200,1.198700,true,6,32,12,120
world3_normal_960,960,600,960,600,36,5.957600,0.072900,1.301800,true,6,32,12,120
world3_normal_960,960,600,960,600,37,5.486300,0.071300,1.379800,true,6,32,12,120
world3_normal_960,960,600,960,600,38,5.318100,0.067500,1.222000,true,6,32,12,120
world3_normal_960,960,600,960,600,39,5.379000,0.082700,1.589100,true,6,32,12,120
world3_normal_960,960,600,960,600,40,5.296200,0.074200,1.231900,true,6,32,12,120
world3_normal_960,960,600,960,600,41,5.219900,0.071700,1.196200,true,6,32,12,120
world3_normal_960,960,600,960,600,42,5.704500,0.076700,1.316600,true,6,32,12,120
world3_normal_960,960,600,960,600,43,5.778200,0.081600,1.726100,true,6,32,13,120
world3_normal_960,960,600,960,600,44,5.332000,0.086300,1.273700,true,6,32,12,120
world3_normal_960,960,600,960,600,45,5.534400,0.074800,1.293600,true,6,32,12,120
world3_normal_960,960,600,960,600,46,5.286900,0.069900,1.323200,true,6,32,12,120
world3_normal_960,960,600,960,600,47,6.314800,0.067100,1.372400,true,6,32,12,120
world3_normal_960,960,600,960,600,48,5.954100,0.086100,1.750300,true,6,32,12,120
world3_normal_960,960,600,960,600,49,5.343400,0.073100,1.305400,true,6,32,12,120
world3_normal_960,960,600,960,600,50,5.230500,0.083500,1.340300,true,6,32,12,120
world3_normal_960,960,600,960,600,51,5.128000,0.070800,1.420700,true,6,32,12,120
world3_normal_960,960,600,960,600,52,5.304500,0.071000,1.217900,true,6,32,12,120
world3_normal_960,960,600,960,600,53,5.519400,0.070900,1.195900,true,6,32,12,120
world3_normal_960,960,600,960,600,54,5.439200,0.071600,1.216500,true,6,32,12,120
world3_normal_960,960,600,960,600,55,5.283500,0.070100,1.392200,true,6,32,12,120
world3_normal_960,960,600,960,600,56,5.523300,0.078400,1.553700,true,6,32,12,120
world3_normal_960,960,600,960,600,57,5.437000,0.089300,1.489200,true,6,32,12,120
world3_normal_960,960,600,960,600,58,5.425400,0.071600,1.355300,true,6,32,12,120
world3_normal_960,960,600,960,600,59,5.345000,0.070100,1.534500,true,6,32,12,120
world3_normal_960,960,600,960,600,60,5.209200,0.067400,1.215300,true,6,32,12,120
world3_normal_960,960,600,960,600,61,5.793000,0.072500,1.439900,true,6,32,12,120
world3_normal_960,960,600,960,600,62,5.782700,0.069700,1.382800,true,6,32,12,120
world3_normal_960,960,600,960,600,63,5.493000,0.067400,1.421700,true,6,32,12,120
world3_normal_960,960,600,960,600,64,5.808400,0.072600,1.319300,true,6,32,12,120
world3_normal_960,960,600,960,600,65,5.320900,0.074000,1.305200,true,6,32,12,120
world3_normal_960,960,600,960,600,66,5.268200,0.069400,1.247100,true,6,32,12,120
world3_normal_960,960,600,960,600,67,5.299300,0.069600,1.361100,true,6,32,12,120
world3_normal_960,960,600,960,600,68,5.642800,0.066600,1.202700,true,6,32,12,120
world3_normal_960,960,600,960,600,69,5.335200,0.077400,1.325900,true,6,32,12,120
world3_normal_960,960,600,960,600,70,5.592200,0.071100,1.484200,true,6,32,12,120
world3_normal_960,960,600,960,600,71,5.221800,0.087500,1.599000,true,6,32,12,120
world3_normal_960,960,600,960,600,72,5.396000,0.069700,1.229900,true,6,32,12,120
world3_normal_960,960,600,960,600,73,5.227600,0.066700,1.242400,true,6,32,12,120
world3_normal_960,960,600,960,600,74,5.511200,0.070300,1.601400,true,6,32,12,120
world3_normal_960,960,600,960,600,75,5.663000,0.069200,1.209400,true,6,32,12,120
world3_normal_960,960,600,960,600,76,5.789600,0.068600,1.370800,true,6,32,12,120
world3_normal_960,960,600,960,600,77,5.539200,0.069600,1.253600,true,6,32,12,120
world3_normal_960,960,600,960,600,78,5.224100,0.074200,1.397400,true,6,32,12,120
world3_normal_960,960,600,960,600,79,5.254600,0.064400,1.229800,true,6,32,12,120
world3_normal_960,960,600,960,600,80,5.512000,0.072700,1.462700,true,6,32,12,120
world3_normal_960,960,600,960,600,81,5.705500,0.081700,1.281400,true,6,32,12,120
world3_normal_960,960,600,960,600,82,5.922100,0.061900,1.427100,true,6,32,12,120
world3_normal_960,960,600,960,600,83,5.699500,0.077700,1.519400,true,6,32,12,120
world3_normal_960,960,600,960,600,84,5.304600,0.074000,1.266000,true,6,32,12,120
world3_normal_960,960,600,960,600,85,5.433600,0.073400,1.293100,true,6,32,12,120
world3_normal_960,960,600,960,600,86,5.616400,0.067100,1.249100,true,6,32,12,120
world3_normal_960,960,600,960,600,87,5.241800,0.070200,1.219200,true,6,32,12,120
world3_normal_960,960,600,960,600,88,5.345600,0.069100,1.225000,true,6,32,12,120
world3_normal_960,960,600,960,600,89,5.942900,0.065200,1.515200,true,6,32,12,120
world3_normal_960,960,600,960,600,90,5.596600,0.072500,1.738800,true,6,32,12,120
world3_normal_960,960,600,960,600,91,5.298600,0.072700,1.270200,true,6,32,12,120
world3_normal_960,960,600,960,600,92,5.723800,0.064000,1.413800,true,6,32,12,120
world3_normal_960,960,600,960,600,93,5.751900,0.069000,1.402200,true,6,32,12,120
world3_normal_960,960,600,960,600,94,5.215000,0.074600,1.425400,true,6,32,12,120
world3_normal_960,960,600,960,600,95,5.427500,0.077600,1.500000,true,6,32,12,120
world3_normal_960,960,600,960,600,96,5.629600,0.073400,1.457500,true,6,32,12,120
world3_normal_960,960,600,960,600,97,5.291500,0.098200,1.440700,true,6,32,12,120
world3_normal_960,960,600,960,600,98,5.850500,0.066300,1.222100,true,6,32,12,120
world3_normal_960,960,600,960,600,99,5.743300,0.214500,1.209200,true,6,32,12,120
world3_normal_960,960,600,960,600,100,5.795500,0.065100,1.719500,true,6,32,12,120
world3_normal_960,960,600,960,600,101,5.485800,0.073900,1.437000,true,6,32,12,120
world3_normal_960,960,600,960,600,102,5.879300,0.080400,1.419800,true,6,32,12,120
world3_normal_960,960,600,960,600,103,5.232600,0.088300,1.228500,true,6,32,12,120
world3_normal_960,960,600,960,600,104,5.599700,0.066700,1.256700,true,6,32,12,120
world3_normal_960,960,600,960,600,105,5.957400,0.066500,1.206900,true,6,32,12,120
world3_normal_960,960,600,960,600,106,5.669500,0.085400,1.308600,true,6,32,12,120
world3_normal_960,960,600,960,600,107,5.591000,0.079100,1.549900,true,6,32,12,120
world3_normal_960,960,600,960,600,108,5.713600,0.074400,1.279900,true,6,32,12,120
world3_normal_960,960,600,960,600,109,7.389400,0.075500,1.471600,true,6,32,12,120
world3_normal_960,960,600,960,600,110,5.355000,0.073000,1.813300,true,6,32,12,120
world3_normal_960,960,600,960,600,111,5.376500,0.071500,1.739900,true,6,32,12,120
world3_normal_960,960,600,960,600,112,6.276400,0.066400,1.426900,true,6,32,12,120
world3_normal_960,960,600,960,600,113,5.565200,0.063100,1.196900,true,6,32,12,120
world3_normal_960,960,600,960,600,114,5.653300,0.065500,1.387600,true,6,32,12,120
world3_normal_960,960,600,960,600,115,5.353800,0.070800,1.736300,true,6,32,12,120
world3_normal_960,960,600,960,600,116,5.588500,0.073400,1.372500,true,6,32,12,120
world3_normal_960,960,600,960,600,117,5.491000,0.083900,1.263600,true,6,32,12,120
world3_normal_960,960,600,960,600,118,5.723400,0.069700,1.351400,true,6,32,12,120
world3_normal_960,960,600,960,600,119,5.442000,0.072400,1.501300,true,6,32,12,120
world3_normal_960,960,600,960,600,120,5.840700,0.066500,1.293600,true,6,32,12,120
world3_normal_960,960,600,960,600,121,5.597500,0.070800,1.728100,true,6,32,13,120
world3_normal_960,960,600,960,600,122,5.596900,0.087800,2.084000,true,6,32,12,120
world3_normal_960,960,600,960,600,123,5.853700,0.070100,1.216700,true,6,32,12,120
world3_normal_960,960,600,960,600,124,5.149300,0.067200,1.302000,true,6,32,12,120
world3_normal_960,960,600,960,600,125,5.695500,0.091800,1.443700,true,6,32,13,120
world3_normal_960,960,600,960,600,126,5.561600,0.072500,1.766200,true,6,32,12,120
world3_normal_960,960,600,960,600,127,5.951300,0.096600,1.309400,true,6,32,12,120
world3_normal_960,960,600,960,600,128,5.776800,0.078500,1.269100,true,6,32,12,120
world3_normal_960,960,600,960,600,129,5.793200,0.069800,1.405700,true,6,32,12,120
world3_normal_960,960,600,960,600,130,5.438200,0.064200,1.394800,true,6,32,12,120
world3_normal_960,960,600,960,600,131,5.318200,0.070500,1.732200,true,6,32,12,120
world3_normal_960,960,600,960,600,132,5.677600,0.069000,1.394800,true,6,32,12,120
world3_normal_960,960,600,960,600,133,5.510200,0.070600,1.384000,true,6,32,12,120
world3_normal_960,960,600,960,600,134,5.486300,0.080000,1.259500,true,6,32,12,120
world3_normal_960,960,600,960,600,135,5.261900,0.072500,1.445600,true,6,32,12,120
world3_normal_960,960,600,960,600,136,5.438800,0.091500,1.432500,true,6,32,12,120
world3_normal_960,960,600,960,600,137,5.464600,0.068900,1.404700,true,6,32,12,120
world3_normal_960,960,600,960,600,138,5.790500,0.085300,1.376800,true,6,32,12,120
world3_normal_960,960,600,960,600,139,5.300700,0.073600,1.431900,true,6,32,12,120
world3_normal_960,960,600,960,600,140,5.649800,0.084300,1.249300,true,6,32,12,120
world3_normal_960,960,600,960,600,141,5.491000,0.066900,1.231300,true,6,32,12,120
world3_normal_960,960,600,960,600,142,6.090900,0.067600,1.213000,true,6,32,12,120
world3_normal_960,960,600,960,600,143,5.961900,0.067700,1.206700,true,6,32,12,120
world3_normal_960,960,600,960,600,144,5.501000,0.069900,1.790100,true,6,32,12,120
world3_normal_960,960,600,960,600,145,5.422400,0.075800,1.469200,true,6,32,12,120
world3_normal_960,960,600,960,600,146,5.335400,0.084800,1.450600,true,6,32,12,120
world3_normal_960,960,600,960,600,147,5.308900,0.090300,1.459500,true,6,32,12,120
world3_normal_960,960,600,960,600,148,5.834100,0.062300,1.216800,true,6,32,12,120
world3_normal_960,960,600,960,600,149,5.679900,0.070500,1.220600,true,6,32,12,120
world3_normal_960,960,600,960,600,150,5.408100,0.077800,1.469000,true,6,32,12,120
world3_normal_960,960,600,960,600,151,5.278900,0.098000,1.470800,true,6,32,12,120
world3_normal_960,960,600,960,600,152,5.536100,0.082600,1.424700,true,6,32,12,120
world3_normal_960,960,600,960,600,153,5.690100,0.087400,1.379700,true,6,32,12,120
world3_normal_960,960,600,960,600,154,6.415000,0.085400,1.376000,true,6,32,12,120
world3_normal_960,960,600,960,600,155,5.586100,0.080900,1.531800,true,6,32,12,120
world3_normal_960,960,600,960,600,156,5.680800,0.088200,1.359500,true,6,32,12,120
world3_normal_960,960,600,960,600,157,5.635900,0.086800,1.508000,true,6,32,12,120
world3_normal_960,960,600,960,600,158,5.717000,0.066200,1.411800,true,6,32,12,120
world3_normal_960,960,600,960,600,159,5.291000,0.089100,1.695700,true,6,32,12,120
world3_normal_960,960,600,960,600,160,5.494400,0.088400,1.532500,true,6,32,12,120
world3_normal_960,960,600,960,600,161,5.487500,0.084000,1.368000,true,6,32,12,120
world3_normal_960,960,600,960,600,162,5.227600,0.084200,1.309100,true,6,32,12,120
world3_normal_960,960,600,960,600,163,5.221600,0.069500,1.224800,true,6,32,12,120
world3_normal_960,960,600,960,600,164,5.186900,0.071500,1.275000,true,6,32,12,120
world3_normal_960,960,600,960,600,165,5.203900,0.063200,1.205900,true,6,32,12,120
world3_normal_960,960,600,960,600,166,5.728000,0.065000,1.271700,true,6,32,12,120
world3_normal_960,960,600,960,600,167,5.253300,0.067700,1.345100,true,6,32,12,120
world3_normal_960,960,600,960,600,168,5.778600,0.073600,1.783300,true,6,32,12,120
world3_normal_960,960,600,960,600,169,5.725300,0.071800,1.266600,true,6,32,12,120
world3_normal_960,960,600,960,600,170,5.538700,0.079900,1.398100,true,6,32,12,120
world3_normal_960,960,600,960,600,171,7.035700,0.112300,1.475900,true,6,32,12,120
world3_normal_960,960,600,960,600,172,5.342600,0.098000,1.782700,true,6,32,12,120
world3_normal_960,960,600,960,600,173,5.805100,0.103300,1.365600,true,6,32,12,120
world3_normal_960,960,600,960,600,174,5.689000,0.116700,1.199500,true,6,32,12,120
world3_normal_960,960,600,960,600,175,5.558700,0.071000,1.397100,true,6,32,12,120
world3_normal_960,960,600,960,600,176,5.621400,0.067200,1.320300,true,6,32,12,120
world3_normal_960,960,600,960,600,177,5.837200,0.064000,1.188400,true,6,32,12,120
world3_normal_960,960,600,960,600,178,5.433800,0.062500,1.511400,true,6,32,12,120
world3_normal_960,960,600,960,600,179,5.632400,0.074700,1.434100,true,6,32,12,120
world3_normal_960,960,600,960,600,180,5.562500,0.077800,1.296900,true,6,32,12,120
world3_normal_960,960,600,960,600,181,5.799900,0.091300,1.280300,true,6,32,12,120
world3_normal_960,960,600,960,600,182,6.082700,0.069000,1.327400,true,6,32,12,120
world3_normal_960,960,600,960,600,183,5.532800,0.068800,1.384900,true,6,32,12,120
world3_normal_960,960,600,960,600,184,5.437700,0.077900,1.363900,true,6,32,12,120
world3_normal_960,960,600,960,600,185,5.358300,0.077400,1.423600,true,6,32,12,120
world3_normal_960,960,600,960,600,186,5.516300,0.073600,1.273500,true,6,32,12,120
world3_normal_960,960,600,960,600,187,5.756800,0.069600,1.351900,true,6,32,12,120
world3_normal_960,960,600,960,600,188,5.636800,0.071600,1.321700,true,6,32,12,120
world3_normal_960,960,600,960,600,189,5.555300,0.072200,1.408600,true,6,32,12,120
world3_normal_960,960,600,960,600,190,6.361100,0.094200,1.377500,true,6,32,12,120
world3_normal_960,960,600,960,600,191,5.458600,0.073500,1.252400,true,6,32,12,120
world3_normal_960,960,600,960,600,192,5.758400,0.080000,1.247200,true,6,32,12,120
world3_normal_960,960,600,960,600,193,5.786800,0.065600,1.232700,true,6,32,12,120
world3_normal_960,960,600,960,600,194,5.505700,0.083100,1.333200,true,6,32,12,120
world3_normal_960,960,600,960,600,195,5.615500,0.071400,1.339100,true,6,32,12,120
world3_normal_960,960,600,960,600,196,5.410400,0.088400,1.586600,true,6,32,12,120
world3_normal_960,960,600,960,600,197,5.316900,0.069900,1.465400,true,6,32,12,120
world3_normal_960,960,600,960,600,198,5.288800,0.095100,1.677000,true,6,32,12,120
world3_normal_960,960,600,960,600,199,6.182500,0.074300,1.387400,true,6,32,12,120
world3_normal_960,960,600,960,600,200,5.734700,0.073700,1.518300,true,6,32,12,120
world3_normal_960,960,600,960,600,201,5.830600,0.090100,1.459300,true,6,32,12,120
world3_normal_960,960,600,960,600,202,5.817300,0.075600,1.261500,true,6,32,12,120
world3_normal_960,960,600,960,600,203,5.501000,0.070500,1.234800,true,6,32,12,120
world3_normal_960,960,600,960,600,204,5.456700,0.072500,1.266000,true,6,32,12,120
world3_normal_960,960,600,960,600,205,5.905100,0.066400,1.371800,true,6,32,12,120
world3_normal_960,960,600,960,600,206,5.693200,0.095900,1.670600,true,6,32,12,120
world3_normal_960,960,600,960,600,207,5.888500,0.082900,1.427900,true,6,32,12,120
world3_normal_960,960,600,960,600,208,5.559800,0.073700,1.259900,true,6,32,12,120
world3_normal_960,960,600,960,600,209,5.824800,0.070200,1.336600,true,6,32,12,120
world3_normal_960,960,600,960,600,210,5.603100,0.077000,1.325500,true,6,32,12,120
world3_normal_960,960,600,960,600,211,6.231500,0.097100,1.717900,true,6,32,12,120
world3_normal_960,960,600,960,600,212,6.075900,0.070300,1.267300,true,6,32,13,120
world3_normal_960,960,600,960,600,213,5.492900,0.069400,1.236000,true,6,32,12,120
world3_normal_960,960,600,960,600,214,5.967200,0.067400,1.229000,true,6,32,12,120
world3_normal_960,960,600,960,600,215,5.902200,0.072500,1.361100,true,6,32,12,120
world3_normal_960,960,600,960,600,216,5.991300,0.091900,1.303400,true,6,32,12,120
world3_normal_960,960,600,960,600,217,5.394600,0.085000,1.375700,true,6,32,12,120
world3_normal_960,960,600,960,600,218,5.424200,0.080600,1.504300,true,6,32,12,120
world3_normal_960,960,600,960,600,219,5.805200,0.073700,1.407100,true,6,32,12,120
world3_normal_960,960,600,960,600,220,5.489200,0.078300,1.430800,true,6,32,12,120
world3_normal_960,960,600,960,600,221,5.828000,0.072700,1.382800,true,6,32,12,120
world3_normal_960,960,600,960,600,222,6.039900,0.097500,1.423300,true,6,32,12,120
world3_normal_960,960,600,960,600,223,5.769600,0.074600,1.237700,true,6,32,12,120
world3_normal_960,960,600,960,600,224,5.343900,0.073000,1.404900,true,6,32,12,120
world3_normal_960,960,600,960,600,225,5.376400,0.074600,1.434100,true,6,32,12,120
world3_normal_960,960,600,960,600,226,5.629800,0.075600,1.523600,true,6,32,12,120
world3_normal_960,960,600,960,600,227,5.467200,0.091300,1.430700,true,6,32,12,120
world3_normal_960,960,600,960,600,228,5.490600,0.083200,1.269900,true,6,32,12,120
world3_normal_960,960,600,960,600,229,5.409000,0.073400,1.275200,true,6,32,12,120
world3_normal_960,960,600,960,600,230,5.579100,0.078700,1.421500,true,6,32,12,120
world3_normal_960,960,600,960,600,231,5.779800,0.076100,1.349400,true,6,32,12,120
world3_normal_960,960,600,960,600,232,5.595200,0.090600,1.541600,true,6,32,12,120
world3_normal_960,960,600,960,600,233,5.908300,0.083700,1.460200,true,6,32,12,120
world3_normal_960,960,600,960,600,234,5.562900,0.074500,1.255300,true,6,32,12,120
world3_normal_960,960,600,960,600,235,5.652700,0.077100,1.545900,true,6,32,12,120
world3_normal_960,960,600,960,600,236,5.829200,0.082800,1.481200,true,6,32,12,120
world3_normal_960,960,600,960,600,237,6.000800,0.089600,1.425500,true,6,32,12,120
world3_normal_960,960,600,960,600,238,5.591200,0.074800,1.396100,true,6,32,12,120
world3_normal_960,960,600,960,600,239,5.515500,0.075700,1.365300,true,6,32,12,120
world3_normal_960,960,600,960,600,240,5.858800,0.214700,1.412300,true,6,32,12,120
world3_normal_960,960,600,960,600,241,5.351800,0.081400,1.221100,true,6,32,12,120
world3_normal_960,960,600,960,600,242,5.774700,0.071100,1.455800,true,6,32,12,120
world3_normal_960,960,600,960,600,243,5.700200,0.099200,1.408800,true,6,32,12,120
world3_normal_960,960,600,960,600,244,5.507900,0.074100,1.344500,true,6,32,12,120
world3_normal_960,960,600,960,600,245,5.406400,0.076800,1.315400,true,6,32,12,120
world3_normal_600,600,400,600,375,0,5.989000,0.068400,2.632300,true,6,32,12,120
world3_normal_600,600,400,600,375,1,6.021300,0.069900,2.268600,true,6,32,12,120
world3_normal_600,600,400,600,375,2,5.513600,0.076800,2.483400,true,6,32,12,120
world3_normal_600,600,400,600,375,3,6.116400,0.084300,2.372800,true,6,32,12,120
world3_normal_600,600,400,600,375,4,6.023900,0.082900,2.455500,true,6,32,12,120
world3_normal_600,600,400,600,375,5,6.021600,0.073300,2.336400,true,6,32,12,120
world3_normal_600,600,400,600,375,6,5.978100,0.068400,2.565000,true,6,32,12,120
world3_normal_600,600,400,600,375,7,5.593100,0.069600,2.375500,true,6,32,12,120
world3_normal_600,600,400,600,375,8,5.976300,0.068500,2.527600,true,6,32,12,120
world3_normal_600,600,400,600,375,9,6.002600,0.069300,2.308500,true,6,32,12,120
world3_normal_600,600,400,600,375,10,5.929400,0.087900,2.320200,true,6,32,12,120
world3_normal_600,600,400,600,375,11,6.275800,0.079100,2.369500,true,6,32,12,120
world3_normal_600,600,400,600,375,12,5.474300,0.093100,2.415300,true,6,32,12,120
world3_normal_600,600,400,600,375,13,6.073700,0.068800,2.876300,true,6,32,12,120
world3_normal_600,600,400,600,375,14,5.626800,0.069200,2.173100,true,6,32,12,120
world3_normal_600,600,400,600,375,15,5.798400,0.070100,2.161300,true,6,32,12,120
world3_normal_600,600,400,600,375,16,5.705200,0.093500,2.483800,true,6,32,12,120
world3_normal_600,600,400,600,375,17,6.052000,0.063700,2.388700,true,6,32,12,120
world3_normal_600,600,400,600,375,18,6.191600,0.082700,2.723400,true,6,32,12,120
world3_normal_600,600,400,600,375,19,5.993700,0.070300,2.297900,true,6,32,12,120
world3_normal_600,600,400,600,375,20,6.000200,0.069800,2.662500,true,6,32,12,120
world3_normal_600,600,400,600,375,21,6.343100,0.077400,2.400000,true,6,32,12,120
world3_normal_600,600,400,600,375,22,5.456000,0.071100,2.312300,true,6,32,12,120
world3_normal_600,600,400,600,375,23,6.026400,0.083100,2.351900,true,6,32,13,120
world3_normal_600,600,400,600,375,24,6.087300,0.077400,2.397900,true,6,32,12,120
world3_normal_600,600,400,600,375,25,5.879100,0.063400,2.327500,true,6,32,12,120
world3_normal_600,600,400,600,375,26,6.554800,0.076800,2.332600,true,6,32,12,120
world3_normal_600,600,400,600,375,27,5.983900,0.075600,2.300400,true,6,32,13,120
world3_normal_600,600,400,600,375,28,5.639700,0.073200,2.690100,true,6,32,12,120
world3_normal_600,600,400,600,375,29,6.477500,0.077800,2.411600,true,6,32,12,120
world3_normal_600,600,400,600,375,30,6.024500,0.071200,2.265800,true,6,32,12,120
world3_normal_600,600,400,600,375,31,5.818100,0.074900,2.332100,true,6,32,12,120
world3_normal_600,600,400,600,375,32,5.443500,0.068000,2.430200,true,6,32,12,120
world3_normal_600,600,400,600,375,33,5.812400,0.087600,2.393200,true,6,32,12,120
world3_normal_600,600,400,600,375,34,5.471600,0.089400,2.402300,true,6,32,12,120
world3_normal_600,600,400,600,375,35,5.701300,0.072100,2.362900,true,6,32,12,120
world3_normal_600,600,400,600,375,36,5.817000,0.087100,2.297700,true,6,32,12,120
world3_normal_600,600,400,600,375,37,5.974200,0.101000,2.746100,true,6,32,12,120
world3_normal_600,600,400,600,375,38,5.679900,0.068600,2.466900,true,6,32,12,120
world3_normal_600,600,400,600,375,39,6.133600,0.109500,2.372800,true,6,32,12,120
world3_normal_600,600,400,600,375,40,5.448700,0.069400,2.148700,true,6,32,12,120
world3_normal_600,600,400,600,375,41,6.138700,0.082800,2.296000,true,6,32,12,120
world3_normal_600,600,400,600,375,42,5.670400,0.088300,2.350800,true,6,32,12,120
world3_normal_600,600,400,600,375,43,5.933400,0.072100,2.173900,true,6,32,12,120
world3_normal_600,600,400,600,375,44,6.102500,0.066200,2.539400,true,6,32,12,120
world3_normal_600,600,400,600,375,45,5.455000,0.065200,2.158500,true,6,32,12,120
world3_normal_600,600,400,600,375,46,5.340100,0.138200,2.330300,true,6,32,12,120
world3_normal_600,600,400,600,375,47,5.714200,0.085100,2.514200,true,6,32,12,120
world3_normal_600,600,400,600,375,48,5.464800,0.086500,2.362900,true,6,32,12,120
world3_normal_600,600,400,600,375,49,5.948200,0.202400,2.199500,true,6,32,12,120
world3_normal_600,600,400,600,375,50,5.826900,0.075800,2.434000,true,6,32,12,120
world3_normal_600,600,400,600,375,51,5.624600,0.093300,2.423400,true,6,32,12,120
world3_normal_600,600,400,600,375,52,6.191900,0.099400,2.422100,true,6,32,12,120
world3_normal_600,600,400,600,375,53,5.545200,0.063200,2.416000,true,6,32,12,120
world3_normal_600,600,400,600,375,54,5.539800,0.068800,2.167800,true,6,32,12,120
world3_normal_600,600,400,600,375,55,6.162100,0.065800,2.462900,true,6,32,13,120
world3_normal_600,600,400,600,375,56,5.952700,0.070400,2.198700,true,6,32,12,120
world3_normal_600,600,400,600,375,57,5.457100,0.086100,2.459800,true,6,32,12,120
world3_normal_600,600,400,600,375,58,5.772700,0.071000,2.574500,true,6,32,12,120
world3_normal_600,600,400,600,375,59,6.114900,0.093200,2.408500,true,6,32,12,120
world3_normal_600,600,400,600,375,60,5.732000,0.061000,2.163500,true,6,32,12,120
world3_normal_600,600,400,600,375,61,5.808100,0.084300,2.387300,true,6,32,12,120
world3_normal_600,600,400,600,375,62,5.830200,0.077500,2.168600,true,6,32,12,120
world3_normal_600,600,400,600,375,63,6.186700,0.085600,2.384000,true,6,32,12,120
world3_normal_600,600,400,600,375,64,5.501100,0.097300,2.394400,true,6,32,12,120
world3_normal_600,600,400,600,375,65,6.376200,0.070300,2.211700,true,6,32,12,120
world3_normal_600,600,400,600,375,66,6.061500,0.086700,2.351200,true,6,32,12,120
world3_normal_600,600,400,600,375,67,5.900700,0.072000,2.213600,true,6,32,12,120
world3_normal_600,600,400,600,375,68,5.981600,0.066200,2.877700,true,6,32,12,120
world3_normal_600,600,400,600,375,69,5.785600,0.080000,2.427200,true,6,32,12,120
world3_normal_600,600,400,600,375,70,5.876500,0.065000,2.397800,true,6,32,12,120
world3_normal_600,600,400,600,375,71,5.669600,0.071300,2.597600,true,6,32,12,120
world3_normal_600,600,400,600,375,72,5.582600,0.077800,2.173900,true,6,32,12,120
world3_normal_600,600,400,600,375,73,5.965700,0.086200,2.714700,true,6,32,12,120
world3_normal_600,600,400,600,375,74,5.611500,0.073500,2.554000,true,6,32,12,120
world3_normal_600,600,400,600,375,75,5.861000,0.064300,2.164800,true,6,32,12,120
world3_normal_600,600,400,600,375,76,6.025400,0.070600,2.357300,true,6,32,12,120
world3_normal_600,600,400,600,375,77,5.683000,0.080100,2.388800,true,6,32,12,120
world3_normal_600,600,400,600,375,78,5.754300,0.078300,2.319900,true,6,32,12,120
world3_normal_600,600,400,600,375,79,5.890000,0.071300,2.713100,true,6,32,12,120
world3_normal_600,600,400,600,375,80,5.792600,0.109600,2.329300,true,6,32,12,120
world3_normal_600,600,400,600,375,81,6.361500,0.085900,2.362900,true,6,32,12,120
world3_normal_600,600,400,600,375,82,5.841800,0.093100,2.324100,true,6,32,12,120
world3_normal_600,600,400,600,375,83,5.727100,0.087800,2.149300,true,6,32,12,120
world3_normal_600,600,400,600,375,84,5.717300,0.074600,2.265100,true,6,32,12,120
world3_normal_600,600,400,600,375,85,5.488500,0.085700,2.467000,true,6,32,12,120
world3_normal_600,600,400,600,375,86,5.343500,0.087900,2.321700,true,6,32,12,120
world3_normal_600,600,400,600,375,87,6.412800,0.086100,2.346500,true,6,32,12,120
world3_normal_600,600,400,600,375,88,5.364600,0.072400,2.185000,true,6,32,12,120
world3_normal_600,600,400,600,375,89,5.452000,0.078200,2.641900,true,6,32,12,120
world3_normal_600,600,400,600,375,90,5.606400,0.084700,2.368900,true,6,32,12,120
world3_normal_600,600,400,600,375,91,5.766100,0.067000,2.192700,true,6,32,12,120
world3_normal_600,600,400,600,375,92,5.850100,0.070400,2.198700,true,6,32,12,120
world3_normal_600,600,400,600,375,93,5.637100,0.067500,2.456400,true,6,32,12,120
world3_normal_600,600,400,600,375,94,5.815100,0.087800,2.424800,true,6,32,12,120
world3_normal_600,600,400,600,375,95,6.217600,0.071200,2.397500,true,6,32,12,120
world3_normal_600,600,400,600,375,96,6.289500,0.084400,2.319300,true,6,32,12,120
world3_normal_600,600,400,600,375,97,6.027800,0.067400,2.189200,true,6,32,12,120
world3_normal_600,600,400,600,375,98,5.708100,0.073100,2.997900,true,6,32,12,120
world3_normal_600,600,400,600,375,99,5.603000,0.071100,2.304400,true,6,32,12,120
world3_normal_600,600,400,600,375,100,5.414600,0.069100,2.327100,true,6,32,12,120
world3_normal_600,600,400,600,375,101,5.766700,0.063200,2.421900,true,6,32,12,120
world3_normal_600,600,400,600,375,102,5.566700,0.117400,2.166900,true,6,32,12,120
world3_normal_600,600,400,600,375,103,6.098900,0.066200,2.375900,true,6,32,12,120
world3_normal_600,600,400,600,375,104,5.656700,0.077900,2.554200,true,6,32,12,120
world3_normal_600,600,400,600,375,105,5.673500,0.069900,2.303900,true,6,32,12,120
world3_normal_600,600,400,600,375,106,6.431800,0.074100,2.346000,true,6,32,12,120
world3_normal_600,600,400,600,375,107,5.736400,0.085900,2.177300,true,6,32,12,120
world3_normal_600,600,400,600,375,108,5.720400,0.072200,2.221500,true,6,32,12,120
world3_normal_600,600,400,600,375,109,5.618200,0.067800,2.448500,true,6,32,12,120
world3_normal_600,600,400,600,375,110,5.463700,0.079900,2.311300,true,6,32,12,120
world3_normal_600,600,400,600,375,111,5.441400,0.074800,2.336600,true,6,32,12,120
world3_normal_600,600,400,600,375,112,6.002800,0.072300,3.045100,true,6,32,12,120
world3_normal_600,600,400,600,375,113,6.018300,0.071900,2.235700,true,6,32,12,120
world3_normal_600,600,400,600,375,114,5.909800,0.082100,2.372200,true,6,32,12,120
world3_normal_600,600,400,600,375,115,5.608300,0.080300,2.390600,true,6,32,12,120
world3_normal_600,600,400,600,375,116,5.832900,0.068200,2.289700,true,6,32,12,120
world3_normal_600,600,400,600,375,117,5.783800,0.076700,2.770900,true,6,32,12,120
world3_normal_600,600,400,600,375,118,5.826900,0.073300,2.201400,true,6,32,12,120
world3_normal_600,600,400,600,375,119,6.106800,0.062400,2.693700,true,6,32,12,120
world3_normal_600,600,400,600,375,120,5.845800,0.069100,2.198800,true,6,32,12,120
world3_normal_600,600,400,600,375,121,5.672800,0.070000,2.152700,true,6,32,12,120
world3_normal_600,600,400,600,375,122,6.326300,0.071600,2.387000,true,6,32,12,120
world3_normal_600,600,400,600,375,123,6.239600,0.069400,2.252300,true,6,32,12,120
world3_normal_600,600,400,600,375,124,6.207500,0.069300,2.376500,true,6,32,12,120
world3_normal_600,600,400,600,375,125,5.799400,0.087300,2.300400,true,6,32,12,120
world3_normal_600,600,400,600,375,126,5.466700,0.067900,2.359600,true,6,32,12,120
world3_normal_600,600,400,600,375,127,6.148300,0.067900,2.367900,true,6,32,12,120
world3_normal_600,600,400,600,375,128,5.454000,0.083400,2.392700,true,6,32,12,120
world3_normal_600,600,400,600,375,129,5.721500,0.073700,2.347100,true,6,32,12,120
world3_normal_600,600,400,600,375,130,5.689700,0.074800,2.319100,true,6,32,12,120
world3_normal_600,600,400,600,375,131,5.786600,0.088100,2.314500,true,6,32,12,120
world3_normal_600,600,400,600,375,132,6.137900,0.068500,2.366000,true,6,32,12,120
world3_normal_600,600,400,600,375,133,6.137400,0.068400,2.718600,true,6,32,13,120
world3_normal_600,600,400,600,375,134,5.855500,0.065800,2.173800,true,6,32,12,120
world3_normal_600,600,400,600,375,135,6.002600,0.062800,2.262900,true,6,32,12,120
world3_normal_600,600,400,600,375,136,5.752400,0.087900,2.427500,true,6,32,12,120
world3_normal_600,600,400,600,375,137,6.601500,0.080100,2.653400,true,6,32,13,120
world3_normal_600,600,400,600,375,138,5.471100,0.068900,2.285500,true,6,32,12,120
world3_normal_600,600,400,600,375,139,6.240700,0.066700,2.175700,true,6,32,12,120
world3_normal_600,600,400,600,375,140,5.454800,0.073800,2.347600,true,6,32,12,120
world3_normal_600,600,400,600,375,141,6.012100,0.071300,2.365100,true,6,32,12,120
world3_normal_600,600,400,600,375,142,5.313100,0.074000,2.449700,true,6,32,12,120
world3_normal_600,600,400,600,375,143,5.734200,0.084100,2.375700,true,6,32,12,120
world3_normal_600,600,400,600,375,144,5.785800,0.069900,2.467900,true,6,32,12,120
world3_normal_600,600,400,600,375,145,5.771300,0.070700,2.168600,true,6,32,12,120
world3_normal_600,600,400,600,375,146,5.879500,0.076400,2.882100,true,6,32,12,120
world3_normal_600,600,400,600,375,147,5.787200,0.068700,2.290800,true,6,32,12,120
world3_normal_600,600,400,600,375,148,5.636100,0.070400,2.250000,true,6,32,12,120
world3_normal_600,600,400,600,375,149,6.172800,0.086100,2.415300,true,6,32,12,120
world3_normal_600,600,400,600,375,150,5.696900,0.079800,2.314000,true,6,32,12,120
world3_normal_600,600,400,600,375,151,6.431800,0.083200,2.344700,true,6,32,12,120
world3_normal_600,600,400,600,375,152,5.754300,0.074300,2.159100,true,6,32,12,120
world3_normal_600,600,400,600,375,153,5.737200,0.069900,2.200000,true,6,32,12,120
world3_normal_600,600,400,600,375,154,5.430200,0.069900,2.494900,true,6,32,12,120
world3_normal_600,600,400,600,375,155,5.633300,0.097600,2.321000,true,6,32,12,120
world3_normal_600,600,400,600,375,156,5.852300,0.067500,2.154000,true,6,32,12,120
world3_normal_600,600,400,600,375,157,6.079500,0.069700,2.378800,true,6,32,12,120
world3_normal_600,600,400,600,375,158,6.170900,0.088700,2.213400,true,6,32,12,120
world3_normal_600,600,400,600,375,159,6.337100,0.075100,2.582700,true,6,32,12,120
world3_normal_600,600,400,600,375,160,6.072300,0.087400,2.588300,true,6,32,12,120
world3_normal_600,600,400,600,375,161,5.671300,0.071000,2.340900,true,6,32,12,120
world3_normal_600,600,400,600,375,162,6.806500,0.092000,2.315500,true,6,32,12,120
world3_normal_600,600,400,600,375,163,6.286100,0.074900,2.224600,true,6,32,12,120
world3_normal_600,600,400,600,375,164,6.374900,0.077200,2.416600,true,6,32,12,120
world3_normal_600,600,400,600,375,165,6.955700,0.207000,2.447000,true,6,32,12,120
world3_normal_600,600,400,600,375,166,5.966400,0.071500,2.405300,true,6,32,12,120
world3_normal_600,600,400,600,375,167,5.814400,0.071800,2.530100,true,6,32,12,120
world3_normal_600,600,400,600,375,168,5.964900,0.086800,2.381900,true,6,32,12,120
world3_normal_600,600,400,600,375,169,5.667700,0.068800,2.244600,true,6,32,12,120
world3_normal_600,600,400,600,375,170,6.196900,0.068900,2.200400,true,6,32,12,120
world3_normal_600,600,400,600,375,171,5.859200,0.070900,2.655000,true,6,32,12,120
world3_normal_600,600,400,600,375,172,6.598300,0.072700,2.195900,true,6,32,12,120
world3_normal_600,600,400,600,375,173,5.836000,0.070700,2.635500,true,6,32,12,120
world3_normal_600,600,400,600,375,174,5.553300,0.068100,2.266500,true,6,32,12,120
world3_normal_600,600,400,600,375,175,6.429900,0.066900,2.583000,true,6,32,12,120
world3_normal_600,600,400,600,375,176,5.756100,0.072300,2.433200,true,6,32,12,120
world3_normal_600,600,400,600,375,177,5.666400,0.070400,2.209200,true,6,32,12,120
world3_normal_600,600,400,600,375,178,6.174900,0.075000,2.684300,true,6,32,12,120
world3_normal_600,600,400,600,375,179,5.823800,0.083100,2.351800,true,6,32,12,120
world3_normal_600,600,400,600,375,180,5.831700,0.114600,2.276200,true,6,32,12,120
world3_normal_600,600,400,600,375,181,6.138000,0.088100,2.382300,true,6,32,12,120
world3_normal_600,600,400,600,375,182,6.043100,0.074600,2.190800,true,6,32,12,120
world3_normal_600,600,400,600,375,183,5.947900,0.073400,2.526300,true,6,32,12,120
world3_normal_600,600,400,600,375,184,6.145100,0.074600,2.442000,true,6,32,12,120
world3_normal_600,600,400,600,375,185,6.144700,0.072800,2.312800,true,6,32,12,120
world3_normal_600,600,400,600,375,186,8.325800,0.078100,2.320800,true,6,32,12,120
world3_normal_600,600,400,600,375,187,6.302700,0.069500,2.639300,true,6,32,12,120
world3_normal_600,600,400,600,375,188,5.930200,0.070400,2.197400,true,6,32,12,120
world3_normal_600,600,400,600,375,189,6.463300,0.076400,2.555300,true,6,32,12,120
world3_normal_600,600,400,600,375,190,5.941300,0.073100,2.553100,true,6,32,12,120
world3_normal_600,600,400,600,375,191,6.191500,0.074500,2.553400,true,6,32,12,120
world3_normal_600,600,400,600,375,192,5.981100,0.080000,2.321900,true,6,32,12,120
world3_normal_600,600,400,600,375,193,6.722500,0.069500,2.289900,true,6,32,12,120
world3_normal_600,600,400,600,375,194,5.751500,0.065600,2.518700,true,6,32,12,120
world3_normal_600,600,400,600,375,195,6.187700,0.083000,2.553500,true,6,32,12,120
world3_normal_600,600,400,600,375,196,6.024500,0.069900,2.586000,true,6,32,12,120
world3_normal_600,600,400,600,375,197,5.782200,0.070700,2.209200,true,6,32,12,120
world3_normal_600,600,400,600,375,198,6.339500,0.072100,2.472600,true,6,32,12,120
world3_normal_600,600,400,600,375,199,6.591100,0.092500,2.464200,true,6,32,12,120
world3_normal_600,600,400,600,375,200,5.689200,0.074100,2.459300,true,6,32,12,120
world3_normal_600,600,400,600,375,201,6.286600,0.071100,2.477200,true,6,32,12,120
world3_normal_600,600,400,600,375,202,6.072000,0.068900,2.295100,true,6,32,12,120
world3_normal_600,600,400,600,375,203,6.050800,0.068400,2.718000,true,6,32,12,120
world3_normal_600,600,400,600,375,204,5.932900,0.084900,2.279600,true,6,32,12,120
world3_normal_600,600,400,600,375,205,6.083900,0.074500,2.484400,true,6,32,12,120
world3_normal_600,600,400,600,375,206,6.066000,0.085700,2.647900,true,6,32,12,120
world3_normal_600,600,400,600,375,207,6.018600,0.079500,2.343900,true,6,32,12,120
world3_normal_1280,1280,800,1280,800,0,5.200400,0.067700,9.606000,true,6,32,12,120
world3_normal_1280,1280,800,1280,800,1,6.166400,0.102800,9.788100,true,6,32,12,120
world3_normal_1280,1280,800,1280,800,2,5.677100,0.069500,10.461800,true,6,32,12,120
world3_normal_1280,1280,800,1280,800,3,5.723000,0.085600,9.808300,true,6,32,12,120
world3_normal_1280,1280,800,1280,800,4,5.966600,0.084300,9.829700,true,6,32,12,120
world3_normal_1280,1280,800,1280,800,5,6.031400,0.070000,9.980600,true,6,32,12,120
world3_normal_1280,1280,800,1280,800,6,5.154200,0.067400,9.766100,true,6,32,12,120
world3_normal_1280,1280,800,1280,800,7,5.722100,0.071300,9.620900,true,6,32,12,120
world3_normal_1280,1280,800,1280,800,8,5.428600,0.068300,9.788000,true,6,32,12,120
world3_normal_1280,1280,800,1280,800,9,5.773300,0.088300,10.066200,true,6,32,12,120
world3_normal_1280,1280,800,1280,800,10,5.239700,0.072000,9.590500,true,6,32,12,120
world3_normal_1280,1280,800,1280,800,11,5.726900,0.074300,9.895100,true,6,32,12,120
world3_normal_1280,1280,800,1280,800,12,5.120700,0.069900,9.636300,true,6,32,12,120
world3_normal_1280,1280,800,1280,800,13,5.860500,0.068900,9.877900,true,6,32,12,120
world3_normal_1280,1280,800,1280,800,14,5.234700,0.074600,9.622100,true,6,32,12,120
world3_normal_1280,1280,800,1280,800,15,6.021200,0.074300,9.788000,true,6,32,12,120
world3_normal_1280,1280,800,1280,800,16,6.026600,0.070100,9.972900,true,6,32,12,120
world3_normal_1280,1280,800,1280,800,17,5.132900,0.085900,9.720000,true,6,32,12,120
world3_normal_1280,1280,800,1280,800,18,5.990300,0.082900,9.739000,true,6,32,12,120
world3_normal_1280,1280,800,1280,800,19,5.863700,0.068500,9.551300,true,6,32,12,120
world3_normal_1280,1280,800,1280,800,20,5.846300,0.087500,9.724600,true,6,32,12,120
world3_normal_1280,1280,800,1280,800,21,6.166200,0.066400,10.040800,true,6,32,12,120
world3_normal_1280,1280,800,1280,800,22,5.388300,0.072600,9.841000,true,6,32,12,120
world3_normal_1280,1280,800,1280,800,23,5.880100,0.080900,9.895300,true,6,32,12,120
world3_normal_1280,1280,800,1280,800,24,5.124900,0.070900,9.826200,true,6,32,12,120
world3_normal_1280,1280,800,1280,800,25,6.144900,0.072800,10.007000,true,6,32,12,120
world3_normal_1280,1280,800,1280,800,26,5.251000,0.070700,9.857800,true,6,32,12,120
world3_normal_1280,1280,800,1280,800,27,5.185000,0.066400,10.031000,true,6,32,12,120
world3_normal_1280,1280,800,1280,800,28,5.353300,0.067300,10.027800,true,6,32,12,120
world3_normal_1280,1280,800,1280,800,29,5.839700,0.100800,9.878400,true,6,32,12,120
world3_normal_1280,1280,800,1280,800,30,6.029200,0.090100,10.071100,true,6,32,12,120
world3_normal_1280,1280,800,1280,800,31,5.665700,0.072100,10.504000,true,6,32,12,120
world3_normal_1280,1280,800,1280,800,32,5.343600,0.096400,11.084300,true,6,32,12,120
world3_normal_1280,1280,800,1280,800,33,6.226400,0.087300,9.841800,true,6,32,12,120
world3_normal_1280,1280,800,1280,800,34,6.139600,0.065100,9.955800,true,6,32,12,120
world3_normal_1280,1280,800,1280,800,35,5.114600,0.084500,9.680700,true,6,32,12,120
world3_normal_1280,1280,800,1280,800,36,5.967900,0.070700,9.891700,true,6,32,12,120
world3_normal_1280,1280,800,1280,800,37,6.087000,0.093100,9.743800,true,6,32,12,120
world3_normal_1280,1280,800,1280,800,38,6.106100,0.073600,9.797600,true,6,32,12,120
world3_normal_1280,1280,800,1280,800,39,5.909100,0.067100,10.378000,true,6,32,12,120
world3_normal_1280,1280,800,1280,800,40,5.287600,0.091200,9.560200,true,6,32,12,120
world3_normal_1280,1280,800,1280,800,41,5.927500,0.089300,9.734400,true,6,32,12,120
world3_normal_1280,1280,800,1280,800,42,5.944800,0.071400,9.519900,true,6,32,12,120
world3_normal_1280,1280,800,1280,800,43,5.936900,0.082500,9.670400,true,6,32,12,120
world3_normal_1280,1280,800,1280,800,44,6.041400,0.069700,9.987900,true,6,32,12,120
world3_normal_1280,1280,800,1280,800,45,5.248500,0.081700,9.635300,true,6,32,12,120
world3_normal_1280,1280,800,1280,800,46,5.923500,0.087400,9.653300,true,6,32,12,120
world3_normal_1280,1280,800,1280,800,47,6.193000,0.071200,9.528900,true,6,32,12,120
world3_normal_1280,1280,800,1280,800,48,6.048000,0.088000,9.811000,true,6,32,12,120
world3_normal_1280,1280,800,1280,800,49,6.239900,0.062800,9.566800,true,6,32,12,120
world3_normal_1280,1280,800,1280,800,50,5.292800,0.080600,9.627500,true,6,32,12,120
world3_normal_1280,1280,800,1280,800,51,5.809200,0.067200,9.951000,true,6,32,12,120
world3_normal_1280,1280,800,1280,800,52,5.806900,0.084300,9.511000,true,6,32,12,120
world3_normal_1280,1280,800,1280,800,53,5.989000,0.085000,9.658200,true,6,32,12,120
world3_normal_1280,1280,800,1280,800,54,6.033300,0.086100,9.531600,true,6,32,12,120
world3_normal_1280,1280,800,1280,800,55,5.388300,0.074600,10.183900,true,6,32,12,120
world3_normal_1280,1280,800,1280,800,56,6.025000,0.066600,9.605200,true,6,32,12,120
world3_normal_1280,1280,800,1280,800,57,5.130600,0.067800,9.656900,true,6,32,12,120
world3_normal_1280,1280,800,1280,800,58,5.775100,0.086700,10.124400,true,6,32,12,120
world3_normal_1280,1280,800,1280,800,59,5.436800,0.089600,9.643900,true,6,32,12,120
world3_normal_1280,1280,800,1280,800,60,6.105100,0.084700,10.916500,true,6,32,12,120
world3_normal_1280,1280,800,1280,800,61,5.997600,0.075500,9.628500,true,6,32,12,120
world3_normal_1280,1280,800,1280,800,62,5.400400,0.076300,9.643000,true,6,32,12,120
world3_normal_1280,1280,800,1280,800,63,6.043300,0.072400,9.695100,true,6,32,12,120
world3_normal_1280,1280,800,1280,800,64,5.714700,0.084900,9.848600,true,6,32,12,120
world3_normal_1280,1280,800,1280,800,65,5.620000,0.089000,9.851600,true,6,32,13,120
world3_normal_1280,1280,800,1280,800,66,6.095400,0.089700,10.139600,true,6,32,12,120
world3_normal_1280,1280,800,1280,800,67,6.099400,0.066700,9.770400,true,6,32,12,120
world3_normal_1280,1280,800,1280,800,68,6.172600,0.068900,9.866500,true,6,32,12,120
world3_normal_1280,1280,800,1280,800,69,6.040900,0.069100,11.149900,true,6,32,13,120
world3_normal_1280,1280,800,1280,800,70,5.845300,0.072500,9.861100,true,6,32,12,120
world3_normal_1280,1280,800,1280,800,71,5.319300,0.064400,9.727600,true,6,32,12,120
world3_normal_1280,1280,800,1280,800,72,6.360800,0.069500,9.652400,true,6,32,12,120
world3_normal_1280,1280,800,1280,800,73,5.606700,0.077900,9.509800,true,6,32,12,120
world3_normal_1280,1280,800,1280,800,74,6.149300,0.072000,9.962600,true,6,32,12,120
world3_normal_1280,1280,800,1280,800,75,5.302900,0.067800,9.660400,true,6,32,12,120
world3_normal_1280,1280,800,1280,800,76,6.092200,0.075400,10.093000,true,6,32,12,120
world3_normal_1280,1280,800,1280,800,77,5.544600,0.071800,9.813300,true,6,32,12,120
world3_normal_1280,1280,800,1280,800,78,5.318600,0.074500,10.544900,true,6,32,12,120
world3_normal_1280,1280,800,1280,800,79,6.027000,0.087600,9.686500,true,6,32,12,120
world3_normal_1280,1280,800,1280,800,80,5.885200,0.084700,9.634500,true,6,32,12,120
world3_normal_1280,1280,800,1280,800,81,5.364100,0.080500,9.720200,true,6,32,12,120
world3_normal_1280,1280,800,1280,800,82,5.781400,0.071500,10.072000,true,6,32,12,120
world3_normal_1280,1280,800,1280,800,83,5.227000,0.078200,9.782800,true,6,32,12,120
world3_normal_1280,1280,800,1280,800,84,5.397000,0.080000,9.630400,true,6,32,12,120
world3_normal_1280,1280,800,1280,800,85,5.136900,0.070300,10.210000,true,6,32,12,120
world3_normal_1280,1280,800,1280,800,86,5.892200,0.077500,10.068200,true,6,32,12,120
world3_normal_1280,1280,800,1280,800,87,5.190300,0.070500,9.793000,true,6,32,12,120
world3_normal_1280,1280,800,1280,800,88,6.354800,0.088200,9.813100,true,6,32,12,120
world3_normal_1280,1280,800,1280,800,89,5.950100,0.067500,9.762700,true,6,32,12,120
world3_normal_1280,1280,800,1280,800,90,5.275800,0.096100,9.815700,true,6,32,12,120
world3_normal_1280,1280,800,1280,800,91,5.889900,0.071300,9.719300,true,6,32,12,120
world3_normal_1280,1280,800,1280,800,92,5.413000,0.068400,9.722900,true,6,32,12,120
world3_normal_1280,1280,800,1280,800,93,6.058900,0.083300,9.718500,true,6,32,12,120
world3_normal_1280,1280,800,1280,800,94,6.135900,0.068700,9.798500,true,6,32,12,120
world3_normal_1280,1280,800,1280,800,95,5.292600,0.087100,9.709300,true,6,32,12,120
world3_normal_1280,1280,800,1280,800,96,6.098900,0.073900,9.539700,true,6,32,12,120
world3_normal_1280,1280,800,1280,800,97,5.190700,0.075700,10.582800,true,6,32,13,120
world3_normal_1280,1280,800,1280,800,98,6.258500,0.091300,9.818100,true,6,32,12,120
world3_normal_1280,1280,800,1280,800,99,5.174400,0.072600,9.851000,true,6,32,12,120
world3_normal_1280,1280,800,1280,800,100,5.305800,0.071500,9.921600,true,6,32,12,120
world3_normal_1280,1280,800,1280,800,101,5.733300,0.080000,9.934600,true,6,32,12,120
world3_normal_1280,1280,800,1280,800,102,5.294700,0.074400,9.854200,true,6,32,12,120
world3_normal_1280,1280,800,1280,800,103,6.129900,0.072400,9.599800,true,6,32,12,120
world3_normal_1280,1280,800,1280,800,104,5.513900,0.086800,9.952000,true,6,32,12,120
world3_normal_1280,1280,800,1280,800,105,5.955400,0.073600,9.832300,true,6,32,12,120
world3_normal_1280,1280,800,1280,800,106,5.137800,0.097700,9.757600,true,6,32,12,120
world3_normal_1280,1280,800,1280,800,107,5.383800,0.073800,9.953900,true,6,32,12,120
world3_normal_1280,1280,800,1280,800,108,6.174600,0.070700,10.644600,true,6,32,12,120
world3_normal_1280,1280,800,1280,800,109,5.093300,0.072300,9.598400,true,6,32,12,120
world3_normal_1280,1280,800,1280,800,110,5.965200,0.076200,9.782800,true,6,32,12,120
world3_normal_1280,1280,800,1280,800,111,5.267200,0.072700,10.506600,true,6,32,12,120
world3_high_960,960,600,960,600,0,11.267000,0.074400,1.292000,true,37,320,180,1200
world3_high_960,960,600,960,600,1,12.704200,0.068400,1.227700,true,37,320,180,1200
world3_high_960,960,600,960,600,2,12.317800,0.080000,1.539600,true,37,320,180,1200
world3_high_960,960,600,960,600,3,11.398600,0.075000,1.246300,true,37,320,180,1200
world3_high_960,960,600,960,600,4,11.082200,0.070500,1.248600,true,37,320,180,1200
world3_high_960,960,600,960,600,5,12.422500,0.110000,1.302900,true,37,320,180,1200
world3_high_960,960,600,960,600,6,12.364700,0.078500,1.469200,true,37,320,180,1200
world3_high_960,960,600,960,600,7,11.629900,0.079000,1.522000,true,37,320,180,1200
world3_high_960,960,600,960,600,8,12.479600,0.081800,1.405800,true,37,320,180,1200
world3_high_960,960,600,960,600,9,11.862900,0.077900,1.259800,true,37,320,180,1200
world3_high_960,960,600,960,600,10,11.717400,0.073700,1.504300,true,37,320,180,1200
world3_high_960,960,600,960,600,11,11.391500,0.077000,1.825900,true,37,320,180,1200
world3_high_960,960,600,960,600,12,12.696900,0.070800,1.218900,true,37,320,180,1200
world3_high_960,960,600,960,600,13,12.361600,0.067300,1.451800,true,37,320,180,1200
world3_high_960,960,600,960,600,14,11.283500,0.074800,1.698800,true,37,320,180,1200
world3_high_960,960,600,960,600,15,11.517600,0.085100,1.677600,true,37,320,180,1200
world3_high_960,960,600,960,600,16,11.332700,0.101100,1.350600,true,37,320,180,1200
world3_high_960,960,600,960,600,17,11.302100,0.072600,1.228200,true,37,320,180,1200
world3_high_960,960,600,960,600,18,12.435800,0.091800,1.430200,true,37,320,180,1200
world3_high_960,960,600,960,600,19,12.321300,0.089200,1.749400,true,37,320,180,1200
world3_high_960,960,600,960,600,20,11.486800,0.093800,1.463700,true,37,320,180,1200
world3_high_960,960,600,960,600,21,11.699000,0.073700,1.218200,true,37,320,180,1200
world3_high_960,960,600,960,600,22,12.813300,0.075500,1.758300,true,37,320,180,1200
world3_high_960,960,600,960,600,23,11.692700,0.090600,1.658100,true,37,320,180,1200
world3_high_960,960,600,960,600,24,12.350900,0.088200,1.336500,true,37,320,180,1200
world3_high_960,960,600,960,600,25,12.425300,0.071900,1.373400,true,37,320,180,1200
world3_high_960,960,600,960,600,26,12.450300,0.090900,1.349300,true,37,320,180,1200
world3_high_960,960,600,960,600,27,12.492700,0.105100,1.370900,true,37,320,180,1200
world3_high_960,960,600,960,600,28,11.507300,0.070000,1.219400,true,37,320,180,1200
world3_high_960,960,600,960,600,29,12.574600,0.080900,1.398300,true,37,320,180,1200
world3_high_960,960,600,960,600,30,11.614800,0.077700,1.501100,true,37,320,180,1200
world3_high_960,960,600,960,600,31,11.608300,0.077400,1.592600,true,37,320,180,1200
world3_high_960,960,600,960,600,32,11.168200,0.078600,1.328900,true,37,320,180,1200
world3_high_960,960,600,960,600,33,13.204000,0.083100,1.214000,true,37,320,180,1200
world3_high_960,960,600,960,600,34,12.219900,0.078500,1.225600,true,37,320,180,1200
world3_high_960,960,600,960,600,35,11.356000,0.095000,1.542900,true,37,320,180,1200
world3_high_960,960,600,960,600,36,12.045000,0.078500,1.397000,true,37,320,180,1200
world3_high_960,960,600,960,600,37,12.917600,0.070600,1.463600,true,37,320,180,1200
world3_high_960,960,600,960,600,38,11.798200,0.075500,1.387200,true,37,320,180,1200
world3_high_960,960,600,960,600,39,12.250200,0.107400,1.272300,true,37,320,180,1200
world3_high_960,960,600,960,600,40,11.491600,0.086500,1.262500,true,37,320,180,1200
world3_high_960,960,600,960,600,41,12.148100,0.071300,1.334100,true,37,320,180,1200
world3_high_960,960,600,960,600,42,11.755000,0.070500,1.225000,true,37,320,180,1200
world3_high_960,960,600,960,600,43,12.034000,0.072000,1.484300,true,37,320,180,1200
world3_high_960,960,600,960,600,44,11.275400,0.073800,1.730400,true,37,320,180,1200
world3_high_960,960,600,960,600,45,11.396600,0.084400,1.401000,true,37,320,180,1200
world3_high_960,960,600,960,600,46,11.219200,0.071300,1.198200,true,37,320,180,1200
world3_high_960,960,600,960,600,47,11.632800,0.074600,1.385900,true,37,320,180,1200
world3_high_960,960,600,960,600,48,11.881100,0.072600,1.378100,true,37,320,180,1200
world3_high_960,960,600,960,600,49,12.671200,0.067700,1.352900,true,37,320,180,1200
world3_high_960,960,600,960,600,50,13.516100,0.074200,1.264000,true,37,320,180,1200
world3_high_960,960,600,960,600,51,11.416100,0.077300,1.382700,true,37,320,180,1200
world3_high_960,960,600,960,600,52,11.439300,0.072400,1.235200,true,37,320,180,1200
world3_high_960,960,600,960,600,53,11.436900,0.075600,1.537800,true,37,320,180,1200
world3_high_960,960,600,960,600,54,11.480500,0.078600,1.519900,true,37,320,180,1200
world3_high_960,960,600,960,600,55,11.224500,0.079700,1.266800,true,37,320,180,1200
world3_high_960,960,600,960,600,56,11.950000,0.072100,1.365200,true,37,320,180,1200
world3_high_960,960,600,960,600,57,11.296700,0.069000,1.381500,true,37,320,180,1200
world3_high_960,960,600,960,600,58,12.799500,0.072600,1.420600,true,37,320,180,1200
world3_high_960,960,600,960,600,59,12.237000,0.076000,1.410400,true,37,320,180,1200
world3_high_960,960,600,960,600,60,12.144900,0.073900,1.464000,true,37,320,180,1200
world3_high_960,960,600,960,600,61,11.275400,0.077100,1.513000,true,37,320,180,1200
world3_high_960,960,600,960,600,62,11.417700,0.072900,1.673500,true,37,320,180,1200
world3_high_960,960,600,960,600,63,11.304600,0.073900,1.706700,true,37,320,180,1200
world3_high_960,960,600,960,600,64,11.544900,0.093000,1.366100,true,37,320,180,1200
world3_high_960,960,600,960,600,65,11.492800,0.083600,1.439300,true,37,320,180,1200
world3_high_960,960,600,960,600,66,11.194700,0.074100,1.479400,true,37,320,180,1200
world3_high_960,960,600,960,600,67,11.261700,0.071100,1.433800,true,37,320,180,1200
world3_high_960,960,600,960,600,68,11.811500,0.088100,1.359900,true,37,320,180,1200
world3_high_960,960,600,960,600,69,11.691100,0.092100,1.336700,true,37,320,180,1200
world3_high_960,960,600,960,600,70,11.371900,0.072300,1.535200,true,37,320,180,1200
world3_high_960,960,600,960,600,71,12.152600,0.103400,1.381200,true,37,320,180,1200
world3_high_960,960,600,960,600,72,12.204600,0.075300,1.459600,true,37,320,180,1200
world3_high_960,960,600,960,600,73,12.117200,0.079900,1.740100,true,37,320,180,1200
world3_high_960,960,600,960,600,74,11.638200,0.084100,1.439400,true,37,320,180,1200
world3_high_960,960,600,960,600,75,11.384100,0.077500,1.226700,true,37,320,180,1200
world3_high_960,960,600,960,600,76,12.815700,0.132400,1.349200,true,37,320,180,1200
world3_high_960,960,600,960,600,77,13.398400,0.082500,1.393000,true,37,320,180,1200
world3_high_960,960,600,960,600,78,11.266600,0.079200,1.409300,true,37,320,180,1200
world3_high_960,960,600,960,600,79,12.132800,0.073600,1.283000,true,37,320,180,1200
world3_high_960,960,600,960,600,80,11.167000,0.072400,1.385200,true,37,320,180,1200
world3_high_960,960,600,960,600,81,12.407700,0.079200,1.387900,true,37,320,180,1200
world3_high_960,960,600,960,600,82,11.740900,0.068000,1.517700,true,37,320,180,1200
world3_high_960,960,600,960,600,83,12.985000,0.087900,1.244400,true,37,320,180,1200
world3_high_960,960,600,960,600,84,12.735100,0.072700,1.391000,true,37,320,180,1200
world3_high_960,960,600,960,600,85,13.139000,0.093300,1.422000,true,37,320,180,1200
world3_high_960,960,600,960,600,86,11.648100,0.085500,1.417700,true,37,320,180,1200
world3_high_960,960,600,960,600,87,12.234800,0.064600,1.416200,true,37,320,180,1200
world3_high_960,960,600,960,600,88,12.003900,0.075700,1.338800,true,37,320,180,1200
world3_high_960,960,600,960,600,89,12.203900,0.121400,1.460800,true,37,320,180,1200
world3_high_960,960,600,960,600,90,11.345400,0.078700,1.418300,true,37,320,180,1200
world3_high_960,960,600,960,600,91,11.712500,0.074200,1.214100,true,37,320,180,1200
world3_high_960,960,600,960,600,92,11.791300,0.075900,1.341400,true,37,320,180,1200
world3_high_960,960,600,960,600,93,12.259300,0.073400,1.379000,true,37,320,180,1200
world3_high_960,960,600,960,600,94,11.718900,0.090900,1.314900,true,37,320,180,1200
world3_high_960,960,600,960,600,95,11.217500,0.087100,1.436500,true,37,320,180,1200
world3_high_960,960,600,960,600,96,11.341400,0.068700,1.250100,true,37,320,180,1200
world3_high_960,960,600,960,600,97,11.771500,0.110100,1.197900,true,37,320,180,1200
world3_high_960,960,600,960,600,98,12.246900,0.069100,1.653900,true,37,320,180,1200
world3_high_960,960,600,960,600,99,12.138400,0.074600,1.763000,true,37,320,180,1200
world3_high_960,960,600,960,600,100,11.403900,0.076100,1.268000,true,37,320,180,1200
world3_high_960,960,600,960,600,101,11.498900,0.085700,1.249700,true,37,320,180,1200
world3_high_960,960,600,960,600,102,11.486900,0.071800,1.401400,true,37,320,180,1200
world3_high_960,960,600,960,600,103,11.491100,0.071000,1.229600,true,37,320,180,1200
world3_high_960,960,600,960,600,104,11.562800,0.082300,1.822800,true,37,320,180,1200
world3_high_960,960,600,960,600,105,11.390600,0.070400,1.568600,true,37,320,180,1200
world3_high_960,960,600,960,600,106,11.229900,0.098700,1.738900,true,37,320,180,1200
world3_high_960,960,600,960,600,107,11.751400,0.073900,1.304000,true,37,320,180,1200
world3_high_960,960,600,960,600,108,11.733600,0.068100,1.177400,true,37,320,180,1200
world3_high_960,960,600,960,600,109,12.407000,0.071900,1.318300,true,37,320,180,1200
world3_high_960,960,600,960,600,110,11.654700,0.081900,1.477300,true,37,320,180,1200
world3_high_960,960,600,960,600,111,12.269900,0.072100,1.223900,true,37,320,180,1200
world3_high_960,960,600,960,600,112,11.274200,0.069900,1.206900,true,37,320,180,1200
world3_high_960,960,600,960,600,113,13.188700,0.071300,1.295300,true,37,320,180,1200
world3_high_960,960,600,960,600,114,11.800800,0.082800,1.805400,true,37,320,180,1200
world3_high_960,960,600,960,600,115,11.288400,0.104500,1.420400,true,37,320,180,1200
world3_high_960,960,600,960,600,116,11.296800,0.077100,1.391200,true,37,320,180,1200
world3_high_960,960,600,960,600,117,11.508800,0.102400,1.438000,true,37,320,180,1200
world3_high_960,960,600,960,600,118,11.774800,0.078300,1.365500,true,37,320,180,1200
world3_high_960,960,600,960,600,119,12.158200,0.080600,1.461100,true,37,320,180,1200
world3_high_960,960,600,960,600,120,11.466100,0.081400,1.453100,true,37,320,180,1200
world3_high_960,960,600,960,600,121,11.499200,0.078100,1.425400,true,37,320,180,1200
world3_high_960,960,600,960,600,122,12.359000,0.074000,1.420300,true,37,320,180,1200
world3_high_960,960,600,960,600,123,11.355100,0.068700,1.421400,true,37,320,180,1200
world3_high_960,960,600,960,600,124,11.373300,0.082100,1.236000,true,37,320,180,1200
world3_high_960,960,600,960,600,125,12.460300,0.064600,1.403500,true,37,320,180,1200
world3_high_960,960,600,960,600,126,11.835400,0.079300,1.273100,true,37,320,180,1200
world3_high_960,960,600,960,600,127,12.365800,0.081500,1.227100,true,37,320,180,1200
world3_high_960,960,600,960,600,128,12.158200,0.065000,1.370200,true,37,320,180,1200
world3_high_960,960,600,960,600,129,11.652900,0.066300,1.481200,true,37,320,180,1200
world3_high_960,960,600,960,600,130,12.064500,0.077700,1.413000,true,37,320,180,1200
world3_high_600,600,400,600,375,0,11.386400,0.071100,2.492200,true,37,320,180,1200
world3_high_600,600,400,600,375,1,11.928800,0.078100,2.195200,true,37,320,180,1200
world3_high_600,600,400,600,375,2,11.396600,0.071800,2.170800,true,37,320,180,1200
world3_high_600,600,400,600,375,3,11.822900,0.075600,2.714700,true,37,320,180,1200
world3_high_600,600,400,600,375,4,11.231000,0.081900,2.525600,true,37,320,180,1200
world3_high_600,600,400,600,375,5,12.689800,0.090600,2.343600,true,37,320,180,1200
world3_high_600,600,400,600,375,6,11.270900,0.097400,2.372800,true,37,320,180,1200
world3_high_600,600,400,600,375,7,11.509100,0.074200,2.355100,true,37,320,180,1200
world3_high_600,600,400,600,375,8,11.902200,0.076500,2.979100,true,37,320,180,1200
world3_high_600,600,400,600,375,9,12.472800,0.087800,2.336500,true,37,320,180,1200
world3_high_600,600,400,600,375,10,12.095100,0.090500,2.664700,true,37,320,180,1200
world3_high_600,600,400,600,375,11,11.271100,0.077600,2.334400,true,37,320,180,1200
world3_high_600,600,400,600,375,12,11.633900,0.073300,2.216600,true,37,320,180,1200
world3_high_600,600,400,600,375,13,11.180700,0.090300,3.079800,true,37,320,180,1200
world3_high_600,600,400,600,375,14,11.165700,0.085100,2.431100,true,37,320,180,1200
world3_high_600,600,400,600,375,15,11.017700,0.091200,2.146600,true,37,320,180,1200
world3_high_600,600,400,600,375,16,12.760600,0.071400,2.890200,true,37,320,180,1200
world3_high_600,600,400,600,375,17,11.268600,0.085700,2.410300,true,37,320,180,1200
world3_high_600,600,400,600,375,18,11.485600,0.072000,2.595900,true,37,320,180,1200
world3_high_600,600,400,600,375,19,11.391100,0.081900,2.534800,true,37,320,180,1200
world3_high_600,600,400,600,375,20,12.713500,0.070200,2.421900,true,37,320,180,1200
world3_high_600,600,400,600,375,21,12.407700,0.070500,2.836800,true,37,320,180,1200
world3_high_600,600,400,600,375,22,14.469100,0.058600,2.231300,true,37,320,180,1200
world3_high_600,600,400,600,375,23,12.749000,0.071900,2.391100,true,37,320,180,1200
world3_high_600,600,400,600,375,24,12.165900,0.070400,2.366700,true,37,320,180,1200
world3_high_600,600,400,600,375,25,11.364600,0.082800,2.279400,true,37,320,180,1200
world3_high_600,600,400,600,375,26,12.213500,0.065600,2.186400,true,37,320,180,1200
world3_high_600,600,400,600,375,27,11.251800,0.077800,2.451000,true,37,320,180,1200
world3_high_600,600,400,600,375,28,11.645800,0.074700,2.380600,true,37,320,180,1200
world3_high_600,600,400,600,375,29,11.831900,0.078500,2.350800,true,37,320,180,1200
world3_high_600,600,400,600,375,30,12.468900,0.093700,2.364100,true,37,320,180,1200
world3_high_600,600,400,600,375,31,11.673300,0.075400,2.324800,true,37,320,180,1200
world3_high_600,600,400,600,375,32,11.549700,0.073000,2.188700,true,37,320,180,1200
world3_high_600,600,400,600,375,33,11.459900,0.083500,2.279500,true,37,320,180,1200
world3_high_600,600,400,600,375,34,11.327000,0.087100,2.569900,true,37,320,180,1200
world3_high_600,600,400,600,375,35,11.102900,0.098100,2.444400,true,37,320,180,1200
world3_high_600,600,400,600,375,36,11.280100,0.073900,2.207500,true,37,320,180,1200
world3_high_600,600,400,600,375,37,11.499100,0.085800,2.571600,true,37,320,180,1200
world3_high_600,600,400,600,375,38,11.586200,0.073100,2.247100,true,37,320,180,1200
world3_high_600,600,400,600,375,39,12.085000,0.073700,2.320000,true,37,320,180,1200
world3_high_600,600,400,600,375,40,12.434900,0.071600,2.346100,true,37,320,180,1200
world3_high_600,600,400,600,375,41,11.293200,0.072500,2.630800,true,37,320,180,1200
world3_high_600,600,400,600,375,42,11.254800,0.073800,2.762700,true,37,320,180,1200
world3_high_600,600,400,600,375,43,12.280400,0.074100,2.397300,true,37,320,180,1200
world3_high_600,600,400,600,375,44,11.619100,0.069900,2.202500,true,37,320,180,1200
world3_high_600,600,400,600,375,45,11.360700,0.073300,2.810500,true,37,320,180,1200
world3_high_600,600,400,600,375,46,11.560800,0.075600,2.330500,true,37,320,180,1200
world3_high_600,600,400,600,375,47,11.578200,0.075600,2.172300,true,37,320,180,1200
world3_high_600,600,400,600,375,48,11.314100,0.083100,2.386800,true,37,320,180,1200
world3_high_600,600,400,600,375,49,12.397700,0.084500,2.212700,true,37,320,180,1200
world3_high_600,600,400,600,375,50,11.809100,0.086700,2.397700,true,37,320,180,1200
world3_high_600,600,400,600,375,51,11.630700,0.073200,2.579900,true,37,320,180,1200
world3_high_600,600,400,600,375,52,13.134700,0.072900,2.220000,true,37,320,180,1200
world3_high_600,600,400,600,375,53,11.423300,0.070400,2.831600,true,37,320,180,1200
world3_high_600,600,400,600,375,54,12.353800,0.098900,2.359400,true,37,320,180,1200
world3_high_600,600,400,600,375,55,11.531700,0.072500,2.606300,true,37,320,180,1200
world3_high_600,600,400,600,375,56,12.252200,0.096700,2.358900,true,37,320,180,1200
world3_high_600,600,400,600,375,57,11.291100,0.079800,2.594600,true,37,320,180,1200
world3_high_600,600,400,600,375,58,11.538200,0.077000,2.541100,true,37,320,180,1200
world3_high_600,600,400,600,375,59,12.351400,0.069100,2.175500,true,37,320,180,1200
world3_high_600,600,400,600,375,60,12.816700,0.069500,2.233400,true,37,320,180,1200
world3_high_600,600,400,600,375,61,11.747100,0.088700,2.316700,true,37,320,180,1200
world3_high_600,600,400,600,375,62,11.283300,0.072400,2.460400,true,37,320,180,1200
world3_high_600,600,400,600,375,63,12.168600,0.094700,2.405500,true,37,320,180,1200
world3_high_600,600,400,600,375,64,11.272500,0.081900,2.384100,true,37,320,180,1200
world3_high_600,600,400,600,375,65,11.991500,0.073900,2.224200,true,37,320,180,1200
world3_high_600,600,400,600,375,66,11.350100,0.086000,2.500600,true,37,320,180,1200
world3_high_600,600,400,600,375,67,11.711100,0.082900,2.444400,true,37,320,180,1200
world3_high_600,600,400,600,375,68,11.751900,0.089900,2.259000,true,37,320,180,1200
world3_high_600,600,400,600,375,69,12.509300,0.078600,2.776100,true,37,320,180,1200
world3_high_600,600,400,600,375,70,11.314800,0.076700,2.175600,true,37,320,180,1200
world3_high_600,600,400,600,375,71,11.957200,0.073300,2.151100,true,37,320,180,1200
world3_high_600,600,400,600,375,72,12.047700,0.078400,2.555700,true,37,320,180,1200
world3_high_600,600,400,600,375,73,11.635100,0.074900,2.429600,true,37,320,180,1200
world3_high_600,600,400,600,375,74,12.755800,0.089600,2.380100,true,37,320,180,1200
world3_high_600,600,400,600,375,75,11.216800,0.099200,2.453000,true,37,320,180,1200
world3_high_600,600,400,600,375,76,12.788400,0.092600,2.355600,true,37,320,180,1200
world3_high_600,600,400,600,375,77,11.918700,0.076700,2.291800,true,37,320,180,1200
world3_high_600,600,400,600,375,78,12.485000,0.084500,2.470600,true,37,320,180,1200
world3_high_600,600,400,600,375,79,12.211400,0.081200,2.556700,true,37,320,180,1200
world3_high_600,600,400,600,375,80,11.172100,0.077800,2.328500,true,37,320,180,1200
world3_high_600,600,400,600,375,81,12.531800,0.073200,2.177900,true,37,320,180,1200
world3_high_600,600,400,600,375,82,11.209700,0.084100,2.470700,true,37,320,180,1200
world3_high_600,600,400,600,375,83,11.091400,0.082200,2.133600,true,37,320,180,1200
world3_high_600,600,400,600,375,84,12.596200,0.092800,2.322600,true,37,320,180,1200
world3_high_600,600,400,600,375,85,11.163400,0.081400,2.453600,true,37,320,180,1200
world3_high_600,600,400,600,375,86,11.482600,0.087600,2.566700,true,37,320,180,1200
world3_high_600,600,400,600,375,87,12.604600,0.086100,2.331100,true,37,320,180,1200
world3_high_600,600,400,600,375,88,11.204000,0.082700,2.384500,true,37,320,180,1200
world3_high_600,600,400,600,375,89,12.630800,0.067600,2.409200,true,37,320,180,1200
world3_high_600,600,400,600,375,90,11.202000,0.087100,2.867400,true,37,320,180,1200
world3_high_600,600,400,600,375,91,12.989000,0.083000,2.229500,true,37,320,180,1200
world3_high_600,600,400,600,375,92,11.763900,0.106100,2.383000,true,37,320,180,1200
world3_high_600,600,400,600,375,93,11.745700,0.079400,2.317400,true,37,320,180,1200
world3_high_600,600,400,600,375,94,12.191400,0.069600,2.215500,true,37,320,180,1200
world3_high_600,600,400,600,375,95,11.329300,0.078600,2.523300,true,37,320,180,1200
world3_high_600,600,400,600,375,96,12.514000,0.073900,2.470600,true,37,320,180,1200
world3_high_600,600,400,600,375,97,12.740400,0.073500,2.342500,true,37,320,180,1200
world3_high_600,600,400,600,375,98,11.770000,0.076000,2.203600,true,37,320,180,1200
world3_high_600,600,400,600,375,99,11.392900,0.071700,2.777700,true,37,320,180,1200
world3_high_600,600,400,600,375,100,11.305000,0.082200,2.876000,true,37,320,180,1200
world3_high_600,600,400,600,375,101,12.648400,0.071200,2.828900,true,37,320,180,1200
world3_high_600,600,400,600,375,102,11.343200,0.088000,2.938800,true,37,320,180,1200
world3_high_600,600,400,600,375,103,12.351900,0.066000,2.174500,true,37,320,180,1200
world3_high_600,600,400,600,375,104,12.741100,0.088100,2.410400,true,37,320,180,1200
world3_high_600,600,400,600,375,105,13.030600,0.069800,2.609600,true,37,320,180,1200
world3_high_600,600,400,600,375,106,12.642300,0.076300,2.283800,true,37,320,180,1200
world3_high_600,600,400,600,375,107,12.007300,0.073400,2.180800,true,37,320,180,1200
world3_high_600,600,400,600,375,108,11.592100,0.072600,2.821000,true,37,320,180,1200
world3_high_600,600,400,600,375,109,11.601300,0.076100,2.184700,true,37,320,180,1200
world3_high_600,600,400,600,375,110,12.905600,0.075500,2.664000,true,37,320,180,1200
world3_high_600,600,400,600,375,111,11.462800,0.094000,2.436400,true,37,320,180,1200
world3_high_600,600,400,600,375,112,11.369700,0.072400,2.219300,true,37,320,180,1200
world3_high_600,600,400,600,375,113,12.486500,0.083200,2.406800,true,37,320,180,1200
world3_high_600,600,400,600,375,114,12.092800,0.088500,2.357500,true,37,320,180,1200
world3_high_600,600,400,600,375,115,12.105100,0.091500,2.707700,true,37,320,180,1200
world3_high_600,600,400,600,375,116,11.267000,0.084600,2.224100,true,37,320,180,1200
world3_high_600,600,400,600,375,117,12.311000,0.071400,2.842600,true,37,320,180,1200
world3_high_600,600,400,600,375,118,12.509400,0.072100,2.372000,true,37,320,180,1200
world3_high_600,600,400,600,375,119,12.770800,0.084900,2.558500,true,37,320,180,1200
world3_high_600,600,400,600,375,120,12.544700,0.104500,2.261900,true,37,320,180,1200
world3_high_1280,1280,800,1280,800,0,11.840800,0.073400,9.647400,true,37,320,180,1200
world3_high_1280,1280,800,1280,800,1,11.694400,0.076600,9.841400,true,37,320,180,1200
world3_high_1280,1280,800,1280,800,2,10.487700,0.075400,9.825100,true,37,320,180,1200
world3_high_1280,1280,800,1280,800,3,10.391700,0.079500,9.876700,true,37,320,180,1200
world3_high_1280,1280,800,1280,800,4,11.365400,0.071900,9.742100,true,37,320,180,1200
world3_high_1280,1280,800,1280,800,5,10.660000,0.094300,9.755500,true,37,320,180,1200
world3_high_1280,1280,800,1280,800,6,11.844400,0.087800,9.711200,true,37,320,180,1200
world3_high_1280,1280,800,1280,800,7,11.097700,0.071300,9.571600,true,37,320,180,1200
world3_high_1280,1280,800,1280,800,8,10.999000,0.074000,9.865300,true,37,320,180,1200
world3_high_1280,1280,800,1280,800,9,10.363100,0.081800,9.804000,true,37,320,180,1200
world3_high_1280,1280,800,1280,800,10,11.024000,0.066500,10.004400,true,37,320,180,1200
world3_high_1280,1280,800,1280,800,11,10.570900,0.079200,10.021600,true,37,320,180,1200
world3_high_1280,1280,800,1280,800,12,10.980000,0.074900,9.720100,true,37,320,180,1200
world3_high_1280,1280,800,1280,800,13,12.199400,0.072000,9.942600,true,37,320,180,1200
world3_high_1280,1280,800,1280,800,14,10.655600,0.074300,9.782700,true,37,320,180,1200
world3_high_1280,1280,800,1280,800,15,10.827400,0.076700,10.137800,true,37,320,180,1200
world3_high_1280,1280,800,1280,800,16,11.147700,0.072900,9.613200,true,37,320,180,1200
world3_high_1280,1280,800,1280,800,17,12.176000,0.087700,9.850800,true,37,320,180,1200
world3_high_1280,1280,800,1280,800,18,11.869700,0.070400,9.922800,true,37,320,180,1200
world3_high_1280,1280,800,1280,800,19,10.826200,0.078600,9.599900,true,37,320,180,1200
world3_high_1280,1280,800,1280,800,20,12.043700,0.069900,10.358200,true,37,320,180,1200
world3_high_1280,1280,800,1280,800,21,11.050900,0.079300,10.050100,true,37,320,180,1200
world3_high_1280,1280,800,1280,800,22,12.302700,0.089500,9.950800,true,37,320,180,1200
world3_high_1280,1280,800,1280,800,23,11.586700,0.143100,9.704300,true,37,320,180,1200
world3_high_1280,1280,800,1280,800,24,11.065900,0.084400,9.774900,true,37,320,180,1200
world3_high_1280,1280,800,1280,800,25,11.946400,0.068700,9.550500,true,37,320,180,1200
world3_high_1280,1280,800,1280,800,26,12.866300,0.077500,10.413400,true,37,320,180,1200
world3_high_1280,1280,800,1280,800,27,11.138700,0.072600,9.845300,true,37,320,180,1200
world3_high_1280,1280,800,1280,800,28,11.302000,0.074900,9.615900,true,37,320,180,1200
world3_high_1280,1280,800,1280,800,29,11.368500,0.086000,10.139800,true,37,320,180,1200
world3_high_1280,1280,800,1280,800,30,12.193400,0.075800,10.042400,true,37,320,180,1200
world3_high_1280,1280,800,1280,800,31,11.355100,0.085300,10.021100,true,37,320,180,1200
world3_high_1280,1280,800,1280,800,32,11.225900,0.071100,9.863300,true,37,320,180,1200
world3_high_1280,1280,800,1280,800,33,12.145600,0.070100,10.346600,true,37,320,180,1200
world3_high_1280,1280,800,1280,800,34,11.394900,0.078800,9.577000,true,37,320,180,1200
world3_high_1280,1280,800,1280,800,35,11.945300,0.076300,9.935800,true,37,320,180,1200
world3_high_1280,1280,800,1280,800,36,11.609900,0.072100,9.755500,true,37,320,180,1200
world3_high_1280,1280,800,1280,800,37,11.851600,0.091100,9.932100,true,37,320,180,1200
world3_high_1280,1280,800,1280,800,38,12.298100,0.072400,10.278200,true,37,320,180,1200
world3_high_1280,1280,800,1280,800,39,11.206200,0.072500,9.554100,true,37,320,180,1200
world3_high_1280,1280,800,1280,800,40,11.922000,0.089800,9.763600,true,37,320,180,1200
world3_high_1280,1280,800,1280,800,41,11.124200,0.073100,9.703600,true,37,320,180,1200
world3_high_1280,1280,800,1280,800,42,12.132700,0.075600,9.747800,true,37,320,180,1200
world3_high_1280,1280,800,1280,800,43,11.559400,0.085200,9.739800,true,37,320,180,1200
world3_high_1280,1280,800,1280,800,44,11.212600,0.074100,9.784500,true,37,320,180,1200
world3_high_1280,1280,800,1280,800,45,11.976000,0.069600,9.703500,true,37,320,180,1200
world3_high_1280,1280,800,1280,800,46,13.390500,0.068300,10.272900,true,37,320,180,1200
world3_high_1280,1280,800,1280,800,47,11.616200,0.073300,9.675300,true,37,320,180,1200
world3_high_1280,1280,800,1280,800,48,12.277000,0.130300,10.436100,true,37,320,180,1200
world3_high_1280,1280,800,1280,800,49,11.325200,0.068100,9.539000,true,37,320,180,1200
world3_high_1280,1280,800,1280,800,50,11.425500,0.088800,10.460300,true,37,320,180,1200
world3_high_1280,1280,800,1280,800,51,11.823000,0.074400,10.207200,true,37,320,180,1200
world3_high_1280,1280,800,1280,800,52,12.433700,0.075300,9.646300,true,37,320,180,1200
world3_high_1280,1280,800,1280,800,53,12.117200,0.091500,9.730200,true,37,320,180,1200
world3_high_1280,1280,800,1280,800,54,12.539200,0.077000,9.788400,true,37,320,180,1200
world3_high_1280,1280,800,1280,800,55,12.405900,0.082300,9.651400,true,37,320,180,1200
world3_high_1280,1280,800,1280,800,56,12.454100,0.076800,9.888400,true,37,320,180,1200
world3_high_1280,1280,800,1280,800,57,11.807200,0.092400,9.906200,true,37,320,180,1200
world3_high_1280,1280,800,1280,800,58,11.656600,0.070300,9.828800,true,37,320,180,1200
world3_high_1280,1280,800,1280,800,59,11.216400,0.069700,9.838100,true,37,320,180,1200
world3_high_1280,1280,800,1280,800,60,11.536000,0.071200,9.933800,true,37,320,180,1200
world3_high_1280,1280,800,1280,800,61,13.055900,0.070600,9.794300,true,37,320,180,1200
world3_high_1280,1280,800,1280,800,62,11.767200,0.075100,10.971800,true,37,320,180,1200
world3_high_1280,1280,800,1280,800,63,12.474500,0.090700,9.882000,true,37,320,180,1200
world3_high_1280,1280,800,1280,800,64,11.535600,0.074600,9.833500,true,37,320,180,1200
world3_high_1280,1280,800,1280,800,65,11.554700,0.072200,9.992800,true,37,320,180,1200
world3_high_1280,1280,800,1280,800,66,12.388600,0.081000,10.021400,true,37,320,180,1200
world3_high_1280,1280,800,1280,800,67,11.540400,0.094600,9.731800,true,37,320,180,1200
world3_high_1280,1280,800,1280,800,68,12.794300,0.105300,10.557400,true,37,320,180,1200
world3_high_1280,1280,800,1280,800,69,12.146600,0.075100,9.888500,true,37,320,180,1200
world3_high_1280,1280,800,1280,800,70,11.970600,0.069900,10.161500,true,37,320,180,1200
world3_high_1280,1280,800,1280,800,71,11.219000,0.086000,9.767700,true,37,320,180,1200
world3_high_1280,1280,800,1280,800,72,12.532700,0.073200,10.349800,true,37,320,180,1200
world3_high_1280,1280,800,1280,800,73,11.596000,0.088000,9.743100,true,37,320,180,1200
world3_high_1280,1280,800,1280,800,74,12.093400,0.090300,9.787200,true,37,320,180,1200
world3_high_1280,1280,800,1280,800,75,12.100500,0.071300,10.570100,true,37,320,180,1200
world3_high_1280,1280,800,1280,800,76,11.185400,0.072100,9.817000,true,37,320,180,1200
world3_high_1280,1280,800,1280,800,77,12.737700,0.091900,9.902200,true,37,320,180,1200
world3_high_1280,1280,800,1280,800,78,11.358500,0.076200,9.769100,true,37,320,180,1200
world3_high_1280,1280,800,1280,800,79,11.145400,0.077600,9.863700,true,37,320,180,1200
world3_high_1280,1280,800,1280,800,80,12.756000,0.077600,10.072400,true,37,320,180,1200
world4_normal_960,960,600,960,600,0,6.089100,0.070800,1.519900,true,6,32,12,120
world4_normal_960,960,600,960,600,1,6.475400,0.080000,1.355400,true,6,32,12,120
world4_normal_960,960,600,960,600,2,5.902200,0.081600,1.481100,true,6,32,12,120
world4_normal_960,960,600,960,600,3,6.196400,0.074600,1.355500,true,6,32,12,120
world4_normal_960,960,600,960,600,4,6.040200,0.077800,1.664500,true,6,32,12,120
world4_normal_960,960,600,960,600,5,6.149100,0.106200,1.955700,true,6,32,12,120
world4_normal_960,960,600,960,600,6,5.891800,0.075500,1.388000,true,6,32,12,120
world4_normal_960,960,600,960,600,7,5.966700,0.069000,1.380300,true,6,32,12,120
world4_normal_960,960,600,960,600,8,6.247100,0.083100,1.380700,true,6,32,12,120
world4_normal_960,960,600,960,600,9,6.242600,0.120900,1.342300,true,6,32,12,120
world4_normal_960,960,600,960,600,10,6.140500,0.077300,1.475300,true,6,32,12,120
world4_normal_960,960,600,960,600,11,6.417200,0.072800,1.452100,true,6,32,12,120
world4_normal_960,960,600,960,600,12,6.018000,0.072400,1.371400,true,6,32,12,120
world4_normal_960,960,600,960,600,13,5.857400,0.070300,1.521500,true,6,32,12,120
world4_normal_960,960,600,960,600,14,5.841700,0.081100,1.318400,true,6,32,13,120
world4_normal_960,960,600,960,600,15,5.949700,0.077800,1.624600,true,6,32,12,120
world4_normal_960,960,600,960,600,16,6.160700,0.086500,1.385900,true,6,32,12,120
world4_normal_960,960,600,960,600,17,6.839100,0.077800,1.450700,true,6,32,12,120
world4_normal_960,960,600,960,600,18,6.462600,0.083700,1.482600,true,6,32,13,120
world4_normal_960,960,600,960,600,19,6.168800,0.085100,1.525200,true,6,32,12,120
world4_normal_960,960,600,960,600,20,6.139200,0.082900,1.477300,true,6,32,12,120
world4_normal_960,960,600,960,600,21,6.080900,0.078200,1.394100,true,6,32,12,120
world4_normal_960,960,600,960,600,22,6.522900,0.072200,1.484300,true,6,32,12,120
world4_normal_960,960,600,960,600,23,6.937000,0.073900,1.351000,true,6,32,12,120
world4_normal_960,960,600,960,600,24,6.208100,0.077500,1.390700,true,6,32,12,120
world4_normal_960,960,600,960,600,25,6.422600,0.091100,1.456300,true,6,32,12,120
world4_normal_960,960,600,960,600,26,7.157600,0.067600,1.334300,true,6,32,12,120
world4_normal_960,960,600,960,600,27,6.491300,0.064100,1.317300,true,6,32,12,120
world4_normal_960,960,600,960,600,28,6.375600,0.081200,1.583200,true,6,32,12,120
world4_normal_960,960,600,960,600,29,6.148600,0.129400,1.326800,true,6,32,12,120
world4_normal_960,960,600,960,600,30,5.874000,0.073300,1.304100,true,6,32,12,120
world4_normal_960,960,600,960,600,31,6.131300,0.080900,1.339600,true,6,32,12,120
world4_normal_960,960,600,960,600,32,5.857500,0.080300,1.585100,true,6,32,12,120
world4_normal_960,960,600,960,600,33,6.779300,0.072900,1.332200,true,6,32,12,120
world4_normal_960,960,600,960,600,34,6.423300,0.068700,1.448400,true,6,32,12,120
world4_normal_960,960,600,960,600,35,6.162100,0.067400,1.448000,true,6,32,12,120
world4_normal_960,960,600,960,600,36,6.528900,0.118500,1.846800,true,6,32,12,120
world4_normal_960,960,600,960,600,37,6.740500,0.075000,1.522400,true,6,32,12,120
world4_normal_960,960,600,960,600,38,6.693600,0.085700,1.519500,true,6,32,12,120
world4_normal_960,960,600,960,600,39,6.925300,0.077500,1.525500,true,6,32,12,120
world4_normal_960,960,600,960,600,40,6.413500,0.079700,1.508400,true,6,32,12,120
world4_normal_960,960,600,960,600,41,6.395300,0.097000,1.552700,true,6,32,12,120
world4_normal_960,960,600,960,600,42,7.225700,0.073900,1.413600,true,6,32,12,120
world4_normal_960,960,600,960,600,43,6.776400,0.093700,1.600400,true,6,32,12,120
world4_normal_960,960,600,960,600,44,6.674500,0.093700,1.337700,true,6,32,12,120
world4_normal_960,960,600,960,600,45,6.362700,0.090300,1.457900,true,6,32,12,120
world4_normal_960,960,600,960,600,46,6.142100,0.079800,1.610700,true,6,32,13,120
world4_normal_960,960,600,960,600,47,6.392000,0.090800,1.470400,true,6,32,12,120
world4_normal_960,960,600,960,600,48,5.997600,0.083600,1.647600,true,6,32,12,120
world4_normal_960,960,600,960,600,49,6.405600,0.077700,1.544000,true,6,32,12,120
world4_normal_960,960,600,960,600,50,6.738100,0.087400,1.483700,true,6,32,12,120
world4_normal_960,960,600,960,600,51,6.405600,0.074600,1.285800,true,6,32,12,120
world4_normal_960,960,600,960,600,52,6.120900,0.083900,1.596900,true,6,32,12,120
world4_normal_960,960,600,960,600,53,7.026500,0.095800,1.359300,true,6,32,12,120
world4_normal_960,960,600,960,600,54,6.216300,0.084600,1.457000,true,6,32,12,120
world4_normal_960,960,600,960,600,55,6.491900,0.076400,1.482100,true,6,32,12,120
world4_normal_960,960,600,960,600,56,5.964700,0.092500,1.419500,true,6,32,12,120
world4_normal_960,960,600,960,600,57,6.117200,0.080700,1.604600,true,6,32,12,120
world4_normal_960,960,600,960,600,58,5.588800,0.089700,1.556000,true,6,32,12,120
world4_normal_960,960,600,960,600,59,6.753400,0.109400,1.371000,true,6,32,12,120
world4_normal_960,960,600,960,600,60,6.373700,0.074800,1.324900,true,6,32,12,120
world4_normal_960,960,600,960,600,61,6.087600,0.065000,1.276900,true,6,32,12,120
world4_normal_960,960,600,960,600,62,6.000200,0.068300,1.526500,true,6,32,12,120
world4_normal_960,960,600,960,600,63,6.112900,0.081600,1.385600,true,6,32,12,120
world4_normal_960,960,600,960,600,64,5.689200,0.078100,1.486600,true,6,32,12,120
world4_normal_960,960,600,960,600,65,6.499300,0.076600,1.465700,true,6,32,12,120
world4_normal_960,960,600,960,600,66,6.116200,0.068800,1.576800,true,6,32,12,120
world4_normal_960,960,600,960,600,67,5.973500,0.085800,1.422900,true,6,32,12,120
world4_normal_960,960,600,960,600,68,6.346200,0.073000,1.416900,true,6,32,12,120
world4_normal_960,960,600,960,600,69,6.440200,0.074800,1.416700,true,6,32,12,120
world4_normal_960,960,600,960,600,70,6.218500,0.077700,1.524500,true,6,32,12,120
world4_normal_960,960,600,960,600,71,6.119100,0.067700,1.279200,true,6,32,12,120
world4_normal_960,960,600,960,600,72,6.029300,0.072000,1.477700,true,6,32,12,120
world4_normal_960,960,600,960,600,73,5.947500,0.074700,1.335500,true,6,32,12,120
world4_normal_960,960,600,960,600,74,6.003900,0.081700,1.678000,true,6,32,12,120
world4_normal_960,960,600,960,600,75,6.122400,0.078900,1.435300,true,6,32,12,120
world4_normal_960,960,600,960,600,76,5.706900,0.078000,1.416100,true,6,32,12,120
world4_normal_960,960,600,960,600,77,6.314400,0.071200,1.478200,true,6,32,12,120
world4_normal_960,960,600,960,600,78,5.894600,0.085700,1.446500,true,6,32,12,120
world4_normal_960,960,600,960,600,79,5.920100,0.074600,1.280300,true,6,32,12,120
world4_normal_960,960,600,960,600,80,5.633600,0.075200,1.323700,true,6,32,12,120
world4_normal_960,960,600,960,600,81,6.039100,0.077100,1.367700,true,6,32,12,120
world4_normal_960,960,600,960,600,82,6.193700,0.077200,1.529800,true,6,32,12,120
world4_normal_960,960,600,960,600,83,5.749800,0.072600,1.305400,true,6,32,12,120
world4_normal_960,960,600,960,600,84,5.494700,0.072700,1.407800,true,6,32,12,120
world4_normal_960,960,600,960,600,85,6.227600,0.074000,1.343200,true,6,32,12,120
world4_normal_960,960,600,960,600,86,5.826100,0.077700,1.761300,true,6,32,12,120
world4_normal_960,960,600,960,600,87,7.126600,0.099100,1.596500,true,6,32,12,120
world4_normal_960,960,600,960,600,88,6.095400,0.074300,1.429600,true,6,32,12,120
world4_normal_960,960,600,960,600,89,5.746900,0.073700,1.420000,true,6,32,12,120
world4_normal_960,960,600,960,600,90,6.473600,0.089200,2.124000,true,6,32,12,120
world4_normal_960,960,600,960,600,91,6.076000,0.067900,1.477800,true,6,32,12,120
world4_normal_960,960,600,960,600,92,6.033100,0.076900,1.366900,true,6,32,12,120
world4_normal_960,960,600,960,600,93,6.246700,0.097500,1.651600,true,6,32,12,120
world4_normal_960,960,600,960,600,94,5.786600,0.077200,1.291000,true,6,32,12,120
world4_normal_960,960,600,960,600,95,6.196200,0.076200,1.417700,true,6,32,12,120
world4_normal_960,960,600,960,600,96,6.261900,0.071900,1.469100,true,6,32,12,120
world4_normal_960,960,600,960,600,97,6.282200,0.098000,1.459900,true,6,32,12,120
world4_normal_960,960,600,960,600,98,6.338000,0.082900,1.689400,true,6,32,12,120
world4_normal_960,960,600,960,600,99,6.003000,0.086600,1.658900,true,6,32,12,120
world4_normal_960,960,600,960,600,100,6.037300,0.097900,1.478600,true,6,32,12,120
world4_normal_960,960,600,960,600,101,7.089800,0.074400,1.292900,true,6,32,12,120
world4_normal_960,960,600,960,600,102,6.411800,0.086100,1.562500,true,6,32,12,120
world4_normal_960,960,600,960,600,103,6.394100,0.088900,1.533600,true,6,32,12,120
world4_normal_960,960,600,960,600,104,5.852500,0.074800,1.414300,true,6,32,12,120
world4_normal_960,960,600,960,600,105,6.216800,0.077200,1.399800,true,6,32,12,120
world4_normal_960,960,600,960,600,106,6.062100,0.080500,1.838700,true,6,32,12,120
world4_normal_960,960,600,960,600,107,6.424300,0.076900,1.336000,true,6,32,12,120
world4_normal_960,960,600,960,600,108,6.769100,0.089300,1.317900,true,6,32,12,120
world4_normal_960,960,600,960,600,109,6.085600,0.076400,1.611200,true,6,32,12,120
world4_normal_960,960,600,960,600,110,6.317200,0.085300,1.479400,true,6,32,12,120
world4_normal_960,960,600,960,600,111,6.270700,0.082300,1.473700,true,6,32,12,120
world4_normal_960,960,600,960,600,112,6.214600,0.066100,1.272200,true,6,32,12,120
world4_normal_960,960,600,960,600,113,6.588900,0.089000,1.592700,true,6,32,12,120
world4_normal_960,960,600,960,600,114,6.197600,0.087100,1.419100,true,6,32,12,120
world4_normal_960,960,600,960,600,115,5.816900,0.070900,1.305500,true,6,32,12,120
world4_normal_960,960,600,960,600,116,5.674500,0.077400,1.454000,true,6,32,12,120
world4_normal_960,960,600,960,600,117,6.108000,0.077500,1.350200,true,6,32,12,120
world4_normal_960,960,600,960,600,118,5.827100,0.082300,1.540400,true,6,32,12,120
world4_normal_960,960,600,960,600,119,6.014600,0.080700,1.340300,true,6,32,12,120
world4_normal_960,960,600,960,600,120,5.880900,0.088500,1.456500,true,6,32,12,120
world4_normal_960,960,600,960,600,121,6.265200,0.091100,1.482100,true,6,32,12,120
world4_normal_960,960,600,960,600,122,5.442300,0.073500,1.329000,true,6,32,12,120
world4_normal_960,960,600,960,600,123,6.784300,0.078800,1.303400,true,6,32,12,120
world4_normal_960,960,600,960,600,124,5.459900,0.072100,1.472300,true,6,32,13,120
world4_normal_960,960,600,960,600,125,6.299300,0.076300,1.547400,true,6,32,12,120
world4_normal_960,960,600,960,600,126,6.516200,0.077300,1.446500,true,6,32,12,120
world4_normal_960,960,600,960,600,127,5.684300,0.069300,1.423500,true,6,32,12,120
world4_normal_960,960,600,960,600,128,6.082200,0.068000,1.548700,true,6,32,13,120
world4_normal_960,960,600,960,600,129,6.234700,0.079000,1.351800,true,6,32,12,120
world4_normal_960,960,600,960,600,130,5.721500,0.069500,1.532900,true,6,32,12,120
world4_normal_960,960,600,960,600,131,5.538700,0.067500,1.499000,true,6,32,12,120
world4_normal_960,960,600,960,600,132,5.806000,0.081000,1.444200,true,6,32,12,120
world4_normal_960,960,600,960,600,133,7.056400,0.074600,1.384800,true,6,32,12,120
world4_normal_960,960,600,960,600,134,6.255300,0.081000,1.490100,true,6,32,12,120
world4_normal_960,960,600,960,600,135,5.680500,0.069700,1.442200,true,6,32,12,120
world4_normal_960,960,600,960,600,136,6.085000,0.069900,1.510000,true,6,32,12,120
world4_normal_960,960,600,960,600,137,5.922800,0.081300,1.482900,true,6,32,12,120
world4_normal_960,960,600,960,600,138,6.004000,0.074500,1.330600,true,6,32,12,120
world4_normal_960,960,600,960,600,139,6.354200,0.080000,1.344600,true,6,32,12,120
world4_normal_960,960,600,960,600,140,5.670300,0.072800,1.540200,true,6,32,12,120
world4_normal_960,960,600,960,600,141,6.689400,0.082500,1.455000,true,6,32,12,120
world4_normal_960,960,600,960,600,142,5.344300,0.072000,1.304300,true,6,32,12,120
world4_normal_960,960,600,960,600,143,5.629200,0.071200,1.438100,true,6,32,12,120
world4_normal_960,960,600,960,600,144,5.854900,0.073500,1.379400,true,6,32,12,120
world4_normal_960,960,600,960,600,145,6.033400,0.091500,1.411000,true,6,32,12,120
world4_normal_960,960,600,960,600,146,5.653200,0.078100,1.331200,true,6,32,12,120
world4_normal_960,960,600,960,600,147,6.257400,0.083000,1.306900,true,6,32,12,120
world4_normal_960,960,600,960,600,148,6.132700,0.076500,1.367800,true,6,32,12,120
world4_normal_960,960,600,960,600,149,5.908400,0.091500,1.833400,true,6,32,12,120
world4_normal_960,960,600,960,600,150,5.366400,0.067400,1.461600,true,6,32,12,120
world4_normal_960,960,600,960,600,151,5.789400,0.068000,1.268200,true,6,32,12,120
world4_normal_960,960,600,960,600,152,6.098800,0.065000,1.434200,true,6,32,12,120
world4_normal_960,960,600,960,600,153,5.657400,0.076600,1.418800,true,6,32,12,120
world4_normal_960,960,600,960,600,154,5.661100,0.078700,1.604500,true,6,32,12,120
world4_normal_960,960,600,960,600,155,6.789500,0.062500,1.289700,true,6,32,12,120
world4_normal_960,960,600,960,600,156,6.199400,0.089400,1.281000,true,6,32,12,120
world4_normal_960,960,600,960,600,157,6.193900,0.064500,1.311200,true,6,32,12,120
world4_normal_960,960,600,960,600,158,5.403900,0.063300,1.308000,true,6,32,12,120
world4_normal_960,960,600,960,600,159,5.710200,0.075500,1.322200,true,6,32,12,120
world4_normal_960,960,600,960,600,160,5.623400,0.083700,1.303300,true,6,32,12,120
world4_normal_960,960,600,960,600,161,5.910100,0.072300,1.391300,true,6,32,12,120
world4_normal_960,960,600,960,600,162,5.319300,0.073400,1.421100,true,6,32,12,120
world4_normal_960,960,600,960,600,163,6.027800,0.071200,1.581300,true,6,32,12,120
world4_normal_960,960,600,960,600,164,6.069500,0.081900,1.303500,true,6,32,12,120
world4_normal_960,960,600,960,600,165,5.824400,0.075400,1.549800,true,6,32,12,120
world4_normal_960,960,600,960,600,166,5.980400,0.070600,1.275100,true,6,32,12,120
world4_normal_960,960,600,960,600,167,6.694500,0.095000,1.627100,true,6,32,12,120
world4_normal_960,960,600,960,600,168,5.592000,0.077100,1.537700,true,6,32,12,120
world4_normal_960,960,600,960,600,169,5.839800,0.069000,1.292000,true,6,32,12,120
world4_normal_960,960,600,960,600,170,5.545100,0.082000,1.305000,true,6,32,12,120
world4_normal_960,960,600,960,600,171,6.802900,0.074000,1.392200,true,6,32,12,120
world4_normal_960,960,600,960,600,172,5.914700,0.111400,1.883500,true,6,32,12,120
world4_normal_960,960,600,960,600,173,5.946600,0.071200,1.504100,true,6,32,12,120
world4_normal_960,960,600,960,600,174,5.598800,0.074700,1.481500,true,6,32,12,120
world4_normal_960,960,600,960,600,175,5.983100,0.072300,1.463500,true,6,32,12,120
world4_normal_960,960,600,960,600,176,5.703100,0.085800,1.342000,true,6,32,12,120
world4_normal_960,960,600,960,600,177,6.826200,0.070800,1.289500,true,6,32,12,120
world4_normal_960,960,600,960,600,178,5.871800,0.094500,1.490800,true,6,32,12,120
world4_normal_960,960,600,960,600,179,6.074300,0.087000,1.664000,true,6,32,12,120
world4_normal_960,960,600,960,600,180,5.611700,0.070700,1.402600,true,6,32,12,120
world4_normal_960,960,600,960,600,181,7.406700,0.067200,1.252100,true,6,32,12,120
world4_normal_960,960,600,960,600,182,6.263500,0.099400,1.467000,true,6,32,12,120
world4_normal_960,960,600,960,600,183,5.610900,0.073100,1.421400,true,6,32,12,120
world4_normal_960,960,600,960,600,184,6.259300,0.106000,1.487000,true,6,32,12,120
world4_normal_960,960,600,960,600,185,5.533500,0.070400,1.405000,true,6,32,12,120
world4_normal_960,960,600,960,600,186,5.840300,0.071600,1.452000,true,6,32,12,120
world4_normal_960,960,600,960,600,187,6.152000,0.085400,1.442500,true,6,32,12,120
world4_normal_960,960,600,960,600,188,6.303300,0.072300,1.270200,true,6,32,12,120
world4_normal_960,960,600,960,600,189,6.147500,0.068800,1.798000,true,6,32,12,120
world4_normal_960,960,600,960,600,190,5.894900,0.075800,1.360900,true,6,32,12,120
world4_normal_960,960,600,960,600,191,5.711900,0.077600,1.347000,true,6,32,12,120
world4_normal_960,960,600,960,600,192,5.664100,0.077500,1.258400,true,6,32,12,120
world4_normal_960,960,600,960,600,193,5.856400,0.080000,1.416600,true,6,32,12,120
world4_normal_960,960,600,960,600,194,5.836300,0.070100,1.366200,true,6,32,12,120
world4_normal_960,960,600,960,600,195,6.600800,0.081000,1.401600,true,6,32,12,120
world4_normal_960,960,600,960,600,196,5.871800,0.116600,1.491600,true,6,32,12,120
world4_normal_960,960,600,960,600,197,6.171900,0.076500,1.519100,true,6,32,12,120
world4_normal_960,960,600,960,600,198,5.436600,0.067300,1.409600,true,6,32,12,120
world4_normal_960,960,600,960,600,199,6.471100,0.075200,1.601900,true,6,32,12,120
world4_normal_960,960,600,960,600,200,5.593900,0.129600,1.452800,true,6,32,12,120
world4_normal_960,960,600,960,600,201,5.545200,0.075500,1.446800,true,6,32,12,120
world4_normal_960,960,600,960,600,202,6.193000,0.071600,1.698800,true,6,32,12,120
world4_normal_960,960,600,960,600,203,5.892600,0.074300,1.381400,true,6,32,12,120
world4_normal_960,960,600,960,600,204,5.277400,0.071600,1.429600,true,6,32,12,120
world4_normal_960,960,600,960,600,205,5.512300,0.071100,1.383300,true,6,32,12,120
world4_normal_960,960,600,960,600,206,5.524200,0.075000,1.427100,true,6,32,12,120
world4_normal_960,960,600,960,600,207,5.863100,0.074800,1.689000,true,6,32,12,120
world4_normal_960,960,600,960,600,208,5.533500,0.070900,1.531600,true,6,32,12,120
world4_normal_960,960,600,960,600,209,6.405000,0.078000,1.554300,true,6,32,12,120
world4_normal_960,960,600,960,600,210,5.612600,0.068900,1.366900,true,6,32,12,120
world4_normal_960,960,600,960,600,211,6.283200,0.066000,1.254600,true,6,32,12,120
world4_normal_960,960,600,960,600,212,6.154700,0.070900,1.305500,true,6,32,12,120
world4_normal_960,960,600,960,600,213,6.247200,0.071700,1.424700,true,6,32,12,120
world4_normal_960,960,600,960,600,214,5.777400,0.069200,1.262800,true,6,32,12,120
world4_normal_960,960,600,960,600,215,5.942200,0.064500,1.225700,true,6,32,13,120
world4_normal_960,960,600,960,600,216,5.894100,0.072000,1.452000,true,6,32,12,120
world4_normal_960,960,600,960,600,217,5.625000,0.079500,1.455200,true,6,32,12,120
world4_normal_960,960,600,960,600,218,6.288300,0.063600,1.279800,true,6,32,12,120
world4_normal_960,960,600,960,600,219,5.670600,0.077100,1.552100,true,6,32,12,120
world4_normal_960,960,600,960,600,220,5.938400,0.090100,1.277800,true,6,32,12,120
world4_normal_960,960,600,960,600,221,5.989300,0.063300,1.633100,true,6,32,12,120
world4_normal_960,960,600,960,600,222,5.334600,0.067400,1.418400,true,6,32,12,120
world4_normal_960,960,600,960,600,223,5.832100,0.071500,1.350800,true,6,32,12,120
world4_normal_960,960,600,960,600,224,6.026800,0.074500,1.429100,true,6,32,12,120
world4_normal_960,960,600,960,600,225,5.575600,0.068900,1.407600,true,6,32,12,120
world4_normal_960,960,600,960,600,226,6.053100,0.071400,1.550200,true,6,32,12,120
world4_normal_960,960,600,960,600,227,6.696400,0.074000,1.281700,true,6,32,12,120
world4_normal_600,600,400,600,375,0,5.304900,0.094700,2.366400,true,6,32,12,120
world4_normal_600,600,400,600,375,1,5.445200,0.097300,2.402000,true,6,32,12,120
world4_normal_600,600,400,600,375,2,5.453900,0.086100,2.374900,true,6,32,12,120
world4_normal_600,600,400,600,375,3,6.354900,0.098200,2.511600,true,6,32,12,120
world4_normal_600,600,400,600,375,4,6.213100,0.067200,2.679800,true,6,32,12,120
world4_normal_600,600,400,600,375,5,5.822400,0.072200,2.394200,true,6,32,12,120
world4_normal_600,600,400,600,375,6,5.433200,0.075700,2.164000,true,6,32,12,120
world4_normal_600,600,400,600,375,7,6.258900,0.063900,2.655800,true,6,32,12,120
world4_normal_600,600,400,600,375,8,5.220800,0.071200,2.498600,true,6,32,12,120
world4_normal_600,600,400,600,375,9,5.680700,0.071000,2.372600,true,6,32,12,120
world4_normal_600,600,400,600,375,10,5.661000,0.073000,2.345000,true,6,32,12,120
world4_normal_600,600,400,600,375,11,5.374100,0.092600,2.426600,true,6,32,12,120
world4_normal_600,600,400,600,375,12,5.445200,0.069000,2.566500,true,6,32,12,120
world4_normal_600,600,400,600,375,13,5.426200,0.086800,2.364400,true,6,32,12,120
world4_normal_600,600,400,600,375,14,8.537300,0.071400,2.376000,true,6,32,12,120
world4_normal_600,600,400,600,375,15,5.426600,0.070000,2.693500,true,6,32,12,120
world4_normal_600,600,400,600,375,16,5.269600,0.076500,2.419700,true,6,32,12,120
world4_normal_600,600,400,600,375,17,5.850700,0.072900,2.357300,true,6,32,12,120
world4_normal_600,600,400,600,375,18,5.844300,0.081600,2.728800,true,6,32,12,120
world4_normal_600,600,400,600,375,19,6.089900,0.069800,2.164400,true,6,32,12,120
world4_normal_600,600,400,600,375,20,5.692800,0.072300,2.136900,true,6,32,12,120
world4_normal_600,600,400,600,375,21,5.390300,0.065900,2.373400,true,6,32,12,120
world4_normal_600,600,400,600,375,22,6.055900,0.066300,2.632600,true,6,32,13,120
world4_normal_600,600,400,600,375,23,5.645300,0.069900,2.489900,true,6,32,12,120
world4_normal_600,600,400,600,375,24,5.344700,0.072400,2.386400,true,6,32,12,120
world4_normal_600,600,400,600,375,25,5.416700,0.070900,2.395800,true,6,32,12,120
world4_normal_600,600,400,600,375,26,5.874900,0.068900,2.328900,true,6,32,13,120
world4_normal_600,600,400,600,375,27,6.041000,0.084800,2.412800,true,6,32,12,120
world4_normal_600,600,400,600,375,28,5.392600,0.078300,2.240600,true,6,32,12,120
world4_normal_600,600,400,600,375,29,5.536100,0.085900,2.505800,true,6,32,12,120
world4_normal_600,600,400,600,375,30,5.357400,0.070100,2.286600,true,6,32,12,120
world4_normal_600,600,400,600,375,31,5.724200,0.067100,2.166100,true,6,32,12,120
world4_normal_600,600,400,600,375,32,5.878900,0.071900,2.861600,true,6,32,12,120
world4_normal_600,600,400,600,375,33,5.306100,0.073100,2.190800,true,6,32,12,120
world4_normal_600,600,400,600,375,34,6.323600,0.066200,2.518900,true,6,32,12,120
world4_normal_600,600,400,600,375,35,5.749400,0.071600,2.431600,true,6,32,12,120
world4_normal_600,600,400,600,375,36,5.342700,0.067400,2.156700,true,6,32,12,120
world4_normal_600,600,400,600,375,37,5.492000,0.071100,2.153700,true,6,32,12,120
world4_normal_600,600,400,600,375,38,5.974900,0.071800,2.806100,true,6,32,12,120
world4_normal_600,600,400,600,375,39,5.245100,0.077700,2.359500,true,6,32,12,120
world4_normal_600,600,400,600,375,40,5.407900,0.070100,2.203400,true,6,32,12,120
world4_normal_600,600,400,600,375,41,6.068400,0.066900,2.306100,true,6,32,12,120
world4_normal_600,600,400,600,375,42,6.158400,0.083300,2.385900,true,6,32,12,120
world4_normal_600,600,400,600,375,43,5.725400,0.082100,2.501900,true,6,32,12,120
world4_normal_600,600,400,600,375,44,5.344500,0.070400,2.392900,true,6,32,12,120
world4_normal_600,600,400,600,375,45,5.571500,0.074000,2.382800,true,6,32,12,120
world4_normal_600,600,400,600,375,46,5.784900,0.068400,2.341400,true,6,32,12,120
world4_normal_600,600,400,600,375,47,5.529700,0.079800,2.348700,true,6,32,12,120
world4_normal_600,600,400,600,375,48,5.358800,0.071300,2.175200,true,6,32,12,120
world4_normal_600,600,400,600,375,49,5.679000,0.067900,2.332300,true,6,32,12,120
world4_normal_600,600,400,600,375,50,5.517800,0.066400,2.412400,true,6,32,12,120
world4_normal_600,600,400,600,375,51,5.223400,0.096500,2.348500,true,6,32,12,120
world4_normal_600,600,400,600,375,52,5.533900,0.071500,2.671000,true,6,32,12,120
world4_normal_600,600,400,600,375,53,5.383300,0.058700,2.634900,true,6,32,12,120
world4_normal_600,600,400,600,375,54,5.474500,0.073800,2.372200,true,6,32,13,120
world4_normal_600,600,400,600,375,55,5.369600,0.070400,2.180600,true,6,32,12,120
world4_normal_600,600,400,600,375,56,5.652200,0.086700,2.654900,true,6,32,12,120
world4_normal_600,600,400,600,375,57,5.245500,0.092100,2.405100,true,6,32,12,120
world4_normal_600,600,400,600,375,58,5.772600,0.065100,2.343100,true,6,32,12,120
world4_normal_600,600,400,600,375,59,5.545100,0.084400,2.376100,true,6,32,12,120
world4_normal_600,600,400,600,375,60,5.264100,0.089500,2.223700,true,6,32,12,120
world4_normal_600,600,400,600,375,61,6.060300,0.067400,2.188100,true,6,32,12,120
world4_normal_600,600,400,600,375,62,5.574200,0.078800,2.583900,true,6,32,12,120
world4_normal_600,600,400,600,375,63,6.589100,0.071700,2.279600,true,6,32,12,120
world4_normal_600,600,400,600,375,64,6.105100,0.085300,2.392500,true,6,32,12,120
world4_normal_600,600,400,600,375,65,5.270200,0.096900,2.253000,true,6,32,12,120
world4_normal_600,600,400,600,375,66,5.374200,0.070600,2.273200,true,6,32,12,120
world4_normal_600,600,400,600,375,67,6.039400,0.079900,2.643700,true,6,32,12,120
world4_normal_600,600,400,600,375,68,5.918100,0.104300,2.285100,true,6,32,12,120
world4_normal_600,600,400,600,375,69,5.889100,0.080400,2.788000,true,6,32,12,120
world4_normal_600,600,400,600,375,70,6.205300,0.072000,2.421900,true,6,32,12,120
world4_normal_600,600,400,600,375,71,6.115900,0.077300,2.185200,true,6,32,12,120
world4_normal_600,600,400,600,375,72,5.832700,0.078000,2.906400,true,6,32,12,120
world4_normal_600,600,400,600,375,73,5.298400,0.071300,2.479400,true,6,32,12,120
world4_normal_600,600,400,600,375,74,5.461300,0.070000,2.380800,true,6,32,12,120
world4_normal_600,600,400,600,375,75,5.427900,0.065900,2.363300,true,6,32,12,120
world4_normal_600,600,400,600,375,76,5.446300,0.076400,2.209000,true,6,32,12,120
world4_normal_600,600,400,600,375,77,5.282100,0.069900,2.155800,true,6,32,12,120
world4_normal_600,600,400,600,375,78,6.199300,0.068600,2.428100,true,6,32,12,120
world4_normal_600,600,400,600,375,79,5.431200,0.075600,2.441200,true,6,32,12,120
world4_normal_600,600,400,600,375,80,5.406900,0.067700,2.156000,true,6,32,12,120
world4_normal_600,600,400,600,375,81,5.475200,0.062900,2.303300,true,6,32,12,120
world4_normal_600,600,400,600,375,82,5.469000,0.066500,2.181300,true,6,32,12,120
world4_normal_600,600,400,600,375,83,5.775200,0.075800,2.223000,true,6,32,12,120
world4_normal_600,600,400,600,375,84,5.390900,0.076000,2.355000,true,6,32,12,120
world4_normal_600,600,400,600,375,85,5.419100,0.069200,2.438500,true,6,32,12,120
world4_normal_600,600,400,600,375,86,5.545900,0.072500,2.217600,true,6,32,12,120
world4_normal_600,600,400,600,375,87,5.418200,0.066300,2.146400,true,6,32,12,120
world4_normal_600,600,400,600,375,88,5.770600,0.072600,2.855900,true,6,32,12,120
world4_normal_600,600,400,600,375,89,5.844500,0.075100,2.467300,true,6,32,12,120
world4_normal_600,600,400,600,375,90,5.716700,0.071400,2.465200,true,6,32,12,120
world4_normal_600,600,400,600,375,91,5.174600,0.064500,2.452000,true,6,32,12,120
world4_normal_600,600,400,600,375,92,6.468600,0.072200,2.676400,true,6,32,12,120
world4_normal_600,600,400,600,375,93,5.954500,0.070500,2.525100,true,6,32,12,120
world4_normal_600,600,400,600,375,94,5.463000,0.086800,2.347500,true,6,32,12,120
world4_normal_600,600,400,600,375,95,6.094500,0.070400,2.355900,true,6,32,12,120
world4_normal_600,600,400,600,375,96,5.414700,0.068500,2.598900,true,6,32,12,120
world4_normal_600,600,400,600,375,97,5.563700,0.075100,2.357900,true,6,32,12,120
world4_normal_600,600,400,600,375,98,5.716400,0.076800,2.440800,true,6,32,12,120
world4_normal_600,600,400,600,375,99,5.628000,0.089700,2.346700,true,6,32,12,120
world4_normal_600,600,400,600,375,100,5.385800,0.069400,2.305100,true,6,32,12,120
world4_normal_600,600,400,600,375,101,6.091900,0.072300,2.756100,true,6,32,12,120
world4_normal_600,600,400,600,375,102,5.353000,0.068500,2.244000,true,6,32,12,120
world4_normal_600,600,400,600,375,103,5.797000,0.071600,2.460300,true,6,32,12,120
world4_normal_600,600,400,600,375,104,5.719100,0.073000,2.780000,true,6,32,12,120
world4_normal_600,600,400,600,375,105,5.278400,0.069900,2.274300,true,6,32,12,120
world4_normal_600,600,400,600,375,106,5.227000,0.071600,2.486800,true,6,32,12,120
world4_normal_600,600,400,600,375,107,5.525100,0.065600,2.324200,true,6,32,12,120
world4_normal_600,600,400,600,375,108,5.517300,0.085100,2.337000,true,6,32,12,120
world4_normal_600,600,400,600,375,109,6.043300,0.064300,2.162700,true,6,32,12,120
world4_normal_600,600,400,600,375,110,5.420200,0.088100,2.458000,true,6,32,12,120
world4_normal_600,600,400,600,375,111,5.308300,0.069900,2.320500,true,6,32,12,120
world4_normal_600,600,400,600,375,112,5.528400,0.066500,2.168700,true,6,32,12,120
world4_normal_600,600,400,600,375,113,5.747500,0.069400,2.357700,true,6,32,12,120
world4_normal_600,600,400,600,375,114,5.498700,0.149600,2.408600,true,6,32,12,120
world4_normal_600,600,400,600,375,115,5.389400,0.073800,2.196200,true,6,32,12,120
world4_normal_600,600,400,600,375,116,5.876300,0.067400,2.381500,true,6,32,12,120
world4_normal_600,600,400,600,375,117,5.671600,0.065200,2.514200,true,6,32,12,120
world4_normal_600,600,400,600,375,118,5.660900,0.072900,2.212900,true,6,32,12,120
world4_normal_600,600,400,600,375,119,5.879200,0.086300,2.385800,true,6,32,12,120
world4_normal_600,600,400,600,375,120,5.465500,0.079100,3.151400,true,6,32,12,120
world4_normal_600,600,400,600,375,121,5.457400,0.071200,2.267800,true,6,32,12,120
world4_normal_600,600,400,600,375,122,5.399200,0.079600,2.308400,true,6,32,12,120
world4_normal_600,600,400,600,375,123,5.508000,0.077000,2.324700,true,6,32,12,120
world4_normal_600,600,400,600,375,124,5.596100,0.089100,2.224600,true,6,32,12,120
world4_normal_600,600,400,600,375,125,6.081400,0.075200,2.458300,true,6,32,12,120
world4_normal_600,600,400,600,375,126,6.106500,0.258400,2.450600,true,6,32,12,120
world4_normal_600,600,400,600,375,127,5.603400,0.074500,2.441200,true,6,32,12,120
world4_normal_600,600,400,600,375,128,5.573000,0.073900,2.261200,true,6,32,12,120
world4_normal_600,600,400,600,375,129,5.412600,0.072900,2.449800,true,6,32,12,120
world4_normal_600,600,400,600,375,130,5.912400,0.070100,2.369800,true,6,32,12,120
world4_normal_600,600,400,600,375,131,5.990700,0.077200,2.455400,true,6,32,12,120
world4_normal_600,600,400,600,375,132,5.767000,0.073100,2.190200,true,6,32,13,120
world4_normal_600,600,400,600,375,133,5.624200,0.069900,2.401700,true,6,32,12,120
world4_normal_600,600,400,600,375,134,5.656500,0.091600,2.387600,true,6,32,12,120
world4_normal_600,600,400,600,375,135,6.267000,0.070000,2.418500,true,6,32,12,120
world4_normal_600,600,400,600,375,136,5.533000,0.072900,2.908500,true,6,32,13,120
world4_normal_600,600,400,600,375,137,5.673300,0.072200,2.393200,true,6,32,12,120
world4_normal_600,600,400,600,375,138,5.860400,0.086100,2.554600,true,6,32,12,120
world4_normal_600,600,400,600,375,139,5.743900,0.086200,2.344200,true,6,32,12,120
world4_normal_600,600,400,600,375,140,5.773000,0.072600,2.222100,true,6,32,12,120
world4_normal_600,600,400,600,375,141,5.679600,0.077400,2.337000,true,6,32,12,120
world4_normal_600,600,400,600,375,142,5.493100,0.079200,2.393900,true,6,32,12,120
world4_normal_600,600,400,600,375,143,5.855300,0.109000,2.199700,true,6,32,12,120
world4_normal_600,600,400,600,375,144,5.832400,0.070700,2.387800,true,6,32,12,120
world4_normal_600,600,400,600,375,145,5.252000,0.071000,2.365200,true,6,32,12,120
world4_normal_600,600,400,600,375,146,5.433700,0.071800,2.459300,true,6,32,12,120
world4_normal_600,600,400,600,375,147,5.653400,0.072000,2.626600,true,6,32,12,120
world4_normal_600,600,400,600,375,148,5.240300,0.074300,2.387300,true,6,32,12,120
world4_normal_600,600,400,600,375,149,5.517000,0.072000,2.397800,true,6,32,12,120
world4_normal_600,600,400,600,375,150,5.775900,0.089800,2.330800,true,6,32,12,120
world4_normal_600,600,400,600,375,151,5.816900,0.092100,2.335700,true,6,32,12,120
world4_normal_600,600,400,600,375,152,5.397200,0.072800,2.183300,true,6,32,12,120
world4_normal_600,600,400,600,375,153,5.348500,0.075300,2.557000,true,6,32,12,120
world4_normal_600,600,400,600,375,154,5.344000,0.076900,2.639700,true,6,32,12,120
world4_normal_600,600,400,600,375,155,5.386100,0.071300,2.179300,true,6,32,12,120
world4_normal_600,600,400,600,375,156,5.677700,0.069900,2.464800,true,6,32,12,120
world4_normal_600,600,400,600,375,157,5.435500,0.069700,2.420800,true,6,32,12,120
world4_normal_600,600,400,600,375,158,5.576400,0.068900,2.352300,true,6,32,12,120
world4_normal_600,600,400,600,375,159,6.024300,0.086300,2.683400,true,6,32,12,120
world4_normal_600,600,400,600,375,160,5.841200,0.087000,2.196200,true,6,32,12,120
world4_normal_600,600,400,600,375,161,6.089200,0.066900,2.677700,true,6,32,12,120
world4_normal_600,600,400,600,375,162,5.672800,0.067900,2.211700,true,6,32,12,120
world4_normal_600,600,400,600,375,163,5.279200,0.072800,2.460000,true,6,32,12,120
world4_normal_600,600,400,600,375,164,5.396600,0.068600,2.217400,true,6,32,12,120
world4_normal_600,600,400,600,375,165,5.632600,0.074700,2.906800,true,6,32,12,120
world4_normal_600,600,400,600,375,166,5.648000,0.064000,2.137000,true,6,32,12,120
world4_normal_600,600,400,600,375,167,5.762200,0.068800,2.310600,true,6,32,12,120
world4_normal_600,600,400,600,375,168,5.561700,0.087200,2.730400,true,6,32,12,120
world4_normal_600,600,400,600,375,169,5.454300,0.069800,2.238100,true,6,32,12,120
world4_normal_600,600,400,600,375,170,5.968300,0.084800,2.636200,true,6,32,12,120
world4_normal_600,600,400,600,375,171,5.583800,0.084100,2.371900,true,6,32,12,120
world4_normal_600,600,400,600,375,172,5.470500,0.079300,2.173500,true,6,32,12,120
world4_normal_600,600,400,600,375,173,5.277800,0.070900,2.224600,true,6,32,12,120
world4_normal_600,600,400,600,375,174,5.694900,0.093500,2.696500,true,6,32,12,120
world4_normal_600,600,400,600,375,175,5.983000,0.065300,2.169100,true,6,32,12,120
world4_normal_600,600,400,600,375,176,5.427300,0.072700,2.164800,true,6,32,12,120
world4_normal_600,600,400,600,375,177,5.510800,0.082500,2.437300,true,6,32,12,120
world4_normal_600,600,400,600,375,178,5.412400,0.071800,2.368300,true,6,32,12,120
world4_normal_600,600,400,600,375,179,5.705500,0.069000,2.164800,true,6,32,12,120
world4_normal_600,600,400,600,375,180,6.015500,0.088200,2.335400,true,6,32,12,120
world4_normal_600,600,400,600,375,181,5.525800,0.074500,2.308100,true,6,32,12,120
world4_normal_600,600,400,600,375,182,5.733500,0.070200,2.294500,true,6,32,12,120
world4_normal_600,600,400,600,375,183,5.670200,0.074200,2.268100,true,6,32,12,120
world4_normal_600,600,400,600,375,184,5.284800,0.080500,2.357900,true,6,32,12,120
world4_normal_600,600,400,600,375,185,5.859800,0.067400,2.145700,true,6,32,12,120
world4_normal_600,600,400,600,375,186,5.975700,0.085100,2.707400,true,6,32,12,120
world4_normal_600,600,400,600,375,187,5.329200,0.070500,2.168300,true,6,32,12,120
world4_normal_600,600,400,600,375,188,5.662000,0.071100,2.356500,true,6,32,12,120
world4_normal_600,600,400,600,375,189,5.416000,0.073500,2.822900,true,6,32,12,120
world4_normal_600,600,400,600,375,190,5.415400,0.074400,2.390200,true,6,32,12,120
world4_normal_600,600,400,600,375,191,5.617400,0.066100,2.437100,true,6,32,12,120
world4_normal_600,600,400,600,375,192,5.501700,0.078200,2.478200,true,6,32,12,120
world4_normal_600,600,400,600,375,193,5.495200,0.071700,2.510300,true,6,32,12,120
world4_normal_600,600,400,600,375,194,6.074800,0.071600,2.516400,true,6,32,12,120
world4_normal_600,600,400,600,375,195,5.895400,0.136700,2.435200,true,6,32,12,120
world4_normal_600,600,400,600,375,196,5.956600,0.072300,2.337900,true,6,32,12,120
world4_normal_600,600,400,600,375,197,5.674500,0.071500,2.572200,true,6,32,12,120
world4_normal_600,600,400,600,375,198,5.578700,0.074200,2.169100,true,6,32,12,120
world4_normal_600,600,400,600,375,199,5.641600,0.066200,2.268800,true,6,32,12,120
world4_normal_600,600,400,600,375,200,6.038900,0.082000,2.691400,true,6,32,12,120
world4_normal_600,600,400,600,375,201,5.488700,0.068700,2.163700,true,6,32,12,120
world4_normal_600,600,400,600,375,202,5.316200,0.066100,2.684000,true,6,32,12,120
world4_normal_600,600,400,600,375,203,6.208200,0.074300,2.174800,true,6,32,12,120
world4_normal_600,600,400,600,375,204,5.964100,0.068700,2.144000,true,6,32,12,120
world4_normal_600,600,400,600,375,205,5.924600,0.066200,2.351700,true,6,32,12,120
world4_normal_600,600,400,600,375,206,5.429900,0.074000,2.261500,true,6,32,12,120
world4_normal_600,600,400,600,375,207,5.852600,0.074500,2.370500,true,6,32,12,120
world4_normal_600,600,400,600,375,208,5.916300,0.063100,2.192200,true,6,32,12,120
world4_normal_600,600,400,600,375,209,5.908000,0.080800,2.295200,true,6,32,12,120
world4_normal_600,600,400,600,375,210,6.192800,0.070500,2.315500,true,6,32,12,120
world4_normal_600,600,400,600,375,211,5.667700,0.077600,2.531700,true,6,32,12,120
world4_normal_600,600,400,600,375,212,5.514000,0.086300,2.315700,true,6,32,12,120
world4_normal_600,600,400,600,375,213,6.362000,0.067000,2.306100,true,6,32,12,120
world4_normal_1280,1280,800,1280,800,0,5.270000,0.181200,10.346700,true,6,32,12,120
world4_normal_1280,1280,800,1280,800,1,5.561200,0.092000,10.190900,true,6,32,12,120
world4_normal_1280,1280,800,1280,800,2,5.393900,0.101200,9.507900,true,6,32,12,120
world4_normal_1280,1280,800,1280,800,3,5.552100,0.074400,10.171000,true,6,32,12,120
world4_normal_1280,1280,800,1280,800,4,5.444200,0.072000,9.780500,true,6,32,12,120
world4_normal_1280,1280,800,1280,800,5,5.384600,0.063700,9.812800,true,6,32,12,120
world4_normal_1280,1280,800,1280,800,6,6.261600,0.073100,9.847000,true,6,32,12,120
world4_normal_1280,1280,800,1280,800,7,5.506900,0.066100,10.375000,true,6,32,12,120
world4_normal_1280,1280,800,1280,800,8,5.736800,0.069400,9.926200,true,6,32,12,120
world4_normal_1280,1280,800,1280,800,9,5.955400,0.070800,9.607800,true,6,32,12,120
world4_normal_1280,1280,800,1280,800,10,5.387800,0.078000,9.864600,true,6,32,12,120
world4_normal_1280,1280,800,1280,800,11,5.273300,0.071000,10.387500,true,6,32,12,120
world4_normal_1280,1280,800,1280,800,12,5.667000,0.071200,10.405800,true,6,32,12,120
world4_normal_1280,1280,800,1280,800,13,5.451300,0.062900,9.837900,true,6,32,12,120
world4_normal_1280,1280,800,1280,800,14,5.721000,0.066600,9.805900,true,6,32,12,120
world4_normal_1280,1280,800,1280,800,15,5.387900,0.074200,10.471600,true,6,32,12,120
world4_normal_1280,1280,800,1280,800,16,5.926000,0.068800,9.543400,true,6,32,12,120
world4_normal_1280,1280,800,1280,800,17,5.605500,0.068000,10.401500,true,6,32,12,120
world4_normal_1280,1280,800,1280,800,18,5.530500,0.083600,10.242600,true,6,32,12,120
world4_normal_1280,1280,800,1280,800,19,5.950200,0.079500,10.498700,true,6,32,12,120
world4_normal_1280,1280,800,1280,800,20,5.624900,0.077400,9.778600,true,6,32,12,120
world4_normal_1280,1280,800,1280,800,21,5.644600,0.086200,10.173400,true,6,32,12,120
world4_normal_1280,1280,800,1280,800,22,6.074800,0.065300,10.397800,true,6,32,12,120
world4_normal_1280,1280,800,1280,800,23,5.343800,0.073600,9.630900,true,6,32,12,120
world4_normal_1280,1280,800,1280,800,24,6.286300,0.071800,9.853900,true,6,32,12,120
world4_normal_1280,1280,800,1280,800,25,5.906400,0.083500,9.998300,true,6,32,12,120
world4_normal_1280,1280,800,1280,800,26,5.520400,0.085200,9.838900,true,6,32,12,120
world4_normal_1280,1280,800,1280,800,27,5.680500,0.077300,9.809700,true,6,32,12,120
world4_normal_1280,1280,800,1280,800,28,5.595000,0.068700,9.719000,true,6,32,12,120
world4_normal_1280,1280,800,1280,800,29,5.967900,0.087800,9.734000,true,6,32,12,120
world4_normal_1280,1280,800,1280,800,30,5.443300,0.064100,10.543300,true,6,32,12,120
world4_normal_1280,1280,800,1280,800,31,5.367400,0.076600,9.963700,true,6,32,12,120
world4_normal_1280,1280,800,1280,800,32,5.978900,0.066600,10.071800,true,6,32,12,120
world4_normal_1280,1280,800,1280,800,33,5.504000,0.067000,9.565900,true,6,32,12,120
world4_normal_1280,1280,800,1280,800,34,5.439500,0.080500,10.274900,true,6,32,12,120
world4_normal_1280,1280,800,1280,800,35,5.437200,0.066600,9.566700,true,6,32,12,120
world4_normal_1280,1280,800,1280,800,36,6.469700,0.097200,9.683200,true,6,32,12,120
world4_normal_1280,1280,800,1280,800,37,5.786500,0.069300,10.491600,true,6,32,12,120
world4_normal_1280,1280,800,1280,800,38,5.259400,0.082300,9.631500,true,6,32,12,120
world4_normal_1280,1280,800,1280,800,39,5.896500,0.078900,10.116000,true,6,32,12,120
world4_normal_1280,1280,800,1280,800,40,5.881200,0.074400,9.923300,true,6,32,12,120
world4_normal_1280,1280,800,1280,800,41,5.581800,0.078600,9.818500,true,6,32,12,120
world4_normal_1280,1280,800,1280,800,42,5.399200,0.072300,9.728700,true,6,32,12,120
world4_normal_1280,1280,800,1280,800,43,5.315400,0.072600,10.394000,true,6,32,12,120
world4_normal_1280,1280,800,1280,800,44,6.102900,0.071700,9.426800,true,6,32,12,120
world4_normal_1280,1280,800,1280,800,45,5.639900,0.072900,9.913400,true,6,32,12,120
world4_normal_1280,1280,800,1280,800,46,6.176900,0.074800,9.754000,true,6,32,12,120
world4_normal_1280,1280,800,1280,800,47,5.701000,0.125000,9.768000,true,6,32,12,120
world4_normal_1280,1280,800,1280,800,48,5.435500,0.075100,9.773500,true,6,32,12,120
world4_normal_1280,1280,800,1280,800,49,6.159300,0.091700,10.409100,true,6,32,12,120
world4_normal_1280,1280,800,1280,800,50,5.545400,0.074200,9.842400,true,6,32,12,120
world4_normal_1280,1280,800,1280,800,51,6.140500,0.075700,9.691100,true,6,32,12,120
world4_normal_1280,1280,800,1280,800,52,5.946300,0.069600,9.858500,true,6,32,12,120
world4_normal_1280,1280,800,1280,800,53,5.869200,0.067600,9.682900,true,6,32,12,120
world4_normal_1280,1280,800,1280,800,54,6.085200,0.071100,9.766200,true,6,32,12,120
world4_normal_1280,1280,800,1280,800,55,5.590500,0.068000,9.775200,true,6,32,12,120
world4_normal_1280,1280,800,1280,800,56,5.531900,0.089400,9.862600,true,6,32,12,120
world4_normal_1280,1280,800,1280,800,57,5.699300,0.069800,9.521200,true,6,32,12,120
world4_normal_1280,1280,800,1280,800,58,5.728700,0.081400,9.690200,true,6,32,12,120
world4_normal_1280,1280,800,1280,800,59,6.173000,0.073400,9.750100,true,6,32,12,120
world4_normal_1280,1280,800,1280,800,60,5.320200,0.064900,10.034600,true,6,32,12,120
world4_normal_1280,1280,800,1280,800,61,6.288400,0.082300,9.728900,true,6,32,12,120
world4_normal_1280,1280,800,1280,800,62,5.436100,0.071800,10.053600,true,6,32,12,120
world4_normal_1280,1280,800,1280,800,63,5.225000,0.085700,9.804600,true,6,32,12,120
world4_normal_1280,1280,800,1280,800,64,5.703500,0.090000,9.992400,true,6,32,12,120
world4_normal_1280,1280,800,1280,800,65,5.621300,0.071200,9.602700,true,6,32,13,120
world4_normal_1280,1280,800,1280,800,66,6.032200,0.074200,9.752500,true,6,32,12,120
world4_normal_1280,1280,800,1280,800,67,5.781400,0.076200,10.020100,true,6,32,12,120
world4_normal_1280,1280,800,1280,800,68,5.404100,0.096900,9.963200,true,6,32,12,120
world4_normal_1280,1280,800,1280,800,69,5.534300,0.066000,9.662000,true,6,32,13,120
world4_normal_1280,1280,800,1280,800,70,5.409800,0.097000,10.483000,true,6,32,12,120
world4_normal_1280,1280,800,1280,800,71,6.192000,0.072800,9.707000,true,6,32,12,120
world4_normal_1280,1280,800,1280,800,72,6.011100,0.071200,10.521800,true,6,32,12,120
world4_normal_1280,1280,800,1280,800,73,5.261900,0.078800,9.833900,true,6,32,12,120
world4_normal_1280,1280,800,1280,800,74,6.203800,0.075300,9.750200,true,6,32,12,120
world4_normal_1280,1280,800,1280,800,75,6.029600,0.062700,9.922900,true,6,32,12,120
world4_normal_1280,1280,800,1280,800,76,5.510300,0.069200,9.793400,true,6,32,12,120
world4_normal_1280,1280,800,1280,800,77,5.917500,0.088700,9.699000,true,6,32,12,120
world4_normal_1280,1280,800,1280,800,78,5.358000,0.074200,10.535400,true,6,32,12,120
world4_normal_1280,1280,800,1280,800,79,5.995700,0.072800,9.759100,true,6,32,12,120
world4_normal_1280,1280,800,1280,800,80,5.285900,0.085700,9.734200,true,6,32,12,120
world4_normal_1280,1280,800,1280,800,81,6.031800,0.077800,9.851700,true,6,32,12,120
world4_normal_1280,1280,800,1280,800,82,5.431800,0.068200,9.668400,true,6,32,12,120
world4_normal_1280,1280,800,1280,800,83,5.171400,0.071900,9.967600,true,6,32,12,120
world4_normal_1280,1280,800,1280,800,84,5.747400,0.061600,9.554400,true,6,32,12,120
world4_normal_1280,1280,800,1280,800,85,5.579900,0.071400,9.716600,true,6,32,12,120
world4_normal_1280,1280,800,1280,800,86,5.965100,0.069700,9.580600,true,6,32,12,120
world4_normal_1280,1280,800,1280,800,87,5.655600,0.067300,9.627500,true,6,32,12,120
world4_normal_1280,1280,800,1280,800,88,6.220200,0.070700,9.687100,true,6,32,12,120
world4_normal_1280,1280,800,1280,800,89,5.897900,0.067000,9.759000,true,6,32,12,120
world4_normal_1280,1280,800,1280,800,90,5.458700,0.098700,9.711300,true,6,32,12,120
world4_normal_1280,1280,800,1280,800,91,5.884800,0.069000,9.918000,true,6,32,12,120
world4_normal_1280,1280,800,1280,800,92,5.369100,0.066200,10.261700,true,6,32,12,120
world4_normal_1280,1280,800,1280,800,93,6.272000,0.076700,9.741900,true,6,32,12,120
world4_normal_1280,1280,800,1280,800,94,6.100800,0.069000,9.746700,true,6,32,12,120
world4_normal_1280,1280,800,1280,800,95,5.688400,0.070500,9.804100,true,6,32,12,120
world4_normal_1280,1280,800,1280,800,96,5.977600,0.086300,9.635900,true,6,32,12,120
world4_normal_1280,1280,800,1280,800,97,5.659300,0.071500,9.665700,true,6,32,13,120
world4_normal_1280,1280,800,1280,800,98,6.502100,0.110000,9.734600,true,6,32,12,120
world4_normal_1280,1280,800,1280,800,99,5.888500,0.090700,9.919200,true,6,32,12,120
world4_normal_1280,1280,800,1280,800,100,5.330800,0.072600,9.688400,true,6,32,12,120
world4_normal_1280,1280,800,1280,800,101,5.933300,0.089000,9.744400,true,6,32,12,120
world4_normal_1280,1280,800,1280,800,102,5.623900,0.090800,9.591700,true,6,32,12,120
world4_normal_1280,1280,800,1280,800,103,5.907000,0.087700,9.900900,true,6,32,12,120
world4_normal_1280,1280,800,1280,800,104,5.770700,0.065000,9.856900,true,6,32,12,120
world4_normal_1280,1280,800,1280,800,105,5.499600,0.074700,10.686700,true,6,32,12,120
world4_normal_1280,1280,800,1280,800,106,6.294600,0.074100,9.986100,true,6,32,12,120
world4_normal_1280,1280,800,1280,800,107,5.375700,0.070400,9.801000,true,6,32,12,120
world4_normal_1280,1280,800,1280,800,108,6.214500,0.075400,9.719700,true,6,32,12,120
world4_normal_1280,1280,800,1280,800,109,6.038800,0.079500,10.252700,true,6,32,12,120
world4_normal_1280,1280,800,1280,800,110,5.998600,0.078400,9.711800,true,6,32,12,120
world4_high_960,960,600,960,600,0,11.280500,0.073300,1.550000,true,37,320,180,1200
world4_high_960,960,600,960,600,1,12.677700,0.068000,1.249700,true,37,320,180,1200
world4_high_960,960,600,960,600,2,11.453800,0.075800,1.719600,true,37,320,180,1200
world4_high_960,960,600,960,600,3,12.158600,0.076500,1.503900,true,37,320,180,1200
world4_high_960,960,600,960,600,4,11.662800,0.085300,1.512200,true,37,320,180,1200
world4_high_960,960,600,960,600,5,11.454600,0.095200,1.249000,true,37,320,180,1200
world4_high_960,960,600,960,600,6,12.553500,0.089900,1.421100,true,37,320,180,1200
world4_high_960,960,600,960,600,7,12.635100,0.071500,1.238800,true,37,320,180,1200
world4_high_960,960,600,960,600,8,11.366000,0.077700,1.274700,true,37,320,180,1200
world4_high_960,960,600,960,600,9,12.537200,0.068200,1.264900,true,37,320,180,1200
world4_high_960,960,600,960,600,10,11.911700,0.077000,1.401700,true,37,320,180,1200
world4_high_960,960,600,960,600,11,11.724400,0.068200,1.543300,true,37,320,180,1200
world4_high_960,960,600,960,600,12,13.016700,0.076000,1.216600,true,37,320,180,1200
world4_high_960,960,600,960,600,13,12.269600,0.075900,1.277300,true,37,320,180,1200
world4_high_960,960,600,960,600,14,11.942000,0.076500,1.617200,true,37,320,180,1200
world4_high_960,960,600,960,600,15,13.019700,0.096300,1.252900,true,37,320,180,1200
world4_high_960,960,600,960,600,16,12.102000,0.133800,1.363200,true,37,320,180,1200
world4_high_960,960,600,960,600,17,12.989000,0.070300,1.601600,true,37,320,180,1200
world4_high_960,960,600,960,600,18,11.859700,0.083500,1.348800,true,37,320,180,1200
world4_high_960,960,600,960,600,19,11.722000,0.075800,1.342000,true,37,320,180,1200
world4_high_960,960,600,960,600,20,11.795400,0.073500,1.286700,true,37,320,180,1200
world4_high_960,960,600,960,600,21,11.473900,0.072600,1.388900,true,37,320,180,1200
world4_high_960,960,600,960,600,22,13.180200,0.087300,1.361900,true,37,320,180,1200
world4_high_960,960,600,960,600,23,12.384900,0.094600,1.428500,true,37,320,180,1200
world4_high_960,960,600,960,600,24,15.215500,0.087900,1.300000,true,37,320,180,1200
world4_high_960,960,600,960,600,25,11.990800,0.073800,1.326000,true,37,320,180,1200
world4_high_960,960,600,960,600,26,11.933600,0.073800,1.250900,true,37,320,180,1200
world4_high_960,960,600,960,600,27,12.363300,0.077000,1.720200,true,37,320,180,1200
world4_high_960,960,600,960,600,28,11.737700,0.081100,1.369100,true,37,320,180,1200
world4_high_960,960,600,960,600,29,11.982600,0.078400,1.467900,true,37,320,180,1200
world4_high_960,960,600,960,600,30,11.698400,0.066900,1.393100,true,37,320,180,1200
world4_high_960,960,600,960,600,31,12.713600,0.089000,1.359900,true,37,320,180,1200
world4_high_960,960,600,960,600,32,12.126900,0.074500,1.442100,true,37,320,180,1200
world4_high_960,960,600,960,600,33,12.385800,0.064500,1.210000,true,37,320,180,1200
world4_high_960,960,600,960,600,34,11.652100,0.075800,1.252000,true,37,320,180,1200
world4_high_960,960,600,960,600,35,12.700600,0.075200,1.428500,true,37,320,180,1200
world4_high_960,960,600,960,600,36,11.520500,0.078600,1.441400,true,37,320,180,1200
world4_high_960,960,600,960,600,37,12.908000,0.081900,1.298500,true,37,320,180,1200
world4_high_960,960,600,960,600,38,12.311500,0.068000,1.385000,true,37,320,180,1200
world4_high_960,960,600,960,600,39,11.736700,0.090000,1.322800,true,37,320,180,1200
world4_high_960,960,600,960,600,40,11.476000,0.086200,1.286400,true,37,320,180,1200
world4_high_960,960,600,960,600,41,11.459200,0.088400,1.360000,true,37,320,180,1200
world4_high_960,960,600,960,600,42,11.487600,0.087300,1.343700,true,37,320,180,1200
world4_high_960,960,600,960,600,43,13.319300,0.076100,1.379100,true,37,320,180,1200
world4_high_960,960,600,960,600,44,11.818800,0.097900,1.312900,true,37,320,180,1200
world4_high_960,960,600,960,600,45,11.783200,0.072500,1.480400,true,37,320,180,1200
world4_high_960,960,600,960,600,46,11.847200,0.075300,1.397500,true,37,320,180,1200
world4_high_960,960,600,960,600,47,12.038000,0.072500,1.702100,true,37,320,180,1200
world4_high_960,960,600,960,600,48,11.523600,0.085900,1.562100,true,37,320,180,1200
world4_high_960,960,600,960,600,49,12.464200,0.080000,1.376500,true,37,320,180,1200
world4_high_960,960,600,960,600,50,11.345300,0.077400,1.434300,true,37,320,180,1200
world4_high_960,960,600,960,600,51,11.970000,0.071900,1.230900,true,37,320,180,1200
world4_high_960,960,600,960,600,52,11.598700,0.083800,1.745500,true,37,320,180,1200
world4_high_960,960,600,960,600,53,11.419100,0.076300,1.643200,true,37,320,180,1200
world4_high_960,960,600,960,600,54,13.079900,0.066700,1.443000,true,37,320,180,1200
world4_high_960,960,600,960,600,55,12.596400,0.090000,1.437300,true,37,320,180,1200
world4_high_960,960,600,960,600,56,12.773900,0.077300,1.394600,true,37,320,180,1200
world4_high_960,960,600,960,600,57,11.911800,0.072800,1.219300,true,37,320,180,1200
world4_high_960,960,600,960,600,58,11.643500,0.079100,1.256100,true,37,320,180,1200
world4_high_960,960,600,960,600,59,11.839300,0.071300,1.243700,true,37,320,180,1200
world4_high_960,960,600,960,600,60,12.367000,0.066500,1.206200,true,37,320,180,1200
world4_high_960,960,600,960,600,61,12.841100,0.075900,1.301500,true,37,320,180,1200
world4_high_960,960,600,960,600,62,11.403200,0.069700,1.282000,true,37,320,180,1200
world4_high_960,960,600,960,600,63,12.273900,0.070500,1.369200,true,37,320,180,1200
world4_high_960,960,600,960,600,64,12.541500,0.072500,1.341500,true,37,320,180,1200
world4_high_960,960,600,960,600,65,11.704700,0.076200,1.303600,true,37,320,180,1200
world4_high_960,960,600,960,600,66,11.631800,0.080200,1.224900,true,37,320,180,1200
world4_high_960,960,600,960,600,67,12.524300,0.077900,1.308200,true,37,320,180,1200
world4_high_960,960,600,960,600,68,12.119900,0.067900,1.402200,true,37,320,180,1200
world4_high_960,960,600,960,600,69,11.533800,0.063900,1.226000,true,37,320,180,1200
world4_high_960,960,600,960,600,70,11.584300,0.077300,1.359900,true,37,320,180,1200
world4_high_960,960,600,960,600,71,12.156600,0.071700,1.396600,true,37,320,180,1200
world4_high_960,960,600,960,600,72,11.376600,0.071300,1.477600,true,37,320,180,1200
world4_high_960,960,600,960,600,73,11.482000,0.085300,1.715700,true,37,320,180,1200
world4_high_960,960,600,960,600,74,11.423200,0.079700,1.501300,true,37,320,180,1200
world4_high_960,960,600,960,600,75,12.148800,0.080500,1.505300,true,37,320,180,1200
world4_high_960,960,600,960,600,76,11.555300,0.072600,1.414600,true,37,320,180,1200
world4_high_960,960,600,960,600,77,11.571900,0.070000,1.441600,true,37,320,180,1200
world4_high_960,960,600,960,600,78,11.524900,0.090200,1.368100,true,37,320,180,1200
world4_high_960,960,600,960,600,79,13.262800,0.074500,1.446400,true,37,320,180,1200
world4_high_960,960,600,960,600,80,12.450800,0.078600,1.217800,true,37,320,180,1200
world4_high_960,960,600,960,600,81,12.887100,0.073800,1.423500,true,37,320,180,1200
world4_high_960,960,600,960,600,82,12.940700,0.071200,1.465000,true,37,320,180,1200
world4_high_960,960,600,960,600,83,11.532100,0.072800,1.223100,true,37,320,180,1200
world4_high_960,960,600,960,600,84,11.365100,0.095100,1.865500,true,37,320,180,1200
world4_high_960,960,600,960,600,85,11.492600,0.090200,1.397900,true,37,320,180,1200
world4_high_960,960,600,960,600,86,11.686600,0.078500,1.528400,true,37,320,180,1200
world4_high_960,960,600,960,600,87,12.013800,0.083000,1.371800,true,37,320,180,1200
world4_high_960,960,600,960,600,88,11.979000,0.090300,1.230700,true,37,320,180,1200
world4_high_960,960,600,960,600,89,12.477700,0.064600,1.358100,true,37,320,180,1200
world4_high_960,960,600,960,600,90,11.940600,0.071600,1.502500,true,37,320,180,1200
world4_high_960,960,600,960,600,91,12.659200,0.088700,1.390900,true,37,320,180,1200
world4_high_960,960,600,960,600,92,11.882300,0.103800,1.378600,true,37,320,180,1200
world4_high_960,960,600,960,600,93,11.802000,0.069500,1.356600,true,37,320,180,1200
world4_high_960,960,600,960,600,94,12.579900,0.074700,1.488500,true,37,320,180,1200
world4_high_960,960,600,960,600,95,12.170300,0.082500,1.264600,true,37,320,180,1200
world4_high_960,960,600,960,600,96,11.789300,0.089500,1.230000,true,37,320,180,1200
world4_high_960,960,600,960,600,97,11.633200,0.086300,1.227800,true,37,320,180,1200
world4_high_960,960,600,960,600,98,11.951500,0.073700,1.512500,true,37,320,180,1200
world4_high_960,960,600,960,600,99,12.253000,0.074500,1.411800,true,37,320,180,1200
world4_high_960,960,600,960,600,100,11.657700,0.081100,1.483800,true,37,320,180,1200
world4_high_960,960,600,960,600,101,11.587500,0.081500,1.376200,true,37,320,180,1200
world4_high_960,960,600,960,600,102,12.942800,0.077800,1.805600,true,37,320,180,1200
world4_high_960,960,600,960,600,103,11.595100,0.079000,1.362900,true,37,320,180,1200
world4_high_960,960,600,960,600,104,12.151600,0.081300,1.221800,true,37,320,180,1200
world4_high_960,960,600,960,600,105,12.289900,0.087100,1.327000,true,37,320,180,1200
world4_high_960,960,600,960,600,106,13.264100,0.086300,1.441900,true,37,320,180,1200
world4_high_960,960,600,960,600,107,12.253900,0.068800,1.411900,true,37,320,180,1200
world4_high_960,960,600,960,600,108,11.940000,0.093800,1.313500,true,37,320,180,1200
world4_high_960,960,600,960,600,109,11.996900,0.086300,1.445600,true,37,320,180,1200
world4_high_960,960,600,960,600,110,12.032500,0.076600,1.348400,true,37,320,180,1200
world4_high_960,960,600,960,600,111,11.868600,0.065100,1.228700,true,37,320,180,1200
world4_high_960,960,600,960,600,112,12.446300,0.066700,1.492400,true,37,320,180,1200
world4_high_960,960,600,960,600,113,13.728800,0.067400,1.431900,true,37,320,180,1200
world4_high_960,960,600,960,600,114,11.582400,0.068000,1.226200,true,37,320,180,1200
world4_high_960,960,600,960,600,115,12.468000,0.070900,1.430000,true,37,320,180,1200
world4_high_960,960,600,960,600,116,11.530400,0.077300,1.376100,true,37,320,180,1200
world4_high_960,960,600,960,600,117,11.269400,0.101700,1.438300,true,37,320,180,1200
world4_high_960,960,600,960,600,118,12.373300,0.090800,1.422700,true,37,320,180,1200
world4_high_960,960,600,960,600,119,11.434100,0.074100,1.221300,true,37,320,180,1200
world4_high_960,960,600,960,600,120,12.076900,0.077200,1.343900,true,37,320,180,1200
world4_high_960,960,600,960,600,121,11.785900,0.067200,1.242000,true,37,320,180,1200
world4_high_960,960,600,960,600,122,12.085200,0.076300,1.381800,true,37,320,180,1200
world4_high_960,960,600,960,600,123,11.573200,0.072900,1.201500,true,37,320,180,1200
world4_high_960,960,600,960,600,124,12.370800,0.068100,1.394500,true,37,320,180,1200
world4_high_960,960,600,960,600,125,11.596500,0.076700,1.714800,true,37,320,180,1200
world4_high_960,960,600,960,600,126,11.733200,0.086100,1.485600,true,37,320,180,1200
world4_high_960,960,600,960,600,127,12.392300,0.070100,1.279900,true,37,320,180,1200
world4_high_960,960,600,960,600,128,11.650400,0.213700,1.291600,true,37,320,180,1200
world4_high_600,600,400,600,375,0,12.249700,0.076800,2.189200,true,37,320,180,1200
world4_high_600,600,400,600,375,1,12.582200,0.086100,2.416400,true,37,320,180,1200
world4_high_600,600,400,600,375,2,11.622400,0.068500,2.371900,true,37,320,180,1200
world4_high_600,600,400,600,375,3,11.222900,0.077100,2.709300,true,37,320,180,1200
world4_high_600,600,400,600,375,4,11.231600,0.087000,2.446000,true,37,320,180,1200
world4_high_600,600,400,600,375,5,11.267900,0.073200,2.365000,true,37,320,180,1200
world4_high_600,600,400,600,375,6,12.022400,0.090300,2.371600,true,37,320,180,1200
world4_high_600,600,400,600,375,7,12.622100,0.081000,2.322600,true,37,320,180,1200
world4_high_600,600,400,600,375,8,12.046300,0.090500,2.451800,true,37,320,180,1200
world4_high_600,600,400,600,375,9,11.282800,0.092600,2.657400,true,37,320,180,1200
world4_high_600,600,400,600,375,10,11.703300,0.079000,2.315600,true,37,320,180,1200
world4_high_600,600,400,600,375,11,12.795500,0.073400,2.210300,true,37,320,180,1200
world4_high_600,600,400,600,375,12,13.344000,0.095800,2.368300,true,37,320,180,1200
world4_high_600,600,400,600,375,13,11.558100,0.085900,2.403700,true,37,320,180,1200
world4_high_600,600,400,600,375,14,12.857200,0.079400,2.250700,true,37,320,180,1200
world4_high_600,600,400,600,375,15,12.350600,0.074200,2.311500,true,37,320,180,1200
world4_high_600,600,400,600,375,16,11.482000,0.079700,2.682700,true,37,320,180,1200
world4_high_600,600,400,600,375,17,12.186800,0.082100,2.430700,true,37,320,180,1200
world4_high_600,600,400,600,375,18,11.963900,0.131800,2.454800,true,37,320,180,1200
world4_high_600,600,400,600,375,19,11.483900,0.073200,2.209200,true,37,320,180,1200
world4_high_600,600,400,600,375,20,14.760700,0.081900,2.224700,true,37,320,180,1200
world4_high_600,600,400,600,375,21,13.843900,0.066000,2.459400,true,37,320,180,1200
world4_high_600,600,400,600,375,22,11.769300,0.072600,2.389500,true,37,320,180,1200
world4_high_600,600,400,600,375,23,11.837700,0.073000,2.216800,true,37,320,180,1200
world4_high_600,600,400,600,375,24,12.318600,0.103400,2.462100,true,37,320,180,1200
world4_high_600,600,400,600,375,25,11.354400,0.075800,2.177300,true,37,320,180,1200
world4_high_600,600,400,600,375,26,12.612700,0.076300,2.910800,true,37,320,180,1200
world4_high_600,600,400,600,375,27,12.067200,0.070600,2.388000,true,37,320,180,1200
world4_high_600,600,400,600,375,28,12.590800,0.075300,2.688100,true,37,320,180,1200
world4_high_600,600,400,600,375,29,11.225300,0.076100,2.406300,true,37,320,180,1200
world4_high_600,600,400,600,375,30,12.338900,0.073700,2.673800,true,37,320,180,1200
world4_high_600,600,400,600,375,31,11.484100,0.068900,2.425500,true,37,320,180,1200
world4_high_600,600,400,600,375,32,11.926600,0.071000,2.273400,true,37,320,180,1200
world4_high_600,600,400,600,375,33,12.485200,0.087900,2.334700,true,37,320,180,1200
world4_high_600,600,400,600,375,34,11.791400,0.076500,2.258000,true,37,320,180,1200
world4_high_600,600,400,600,375,35,12.943400,0.074100,2.770100,true,37,320,180,1200
world4_high_600,600,400,600,375,36,11.543100,0.075300,2.275600,true,37,320,180,1200
world4_high_600,600,400,600,375,37,11.750900,0.070800,2.290900,true,37,320,180,1200
world4_high_600,600,400,600,375,38,12.330800,0.091900,2.297400,true,37,320,180,1200
world4_high_600,600,400,600,375,39,11.591300,0.098700,2.298200,true,37,320,180,1200
world4_high_600,600,400,600,375,40,12.718400,0.091300,2.729500,true,37,320,180,1200
world4_high_600,600,400,600,375,41,11.395300,0.077800,2.201700,true,37,320,180,1200
world4_high_600,600,400,600,375,42,13.143700,0.074200,2.396700,true,37,320,180,1200
world4_high_600,600,400,600,375,43,12.241600,0.096600,2.362400,true,37,320,180,1200
world4_high_600,600,400,600,375,44,12.793400,0.081100,2.391700,true,37,320,180,1200
world4_high_600,600,400,600,375,45,11.604300,0.080900,2.523100,true,37,320,180,1200
world4_high_600,600,400,600,375,46,11.786600,0.068600,2.153800,true,37,320,180,1200
world4_high_600,600,400,600,375,47,12.373700,0.076100,2.694500,true,37,320,180,1200
world4_high_600,600,400,600,375,48,12.108400,0.082800,2.180500,true,37,320,180,1200
world4_high_600,600,400,600,375,49,11.542500,0.080800,2.225100,true,37,320,180,1200
world4_high_600,600,400,600,375,50,12.482700,0.093300,2.407300,true,37,320,180,1200
world4_high_600,600,400,600,375,51,13.342400,0.074100,2.453400,true,37,320,180,1200
world4_high_600,600,400,600,375,52,11.671800,0.086400,2.498900,true,37,320,180,1200
world4_high_600,600,400,600,375,53,11.196200,0.084900,2.301500,true,37,320,180,1200
world4_high_600,600,400,600,375,54,12.131700,0.075600,2.434400,true,37,320,180,1200
world4_high_600,600,400,600,375,55,12.804200,0.081900,2.190300,true,37,320,180,1200
world4_high_600,600,400,600,375,56,13.172500,0.074900,2.864700,true,37,320,180,1200
world4_high_600,600,400,600,375,57,12.214900,0.076100,2.360900,true,37,320,180,1200
world4_high_600,600,400,600,375,58,12.427300,0.070800,2.357300,true,37,320,180,1200
world4_high_600,600,400,600,375,59,11.233000,0.087500,2.387300,true,37,320,180,1200
world4_high_600,600,400,600,375,60,11.387200,0.089100,2.337200,true,37,320,180,1200
world4_high_600,600,400,600,375,61,11.451900,0.070600,2.267800,true,37,320,180,1200
world4_high_600,600,400,600,375,62,12.062500,0.094100,2.385500,true,37,320,180,1200
world4_high_600,600,400,600,375,63,13.340300,0.071300,2.550700,true,37,320,180,1200
world4_high_600,600,400,600,375,64,11.629700,0.121500,3.187100,true,37,320,180,1200
world4_high_600,600,400,600,375,65,12.045000,0.071700,2.236400,true,37,320,180,1200
world4_high_600,600,400,600,375,66,12.717300,0.094600,2.457700,true,37,320,180,1200
world4_high_600,600,400,600,375,67,12.726100,0.069900,2.370000,true,37,320,180,1200
world4_high_600,600,400,600,375,68,11.944700,0.097700,2.307700,true,37,320,180,1200
world4_high_600,600,400,600,375,69,11.688200,0.080600,2.665000,true,37,320,180,1200
world4_high_600,600,400,600,375,70,12.086800,0.084600,2.550500,true,37,320,180,1200
world4_high_600,600,400,600,375,71,12.643100,0.083600,2.345700,true,37,320,180,1200
world4_high_600,600,400,600,375,72,12.751200,0.079000,2.384800,true,37,320,180,1200
world4_high_600,600,400,600,375,73,11.567000,0.073700,2.381100,true,37,320,180,1200
world4_high_600,600,400,600,375,74,11.588400,0.093000,2.325300,true,37,320,180,1200
world4_high_600,600,400,600,375,75,12.289100,0.074600,2.394600,true,37,320,180,1200
world4_high_600,600,400,600,375,76,12.713900,0.075200,2.189000,true,37,320,180,1200
world4_high_600,600,400,600,375,77,11.524100,0.080400,2.618600,true,37,320,180,1200
world4_high_600,600,400,600,375,78,11.544600,0.102300,2.314500,true,37,320,180,1200
world4_high_600,600,400,600,375,79,11.732300,0.070900,2.190900,true,37,320,180,1200
world4_high_600,600,400,600,375,80,11.952400,0.081400,2.623700,true,37,320,180,1200
world4_high_600,600,400,600,375,81,12.760700,0.075400,2.205400,true,37,320,180,1200
world4_high_600,600,400,600,375,82,13.518100,0.085300,2.539700,true,37,320,180,1200
world4_high_600,600,400,600,375,83,11.965400,0.075800,2.211700,true,37,320,180,1200
world4_high_600,600,400,600,375,84,12.170100,0.077400,2.560600,true,37,320,180,1200
world4_high_600,600,400,600,375,85,12.487000,0.072300,2.382200,true,37,320,180,1200
world4_high_600,600,400,600,375,86,12.043200,0.075000,2.383700,true,37,320,180,1200
world4_high_600,600,400,600,375,87,11.795600,0.095100,2.926200,true,37,320,180,1200
world4_high_600,600,400,600,375,88,12.839400,0.086900,2.604000,true,37,320,180,1200
world4_high_600,600,400,600,375,89,13.312100,0.072900,2.211300,true,37,320,180,1200
world4_high_600,600,400,600,375,90,12.597500,0.083700,2.299900,true,37,320,180,1200
world4_high_600,600,400,600,375,91,12.534100,0.092500,2.412600,true,37,320,180,1200
world4_high_600,600,400,600,375,92,12.083000,0.071700,2.636900,true,37,320,180,1200
world4_high_600,600,400,600,375,93,13.013000,0.074800,2.213300,true,37,320,180,1200
world4_high_600,600,400,600,375,94,12.040400,0.074800,2.457800,true,37,320,180,1200
world4_high_600,600,400,600,375,95,11.697400,0.082200,2.330000,true,37,320,180,1200
world4_high_600,600,400,600,375,96,12.027200,0.068000,2.360000,true,37,320,180,1200
world4_high_600,600,400,600,375,97,12.930900,0.084300,2.547100,true,37,320,180,1200
world4_high_600,600,400,600,375,98,12.258500,0.073500,2.728900,true,37,320,180,1200
world4_high_600,600,400,600,375,99,12.100300,0.083100,2.756400,true,37,320,180,1200
world4_high_600,600,400,600,375,100,11.969300,0.076800,2.549500,true,37,320,180,1200
world4_high_600,600,400,600,375,101,13.045600,0.083600,2.297300,true,37,320,180,1200
world4_high_600,600,400,600,375,102,12.567900,0.073000,2.209200,true,37,320,180,1200
world4_high_600,600,400,600,375,103,11.584700,0.083900,2.665600,true,37,320,180,1200
world4_high_600,600,400,600,375,104,11.935800,0.086300,2.311000,true,37,320,180,1200
world4_high_600,600,400,600,375,105,12.101600,0.080400,2.377000,true,37,320,180,1200
world4_high_600,600,400,600,375,106,12.131000,0.085400,2.543100,true,37,320,180,1200
world4_high_600,600,400,600,375,107,13.816300,0.080500,2.411100,true,37,320,180,1200
world4_high_600,600,400,600,375,108,12.247700,0.082000,2.238500,true,37,320,180,1200
world4_high_600,600,400,600,375,109,12.655200,0.075500,2.278300,true,37,320,180,1200
world4_high_600,600,400,600,375,110,12.870400,0.102100,2.265500,true,37,320,180,1200
world4_high_600,600,400,600,375,111,12.277100,0.086200,2.468600,true,37,320,180,1200
world4_high_600,600,400,600,375,112,12.187500,0.095200,2.885500,true,37,320,180,1200
world4_high_600,600,400,600,375,113,12.407600,0.074900,2.649300,true,37,320,180,1200
world4_high_600,600,400,600,375,114,13.436100,0.079500,2.550700,true,37,320,180,1200
world4_high_600,600,400,600,375,115,13.273300,0.098700,2.483800,true,37,320,180,1200
world4_high_600,600,400,600,375,116,12.310300,0.090800,2.337800,true,37,320,180,1200
world4_high_600,600,400,600,375,117,12.844200,0.104100,4.054200,true,37,320,180,1200
world4_high_1280,1280,800,1280,800,0,11.803600,0.086500,11.725100,true,37,320,180,1200
world4_high_1280,1280,800,1280,800,1,13.401000,0.102100,10.888500,true,37,320,180,1200
world4_high_1280,1280,800,1280,800,2,11.361200,0.083100,11.167300,true,37,320,180,1200
world4_high_1280,1280,800,1280,800,3,11.458100,0.071700,9.903100,true,37,320,180,1200
world4_high_1280,1280,800,1280,800,4,12.460600,0.074700,10.021400,true,37,320,180,1200
world4_high_1280,1280,800,1280,800,5,11.341000,0.072000,10.014900,true,37,320,180,1200
world4_high_1280,1280,800,1280,800,6,11.289400,0.073300,10.226900,true,37,320,180,1200
world4_high_1280,1280,800,1280,800,7,10.646100,0.073700,10.517000,true,37,320,180,1200
world4_high_1280,1280,800,1280,800,8,11.122000,0.084300,9.773800,true,37,320,180,1200
world4_high_1280,1280,800,1280,800,9,10.553900,0.076600,10.898200,true,37,320,180,1200
world4_high_1280,1280,800,1280,800,10,10.997500,0.073100,10.325100,true,37,320,180,1200
world4_high_1280,1280,800,1280,800,11,10.710000,0.080700,10.812200,true,37,320,180,1200
world4_high_1280,1280,800,1280,800,12,12.036900,0.077500,9.880800,true,37,320,180,1200
world4_high_1280,1280,800,1280,800,13,11.820300,0.085100,9.841300,true,37,320,180,1200
world4_high_1280,1280,800,1280,800,14,11.535500,0.071000,9.852500,true,37,320,180,1200
world4_high_1280,1280,800,1280,800,15,10.717100,0.072200,10.037600,true,37,320,180,1200
world4_high_1280,1280,800,1280,800,16,11.257000,0.074500,9.850000,true,37,320,180,1200
world4_high_1280,1280,800,1280,800,17,11.959300,0.076300,10.251100,true,37,320,180,1200
world4_high_1280,1280,800,1280,800,18,11.042400,0.074500,10.176400,true,37,320,180,1200
world4_high_1280,1280,800,1280,800,19,11.956500,0.082000,10.042600,true,37,320,180,1200
world4_high_1280,1280,800,1280,800,20,11.889500,0.071500,10.113100,true,37,320,180,1200
world4_high_1280,1280,800,1280,800,21,10.815000,0.071800,9.770400,true,37,320,180,1200
world4_high_1280,1280,800,1280,800,22,11.474100,0.070700,9.787700,true,37,320,180,1200
world4_high_1280,1280,800,1280,800,23,11.410200,0.097100,9.884700,true,37,320,180,1200
world4_high_1280,1280,800,1280,800,24,12.109500,0.086700,9.777300,true,37,320,180,1200
world4_high_1280,1280,800,1280,800,25,11.251300,0.081100,13.208700,true,37,320,180,1200
world4_high_1280,1280,800,1280,800,26,11.572500,0.079300,10.245500,true,37,320,180,1200
world4_high_1280,1280,800,1280,800,27,11.449100,0.071400,10.205100,true,37,320,180,1200
world4_high_1280,1280,800,1280,800,28,11.454900,0.075900,9.811400,true,37,320,180,1200
world4_high_1280,1280,800,1280,800,29,11.778200,0.094500,10.244300,true,37,320,180,1200
world4_high_1280,1280,800,1280,800,30,14.234400,0.184200,10.564400,true,37,320,180,1200
world4_high_1280,1280,800,1280,800,31,14.609100,0.090100,10.698900,true,37,320,180,1200
world4_high_1280,1280,800,1280,800,32,13.004700,0.077300,10.496400,true,37,320,180,1200
world4_high_1280,1280,800,1280,800,33,11.649200,0.074000,9.956200,true,37,320,180,1200
world4_high_1280,1280,800,1280,800,34,12.580200,0.076100,9.884300,true,37,320,180,1200
world4_high_1280,1280,800,1280,800,35,11.764000,0.070700,10.536900,true,37,320,180,1200
world4_high_1280,1280,800,1280,800,36,11.660500,0.079500,10.446500,true,37,320,180,1200
world4_high_1280,1280,800,1280,800,37,12.624100,0.071600,10.572100,true,37,320,180,1200
world4_high_1280,1280,800,1280,800,38,12.490700,0.122100,10.514400,true,37,320,180,1200
world4_high_1280,1280,800,1280,800,39,11.778900,0.086800,10.921000,true,37,320,180,1200
world4_high_1280,1280,800,1280,800,40,12.079300,0.085800,9.918500,true,37,320,180,1200
world4_high_1280,1280,800,1280,800,41,12.989400,0.089300,10.635800,true,37,320,180,1200
world4_high_1280,1280,800,1280,800,42,14.177900,0.091500,10.329400,true,37,320,180,1200
world4_high_1280,1280,800,1280,800,43,12.109800,0.094000,10.064700,true,37,320,180,1200
world4_high_1280,1280,800,1280,800,44,11.700200,0.073000,10.404100,true,37,320,180,1200
world4_high_1280,1280,800,1280,800,45,11.843300,0.086800,10.044300,true,37,320,180,1200
world4_high_1280,1280,800,1280,800,46,13.145500,0.078800,10.006200,true,37,320,180,1200
world4_high_1280,1280,800,1280,800,47,12.090300,0.069400,16.414600,true,37,320,180,1200
world4_high_1280,1280,800,1280,800,48,19.272100,0.083600,9.906300,true,37,320,180,1200
world4_high_1280,1280,800,1280,800,49,13.028900,0.083500,10.695700,true,37,320,180,1200
world4_high_1280,1280,800,1280,800,50,12.147200,0.078600,10.114000,true,37,320,180,1200
world4_high_1280,1280,800,1280,800,51,12.298000,0.091400,10.354200,true,37,320,180,1200
world4_high_1280,1280,800,1280,800,52,12.019000,0.072500,9.752800,true,37,320,180,1200
world4_high_1280,1280,800,1280,800,53,11.655200,0.082200,9.696000,true,37,320,180,1200
world4_high_1280,1280,800,1280,800,54,12.838200,0.079900,9.890500,true,37,320,180,1200
world4_high_1280,1280,800,1280,800,55,12.754600,0.075400,9.920800,true,37,320,180,1200
world4_high_1280,1280,800,1280,800,56,11.611800,0.081000,9.916100,true,37,320,180,1200
world4_high_1280,1280,800,1280,800,57,11.526000,0.079200,9.964400,true,37,320,180,1200
world4_high_1280,1280,800,1280,800,58,11.989300,0.072500,9.717300,true,37,320,180,1200
world4_high_1280,1280,800,1280,800,59,11.544000,0.075800,9.721700,true,37,320,180,1200
world4_high_1280,1280,800,1280,800,60,12.708400,0.074200,9.901200,true,37,320,180,1200
world4_high_1280,1280,800,1280,800,61,11.563400,0.069800,9.797000,true,37,320,180,1200
world4_high_1280,1280,800,1280,800,62,11.752400,0.087300,9.816900,true,37,320,180,1200
world4_high_1280,1280,800,1280,800,63,12.774500,0.075000,10.061200,true,37,320,180,1200
world4_high_1280,1280,800,1280,800,64,12.200400,0.081800,9.679900,true,37,320,180,1200
world4_high_1280,1280,800,1280,800,65,11.535200,0.081300,11.159700,true,37,320,180,1200
world4_high_1280,1280,800,1280,800,66,12.323500,0.076000,9.745800,true,37,320,180,1200
world4_high_1280,1280,800,1280,800,67,12.379400,0.071300,10.685800,true,37,320,180,1200
world4_high_1280,1280,800,1280,800,68,11.735200,0.078200,10.716600,true,37,320,180,1200
world4_high_1280,1280,800,1280,800,69,11.713100,0.083100,9.932000,true,37,320,180,1200
world4_high_1280,1280,800,1280,800,70,13.111100,0.090300,9.904100,true,37,320,180,1200
world4_high_1280,1280,800,1280,800,71,11.775400,0.100300,9.580600,true,37,320,180,1200
world4_high_1280,1280,800,1280,800,72,12.032800,0.076700,9.757200,true,37,320,180,1200
world4_high_1280,1280,800,1280,800,73,12.278900,0.071500,10.217400,true,37,320,180,1200
world4_high_1280,1280,800,1280,800,74,12.573600,0.077500,10.168200,true,37,320,180,1200
world4_high_1280,1280,800,1280,800,75,13.439300,0.070100,9.736100,true,37,320,180,1200
world4_high_1280,1280,800,1280,800,76,11.469200,0.074600,9.622400,true,37,320,180,1200
world4_high_1280,1280,800,1280,800,77,12.500000,0.084800,9.783800,true,37,320,180,1200
world5_normal_960,960,600,960,600,0,5.587200,0.068100,1.719000,true,6,32,12,120
world5_normal_960,960,600,960,600,1,5.373900,0.071100,1.666500,true,6,32,12,120
world5_normal_960,960,600,960,600,2,5.615500,0.071300,1.370700,true,6,32,12,120
world5_normal_960,960,600,960,600,3,5.464500,0.067100,1.323600,true,6,32,12,120
world5_normal_960,960,600,960,600,4,5.551500,0.068200,1.570600,true,6,32,12,120
world5_normal_960,960,600,960,600,5,5.544400,0.066600,1.317300,true,6,32,12,120
world5_normal_960,960,600,960,600,6,6.039300,0.078600,1.422300,true,6,32,12,120
world5_normal_960,960,600,960,600,7,5.244500,0.067500,2.190600,true,6,32,12,120
world5_normal_960,960,600,960,600,8,6.137200,0.066100,1.207800,true,6,32,12,120
world5_normal_960,960,600,960,600,9,5.782800,0.061600,1.291000,true,6,32,12,120
world5_normal_960,960,600,960,600,10,7.500800,0.078300,1.339100,true,6,32,12,120
world5_normal_960,960,600,960,600,11,5.294100,0.073600,1.530600,true,6,32,13,120
world5_normal_960,960,600,960,600,12,5.896000,0.071100,1.256600,true,6,32,12,120
world5_normal_960,960,600,960,600,13,5.185000,0.059600,1.207400,true,6,32,12,120
world5_normal_960,960,600,960,600,14,5.615000,0.066200,1.266400,true,6,32,12,120
world5_normal_960,960,600,960,600,15,5.798500,0.068400,1.434900,true,6,32,13,120
world5_normal_960,960,600,960,600,16,5.950400,0.071100,1.378500,true,6,32,12,120
world5_normal_960,960,600,960,600,17,6.104800,0.071300,1.448000,true,6,32,12,120
world5_normal_960,960,600,960,600,18,6.391800,0.076400,1.441000,true,6,32,12,120
world5_normal_960,960,600,960,600,19,5.305700,0.080400,1.388400,true,6,32,12,120
world5_normal_960,960,600,960,600,20,5.806500,0.069300,1.415100,true,6,32,12,120
world5_normal_960,960,600,960,600,21,5.576700,0.119700,1.419100,true,6,32,12,120
world5_normal_960,960,600,960,600,22,6.218600,0.071200,1.453900,true,6,32,12,120
world5_normal_960,960,600,960,600,23,5.680200,0.070800,1.386400,true,6,32,12,120
world5_normal_960,960,600,960,600,24,5.922400,0.070800,1.813900,true,6,32,12,120
world5_normal_960,960,600,960,600,25,5.765700,0.073900,1.598000,true,6,32,12,120
world5_normal_960,960,600,960,600,26,5.802400,0.067400,1.471900,true,6,32,12,120
world5_normal_960,960,600,960,600,27,5.145800,0.068000,1.280700,true,6,32,12,120
world5_normal_960,960,600,960,600,28,6.129900,0.069400,1.400000,true,6,32,12,120
world5_normal_960,960,600,960,600,29,6.052700,0.072800,1.323700,true,6,32,12,120
world5_normal_960,960,600,960,600,30,6.446500,0.088000,1.352000,true,6,32,12,120
world5_normal_960,960,600,960,600,31,5.704000,0.067900,1.716100,true,6,32,12,120
world5_normal_960,960,600,960,600,32,5.587400,0.066700,1.241200,true,6,32,12,120
world5_normal_960,960,600,960,600,33,5.716300,0.078500,1.399000,true,6,32,12,120
world5_normal_960,960,600,960,600,34,6.475100,0.078800,1.431000,true,6,32,12,120
world5_normal_960,960,600,960,600,35,5.063000,0.055900,1.501700,true,6,32,12,120
world5_normal_960,960,600,960,600,36,5.725900,0.064900,1.249000,true,6,32,12,120
world5_normal_960,960,600,960,600,37,5.161200,0.056500,1.192600,true,6,32,12,120
world5_normal_960,960,600,960,600,38,6.119100,0.066700,1.701000,true,6,32,12,120
world5_normal_960,960,600,960,600,39,5.369200,0.075500,1.532900,true,6,32,12,120
world5_normal_960,960,600,960,600,40,6.381500,0.078000,1.612900,true,6,32,12,120
world5_normal_960,960,600,960,600,41,5.817200,0.074500,1.319500,true,6,32,12,120
world5_normal_960,960,600,960,600,42,5.972400,0.089800,1.437400,true,6,32,12,120
world5_normal_960,960,600,960,600,43,5.973400,0.068400,1.344500,true,6,32,13,120
world5_normal_960,960,600,960,600,44,6.412500,0.064800,1.378300,true,6,32,12,120
world5_normal_960,960,600,960,600,45,5.576800,0.078500,1.239900,true,6,32,12,120
world5_normal_960,960,600,960,600,46,6.197600,0.063000,1.428300,true,6,32,12,120
world5_normal_960,960,600,960,600,47,5.228400,0.065700,1.756100,true,6,32,12,120
world5_normal_960,960,600,960,600,48,5.786800,0.083600,1.370700,true,6,32,12,120
world5_normal_960,960,600,960,600,49,5.183900,0.086100,1.440900,true,6,32,12,120
world5_normal_960,960,600,960,600,50,6.206600,0.066500,1.206700,true,6,32,12,120
world5_normal_960,960,600,960,600,51,5.566800,0.065100,1.235400,true,6,32,12,120
world5_normal_960,960,600,960,600,52,6.103400,0.066600,1.411500,true,6,32,12,120
world5_normal_960,960,600,960,600,53,5.351200,0.068500,1.714800,true,6,32,12,120
world5_normal_960,960,600,960,600,54,5.720200,0.067600,1.377000,true,6,32,12,120
world5_normal_960,960,600,960,600,55,5.092500,0.060800,1.276600,true,6,32,12,120
world5_normal_960,960,600,960,600,56,5.892300,0.066600,1.295400,true,6,32,12,120
world5_normal_960,960,600,960,600,57,5.271500,0.072300,1.256700,true,6,32,12,120
world5_normal_960,960,600,960,600,58,5.952100,0.062600,1.236500,true,6,32,12,120
world5_normal_960,960,600,960,600,59,5.567800,0.077800,1.540900,true,6,32,12,120
world5_normal_960,960,600,960,600,60,6.034500,0.069100,1.303100,true,6,32,12,120
world5_normal_960,960,600,960,600,61,5.893300,0.061100,1.403500,true,6,32,12,120
world5_normal_960,960,600,960,600,62,5.989200,0.070800,1.327400,true,6,32,12,120
world5_normal_960,960,600,960,600,63,5.441000,0.068700,1.348800,true,6,32,12,120
world5_normal_960,960,600,960,600,64,6.210500,0.086100,1.472700,true,6,32,12,120
world5_normal_960,960,600,960,600,65,5.167700,0.083900,1.475400,true,6,32,12,120
world5_normal_960,960,600,960,600,66,5.611500,0.088800,1.428800,true,6,32,12,120
world5_normal_960,960,600,960,600,67,5.570100,0.082600,1.252400,true,6,32,12,120
world5_normal_960,960,600,960,600,68,5.545500,0.070500,1.277000,true,6,32,12,120
world5_normal_960,960,600,960,600,69,6.131100,0.059100,1.426200,true,6,32,12,120
world5_normal_960,960,600,960,600,70,5.784200,0.068700,1.459700,true,6,32,12,120
world5_normal_960,960,600,960,600,71,5.331300,0.069900,1.306500,true,6,32,12,120
world5_normal_960,960,600,960,600,72,5.634400,0.068200,1.475700,true,6,32,12,120
world5_normal_960,960,600,960,600,73,5.542200,0.218500,1.240200,true,6,32,12,120
world5_normal_960,960,600,960,600,74,5.956900,0.068200,1.360900,true,6,32,12,120
world5_normal_960,960,600,960,600,75,5.519400,0.069000,1.559700,true,6,32,12,120
world5_normal_960,960,600,960,600,76,7.595900,0.062500,1.352000,true,6,32,12,120
world5_normal_960,960,600,960,600,77,5.345300,0.066000,1.374100,true,6,32,12,120
world5_normal_960,960,600,960,600,78,6.002200,0.070700,1.511100,true,6,32,12,120
world5_normal_960,960,600,960,600,79,5.655900,0.072100,1.441600,true,6,32,12,120
world5_normal_960,960,600,960,600,80,5.755200,0.073800,1.374900,true,6,32,12,120
world5_normal_960,960,600,960,600,81,5.589100,0.066400,1.566000,true,6,32,12,120
world5_normal_960,960,600,960,600,82,5.688300,0.075800,1.471400,true,6,32,12,120
world5_normal_960,960,600,960,600,83,5.504300,0.073200,1.703800,true,6,32,12,120
world5_normal_960,960,600,960,600,84,5.786800,0.072400,1.351900,true,6,32,12,120
world5_normal_960,960,600,960,600,85,5.321400,0.068700,1.236200,true,6,32,12,120
world5_normal_960,960,600,960,600,86,5.996500,0.070800,1.332100,true,6,32,12,120
world5_normal_960,960,600,960,600,87,5.245100,0.071000,1.427000,true,6,32,12,120
world5_normal_960,960,600,960,600,88,5.786800,0.071000,1.340200,true,6,32,12,120
world5_normal_960,960,600,960,600,89,5.509900,0.070200,1.382200,true,6,32,12,120
world5_normal_960,960,600,960,600,90,5.815600,0.065700,1.483400,true,6,32,12,120
world5_normal_960,960,600,960,600,91,5.282600,0.082600,1.520200,true,6,32,12,120
world5_normal_960,960,600,960,600,92,5.670900,0.069200,1.261300,true,6,32,12,120
world5_normal_960,960,600,960,600,93,5.932300,0.058900,1.388100,true,6,32,12,120
world5_normal_960,960,600,960,600,94,5.674500,0.090200,1.371200,true,6,32,12,120
world5_normal_960,960,600,960,600,95,5.604200,0.090900,1.336000,true,6,32,12,120
world5_normal_960,960,600,960,600,96,5.832000,0.094100,2.074100,true,6,32,12,120
world5_normal_960,960,600,960,600,97,5.301500,0.074900,1.433600,true,6,32,12,120
world5_normal_960,960,600,960,600,98,6.210500,0.067300,1.429200,true,6,32,12,120
world5_normal_960,960,600,960,600,99,5.351500,0.077500,1.519100,true,6,32,12,120
world5_normal_960,960,600,960,600,100,6.490200,0.081000,1.295800,true,6,32,12,120
world5_normal_960,960,600,960,600,101,5.905900,0.067800,1.391400,true,6,32,12,120
world5_normal_960,960,600,960,600,102,5.892200,0.063700,1.230700,true,6,32,12,120
world5_normal_960,960,600,960,600,103,5.528500,0.072400,1.222700,true,6,32,12,120
world5_normal_960,960,600,960,600,104,6.107200,0.075100,1.854400,true,6,32,12,120
world5_normal_960,960,600,960,600,105,5.217200,0.067100,1.442200,true,6,32,12,120
world5_normal_960,960,600,960,600,106,6.264200,0.064000,1.226700,true,6,32,12,120
world5_normal_960,960,600,960,600,107,5.928200,0.062200,1.216800,true,6,32,12,120
world5_normal_960,960,600,960,600,108,6.213400,0.068200,1.276500,true,6,32,12,120
world5_normal_960,960,600,960,600,109,6.245300,0.084300,1.557800,true,6,32,12,120
world5_normal_960,960,600,960,600,110,5.637100,0.068200,1.315400,true,6,32,12,120
world5_normal_960,960,600,960,600,111,5.191300,0.066400,1.254600,true,6,32,12,120
world5_normal_960,960,600,960,600,112,6.119500,0.071400,1.750900,true,6,32,12,120
world5_normal_960,960,600,960,600,113,5.471700,0.071600,1.440000,true,6,32,12,120
world5_normal_960,960,600,960,600,114,5.811100,0.104800,1.855000,true,6,32,12,120
world5_normal_960,960,600,960,600,115,5.276400,0.065900,1.243700,true,6,32,12,120
world5_normal_960,960,600,960,600,116,5.753900,0.070400,1.301800,true,6,32,12,120
world5_normal_960,960,600,960,600,117,5.724100,0.066700,1.488800,true,6,32,12,120
world5_normal_960,960,600,960,600,118,6.030500,0.071300,1.360800,true,6,32,12,120
world5_normal_960,960,600,960,600,119,5.833400,0.067800,1.470100,true,6,32,12,120
world5_normal_960,960,600,960,600,120,5.817900,0.068900,1.303300,true,6,32,12,120
world5_normal_960,960,600,960,600,121,5.155400,0.074700,1.305800,true,6,32,13,120
world5_normal_960,960,600,960,600,122,6.282300,0.070700,1.371700,true,6,32,12,120
world5_normal_960,960,600,960,600,123,5.590200,0.074800,1.364200,true,6,32,12,120
world5_normal_960,960,600,960,600,124,5.652400,0.063700,1.394100,true,6,32,12,120
world5_normal_960,960,600,960,600,125,5.543700,0.071500,1.350900,true,6,32,13,120
world5_normal_960,960,600,960,600,126,5.615600,0.068500,1.320000,true,6,32,12,120
world5_normal_960,960,600,960,600,127,5.207600,0.066600,1.227400,true,6,32,12,120
world5_normal_960,960,600,960,600,128,6.493300,0.067800,1.441800,true,6,32,12,120
world5_normal_960,960,600,960,600,129,5.921600,0.073700,1.353000,true,6,32,12,120
world5_normal_960,960,600,960,600,130,6.053500,0.069800,1.272200,true,6,32,12,120
world5_normal_960,960,600,960,600,131,5.100800,0.245600,1.332500,true,6,32,12,120
world5_normal_960,960,600,960,600,132,5.651900,0.070900,1.239800,true,6,32,12,120
world5_normal_960,960,600,960,600,133,5.289500,0.066500,1.369300,true,6,32,12,120
world5_normal_960,960,600,960,600,134,6.215100,0.072300,1.435800,true,6,32,12,120
world5_normal_960,960,600,960,600,135,5.252900,0.065200,1.789500,true,6,32,12,120
world5_normal_960,960,600,960,600,136,5.717800,0.070600,1.211300,true,6,32,12,120
world5_normal_960,960,600,960,600,137,5.800400,0.071300,1.233200,true,6,32,12,120
world5_normal_960,960,600,960,600,138,5.731500,0.063200,1.195200,true,6,32,12,120
world5_normal_960,960,600,960,600,139,6.037100,0.070300,1.704800,true,6,32,12,120
world5_normal_960,960,600,960,600,140,5.724300,0.082800,1.413200,true,6,32,12,120
world5_normal_960,960,600,960,600,141,5.330800,0.077000,1.419700,true,6,32,12,120
world5_normal_960,960,600,960,600,142,5.873400,0.069100,1.223600,true,6,32,12,120
world5_normal_960,960,600,960,600,143,5.598000,0.081000,1.316600,true,6,32,12,120
world5_normal_960,960,600,960,600,144,6.093600,0.066500,1.386100,true,6,32,12,120
world5_normal_960,960,600,960,600,145,6.004800,0.069200,1.364600,true,6,32,12,120
world5_normal_960,960,600,960,600,146,5.976700,0.070200,1.253300,true,6,32,12,120
world5_normal_960,960,600,960,600,147,5.507700,0.066700,1.496700,true,6,32,12,120
world5_normal_960,960,600,960,600,148,5.558800,0.068200,1.432700,true,6,32,12,120
world5_normal_960,960,600,960,600,149,5.223300,0.073200,1.230300,true,6,32,12,120
world5_normal_960,960,600,960,600,150,5.691400,0.074800,1.435800,true,6,32,12,120
world5_normal_960,960,600,960,600,151,5.334300,0.062500,1.216800,true,6,32,12,120
world5_normal_960,960,600,960,600,152,5.822300,0.065000,1.245600,true,6,32,12,120
world5_normal_960,960,600,960,600,153,5.254700,0.070900,1.247100,true,6,32,12,120
world5_normal_960,960,600,960,600,154,5.546200,0.071700,1.238600,true,6,32,12,120
world5_normal_960,960,600,960,600,155,5.565700,0.066200,1.419400,true,6,32,12,120
world5_normal_960,960,600,960,600,156,5.509500,0.066400,1.398000,true,6,32,12,120
world5_normal_960,960,600,960,600,157,5.889100,0.063900,1.262700,true,6,32,12,120
world5_normal_960,960,600,960,600,158,5.860900,0.063000,1.471800,true,6,32,12,120
world5_normal_960,960,600,960,600,159,5.177500,0.067700,1.387600,true,6,32,12,120
world5_normal_960,960,600,960,600,160,5.569700,0.073100,1.357300,true,6,32,12,120
world5_normal_960,960,600,960,600,161,5.636600,0.067900,1.239000,true,6,32,12,120
world5_normal_960,960,600,960,600,162,5.708200,0.067400,1.739800,true,6,32,12,120
world5_normal_960,960,600,960,600,163,6.319800,0.117600,1.811700,true,6,32,12,120
world5_normal_960,960,600,960,600,164,5.885400,0.080300,1.490800,true,6,32,12,120
world5_normal_960,960,600,960,600,165,5.915000,0.068700,1.246800,true,6,32,12,120
world5_normal_960,960,600,960,600,166,6.043400,0.068500,1.319000,true,6,32,12,120
world5_normal_960,960,600,960,600,167,5.574500,0.069500,1.504600,true,6,32,12,120
world5_normal_960,960,600,960,600,168,6.683600,0.070300,1.213700,true,6,32,12,120
world5_normal_960,960,600,960,600,169,5.303200,0.069900,1.510400,true,6,32,12,120
world5_normal_960,960,600,960,600,170,5.887400,0.075400,1.305700,true,6,32,12,120
world5_normal_960,960,600,960,600,171,5.250400,0.096000,1.929000,true,6,32,12,120
world5_normal_960,960,600,960,600,172,5.797800,0.072200,1.327100,true,6,32,12,120
world5_normal_960,960,600,960,600,173,5.647600,0.074200,1.296900,true,6,32,12,120
world5_normal_960,960,600,960,600,174,6.495400,0.099900,1.360800,true,6,32,12,120
world5_normal_960,960,600,960,600,175,5.980000,0.075700,1.245500,true,6,32,12,120
world5_normal_960,960,600,960,600,176,6.129200,0.066900,1.438300,true,6,32,12,120
world5_normal_960,960,600,960,600,177,5.204900,0.062800,1.433700,true,6,32,12,120
world5_normal_960,960,600,960,600,178,5.938200,0.062100,1.344700,true,6,32,12,120
world5_normal_960,960,600,960,600,179,5.672800,0.075900,1.304500,true,6,32,12,120
world5_normal_960,960,600,960,600,180,5.609300,0.065000,1.803600,true,6,32,12,120
world5_normal_960,960,600,960,600,181,5.399500,0.066900,1.840300,true,6,32,12,120
world5_normal_960,960,600,960,600,182,6.035200,0.070500,1.484400,true,6,32,12,120
world5_normal_960,960,600,960,600,183,5.831300,0.069300,1.376700,true,6,32,12,120
world5_normal_960,960,600,960,600,184,6.176600,0.063800,1.447400,true,6,32,12,120
world5_normal_960,960,600,960,600,185,5.928900,0.069500,1.336900,true,6,32,12,120
world5_normal_960,960,600,960,600,186,5.801000,0.070100,1.555900,true,6,32,12,120
world5_normal_960,960,600,960,600,187,6.218600,0.070600,1.315300,true,6,32,12,120
world5_normal_960,960,600,960,600,188,5.906700,0.065200,1.464400,true,6,32,12,120
world5_normal_960,960,600,960,600,189,5.999500,0.063600,1.225500,true,6,32,12,120
world5_normal_960,960,600,960,600,190,6.236900,0.063200,1.472000,true,6,32,12,120
world5_normal_960,960,600,960,600,191,5.228100,0.062000,1.294900,true,6,32,12,120
world5_normal_960,960,600,960,600,192,5.740300,0.063700,1.478300,true,6,32,12,120
world5_normal_960,960,600,960,600,193,6.041900,0.065200,1.340200,true,6,32,12,120
world5_normal_960,960,600,960,600,194,5.879200,0.065100,1.809500,true,6,32,12,120
world5_normal_960,960,600,960,600,195,6.036500,0.075900,1.322300,true,6,32,12,120
world5_normal_960,960,600,960,600,196,5.513800,0.061000,1.227800,true,6,32,12,120
world5_normal_960,960,600,960,600,197,5.139900,0.066300,1.440400,true,6,32,12,120
world5_normal_960,960,600,960,600,198,6.332300,0.059600,1.444900,true,6,32,12,120
world5_normal_960,960,600,960,600,199,5.896900,0.066500,1.361100,true,6,32,12,120
world5_normal_960,960,600,960,600,200,5.850600,0.062600,1.523500,true,6,32,12,120
world5_normal_960,960,600,960,600,201,5.562400,0.062400,1.487100,true,6,32,12,120
world5_normal_960,960,600,960,600,202,6.078500,0.067600,1.317800,true,6,32,12,120
world5_normal_960,960,600,960,600,203,6.009700,0.066500,1.445000,true,6,32,12,120
world5_normal_960,960,600,960,600,204,6.205800,0.086200,1.497700,true,6,32,12,120
world5_normal_960,960,600,960,600,205,5.550500,0.068100,1.369800,true,6,32,12,120
world5_normal_960,960,600,960,600,206,5.626800,0.064300,1.287200,true,6,32,12,120
world5_normal_960,960,600,960,600,207,5.274300,0.063100,1.315100,true,6,32,12,120
world5_normal_960,960,600,960,600,208,5.546000,0.064700,1.326600,true,6,32,12,120
world5_normal_960,960,600,960,600,209,5.559400,0.057800,1.204000,true,6,32,12,120
world5_normal_960,960,600,960,600,210,5.860600,0.059100,1.276000,true,6,32,12,120
world5_normal_960,960,600,960,600,211,5.835400,0.059000,1.298300,true,6,32,12,120
world5_normal_960,960,600,960,600,212,6.162800,0.072300,1.256000,true,6,32,13,120
world5_normal_960,960,600,960,600,213,5.437600,0.065500,1.559700,true,6,32,12,120
world5_normal_960,960,600,960,600,214,6.238300,0.066300,1.421000,true,6,32,12,120
world5_normal_960,960,600,960,600,215,5.522100,0.115700,1.459600,true,6,32,12,120
world5_normal_960,960,600,960,600,216,5.754200,0.077600,1.537200,true,6,32,12,120
world5_normal_960,960,600,960,600,217,5.499000,0.081900,1.394500,true,6,32,12,120
world5_normal_960,960,600,960,600,218,5.904900,0.066200,1.282600,true,6,32,12,120
world5_normal_960,960,600,960,600,219,6.129100,0.064000,1.355700,true,6,32,12,120
world5_normal_960,960,600,960,600,220,5.910600,0.069500,1.282200,true,6,32,12,120
world5_normal_960,960,600,960,600,221,5.191100,0.065700,1.399900,true,6,32,12,120
world5_normal_960,960,600,960,600,222,5.980400,0.066200,1.432600,true,6,32,12,120
world5_normal_960,960,600,960,600,223,5.893300,0.067000,1.357400,true,6,32,12,120
world5_normal_960,960,600,960,600,224,6.457100,0.063700,1.391200,true,6,32,12,120
world5_normal_960,960,600,960,600,225,6.005100,0.063200,1.521400,true,6,32,12,120
world5_normal_960,960,600,960,600,226,5.485800,0.065800,1.506300,true,6,32,12,120
world5_normal_960,960,600,960,600,227,5.191500,0.061000,1.376000,true,6,32,12,120
world5_normal_960,960,600,960,600,228,5.840100,0.070900,1.444200,true,6,32,12,120
world5_normal_960,960,600,960,600,229,5.727200,0.091900,1.383600,true,6,32,12,120
world5_normal_960,960,600,960,600,230,5.811500,0.083800,1.338500,true,6,32,12,120
world5_normal_960,960,600,960,600,231,5.056500,0.086900,1.272500,true,6,32,12,120
world5_normal_960,960,600,960,600,232,5.740500,0.066300,1.263500,true,6,32,12,120
world5_normal_960,960,600,960,600,233,5.240500,0.063100,1.345400,true,6,32,12,120
world5_normal_960,960,600,960,600,234,5.499900,0.061500,1.225800,true,6,32,12,120
world5_normal_960,960,600,960,600,235,5.617100,0.062000,1.218100,true,6,32,12,120
world5_normal_960,960,600,960,600,236,5.944300,0.069500,1.602600,true,6,32,12,120
world5_normal_960,960,600,960,600,237,5.550300,0.072900,1.450100,true,6,32,12,120
world5_normal_960,960,600,960,600,238,5.764100,0.062900,1.511200,true,6,32,12,120
world5_normal_960,960,600,960,600,239,5.367300,0.069900,1.430100,true,6,32,12,120
world5_normal_960,960,600,960,600,240,6.387100,0.067100,1.509000,true,6,32,12,120
world5_normal_600,600,400,600,375,0,5.149600,0.070600,2.417500,true,6,32,12,120
world5_normal_600,600,400,600,375,1,5.559800,0.063700,2.389700,true,6,32,12,120
world5_normal_600,600,400,600,375,2,5.307300,0.073400,3.138200,true,6,32,12,120
world5_normal_600,600,400,600,375,3,5.742300,0.076800,2.431800,true,6,32,12,120
world5_normal_600,600,400,600,375,4,5.360100,0.101000,2.425700,true,6,32,12,120
world5_normal_600,600,400,600,375,5,6.215600,0.152000,2.328100,true,6,32,12,120
world5_normal_600,600,400,600,375,6,5.919700,0.100600,2.454300,true,6,32,12,120
world5_normal_600,600,400,600,375,7,6.304800,0.088900,2.469200,true,6,32,12,120
world5_normal_600,600,400,600,375,8,5.321900,0.089100,2.276100,true,6,32,12,120
world5_normal_600,600,400,600,375,9,6.052700,0.069800,2.168400,true,6,32,12,120
world5_normal_600,600,400,600,375,10,6.538900,0.079500,2.418500,true,6,32,12,120
world5_normal_600,600,400,600,375,11,5.874500,0.094700,2.227500,true,6,32,12,120
world5_normal_600,600,400,600,375,12,6.180100,0.076900,2.646200,true,6,32,12,120
world5_normal_600,600,400,600,375,13,5.763200,0.093500,2.371900,true,6,32,12,120
world5_normal_600,600,400,600,375,14,5.787100,0.074400,2.428400,true,6,32,12,120
world5_normal_600,600,400,600,375,15,5.864700,0.130800,2.708400,true,6,32,12,120
world5_normal_600,600,400,600,375,16,5.650500,0.075500,2.421500,true,6,32,12,120
world5_normal_600,600,400,600,375,17,5.837100,0.074800,2.581700,true,6,32,12,120
world5_normal_600,600,400,600,375,18,5.788000,0.086700,2.325800,true,6,32,12,120
world5_normal_600,600,400,600,375,19,6.005200,0.104500,2.494700,true,6,32,12,120
world5_normal_600,600,400,600,375,20,5.495100,0.085700,2.619100,true,6,32,12,120
world5_normal_600,600,400,600,375,21,6.190600,0.124200,2.256700,true,6,32,12,120
world5_normal_600,600,400,600,375,22,5.882500,0.091000,2.387100,true,6,32,13,120
world5_normal_600,600,400,600,375,23,5.704400,0.070800,2.312800,true,6,32,12,120
world5_normal_600,600,400,600,375,24,5.786000,0.064600,2.398400,true,6,32,12,120
world5_normal_600,600,400,600,375,25,5.836200,0.110600,2.408000,true,6,32,12,120
world5_normal_600,600,400,600,375,26,5.412100,0.105200,2.405400,true,6,32,13,120
world5_normal_600,600,400,600,375,27,5.478100,0.085900,2.535400,true,6,32,12,120
world5_normal_600,600,400,600,375,28,5.913400,0.064200,2.165900,true,6,32,12,120
world5_normal_600,600,400,600,375,29,5.587700,0.085300,2.350300,true,6,32,12,120
world5_normal_600,600,400,600,375,30,6.001900,0.070000,2.692000,true,6,32,12,120
world5_normal_600,600,400,600,375,31,6.199800,0.099900,2.279000,true,6,32,12,120
world5_normal_600,600,400,600,375,32,5.440300,0.066100,2.193800,true,6,32,12,120
world5_normal_600,600,400,600,375,33,6.332500,0.089800,2.397000,true,6,32,12,120
world5_normal_600,600,400,600,375,34,6.040400,0.099800,2.250100,true,6,32,12,120
world5_normal_600,600,400,600,375,35,6.186800,0.074600,2.301700,true,6,32,12,120
world5_normal_600,600,400,600,375,36,5.667500,0.074600,2.416400,true,6,32,12,120
world5_normal_600,600,400,600,375,37,5.528900,0.070700,2.503200,true,6,32,12,120
world5_normal_600,600,400,600,375,38,5.238600,0.068100,2.370200,true,6,32,12,120
world5_normal_600,600,400,600,375,39,5.810800,0.073700,2.725600,true,6,32,12,120
world5_normal_600,600,400,600,375,40,5.179600,0.070400,2.289300,true,6,32,12,120
world5_normal_600,600,400,600,375,41,5.782800,0.073600,2.238600,true,6,32,12,120
world5_normal_600,600,400,600,375,42,5.970900,0.078700,2.381500,true,6,32,12,120
world5_normal_600,600,400,600,375,43,5.635800,0.085700,2.335700,true,6,32,12,120
world5_normal_600,600,400,600,375,44,6.288100,0.073400,2.390600,true,6,32,12,120
world5_normal_600,600,400,600,375,45,5.528500,0.066200,2.437300,true,6,32,12,120
world5_normal_600,600,400,600,375,46,5.181600,0.092600,2.442400,true,6,32,12,120
world5_normal_600,600,400,600,375,47,6.203200,0.074100,2.299000,true,6,32,12,120
world5_normal_600,600,400,600,375,48,5.900200,0.076300,2.197500,true,6,32,12,120
world5_normal_600,600,400,600,375,49,5.606800,0.069100,2.182000,true,6,32,12,120
world5_normal_600,600,400,600,375,50,6.271100,0.072100,2.361100,true,6,32,12,120
world5_normal_600,600,400,600,375,51,6.127000,0.079100,2.194800,true,6,32,12,120
world5_normal_600,600,400,600,375,52,5.308100,0.070200,2.280600,true,6,32,12,120
world5_normal_600,600,400,600,375,53,6.080800,0.068900,2.430000,true,6,32,12,120
world5_normal_600,600,400,600,375,54,5.643600,0.071800,2.196600,true,6,32,13,120
world5_normal_600,600,400,600,375,55,6.178100,0.068400,2.518300,true,6,32,12,120
world5_normal_600,600,400,600,375,56,5.531000,0.080200,2.429100,true,6,32,12,120
world5_normal_600,600,400,600,375,57,5.980900,0.075000,2.369100,true,6,32,12,120
world5_normal_600,600,400,600,375,58,5.845500,0.073100,2.523500,true,6,32,12,120
world5_normal_600,600,400,600,375,59,6.825600,0.072600,2.228600,true,6,32,12,120
world5_normal_600,600,400,600,375,60,6.288800,0.082100,2.809500,true,6,32,12,120
world5_normal_600,600,400,600,375,61,5.688500,0.073000,2.428000,true,6,32,12,120
world5_normal_600,600,400,600,375,62,6.127300,0.079000,2.442300,true,6,32,12,120
world5_normal_600,600,400,600,375,63,6.749900,0.085000,2.226800,true,6,32,12,120
world5_normal_600,600,400,600,375,64,6.064300,0.078700,2.348900,true,6,32,12,120
world5_normal_600,600,400,600,375,65,8.630800,0.080100,2.465200,true,6,32,12,120
world5_normal_600,600,400,600,375,66,7.467500,0.074700,2.383800,true,6,32,12,120
world5_normal_600,600,400,600,375,67,6.256000,0.076000,2.294700,true,6,32,12,120
world5_normal_600,600,400,600,375,68,5.585700,0.073300,2.554800,true,6,32,12,120
world5_normal_600,600,400,600,375,69,5.993500,0.078100,2.248200,true,6,32,12,120
world5_normal_600,600,400,600,375,70,5.438900,0.076200,2.706900,true,6,32,12,120
world5_normal_600,600,400,600,375,71,5.930700,0.075900,2.429100,true,6,32,12,120
world5_normal_600,600,400,600,375,72,6.009500,0.070700,2.198700,true,6,32,12,120
world5_normal_600,600,400,600,375,73,6.281100,0.072700,2.489500,true,6,32,12,120
world5_normal_600,600,400,600,375,74,5.364600,0.058000,2.487700,true,6,32,12,120
world5_normal_600,600,400,600,375,75,5.863200,0.077100,2.174900,true,6,32,12,120
world5_normal_600,600,400,600,375,76,5.576000,0.074900,2.554400,true,6,32,12,120
world5_normal_600,600,400,600,375,77,5.802100,0.071200,2.313400,true,6,32,12,120
world5_normal_600,600,400,600,375,78,5.369600,0.070600,2.186800,true,6,32,12,120
world5_normal_600,600,400,600,375,79,5.884600,0.095800,2.374700,true,6,32,12,120
world5_normal_600,600,400,600,375,80,5.567200,0.085800,2.359600,true,6,32,12,120
world5_normal_600,600,400,600,375,81,6.070000,0.079000,2.421400,true,6,32,12,120
world5_normal_600,600,400,600,375,82,5.697600,0.079200,2.387400,true,6,32,12,120
world5_normal_600,600,400,600,375,83,5.773800,0.075500,2.203900,true,6,32,12,120
world5_normal_600,600,400,600,375,84,6.077300,0.080600,2.442100,true,6,32,12,120
world5_normal_600,600,400,600,375,85,5.824100,0.079000,2.400900,true,6,32,12,120
world5_normal_600,600,400,600,375,86,5.445500,0.081900,2.250100,true,6,32,12,120
world5_normal_600,600,400,600,375,87,5.834500,0.076200,2.578300,true,6,32,12,120
world5_normal_600,600,400,600,375,88,6.526200,0.082400,2.698400,true,6,32,12,120
world5_normal_600,600,400,600,375,89,5.908300,0.071400,2.594300,true,6,32,12,120
world5_normal_600,600,400,600,375,90,5.411500,0.084600,2.346100,true,6,32,12,120
world5_normal_600,600,400,600,375,91,5.680700,0.066800,2.219300,true,6,32,12,120
world5_normal_600,600,400,600,375,92,5.797400,0.088500,2.493500,true,6,32,12,120
world5_normal_600,600,400,600,375,93,6.507000,0.081100,2.196300,true,6,32,12,120
world5_normal_600,600,400,600,375,94,5.715800,0.097700,2.571700,true,6,32,12,120
world5_normal_600,600,400,600,375,95,5.854100,0.083700,2.414700,true,6,32,12,120
world5_normal_600,600,400,600,375,96,5.679000,0.078400,2.325100,true,6,32,12,120
world5_normal_600,600,400,600,375,97,6.078600,0.071300,2.432000,true,6,32,12,120
world5_normal_600,600,400,600,375,98,5.374900,0.084900,2.272700,true,6,32,12,120
world5_normal_600,600,400,600,375,99,5.951400,0.072300,2.367300,true,6,32,12,120
world5_normal_600,600,400,600,375,100,5.552700,0.071300,3.351700,true,6,32,12,120
world5_normal_600,600,400,600,375,101,5.775800,0.081000,2.318800,true,6,32,12,120
world5_normal_600,600,400,600,375,102,5.894400,0.075300,2.416000,true,6,32,12,120
world5_normal_600,600,400,600,375,103,5.743300,0.077900,2.327700,true,6,32,12,120
world5_normal_600,600,400,600,375,104,5.234700,0.069100,2.423900,true,6,32,12,120
world5_normal_600,600,400,600,375,105,5.712300,0.072800,2.394800,true,6,32,12,120
world5_normal_600,600,400,600,375,106,5.570800,0.076200,2.233600,true,6,32,12,120
world5_normal_600,600,400,600,375,107,5.673200,0.072000,2.309600,true,6,32,12,120
world5_normal_600,600,400,600,375,108,5.940500,0.075300,2.460000,true,6,32,12,120
world5_normal_600,600,400,600,375,109,5.716800,0.074400,2.548000,true,6,32,12,120
world5_normal_600,600,400,600,375,110,5.621900,0.094200,2.412600,true,6,32,12,120
world5_normal_600,600,400,600,375,111,6.990200,0.077200,2.196700,true,6,32,12,120
world5_normal_600,600,400,600,375,112,6.164000,0.069300,2.403800,true,6,32,12,120
world5_normal_600,600,400,600,375,113,6.464200,0.066500,2.717200,true,6,32,12,120
world5_normal_600,600,400,600,375,114,5.629600,0.073500,2.188900,true,6,32,12,120
world5_normal_600,600,400,600,375,115,5.553400,0.076600,2.564900,true,6,32,12,120
world5_normal_600,600,400,600,375,116,5.426500,0.087800,2.591400,true,6,32,12,120
world5_normal_600,600,400,600,375,117,5.858400,0.066800,2.675800,true,6,32,12,120
world5_normal_600,600,400,600,375,118,5.642300,0.076800,2.341900,true,6,32,12,120
world5_normal_600,600,400,600,375,119,5.771900,0.063600,2.176700,true,6,32,12,120
world5_normal_600,600,400,600,375,120,5.386700,0.072700,2.360400,true,6,32,12,120
world5_normal_600,600,400,600,375,121,5.656000,0.073800,2.536500,true,6,32,12,120
world5_normal_600,600,400,600,375,122,5.501900,0.066100,2.195600,true,6,32,12,120
world5_normal_600,600,400,600,375,123,5.627300,0.070500,2.222800,true,6,32,12,120
world5_normal_600,600,400,600,375,124,5.286500,0.075900,2.837700,true,6,32,12,120
world5_normal_600,600,400,600,375,125,5.566800,0.074100,2.331300,true,6,32,12,120
world5_normal_600,600,400,600,375,126,5.628700,0.094300,2.323700,true,6,32,12,120
world5_normal_600,600,400,600,375,127,6.234100,0.071700,2.477900,true,6,32,12,120
world5_normal_600,600,400,600,375,128,6.015900,0.069500,2.252400,true,6,32,12,120
world5_normal_600,600,400,600,375,129,6.397200,0.072800,2.335500,true,6,32,12,120
world5_normal_600,600,400,600,375,130,5.330200,0.086100,2.371900,true,6,32,12,120
world5_normal_600,600,400,600,375,131,6.353600,0.067900,2.204800,true,6,32,12,120
world5_normal_600,600,400,600,375,132,5.619200,0.115300,2.697800,true,6,32,13,120
world5_normal_600,600,400,600,375,133,6.417100,0.089400,2.218600,true,6,32,12,120
world5_normal_600,600,400,600,375,134,5.837700,0.087100,2.485900,true,6,32,12,120
world5_normal_600,600,400,600,375,135,5.885500,0.115200,2.265500,true,6,32,12,120
world5_normal_600,600,400,600,375,136,5.375000,0.063500,2.275000,true,6,32,13,120
world5_normal_600,600,400,600,375,137,6.027800,0.076300,2.410700,true,6,32,12,120
world5_normal_600,600,400,600,375,138,5.730600,0.079900,2.360700,true,6,32,12,120
world5_normal_600,600,400,600,375,139,6.629800,0.064400,2.353300,true,6,32,12,120
world5_normal_600,600,400,600,375,140,5.434500,0.063400,2.394700,true,6,32,12,120
world5_normal_600,600,400,600,375,141,5.494200,0.070300,2.387400,true,6,32,12,120
world5_normal_600,600,400,600,375,142,5.989300,0.067400,3.067100,true,6,32,12,120
world5_normal_600,600,400,600,375,143,6.023800,0.063800,2.237600,true,6,32,12,120
world5_normal_600,600,400,600,375,144,6.081700,0.059600,2.350100,true,6,32,12,120
world5_normal_600,600,400,600,375,145,5.844200,0.064300,2.311300,true,6,32,12,120
world5_normal_600,600,400,600,375,146,5.531300,0.074500,2.314600,true,6,32,12,120
world5_normal_600,600,400,600,375,147,7.049800,0.058400,2.638500,true,6,32,12,120
world5_normal_600,600,400,600,375,148,5.435600,0.065200,2.202000,true,6,32,12,120
world5_normal_600,600,400,600,375,149,5.627100,0.066300,2.410300,true,6,32,12,120
world5_normal_600,600,400,600,375,150,5.277800,0.060300,2.871100,true,6,32,12,120
world5_normal_600,600,400,600,375,151,6.357500,0.063200,2.164400,true,6,32,12,120
world5_normal_600,600,400,600,375,152,5.910100,0.062200,2.400500,true,6,32,12,120
world5_normal_600,600,400,600,375,153,6.164400,0.064800,2.224400,true,6,32,12,120
world5_normal_600,600,400,600,375,154,5.709700,0.068800,2.195500,true,6,32,12,120
world5_normal_600,600,400,600,375,155,5.547700,0.061800,2.681200,true,6,32,12,120
world5_normal_600,600,400,600,375,156,5.237200,0.076400,2.475000,true,6,32,12,120
world5_normal_600,600,400,600,375,157,5.484300,0.064700,2.457600,true,6,32,12,120
world5_normal_600,600,400,600,375,158,5.236600,0.060800,2.295000,true,6,32,12,120
world5_normal_600,600,400,600,375,159,6.038800,0.087000,2.390600,true,6,32,12,120
world5_normal_600,600,400,600,375,160,5.684300,0.061700,2.158300,true,6,32,12,120
world5_normal_600,600,400,600,375,161,6.076500,0.080000,2.483400,true,6,32,12,120
world5_normal_600,600,400,600,375,162,5.128000,0.111500,2.338800,true,6,32,12,120
world5_normal_600,600,400,600,375,163,5.734800,0.067700,2.323700,true,6,32,12,120
world5_normal_600,600,400,600,375,164,6.136400,0.062800,2.398200,true,6,32,12,120
world5_normal_600,600,400,600,375,165,5.995300,0.076200,2.168800,true,6,32,12,120
world5_normal_600,600,400,600,375,166,5.387200,0.073700,2.353900,true,6,32,12,120
world5_normal_600,600,400,600,375,167,5.443400,0.064200,2.574000,true,6,32,12,120
world5_normal_600,600,400,600,375,168,5.973400,0.074900,2.268400,true,6,32,12,120
world5_normal_600,600,400,600,375,169,6.011300,0.088500,2.398900,true,6,32,12,120
world5_normal_600,600,400,600,375,170,5.932600,0.081600,2.329200,true,6,32,12,120
world5_normal_600,600,400,600,375,171,6.034400,0.065600,2.197600,true,6,32,12,120
world5_normal_600,600,400,600,375,172,5.487900,0.083600,3.009100,true,6,32,12,120
world5_normal_600,600,400,600,375,173,5.905000,0.061300,2.258800,true,6,32,12,120
world5_normal_600,600,400,600,375,174,5.296800,0.079800,2.303900,true,6,32,12,120
world5_normal_600,600,400,600,375,175,6.340300,0.078100,2.366400,true,6,32,12,120
world5_normal_600,600,400,600,375,176,5.662000,0.068300,2.357600,true,6,32,12,120
world5_normal_600,600,400,600,375,177,5.510900,0.060600,2.168600,true,6,32,12,120
world5_normal_600,600,400,600,375,178,5.242400,0.066200,2.675200,true,6,32,12,120
world5_normal_600,600,400,600,375,179,5.506500,0.061200,2.408700,true,6,32,12,120
world5_normal_600,600,400,600,375,180,5.679800,0.061400,2.221900,true,6,32,12,120
world5_normal_600,600,400,600,375,181,6.398300,0.064400,2.667500,true,6,32,12,120
world5_normal_600,600,400,600,375,182,5.185300,0.062200,2.390400,true,6,32,12,120
world5_normal_600,600,400,600,375,183,5.583800,0.066400,2.615200,true,6,32,12,120
world5_normal_600,600,400,600,375,184,5.339800,0.067900,2.628300,true,6,32,12,120
world5_normal_600,600,400,600,375,185,5.444500,0.062400,2.373800,true,6,32,12,120
world5_normal_600,600,400,600,375,186,5.784800,0.057100,2.170600,true,6,32,12,120
world5_normal_600,600,400,600,375,187,5.629100,0.064800,2.553500,true,6,32,12,120
world5_normal_600,600,400,600,375,188,5.081800,0.066400,2.393700,true,6,32,12,120
world5_normal_600,600,400,600,375,189,5.837900,0.069500,2.337000,true,6,32,12,120
world5_normal_600,600,400,600,375,190,6.163500,0.065100,2.436300,true,6,32,12,120
world5_normal_600,600,400,600,375,191,5.763600,0.061000,2.373200,true,6,32,12,120
world5_normal_600,600,400,600,375,192,5.998200,0.064300,2.491100,true,6,32,12,120
world5_normal_600,600,400,600,375,193,5.517800,0.057700,2.255100,true,6,32,12,120
world5_normal_600,600,400,600,375,194,5.839200,0.061100,2.662200,true,6,32,12,120
world5_normal_600,600,400,600,375,195,7.447700,0.060300,2.206400,true,6,32,12,120
world5_normal_600,600,400,600,375,196,5.852500,0.215200,2.424600,true,6,32,12,120
world5_normal_600,600,400,600,375,197,5.974900,0.063600,2.664300,true,6,32,12,120
world5_normal_600,600,400,600,375,198,5.233400,0.065600,2.228400,true,6,32,12,120
world5_normal_600,600,400,600,375,199,5.967500,0.059100,2.346800,true,6,32,12,120
world5_normal_600,600,400,600,375,200,5.492200,0.066300,2.397900,true,6,32,12,120
world5_normal_600,600,400,600,375,201,5.855200,0.058100,2.509000,true,6,32,12,120
world5_normal_600,600,400,600,375,202,5.924000,0.078900,2.882500,true,6,32,12,120
world5_normal_600,600,400,600,375,203,5.523700,0.068900,2.329400,true,6,32,12,120
world5_normal_600,600,400,600,375,204,6.359000,0.061800,2.343200,true,6,32,12,120
world5_normal_600,600,400,600,375,205,5.702500,0.072500,2.337700,true,6,32,12,120
world5_normal_600,600,400,600,375,206,5.199900,0.079100,2.392200,true,6,32,12,120
world5_normal_600,600,400,600,375,207,6.341000,0.061100,2.449200,true,6,32,12,120
world5_normal_600,600,400,600,375,208,5.637600,0.060400,2.416100,true,6,32,12,120
world5_normal_600,600,400,600,375,209,5.627600,0.062700,2.230200,true,6,32,12,120
world5_normal_1280,1280,800,1280,800,0,5.590300,0.060400,10.159000,true,6,32,12,120
world5_normal_1280,1280,800,1280,800,1,5.952900,0.080500,9.736500,true,6,32,12,120
world5_normal_1280,1280,800,1280,800,2,5.504700,0.068000,9.783400,true,6,32,12,120
world5_normal_1280,1280,800,1280,800,3,5.273900,0.066400,9.715100,true,6,32,12,120
world5_normal_1280,1280,800,1280,800,4,5.858200,0.064300,9.785400,true,6,32,12,120
world5_normal_1280,1280,800,1280,800,5,5.373400,0.064200,10.083200,true,6,32,12,120
world5_normal_1280,1280,800,1280,800,6,5.941700,0.069100,9.821300,true,6,32,12,120
world5_normal_1280,1280,800,1280,800,7,5.101300,0.056700,9.748600,true,6,32,12,120
world5_normal_1280,1280,800,1280,800,8,6.239300,0.077400,9.715600,true,6,32,12,120
world5_normal_1280,1280,800,1280,800,9,5.867800,0.068600,9.877600,true,6,32,12,120
world5_normal_1280,1280,800,1280,800,10,5.652500,0.075700,9.760500,true,6,32,12,120
world5_normal_1280,1280,800,1280,800,11,5.940800,0.067700,9.959700,true,6,32,12,120
world5_normal_1280,1280,800,1280,800,12,5.435700,0.058800,9.757000,true,6,32,12,120
world5_normal_1280,1280,800,1280,800,13,5.526600,0.080800,9.763600,true,6,32,12,120
world5_normal_1280,1280,800,1280,800,14,5.975000,0.098100,10.580400,true,6,32,12,120
world5_normal_1280,1280,800,1280,800,15,5.344200,0.064100,9.777500,true,6,32,12,120
world5_normal_1280,1280,800,1280,800,16,6.155000,0.067900,10.149500,true,6,32,12,120
world5_normal_1280,1280,800,1280,800,17,5.324100,0.068000,9.754700,true,6,32,12,120
world5_normal_1280,1280,800,1280,800,18,6.286100,0.069700,9.903200,true,6,32,12,120
world5_normal_1280,1280,800,1280,800,19,5.876500,0.062600,10.374700,true,6,32,12,120
world5_normal_1280,1280,800,1280,800,20,5.537400,0.062700,9.701400,true,6,32,12,120
world5_normal_1280,1280,800,1280,800,21,5.380100,0.066000,11.079900,true,6,32,12,120
world5_normal_1280,1280,800,1280,800,22,5.373000,0.063100,9.626100,true,6,32,12,120
world5_normal_1280,1280,800,1280,800,23,5.902100,0.083100,10.114700,true,6,32,12,120
world5_normal_1280,1280,800,1280,800,24,6.095700,0.063800,9.912000,true,6,32,12,120
world5_normal_1280,1280,800,1280,800,25,5.271900,0.069700,10.079700,true,6,32,12,120
world5_normal_1280,1280,800,1280,800,26,5.913500,0.082700,9.658600,true,6,32,12,120
world5_normal_1280,1280,800,1280,800,27,5.946100,0.061600,10.383100,true,6,32,12,120
world5_normal_1280,1280,800,1280,800,28,5.593000,0.079700,9.749400,true,6,32,12,120
world5_normal_1280,1280,800,1280,800,29,5.767500,0.082900,9.778700,true,6,32,12,120
world5_normal_1280,1280,800,1280,800,30,6.270700,0.060800,9.601300,true,6,32,12,120
world5_normal_1280,1280,800,1280,800,31,6.054000,0.064900,10.067800,true,6,32,12,120
world5_normal_1280,1280,800,1280,800,32,6.083900,0.064900,11.639400,true,6,32,12,120
world5_normal_1280,1280,800,1280,800,33,5.521500,0.059000,10.589500,true,6,32,12,120
world5_normal_1280,1280,800,1280,800,34,5.409500,0.072200,9.700100,true,6,32,12,120
world5_normal_1280,1280,800,1280,800,35,5.995000,0.083400,9.757100,true,6,32,12,120
world5_normal_1280,1280,800,1280,800,36,5.951700,0.061600,9.575900,true,6,32,12,120
world5_normal_1280,1280,800,1280,800,37,6.077600,0.083100,9.968100,true,6,32,12,120
world5_normal_1280,1280,800,1280,800,38,5.422900,0.064000,9.851100,true,6,32,12,120
world5_normal_1280,1280,800,1280,800,39,5.149900,0.078200,9.805800,true,6,32,12,120
world5_normal_1280,1280,800,1280,800,40,5.530900,0.074100,9.925400,true,6,32,12,120
world5_normal_1280,1280,800,1280,800,41,5.308000,0.075400,9.569000,true,6,32,12,120
world5_normal_1280,1280,800,1280,800,42,6.475100,0.067600,9.773700,true,6,32,12,120
world5_normal_1280,1280,800,1280,800,43,5.442900,0.083700,9.622400,true,6,32,12,120
world5_normal_1280,1280,800,1280,800,44,6.153900,0.066600,9.762100,true,6,32,12,120
world5_normal_1280,1280,800,1280,800,45,5.215200,0.063000,9.852900,true,6,32,12,120
world5_normal_1280,1280,800,1280,800,46,5.650400,0.075000,9.855700,true,6,32,12,120
world5_normal_1280,1280,800,1280,800,47,5.858200,0.076100,9.646500,true,6,32,12,120
world5_normal_1280,1280,800,1280,800,48,5.414400,0.077700,9.736200,true,6,32,12,120
world5_normal_1280,1280,800,1280,800,49,6.111500,0.079000,10.001900,true,6,32,12,120
world5_normal_1280,1280,800,1280,800,50,5.643800,0.062300,9.821100,true,6,32,12,120
world5_normal_1280,1280,800,1280,800,51,5.607100,0.063900,10.294200,true,6,32,12,120
world5_normal_1280,1280,800,1280,800,52,5.522300,0.064100,10.021800,true,6,32,12,120
world5_normal_1280,1280,800,1280,800,53,5.180200,0.092100,9.740800,true,6,32,12,120
world5_normal_1280,1280,800,1280,800,54,5.935800,0.075400,9.583800,true,6,32,12,120
world5_normal_1280,1280,800,1280,800,55,5.353000,0.066200,9.693700,true,6,32,12,120
world5_normal_1280,1280,800,1280,800,56,5.948400,0.068500,9.768100,true,6,32,12,120
world5_normal_1280,1280,800,1280,800,57,5.509100,0.068600,9.728100,true,6,32,12,120
world5_normal_1280,1280,800,1280,800,58,5.925300,0.061400,9.870600,true,6,32,12,120
world5_normal_1280,1280,800,1280,800,59,5.589100,0.064300,9.523500,true,6,32,12,120
world5_normal_1280,1280,800,1280,800,60,5.660300,0.082200,9.799800,true,6,32,12,120
world5_normal_1280,1280,800,1280,800,61,6.396900,0.065600,9.962000,true,6,32,12,120
world5_normal_1280,1280,800,1280,800,62,5.517500,0.059300,9.584700,true,6,32,12,120
world5_normal_1280,1280,800,1280,800,63,6.096300,0.081400,10.097100,true,6,32,12,120
world5_normal_1280,1280,800,1280,800,64,6.216200,0.060800,9.753800,true,6,32,12,120
world5_normal_1280,1280,800,1280,800,65,5.635000,0.075700,9.723800,true,6,32,13,120
world5_normal_1280,1280,800,1280,800,66,6.203700,0.071400,10.572200,true,6,32,12,120
world5_normal_1280,1280,800,1280,800,67,5.590300,0.083000,9.659900,true,6,32,12,120
world5_normal_1280,1280,800,1280,800,68,5.842300,0.090700,9.738400,true,6,32,12,120
world5_normal_1280,1280,800,1280,800,69,5.695100,0.068500,10.931400,true,6,32,13,120
world5_normal_1280,1280,800,1280,800,70,5.677500,0.064500,9.815400,true,6,32,12,120
world5_normal_1280,1280,800,1280,800,71,5.875200,0.065600,9.746900,true,6,32,12,120
world5_normal_1280,1280,800,1280,800,72,5.716900,0.063600,10.034100,true,6,32,12,120
world5_normal_1280,1280,800,1280,800,73,5.192800,0.058700,9.586200,true,6,32,12,120
world5_normal_1280,1280,800,1280,800,74,5.852600,0.080500,10.059100,true,6,32,12,120
world5_normal_1280,1280,800,1280,800,75,5.693100,0.064600,9.850700,true,6,32,12,120
world5_normal_1280,1280,800,1280,800,76,5.963500,0.083200,9.782400,true,6,32,12,120
world5_normal_1280,1280,800,1280,800,77,5.916100,0.061300,10.940200,true,6,32,12,120
world5_normal_1280,1280,800,1280,800,78,5.363500,0.059400,9.925700,true,6,32,12,120
world5_normal_1280,1280,800,1280,800,79,6.110300,0.069900,10.074100,true,6,32,12,120
world5_normal_1280,1280,800,1280,800,80,5.520800,0.066100,9.904700,true,6,32,12,120
world5_normal_1280,1280,800,1280,800,81,5.178500,0.063600,10.455500,true,6,32,12,120
world5_normal_1280,1280,800,1280,800,82,5.507900,0.065200,10.105200,true,6,32,12,120
world5_normal_1280,1280,800,1280,800,83,5.446100,0.063200,9.615900,true,6,32,12,120
world5_normal_1280,1280,800,1280,800,84,6.299500,0.077500,9.792800,true,6,32,12,120
world5_normal_1280,1280,800,1280,800,85,5.876600,0.062100,9.544700,true,6,32,12,120
world5_normal_1280,1280,800,1280,800,86,5.667800,0.066900,9.685100,true,6,32,12,120
world5_normal_1280,1280,800,1280,800,87,5.863700,0.083500,9.623200,true,6,32,12,120
world5_normal_1280,1280,800,1280,800,88,5.731300,0.077600,9.887600,true,6,32,12,120
world5_normal_1280,1280,800,1280,800,89,5.864600,0.079400,9.604500,true,6,32,12,120
world5_normal_1280,1280,800,1280,800,90,6.355400,0.056900,9.712300,true,6,32,12,120
world5_normal_1280,1280,800,1280,800,91,5.822100,0.067900,9.755100,true,6,32,12,120
world5_normal_1280,1280,800,1280,800,92,5.982500,0.083300,9.753100,true,6,32,12,120
world5_normal_1280,1280,800,1280,800,93,5.345900,0.066200,9.599300,true,6,32,12,120
world5_normal_1280,1280,800,1280,800,94,6.134200,0.067500,9.724800,true,6,32,12,120
world5_normal_1280,1280,800,1280,800,95,5.107200,0.060800,9.668700,true,6,32,12,120
world5_normal_1280,1280,800,1280,800,96,6.472300,0.082100,9.792700,true,6,32,12,120
world5_normal_1280,1280,800,1280,800,97,6.057700,0.063100,9.752200,true,6,32,13,120
world5_normal_1280,1280,800,1280,800,98,6.286100,0.065100,9.693100,true,6,32,12,120
world5_normal_1280,1280,800,1280,800,99,6.130900,0.082300,9.766400,true,6,32,12,120
world5_normal_1280,1280,800,1280,800,100,6.255600,0.064600,9.703000,true,6,32,12,120
world5_normal_1280,1280,800,1280,800,101,5.122100,0.068000,9.759900,true,6,32,12,120
world5_normal_1280,1280,800,1280,800,102,5.873200,0.080700,9.751500,true,6,32,12,120
world5_normal_1280,1280,800,1280,800,103,5.084400,0.062900,9.710900,true,6,32,12,120
world5_normal_1280,1280,800,1280,800,104,6.369400,0.066800,10.316400,true,6,32,12,120
world5_normal_1280,1280,800,1280,800,105,5.419100,0.069400,9.977300,true,6,32,12,120
world5_normal_1280,1280,800,1280,800,106,6.335100,0.066400,9.636900,true,6,32,12,120
world5_normal_1280,1280,800,1280,800,107,5.967700,0.071300,9.861800,true,6,32,12,120
world5_normal_1280,1280,800,1280,800,108,6.010700,0.062400,9.689600,true,6,32,12,120
world5_normal_1280,1280,800,1280,800,109,5.508000,0.065200,9.971200,true,6,32,12,120
world5_normal_1280,1280,800,1280,800,110,6.304200,0.060700,9.788800,true,6,32,12,120
world5_high_960,960,600,960,600,0,11.603900,0.079800,1.394500,true,37,320,180,1200
world5_high_960,960,600,960,600,1,12.555300,0.060900,1.427300,true,37,320,180,1200
world5_high_960,960,600,960,600,2,11.631100,0.071800,1.323400,true,37,320,180,1200
world5_high_960,960,600,960,600,3,11.800900,0.058000,1.899600,true,37,320,180,1200
world5_high_960,960,600,960,600,4,11.357300,0.079000,1.400000,true,37,320,180,1200
world5_high_960,960,600,960,600,5,11.858400,0.066000,1.225100,true,37,320,180,1200
world5_high_960,960,600,960,600,6,12.318500,0.070400,1.389300,true,37,320,180,1200
world5_high_960,960,600,960,600,7,12.406900,0.064100,1.542500,true,37,320,180,1200
world5_high_960,960,600,960,600,8,12.233600,0.060600,1.432600,true,37,320,180,1200
world5_high_960,960,600,960,600,9,11.393200,0.059100,1.460700,true,37,320,180,1200
world5_high_960,960,600,960,600,10,11.395600,0.059700,1.435600,true,37,320,180,1200
world5_high_960,960,600,960,600,11,12.369200,0.070100,1.728600,true,37,320,180,1200
world5_high_960,960,600,960,600,12,12.284000,0.068900,1.324200,true,37,320,180,1200
world5_high_960,960,600,960,600,13,11.209600,0.067700,1.362100,true,37,320,180,1200
world5_high_960,960,600,960,600,14,11.470400,0.063200,1.492800,true,37,320,180,1200
world5_high_960,960,600,960,600,15,11.537000,0.063000,1.487000,true,37,320,180,1200
world5_high_960,960,600,960,600,16,12.235100,0.059400,1.360900,true,37,320,180,1200
world5_high_960,960,600,960,600,17,12.368900,0.093100,1.371800,true,37,320,180,1200
world5_high_960,960,600,960,600,18,11.877300,0.067100,1.229800,true,37,320,180,1200
world5_high_960,960,600,960,600,19,12.906200,0.067800,1.424500,true,37,320,180,1200
world5_high_960,960,600,960,600,20,11.583300,0.068800,1.516400,true,37,320,180,1200
world5_high_960,960,600,960,600,21,11.526800,0.079900,1.368200,true,37,320,180,1200
world5_high_960,960,600,960,600,22,12.157100,0.064700,1.427300,true,37,320,180,1200
world5_high_960,960,600,960,600,23,11.699000,0.066800,1.374600,true,37,320,180,1200
world5_high_960,960,600,960,600,24,11.586100,0.066600,1.363400,true,37,320,180,1200
world5_high_960,960,600,960,600,25,11.926100,0.078400,1.507500,true,37,320,180,1200
world5_high_960,960,600,960,600,26,12.114800,0.082500,1.337200,true,37,320,180,1200
world5_high_960,960,600,960,600,27,12.001100,0.077200,1.318800,true,37,320,180,1200
world5_high_960,960,600,960,600,28,12.606700,0.061900,1.459700,true,37,320,180,1200
world5_high_960,960,600,960,600,29,11.703900,0.064500,1.520000,true,37,320,180,1200
world5_high_960,960,600,960,600,30,11.673500,0.068900,1.327200,true,37,320,180,1200
world5_high_960,960,600,960,600,31,11.528100,0.063800,1.340700,true,37,320,180,1200
world5_high_960,960,600,960,600,32,11.687800,0.067400,1.242500,true,37,320,180,1200
world5_high_960,960,600,960,600,33,11.884900,0.062400,1.197100,true,37,320,180,1200
world5_high_960,960,600,960,600,34,11.978000,0.074600,1.546900,true,37,320,180,1200
world5_high_960,960,600,960,600,35,12.032800,0.086500,1.754900,true,37,320,180,1200
world5_high_960,960,600,960,600,36,11.500600,0.060900,1.241100,true,37,320,180,1200
world5_high_960,960,600,960,600,37,12.442300,0.070000,1.402200,true,37,320,180,1200
world5_high_960,960,600,960,600,38,11.572000,0.073900,1.396500,true,37,320,180,1200
world5_high_960,960,600,960,600,39,11.996000,0.065300,2.155400,true,37,320,180,1200
world5_high_960,960,600,960,600,40,12.733100,0.063700,1.238200,true,37,320,180,1200
world5_high_960,960,600,960,600,41,12.630000,0.069500,1.722200,true,37,320,180,1200
world5_high_960,960,600,960,600,42,11.620600,0.062900,1.403400,true,37,320,180,1200
world5_high_960,960,600,960,600,43,11.500200,0.078500,1.382500,true,37,320,180,1200
world5_high_960,960,600,960,600,44,12.803900,0.073600,1.360700,true,37,320,180,1200
world5_high_960,960,600,960,600,45,12.379500,0.067700,1.333500,true,37,320,180,1200
world5_high_960,960,600,960,600,46,12.948100,0.068000,1.484900,true,37,320,180,1200
world5_high_960,960,600,960,600,47,11.385100,0.081900,1.269200,true,37,320,180,1200
world5_high_960,960,600,960,600,48,12.751100,0.062800,1.422800,true,37,320,180,1200
world5_high_960,960,600,960,600,49,11.814900,0.068300,1.498800,true,37,320,180,1200
world5_high_960,960,600,960,600,50,11.447800,0.066300,1.395800,true,37,320,180,1200
world5_high_960,960,600,960,600,51,11.834600,0.080100,1.493300,true,37,320,180,1200
world5_high_960,960,600,960,600,52,11.769200,0.078400,1.239100,true,37,320,180,1200
world5_high_960,960,600,960,600,53,11.827200,0.062900,1.236100,true,37,320,180,1200
world5_high_960,960,600,960,600,54,11.954700,0.076100,1.814900,true,37,320,180,1200
world5_high_960,960,600,960,600,55,11.702400,0.068100,1.407100,true,37,320,180,1200
world5_high_960,960,600,960,600,56,12.680600,0.068800,1.256400,true,37,320,180,1200
world5_high_960,960,600,960,600,57,12.649300,0.074100,1.324700,true,37,320,180,1200
world5_high_960,960,600,960,600,58,12.115200,0.073100,1.492800,true,37,320,180,1200
world5_high_960,960,600,960,600,59,11.477000,0.063000,1.236300,true,37,320,180,1200
world5_high_960,960,600,960,600,60,11.421000,0.068100,1.711200,true,37,320,180,1200
world5_high_960,960,600,960,600,61,11.655800,0.074800,1.225200,true,37,320,180,1200
world5_high_960,960,600,960,600,62,12.503500,0.080800,1.356300,true,37,320,180,1200
world5_high_960,960,600,960,600,63,12.859800,0.068000,1.336800,true,37,320,180,1200
world5_high_960,960,600,960,600,64,11.906300,0.062700,1.419000,true,37,320,180,1200
world5_high_960,960,600,960,600,65,12.255600,0.063100,1.659100,true,37,320,180,1200
world5_high_960,960,600,960,600,66,12.370200,0.068700,1.439100,true,37,320,180,1200
world5_high_960,960,600,960,600,67,11.579600,0.073700,1.257200,true,37,320,180,1200
world5_high_960,960,600,960,600,68,11.405900,0.082200,1.448700,true,37,320,180,1200
world5_high_960,960,600,960,600,69,11.537500,0.071000,1.255500,true,37,320,180,1200
world5_high_960,960,600,960,600,70,12.073500,0.071900,1.336500,true,37,320,180,1200
world5_high_960,960,600,960,600,71,11.929800,0.070500,1.832800,true,37,320,180,1200
world5_high_960,960,600,960,600,72,13.625400,0.069700,1.485600,true,37,320,180,1200
world5_high_960,960,600,960,600,73,12.610700,0.068900,1.759900,true,37,320,180,1200
world5_high_960,960,600,960,600,74,11.576100,0.068400,1.432800,true,37,320,180,1200
world5_high_960,960,600,960,600,75,11.668500,0.071900,1.236500,true,37,320,180,1200
world5_high_960,960,600,960,600,76,11.245500,0.062700,1.290000,true,37,320,180,1200
world5_high_960,960,600,960,600,77,11.594900,0.060600,1.401200,true,37,320,180,1200
world5_high_960,960,600,960,600,78,12.238200,0.069500,1.922800,true,37,320,180,1200
world5_high_960,960,600,960,600,79,11.674700,0.066800,1.437000,true,37,320,180,1200
world5_high_960,960,600,960,600,80,11.722200,0.095700,1.290700,true,37,320,180,1200
world5_high_960,960,600,960,600,81,12.719100,0.062400,1.266400,true,37,320,180,1200
world5_high_960,960,600,960,600,82,12.388800,0.058700,1.199200,true,37,320,180,1200
world5_high_960,960,600,960,600,83,11.674400,0.068300,1.534900,true,37,320,180,1200
world5_high_960,960,600,960,600,84,12.268100,0.077000,1.266100,true,37,320,180,1200
world5_high_960,960,600,960,600,85,12.363800,0.063400,1.525700,true,37,320,180,1200
world5_high_960,960,600,960,600,86,13.660100,0.089200,1.409600,true,37,320,180,1200
world5_high_960,960,600,960,600,87,11.439500,0.075000,1.326800,true,37,320,180,1200
world5_high_960,960,600,960,600,88,12.429500,0.070200,1.218300,true,37,320,180,1200
world5_high_960,960,600,960,600,89,12.348600,0.068700,1.239500,true,37,320,180,1200
world5_high_960,960,600,960,600,90,11.705700,0.077600,1.400000,true,37,320,180,1200
world5_high_960,960,600,960,600,91,11.564400,0.066500,1.278800,true,37,320,180,1200
world5_high_960,960,600,960,600,92,11.666900,0.088500,1.264100,true,37,320,180,1200
world5_high_960,960,600,960,600,93,12.105900,0.063000,1.258900,true,37,320,180,1200
world5_high_960,960,600,960,600,94,11.752700,0.063200,1.446400,true,37,320,180,1200
world5_high_960,960,600,960,600,95,11.609800,0.068500,1.498900,true,37,320,180,1200
world5_high_960,960,600,960,600,96,12.540000,0.066800,1.251200,true,37,320,180,1200
world5_high_960,960,600,960,600,97,13.253200,0.064700,1.413200,true,37,320,180,1200
world5_high_960,960,600,960,600,98,11.623000,0.067900,1.424500,true,37,320,180,1200
world5_high_960,960,600,960,600,99,11.720800,0.058700,1.510700,true,37,320,180,1200
world5_high_960,960,600,960,600,100,11.626000,0.083900,1.304100,true,37,320,180,1200
world5_high_960,960,600,960,600,101,12.163500,0.071500,1.427500,true,37,320,180,1200
world5_high_960,960,600,960,600,102,12.476600,0.069900,1.372800,true,37,320,180,1200
world5_high_960,960,600,960,600,103,11.904500,0.081900,1.756500,true,37,320,180,1200
world5_high_960,960,600,960,600,104,11.508100,0.066800,1.398900,true,37,320,180,1200
world5_high_960,960,600,960,600,105,11.422900,0.082300,1.424700,true,37,320,180,1200
world5_high_960,960,600,960,600,106,11.396700,0.071500,1.214100,true,37,320,180,1200
world5_high_960,960,600,960,600,107,11.882600,0.060800,1.277100,true,37,320,180,1200
world5_high_960,960,600,960,600,108,11.908100,0.069400,1.335900,true,37,320,180,1200
world5_high_960,960,600,960,600,109,12.111500,0.080700,1.440200,true,37,320,180,1200
world5_high_960,960,600,960,600,110,11.539200,0.065400,1.372600,true,37,320,180,1200
world5_high_960,960,600,960,600,111,11.623500,0.067500,1.268500,true,37,320,180,1200
world5_high_960,960,600,960,600,112,11.652100,0.065900,1.221000,true,37,320,180,1200
world5_high_960,960,600,960,600,113,12.095600,0.066300,1.750100,true,37,320,180,1200
world5_high_960,960,600,960,600,114,12.761700,0.069300,1.356600,true,37,320,180,1200
world5_high_960,960,600,960,600,115,11.604500,0.078200,1.206400,true,37,320,180,1200
world5_high_960,960,600,960,600,116,12.662600,0.068200,1.323600,true,37,320,180,1200
world5_high_960,960,600,960,600,117,12.703300,0.066600,1.505600,true,37,320,180,1200
world5_high_960,960,600,960,600,118,12.122900,0.072400,1.203700,true,37,320,180,1200
world5_high_960,960,600,960,600,119,11.877900,0.063200,1.235800,true,37,320,180,1200
world5_high_960,960,600,960,600,120,12.436500,0.063200,1.209100,true,37,320,180,1200
world5_high_960,960,600,960,600,121,13.228900,0.072900,1.451400,true,37,320,180,1200
world5_high_960,960,600,960,600,122,12.964100,0.067100,1.329600,true,37,320,180,1200
world5_high_960,960,600,960,600,123,11.920300,0.065700,1.945500,true,37,320,180,1200
world5_high_960,960,600,960,600,124,11.949100,0.089600,1.267600,true,37,320,180,1200
world5_high_960,960,600,960,600,125,11.378400,0.067300,1.347800,true,37,320,180,1200
world5_high_960,960,600,960,600,126,12.153800,0.065700,1.387900,true,37,320,180,1200
world5_high_960,960,600,960,600,127,11.832300,0.069600,1.757400,true,37,320,180,1200
world5_high_960,960,600,960,600,128,11.733800,0.068100,1.519100,true,37,320,180,1200
world5_high_600,600,400,600,375,0,10.806300,0.079200,2.271000,true,37,320,180,1200
world5_high_600,600,400,600,375,1,12.170900,0.080800,2.364200,true,37,320,180,1200
world5_high_600,600,400,600,375,2,10.824600,0.069100,2.467300,true,37,320,180,1200
world5_high_600,600,400,600,375,3,11.399000,0.067300,2.303900,true,37,320,180,1200
world5_high_600,600,400,600,375,4,11.397300,0.060600,2.177500,true,37,320,180,1200
world5_high_600,600,400,600,375,5,12.159500,0.065700,2.407300,true,37,320,180,1200
world5_high_600,600,400,600,375,6,11.104800,0.073500,2.723400,true,37,320,180,1200
world5_high_600,600,400,600,375,7,11.045700,0.074700,2.347800,true,37,320,180,1200
world5_high_600,600,400,600,375,8,12.640200,0.064700,2.350300,true,37,320,180,1200
world5_high_600,600,400,600,375,9,11.892700,0.072800,2.246800,true,37,320,180,1200
world5_high_600,600,400,600,375,10,11.308300,0.065200,2.163800,true,37,320,180,1200
world5_high_600,600,400,600,375,11,11.634900,0.068100,2.556600,true,37,320,180,1200
world5_high_600,600,400,600,375,12,11.110700,0.072000,2.435100,true,37,320,180,1200
world5_high_600,600,400,600,375,13,11.554900,0.065100,2.373800,true,37,320,180,1200
world5_high_600,600,400,600,375,14,11.830600,0.068300,2.305800,true,37,320,180,1200
world5_high_600,600,400,600,375,15,11.408000,0.069200,2.312500,true,37,320,180,1200
world5_high_600,600,400,600,375,16,12.180400,0.086600,2.391700,true,37,320,180,1200
world5_high_600,600,400,600,375,17,11.823600,0.083600,2.290200,true,37,320,180,1200
world5_high_600,600,400,600,375,18,10.980400,0.063400,2.420600,true,37,320,180,1200
world5_high_600,600,400,600,375,19,11.585300,0.072100,2.390100,true,37,320,180,1200
world5_high_600,600,400,600,375,20,12.092300,0.065200,2.701600,true,37,320,180,1200
world5_high_600,600,400,600,375,21,11.271200,0.076700,2.250300,true,37,320,180,1200
world5_high_600,600,400,600,375,22,11.817400,0.078300,2.350000,true,37,320,180,1200
world5_high_600,600,400,600,375,23,11.392800,0.067300,2.491200,true,37,320,180,1200
world5_high_600,600,400,600,375,24,11.520600,0.087900,2.539100,true,37,320,180,1200
world5_high_600,600,400,600,375,25,12.673500,0.066400,2.275200,true,37,320,180,1200
world5_high_600,600,400,600,375,26,12.032200,0.064500,2.195100,true,37,320,180,1200
world5_high_600,600,400,600,375,27,11.374700,0.065400,2.164700,true,37,320,180,1200
world5_high_600,600,400,600,375,28,11.438300,0.064200,2.467000,true,37,320,180,1200
world5_high_600,600,400,600,375,29,12.481800,0.068600,2.182700,true,37,320,180,1200
world5_high_600,600,400,600,375,30,11.507000,0.061400,2.304300,true,37,320,180,1200
world5_high_600,600,400,600,375,31,12.355600,0.083600,2.377700,true,37,320,180,1200
world5_high_600,600,400,600,375,32,11.582700,0.080200,2.174700,true,37,320,180,1200
world5_high_600,600,400,600,375,33,12.527000,0.095000,2.345400,true,37,320,180,1200
world5_high_600,600,400,600,375,34,12.564300,0.062700,2.310300,true,37,320,180,1200
world5_high_600,600,400,600,375,35,12.436000,0.066700,2.346000,true,37,320,180,1200
world5_high_600,600,400,600,375,36,11.760800,0.093400,2.288900,true,37,320,180,1200
world5_high_600,600,400,600,375,37,12.526700,0.087100,2.287800,true,37,320,180,1200
world5_high_600,600,400,600,375,38,12.574800,0.063000,2.416000,true,37,320,180,1200
world5_high_600,600,400,600,375,39,12.291600,0.063100,2.179400,true,37,320,180,1200
world5_high_600,600,400,600,375,40,11.352900,0.077900,2.456000,true,37,320,180,1200
world5_high_600,600,400,600,375,41,11.571000,0.087100,2.372700,true,37,320,180,1200
world5_high_600,600,400,600,375,42,11.485100,0.062000,2.359200,true,37,320,180,1200
world5_high_600,600,400,600,375,43,12.432100,0.095700,3.095400,true,37,320,180,1200
world5_high_600,600,400,600,375,44,11.367000,0.080900,2.260300,true,37,320,180,1200
world5_high_600,600,400,600,375,45,12.394800,0.071900,2.314500,true,37,320,180,1200
world5_high_600,600,400,600,375,46,12.127400,0.064400,2.408800,true,37,320,180,1200
world5_high_600,600,400,600,375,47,11.428600,0.063900,2.381400,true,37,320,180,1200
world5_high_600,600,400,600,375,48,11.500800,0.082600,2.839400,true,37,320,180,1200
world5_high_600,600,400,600,375,49,11.533100,0.058400,2.159500,true,37,320,180,1200
world5_high_600,600,400,600,375,50,11.283700,0.065800,2.387900,true,37,320,180,1200
world5_high_600,600,400,600,375,51,11.656900,0.071300,2.826400,true,37,320,180,1200
world5_high_600,600,400,600,375,52,11.951200,0.072500,2.212900,true,37,320,180,1200
world5_high_600,600,400,600,375,53,12.290000,0.094200,2.744100,true,37,320,180,1200
world5_high_600,600,400,600,375,54,11.231800,0.073300,2.233600,true,37,320,180,1200
world5_high_600,600,400,600,375,55,11.794400,0.065600,2.392700,true,37,320,180,1200
world5_high_600,600,400,600,375,56,12.300900,0.070200,2.699400,true,37,320,180,1200
world5_high_600,600,400,600,375,57,11.382700,0.105800,2.219800,true,37,320,180,1200
world5_high_600,600,400,600,375,58,12.577600,0.078000,2.802600,true,37,320,180,1200
world5_high_600,600,400,600,375,59,11.331800,0.075600,2.354000,true,37,320,180,1200
world5_high_600,600,400,600,375,60,11.466000,0.068100,2.180200,true,37,320,180,1200
world5_high_600,600,400,600,375,61,12.606400,0.067500,2.629300,true,37,320,180,1200
world5_high_600,600,400,600,375,62,11.961700,0.065700,2.143200,true,37,320,180,1200
world5_high_600,600,400,600,375,63,12.684500,0.066600,3.080000,true,37,320,180,1200
world5_high_600,600,400,600,375,64,12.348300,0.065300,2.175400,true,37,320,180,1200
world5_high_600,600,400,600,375,65,12.368400,0.071700,2.653600,true,37,320,180,1200
world5_high_600,600,400,600,375,66,12.027800,0.084500,2.338600,true,37,320,180,1200
world5_high_600,600,400,600,375,67,12.544300,0.066900,2.517400,true,37,320,180,1200
world5_high_600,600,400,600,375,68,11.277100,0.068700,2.572400,true,37,320,180,1200
world5_high_600,600,400,600,375,69,11.401000,0.062500,2.433100,true,37,320,180,1200
world5_high_600,600,400,600,375,70,12.213500,0.079800,2.325900,true,37,320,180,1200
world5_high_600,600,400,600,375,71,11.314500,0.091100,2.347800,true,37,320,180,1200
world5_high_600,600,400,600,375,72,12.626700,0.062800,2.314300,true,37,320,180,1200
world5_high_600,600,400,600,375,73,12.599500,0.108800,2.522000,true,37,320,180,1200
world5_high_600,600,400,600,375,74,12.419100,0.073500,2.305500,true,37,320,180,1200
world5_high_600,600,400,600,375,75,12.830200,0.079400,2.423400,true,37,320,180,1200
world5_high_600,600,400,600,375,76,12.114000,0.069900,2.336100,true,37,320,180,1200
world5_high_600,600,400,600,375,77,11.737400,0.068300,2.930500,true,37,320,180,1200
world5_high_600,600,400,600,375,78,11.797400,0.073200,2.155600,true,37,320,180,1200
world5_high_600,600,400,600,375,79,12.521500,0.066200,2.577200,true,37,320,180,1200
world5_high_600,600,400,600,375,80,11.921300,0.067100,2.242400,true,37,320,180,1200
world5_high_600,600,400,600,375,81,11.753300,0.063300,2.359400,true,37,320,180,1200
world5_high_600,600,400,600,375,82,11.913800,0.066300,2.311900,true,37,320,180,1200
world5_high_600,600,400,600,375,83,11.541000,0.069400,2.174000,true,37,320,180,1200
world5_high_600,600,400,600,375,84,12.319900,0.060800,2.142800,true,37,320,180,1200
world5_high_600,600,400,600,375,85,12.198100,0.066200,2.544200,true,37,320,180,1200
world5_high_600,600,400,600,375,86,11.262700,0.085100,2.340200,true,37,320,180,1200
world5_high_600,600,400,600,375,87,12.473000,0.072300,2.342400,true,37,320,180,1200
world5_high_600,600,400,600,375,88,12.300400,0.069300,2.191100,true,37,320,180,1200
world5_high_600,600,400,600,375,89,11.199000,0.067700,2.151300,true,37,320,180,1200
world5_high_600,600,400,600,375,90,11.828000,0.065400,2.695100,true,37,320,180,1200
world5_high_600,600,400,600,375,91,11.243000,0.075000,2.755700,true,37,320,180,1200
world5_high_600,600,400,600,375,92,11.302100,0.065200,2.428500,true,37,320,180,1200
world5_high_600,600,400,600,375,93,12.442300,0.071100,2.677800,true,37,320,180,1200
world5_high_600,600,400,600,375,94,11.866000,0.067400,2.279300,true,37,320,180,1200
world5_high_600,600,400,600,375,95,12.473800,0.083000,2.298200,true,37,320,180,1200
world5_high_600,600,400,600,375,96,12.805100,0.061500,2.150800,true,37,320,180,1200
world5_high_600,600,400,600,375,97,11.471700,0.065100,2.301400,true,37,320,180,1200
world5_high_600,600,400,600,375,98,11.784400,0.064100,2.399100,true,37,320,180,1200
world5_high_600,600,400,600,375,99,11.818800,0.065200,2.140100,true,37,320,180,1200
world5_high_600,600,400,600,375,100,12.241600,0.067100,2.450700,true,37,320,180,1200
world5_high_600,600,400,600,375,101,11.530500,0.068100,2.356400,true,37,320,180,1200
world5_high_600,600,400,600,375,102,11.203000,0.072100,2.225200,true,37,320,180,1200
world5_high_600,600,400,600,375,103,11.607200,0.064400,2.157200,true,37,320,180,1200
world5_high_600,600,400,600,375,104,11.733700,0.069600,2.608900,true,37,320,180,1200
world5_high_600,600,400,600,375,105,11.866100,0.079400,2.462700,true,37,320,180,1200
world5_high_600,600,400,600,375,106,12.457400,0.073700,2.695500,true,37,320,180,1200
world5_high_600,600,400,600,375,107,11.520700,0.066800,2.358600,true,37,320,180,1200
world5_high_600,600,400,600,375,108,11.211000,0.065000,2.155100,true,37,320,180,1200
world5_high_600,600,400,600,375,109,12.022700,0.072700,2.549400,true,37,320,180,1200
world5_high_600,600,400,600,375,110,11.296800,0.068700,2.391600,true,37,320,180,1200
world5_high_600,600,400,600,375,111,11.422900,0.064300,2.345300,true,37,320,180,1200
world5_high_600,600,400,600,375,112,12.284300,0.081400,2.700200,true,37,320,180,1200
world5_high_600,600,400,600,375,113,11.343200,0.160400,2.474800,true,37,320,180,1200
world5_high_600,600,400,600,375,114,12.529600,0.083200,2.396500,true,37,320,180,1200
world5_high_600,600,400,600,375,115,11.508400,0.066400,2.428800,true,37,320,180,1200
world5_high_600,600,400,600,375,116,11.211500,0.069800,2.337100,true,37,320,180,1200
world5_high_600,600,400,600,375,117,11.357900,0.067100,2.610300,true,37,320,180,1200
world5_high_600,600,400,600,375,118,11.710400,0.072800,2.572200,true,37,320,180,1200
world5_high_600,600,400,600,375,119,11.468100,0.066000,2.352200,true,37,320,180,1200
world5_high_600,600,400,600,375,120,12.532300,0.070900,2.334300,true,37,320,180,1200
world5_high_600,600,400,600,375,121,12.849300,0.062200,2.277600,true,37,320,180,1200
world5_high_1280,1280,800,1280,800,0,11.422600,0.070100,9.754200,true,37,320,180,1200
world5_high_1280,1280,800,1280,800,1,10.372700,0.073800,10.182300,true,37,320,180,1200
world5_high_1280,1280,800,1280,800,2,11.308800,0.066500,9.694600,true,37,320,180,1200
world5_high_1280,1280,800,1280,800,3,11.737000,0.063800,9.565700,true,37,320,180,1200
world5_high_1280,1280,800,1280,800,4,11.424700,0.085400,10.031800,true,37,320,180,1200
world5_high_1280,1280,800,1280,800,5,11.949300,0.087200,9.910000,true,37,320,180,1200
world5_high_1280,1280,800,1280,800,6,11.723900,0.067800,10.086000,true,37,320,180,1200
world5_high_1280,1280,800,1280,800,7,11.120400,0.065200,9.757800,true,37,320,180,1200
world5_high_1280,1280,800,1280,800,8,10.760300,0.067500,9.997100,true,37,320,180,1200
world5_high_1280,1280,800,1280,800,9,10.826900,0.065200,9.817700,true,37,320,180,1200
world5_high_1280,1280,800,1280,800,10,10.927400,0.065500,9.879800,true,37,320,180,1200
world5_high_1280,1280,800,1280,800,11,11.037800,0.080100,9.744500,true,37,320,180,1200
world5_high_1280,1280,800,1280,800,12,11.451200,0.074500,9.927300,true,37,320,180,1200
world5_high_1280,1280,800,1280,800,13,11.001100,0.068600,9.842500,true,37,320,180,1200
world5_high_1280,1280,800,1280,800,14,10.976400,0.064900,10.040600,true,37,320,180,1200
world5_high_1280,1280,800,1280,800,15,11.830200,0.066100,9.877900,true,37,320,180,1200
world5_high_1280,1280,800,1280,800,16,11.813800,0.085600,9.788400,true,37,320,180,1200
world5_high_1280,1280,800,1280,800,17,11.257400,0.067300,10.229200,true,37,320,180,1200
world5_high_1280,1280,800,1280,800,18,10.909000,0.081700,9.963000,true,37,320,180,1200
world5_high_1280,1280,800,1280,800,19,11.394400,0.070700,9.977300,true,37,320,180,1200
world5_high_1280,1280,800,1280,800,20,12.218600,0.066900,9.833700,true,37,320,180,1200
world5_high_1280,1280,800,1280,800,21,12.324700,0.069000,10.032000,true,37,320,180,1200
world5_high_1280,1280,800,1280,800,22,11.965400,0.084900,9.754700,true,37,320,180,1200
world5_high_1280,1280,800,1280,800,23,12.434400,0.073600,9.918700,true,37,320,180,1200
world5_high_1280,1280,800,1280,800,24,12.097200,0.066900,10.078600,true,37,320,180,1200
world5_high_1280,1280,800,1280,800,25,11.192300,0.062900,10.301000,true,37,320,180,1200
world5_high_1280,1280,800,1280,800,26,11.043800,0.071900,9.904800,true,37,320,180,1200
world5_high_1280,1280,800,1280,800,27,11.938400,0.064800,10.032900,true,37,320,180,1200
world5_high_1280,1280,800,1280,800,28,11.101000,0.075900,9.894400,true,37,320,180,1200
world5_high_1280,1280,800,1280,800,29,12.822500,0.066700,9.850200,true,37,320,180,1200
world5_high_1280,1280,800,1280,800,30,12.197700,0.065400,9.765100,true,37,320,180,1200
world5_high_1280,1280,800,1280,800,31,11.813300,0.069100,9.813200,true,37,320,180,1200
world5_high_1280,1280,800,1280,800,32,11.818300,0.086400,9.722800,true,37,320,180,1200
world5_high_1280,1280,800,1280,800,33,11.346700,0.080900,9.694300,true,37,320,180,1200
world5_high_1280,1280,800,1280,800,34,13.236300,0.072100,10.406300,true,37,320,180,1200
world5_high_1280,1280,800,1280,800,35,12.475800,0.066700,9.846300,true,37,320,180,1200
world5_high_1280,1280,800,1280,800,36,12.077400,0.067400,10.242100,true,37,320,180,1200
world5_high_1280,1280,800,1280,800,37,11.847800,0.063700,10.468400,true,37,320,180,1200
world5_high_1280,1280,800,1280,800,38,11.257100,0.065000,10.032700,true,37,320,180,1200
world5_high_1280,1280,800,1280,800,39,11.751900,0.068100,9.811100,true,37,320,180,1200
world5_high_1280,1280,800,1280,800,40,11.256900,0.071800,10.105700,true,37,320,180,1200
world5_high_1280,1280,800,1280,800,41,12.350600,0.077100,9.540300,true,37,320,180,1200
world5_high_1280,1280,800,1280,800,42,11.943200,0.100000,9.771300,true,37,320,180,1200
world5_high_1280,1280,800,1280,800,43,12.823600,0.069200,10.395100,true,37,320,180,1200
world5_high_1280,1280,800,1280,800,44,12.000700,0.067800,9.679200,true,37,320,180,1200
world5_high_1280,1280,800,1280,800,45,13.191200,0.065900,9.620000,true,37,320,180,1200
world5_high_1280,1280,800,1280,800,46,13.402800,0.064800,9.584700,true,37,320,180,1200
world5_high_1280,1280,800,1280,800,47,11.486000,0.068000,10.109500,true,37,320,180,1200
world5_high_1280,1280,800,1280,800,48,12.821300,0.066300,10.195700,true,37,320,180,1200
world5_high_1280,1280,800,1280,800,49,11.318400,0.063600,9.567100,true,37,320,180,1200
world5_high_1280,1280,800,1280,800,50,11.580700,0.066600,10.241200,true,37,320,180,1200
world5_high_1280,1280,800,1280,800,51,11.380500,0.066700,9.862900,true,37,320,180,1200
world5_high_1280,1280,800,1280,800,52,11.270400,0.077900,9.865500,true,37,320,180,1200
world5_high_1280,1280,800,1280,800,53,12.574800,0.070300,9.711700,true,37,320,180,1200
world5_high_1280,1280,800,1280,800,54,11.231700,0.067900,10.409700,true,37,320,180,1200
world5_high_1280,1280,800,1280,800,55,12.510200,0.066800,9.827700,true,37,320,180,1200
world5_high_1280,1280,800,1280,800,56,12.232800,0.064300,9.710800,true,37,320,180,1200
world5_high_1280,1280,800,1280,800,57,11.285300,0.064300,9.746300,true,37,320,180,1200
world5_high_1280,1280,800,1280,800,58,11.286000,0.079600,10.278200,true,37,320,180,1200
world5_high_1280,1280,800,1280,800,59,11.377600,0.066700,9.744500,true,37,320,180,1200
world5_high_1280,1280,800,1280,800,60,12.280600,0.084500,10.070800,true,37,320,180,1200
world5_high_1280,1280,800,1280,800,61,12.182700,0.065400,9.725700,true,37,320,180,1200
world5_high_1280,1280,800,1280,800,62,11.610000,0.084800,10.444000,true,37,320,180,1200
world5_high_1280,1280,800,1280,800,63,11.897300,0.075800,9.726400,true,37,320,180,1200
world5_high_1280,1280,800,1280,800,64,12.113200,0.066600,9.773000,true,37,320,180,1200
world5_high_1280,1280,800,1280,800,65,11.596700,0.084500,9.799700,true,37,320,180,1200
world5_high_1280,1280,800,1280,800,66,11.308600,0.067100,9.544800,true,37,320,180,1200
world5_high_1280,1280,800,1280,800,67,11.656200,0.067900,9.575100,true,37,320,180,1200
world5_high_1280,1280,800,1280,800,68,12.114800,0.065400,10.440300,true,37,320,180,1200
world5_high_1280,1280,800,1280,800,69,11.651100,0.067600,9.815100,true,37,320,180,1200
world5_high_1280,1280,800,1280,800,70,11.667100,0.076700,10.046300,true,37,320,180,1200
world5_high_1280,1280,800,1280,800,71,12.552000,0.060900,9.514700,true,37,320,180,1200
world5_high_1280,1280,800,1280,800,72,11.224700,0.067300,9.896700,true,37,320,180,1200
world5_high_1280,1280,800,1280,800,73,11.671800,0.080000,10.271700,true,37,320,180,1200
world5_high_1280,1280,800,1280,800,74,11.448200,0.065100,9.545400,true,37,320,180,1200
world5_high_1280,1280,800,1280,800,75,12.492600,0.080100,10.079900,true,37,320,180,1200
world5_high_1280,1280,800,1280,800,76,11.830400,0.066600,9.937500,true,37,320,180,1200
world5_high_1280,1280,800,1280,800,77,11.337900,0.070100,10.430000,true,37,320,180,1200
world5_high_1280,1280,800,1280,800,78,12.620700,0.072400,9.766200,true,37,320,180,1200
world5_high_1280,1280,800,1280,800,79,12.389600,0.090500,9.814500,true,37,320,180,1200
world5_high_1280,1280,800,1280,800,80,12.199600,0.063800,9.603600,true,37,320,180,1200
