tick,role,input,action,x,y,grounded,crouching,facing,aimX,aimY,phase,shotSequence,hp,muzzleX,muzzleY
0,REPAIR,RUN_RIGHT,RUN,605.000,270.000,true,false,1,1.00000,0.00000,0.78540,1,100,638.000,270.000
0,SCOUT,RUN_RIGHT,RUN,605.650,270.000,true,false,1,1.00000,0.00000,0.88750,1,100,638.650,270.000
0,WARDEN,RUN_RIGHT,RUN,604.350,270.000,true,false,1,1.00000,0.00000,0.68330,1,100,637.350,270.000
0,ENGINEER,RUN_RIGHT,RUN,604.800,270.000,true,false,1,1.00000,0.00000,0.75398,1,100,637.800,270.000
1,REPAIR,RUN_RIGHT,RUN,610.000,270.000,true,false,1,1.00000,0.00000,1.57080,1,100,643.000,270.000
1,SCOUT,RUN_RIGHT,RUN,611.300,270.000,true,false,1,1.00000,0.00000,1.77500,1,100,644.300,270.000
1,WARDEN,RUN_RIGHT,RUN,608.700,270.000,true,false,1,1.00000,0.00000,1.36659,1,100,641.700,270.000
1,ENGINEER,RUN_RIGHT,RUN,609.600,270.000,true,false,1,1.00000,0.00000,1.50796,1,100,642.600,270.000
2,REPAIR,RUN_RIGHT,RUN,615.000,270.000,true,false,1,1.00000,0.00000,2.35619,1,100,648.000,270.000
2,SCOUT,RUN_RIGHT,RUN,616.950,270.000,true,false,1,1.00000,0.00000,2.66250,1,100,649.950,270.000
2,WARDEN,RUN_RIGHT,RUN,613.050,270.000,true,false,1,1.00000,0.00000,2.04989,1,100,646.050,270.000
2,ENGINEER,RUN_RIGHT,RUN,614.400,270.000,true,false,1,1.00000,0.00000,2.26195,1,100,647.400,270.000
3,REPAIR,RUN_RIGHT,RUN,620.000,270.000,true,false,1,1.00000,0.00000,3.14159,1,100,653.000,270.000
3,SCOUT,RUN_RIGHT,RUN,622.600,270.000,true,false,1,1.00000,0.00000,3.55000,1,100,655.600,270.000
3,WARDEN,RUN_RIGHT,RUN,617.400,270.000,true,false,1,1.00000,0.00000,2.73319,1,100,650.400,270.000
3,ENGINEER,RUN_RIGHT,RUN,619.200,270.000,true,false,1,1.00000,0.00000,3.01593,1,100,652.200,270.000
4,REPAIR,RUN_RIGHT,RUN,625.000,270.000,true,false,1,1.00000,0.00000,3.92699,1,100,658.000,270.000
4,SCOUT,RUN_RIGHT,RUN,628.250,270.000,true,false,1,1.00000,0.00000,4.43750,1,100,661.250,270.000
4,WARDEN,RUN_RIGHT,RUN,621.750,270.000,true,false,1,1.00000,0.00000,3.41648,1,100,654.750,270.000
4,ENGINEER,RUN_RIGHT,RUN,624.000,270.000,true,false,1,1.00000,0.00000,3.76991,1,100,657.000,270.000
5,REPAIR,RUN_RIGHT,RUN,630.000,270.000,true,false,1,1.00000,0.00000,4.71239,1,100,663.000,270.000
5,SCOUT,RUN_RIGHT,RUN,633.900,270.000,true,false,1,1.00000,0.00000,5.32500,1,100,666.900,270.000
5,WARDEN,RUN_RIGHT,RUN,626.100,270.000,true,false,1,1.00000,0.00000,4.09978,1,100,659.100,270.000
5,ENGINEER,RUN_RIGHT,RUN,628.800,270.000,true,false,1,1.00000,0.00000,4.52389,1,100,661.800,270.000
6,REPAIR,RUN_RIGHT,RUN,635.000,270.000,true,false,1,1.00000,0.00000,5.49779,1,100,668.000,270.000
6,SCOUT,RUN_RIGHT,RUN,639.550,270.000,true,false,1,1.00000,0.00000,6.21250,1,100,672.550,270.000
6,WARDEN,RUN_RIGHT,RUN,630.450,270.000,true,false,1,1.00000,0.00000,4.78307,1,100,663.450,270.000
6,ENGINEER,RUN_RIGHT,RUN,633.600,270.000,true,false,1,1.00000,0.00000,5.27788,1,100,666.600,270.000
7,REPAIR,RUN_RIGHT,RUN,640.000,270.000,true,false,1,1.00000,0.00000,0.00000,1,100,673.000,270.000
7,SCOUT,RUN_RIGHT,RUN,645.200,270.000,true,false,1,1.00000,0.00000,0.81681,1,100,678.200,270.000
7,WARDEN,RUN_RIGHT,RUN,634.800,270.000,true,false,1,1.00000,0.00000,5.46637,1,100,667.800,270.000
7,ENGINEER,RUN_RIGHT,RUN,638.400,270.000,true,false,1,1.00000,0.00000,6.03186,1,100,671.400,270.000
8,REPAIR,RUN_RIGHT,RUN,645.000,270.000,true,false,1,1.00000,0.00000,0.78540,1,100,678.000,270.000
8,SCOUT,RUN_RIGHT,RUN,650.850,270.000,true,false,1,1.00000,0.00000,1.70431,1,100,683.850,270.000
8,WARDEN,RUN_RIGHT,RUN,639.150,270.000,true,false,1,1.00000,0.00000,6.14967,1,100,672.150,270.000
8,ENGINEER,RUN_RIGHT,RUN,643.200,270.000,true,false,1,1.00000,0.00000,0.50265,1,100,676.200,270.000
9,REPAIR,RUN_RIGHT,RUN,650.000,270.000,true,false,1,1.00000,0.00000,1.57080,1,100,683.000,270.000
9,SCOUT,RUN_RIGHT,RUN,656.500,270.000,true,false,1,1.00000,0.00000,2.59181,1,100,689.500,270.000
9,WARDEN,RUN_RIGHT,RUN,643.500,270.000,true,false,1,1.00000,0.00000,0.54978,1,100,676.500,270.000
9,ENGINEER,RUN_RIGHT,RUN,648.000,270.000,true,false,1,1.00000,0.00000,1.25664,1,100,681.000,270.000
10,REPAIR,RUN_RIGHT,RUN,655.000,270.000,true,false,1,1.00000,0.00000,2.35619,1,100,688.000,270.000
10,SCOUT,RUN_RIGHT,RUN,662.150,270.000,true,false,1,1.00000,0.00000,3.47931,1,100,695.150,270.000
10,WARDEN,RUN_RIGHT,RUN,647.850,270.000,true,false,1,1.00000,0.00000,1.23308,1,100,680.850,270.000
10,ENGINEER,RUN_RIGHT,RUN,652.800,270.000,true,false,1,1.00000,0.00000,2.01062,1,100,685.800,270.000
11,REPAIR,RUN_RIGHT,RUN,660.000,270.000,true,false,1,1.00000,0.00000,3.14159,1,100,693.000,270.000
11,SCOUT,RUN_RIGHT,RUN,667.800,270.000,true,false,1,1.00000,0.00000,4.36681,1,100,700.800,270.000
11,WARDEN,RUN_RIGHT,RUN,652.200,270.000,true,false,1,1.00000,0.00000,1.91637,1,100,685.200,270.000
11,ENGINEER,RUN_RIGHT,RUN,657.600,270.000,true,false,1,1.00000,0.00000,2.76460,1,100,690.600,270.000
12,REPAIR,RUN_RIGHT,RUN,665.000,270.000,true,false,1,1.00000,0.00000,3.92699,1,100,698.000,270.000
12,SCOUT,RUN_RIGHT,RUN,673.450,270.000,true,false,1,1.00000,0.00000,5.25431,1,100,706.450,270.000
12,WARDEN,RUN_RIGHT,RUN,656.550,270.000,true,false,1,1.00000,0.00000,2.59967,1,100,689.550,270.000
12,ENGINEER,RUN_RIGHT,RUN,662.400,270.000,true,false,1,1.00000,0.00000,3.51858,1,100,695.400,270.000
13,REPAIR,RUN_RIGHT,RUN,670.000,270.000,true,false,1,1.00000,0.00000,4.71239,1,100,703.000,270.000
13,SCOUT,RUN_RIGHT,RUN,679.100,270.000,true,false,1,1.00000,0.00000,6.14181,1,100,712.100,270.000
13,WARDEN,RUN_RIGHT,RUN,660.900,270.000,true,false,1,1.00000,0.00000,3.28296,1,100,693.900,270.000
13,ENGINEER,RUN_RIGHT,RUN,667.200,270.000,true,false,1,1.00000,0.00000,4.27257,1,100,700.200,270.000
14,REPAIR,RUN_RIGHT,RUN,675.000,270.000,true,false,1,1.00000,0.00000,5.49779,1,100,708.000,270.000
14,SCOUT,RUN_RIGHT,RUN,684.750,270.000,true,false,1,1.00000,0.00000,0.74613,1,100,717.750,270.000
14,WARDEN,RUN_RIGHT,RUN,665.250,270.000,true,false,1,1.00000,0.00000,3.96626,1,100,698.250,270.000
14,ENGINEER,RUN_RIGHT,RUN,672.000,270.000,true,false,1,1.00000,0.00000,5.02655,1,100,705.000,270.000
15,REPAIR,RUN_RIGHT,RUN,680.000,270.000,true,false,1,1.00000,0.00000,0.00000,1,100,713.000,270.000
15,SCOUT,RUN_RIGHT,RUN,690.400,270.000,true,false,1,1.00000,0.00000,1.63363,1,100,723.400,270.000
15,WARDEN,RUN_RIGHT,RUN,669.600,270.000,true,false,1,1.00000,0.00000,4.64956,1,100,702.600,270.000
15,ENGINEER,RUN_RIGHT,RUN,676.800,270.000,true,false,1,1.00000,0.00000,5.78053,1,100,709.800,270.000
16,REPAIR,RUN_RIGHT,RUN,685.000,270.000,true,false,1,1.00000,0.00000,0.78540,1,100,718.000,270.000
16,SCOUT,RUN_RIGHT,RUN,696.050,270.000,true,false,1,1.00000,0.00000,2.52113,1,100,729.050,270.000
16,WARDEN,RUN_RIGHT,RUN,673.950,270.000,true,false,1,1.00000,0.00000,5.33285,1,100,706.950,270.000
16,ENGINEER,RUN_RIGHT,RUN,681.600,270.000,true,false,1,1.00000,0.00000,0.25133,1,100,714.600,270.000
17,REPAIR,RUN_RIGHT,RUN,690.000,270.000,true,false,1,1.00000,0.00000,1.57080,1,100,723.000,270.000
17,SCOUT,RUN_RIGHT,RUN,701.700,270.000,true,false,1,1.00000,0.00000,3.40863,1,100,734.700,270.000
17,WARDEN,RUN_RIGHT,RUN,678.300,270.000,true,false,1,1.00000,0.00000,6.01615,1,100,711.300,270.000
17,ENGINEER,RUN_RIGHT,RUN,686.400,270.000,true,false,1,1.00000,0.00000,1.00531,1,100,719.400,270.000
18,REPAIR,RUN_RIGHT,RUN,695.000,270.000,true,false,1,1.00000,0.00000,2.35619,2,100,728.000,270.000
18,SCOUT,RUN_RIGHT,RUN,707.350,270.000,true,false,1,1.00000,0.00000,4.29613,2,100,740.350,270.000
18,WARDEN,RUN_RIGHT,RUN,682.650,270.000,true,false,1,1.00000,0.00000,0.41626,2,100,715.650,270.000
18,ENGINEER,RUN_RIGHT,RUN,691.200,270.000,true,false,1,1.00000,0.00000,1.75929,2,100,724.200,270.000
19,REPAIR,RUN_RIGHT,RUN,700.000,270.000,true,false,1,1.00000,0.00000,3.14159,2,100,733.000,270.000
19,SCOUT,RUN_RIGHT,RUN,713.000,270.000,true,false,1,1.00000,0.00000,5.18363,2,100,746.000,270.000
19,WARDEN,RUN_RIGHT,RUN,687.000,270.000,true,false,1,1.00000,0.00000,1.09956,2,100,720.000,270.000
19,ENGINEER,RUN_RIGHT,RUN,696.000,270.000,true,false,1,1.00000,0.00000,2.51327,2,100,729.000,270.000
20,REPAIR,RUN_RIGHT,RUN,705.000,270.000,true,false,1,1.00000,0.00000,3.92699,2,100,738.000,270.000
20,SCOUT,RUN_RIGHT,RUN,718.650,270.000,true,false,1,1.00000,0.00000,6.07113,2,100,751.650,270.000
20,WARDEN,RUN_RIGHT,RUN,691.350,270.000,true,false,1,1.00000,0.00000,1.78285,2,100,724.350,270.000
20,ENGINEER,RUN_RIGHT,RUN,700.800,270.000,true,false,1,1.00000,0.00000,3.26726,2,100,733.800,270.000
21,REPAIR,RUN_RIGHT,RUN,710.000,270.000,true,false,1,1.00000,0.00000,4.71239,2,100,743.000,270.000
21,SCOUT,RUN_RIGHT,RUN,724.300,270.000,true,false,1,1.00000,0.00000,0.67544,2,100,757.300,270.000
21,WARDEN,RUN_RIGHT,RUN,695.700,270.000,true,false,1,1.00000,0.00000,2.46615,2,100,728.700,270.000
21,ENGINEER,RUN_RIGHT,RUN,705.600,270.000,true,false,1,1.00000,0.00000,4.02124,2,100,738.600,270.000
22,REPAIR,RUN_RIGHT,RUN,715.000,270.000,true,false,1,1.00000,0.00000,5.49779,2,100,748.000,270.000
22,SCOUT,RUN_RIGHT,RUN,729.950,270.000,true,false,1,1.00000,0.00000,1.56294,2,100,762.950,270.000
22,WARDEN,RUN_RIGHT,RUN,700.050,270.000,true,false,1,1.00000,0.00000,3.14945,2,100,733.050,270.000
22,ENGINEER,RUN_RIGHT,RUN,710.400,270.000,true,false,1,1.00000,0.00000,4.77522,2,100,743.400,270.000
23,REPAIR,RUN_RIGHT,RUN,720.000,270.000,true,false,1,1.00000,0.00000,0.00000,2,100,753.000,270.000
23,SCOUT,RUN_RIGHT,RUN,735.600,270.000,true,false,1,1.00000,0.00000,2.45044,2,100,768.600,270.000
23,WARDEN,RUN_RIGHT,RUN,704.400,270.000,true,false,1,1.00000,0.00000,3.83274,2,100,737.400,270.000
23,ENGINEER,RUN_RIGHT,RUN,715.200,270.000,true,false,1,1.00000,0.00000,5.52920,2,100,748.200,270.000
24,REPAIR,RUN_RIGHT,RUN,725.000,270.000,true,false,1,1.00000,0.00000,0.78540,2,100,758.000,270.000
24,SCOUT,RUN_RIGHT,RUN,741.250,270.000,true,false,1,1.00000,0.00000,3.33794,2,100,774.250,270.000
24,WARDEN,RUN_RIGHT,RUN,708.750,270.000,true,false,1,1.00000,0.00000,4.51604,2,100,741.750,270.000
24,ENGINEER,RUN_RIGHT,RUN,720.000,270.000,true,false,1,1.00000,0.00000,6.28319,2,100,753.000,270.000
25,REPAIR,RUN_RIGHT,RUN,730.000,270.000,true,false,1,1.00000,0.00000,1.57080,2,100,763.000,270.000
25,SCOUT,RUN_RIGHT,RUN,746.900,270.000,true,false,1,1.00000,0.00000,4.22544,2,100,779.900,270.000
25,WARDEN,RUN_RIGHT,RUN,713.100,270.000,true,false,1,1.00000,0.00000,5.19934,2,100,746.100,270.000
25,ENGINEER,RUN_RIGHT,RUN,724.800,270.000,true,false,1,1.00000,0.00000,0.75398,2,100,757.800,270.000
26,REPAIR,RUN_RIGHT,RUN,735.000,270.000,true,false,1,1.00000,0.00000,2.35619,2,100,768.000,270.000
26,SCOUT,RUN_RIGHT,RUN,752.550,270.000,true,false,1,1.00000,0.00000,5.11294,2,100,785.550,270.000
26,WARDEN,RUN_RIGHT,RUN,717.450,270.000,true,false,1,1.00000,0.00000,5.88263,2,100,750.450,270.000
26,ENGINEER,RUN_RIGHT,RUN,729.600,270.000,true,false,1,1.00000,0.00000,1.50796,2,100,762.600,270.000
27,REPAIR,RUN_RIGHT,RUN,740.000,270.000,true,false,1,1.00000,0.00000,3.14159,2,100,773.000,270.000
27,SCOUT,RUN_RIGHT,RUN,758.200,270.000,true,false,1,1.00000,0.00000,6.00044,2,100,791.200,270.000
27,WARDEN,RUN_RIGHT,RUN,721.800,270.000,true,false,1,1.00000,0.00000,0.28274,2,100,754.800,270.000
27,ENGINEER,RUN_RIGHT,RUN,734.400,270.000,true,false,1,1.00000,0.00000,2.26195,2,100,767.400,270.000
28,REPAIR,RUN_RIGHT,RUN,745.000,270.000,true,false,1,1.00000,0.00000,3.92699,2,100,778.000,270.000
28,SCOUT,RUN_RIGHT,RUN,763.850,270.000,true,false,1,1.00000,0.00000,0.60476,2,100,796.850,270.000
28,WARDEN,RUN_RIGHT,RUN,726.150,270.000,true,false,1,1.00000,0.00000,0.96604,2,100,759.150,270.000
28,ENGINEER,RUN_RIGHT,RUN,739.200,270.000,true,false,1,1.00000,0.00000,3.01593,2,100,772.200,270.000
29,REPAIR,RUN_RIGHT,RUN,750.000,270.000,true,false,1,1.00000,0.00000,4.71239,2,100,783.000,270.000
29,SCOUT,RUN_RIGHT,RUN,769.500,270.000,true,false,1,1.00000,0.00000,1.49226,2,100,802.500,270.000
29,WARDEN,RUN_RIGHT,RUN,730.500,270.000,true,false,1,1.00000,0.00000,1.64934,2,100,763.500,270.000
29,ENGINEER,RUN_RIGHT,RUN,744.000,270.000,true,false,1,1.00000,0.00000,3.76991,2,100,777.000,270.000
30,REPAIR,RUN_RIGHT,RUN,755.000,270.000,true,false,1,1.00000,0.00000,5.49779,2,100,788.000,270.000
30,SCOUT,RUN_RIGHT,RUN,775.150,270.000,true,false,1,1.00000,0.00000,2.37976,2,100,808.150,270.000
30,WARDEN,RUN_RIGHT,RUN,734.850,270.000,true,false,1,1.00000,0.00000,2.33263,2,100,767.850,270.000
30,ENGINEER,RUN_RIGHT,RUN,748.800,270.000,true,false,1,1.00000,0.00000,4.52389,2,100,781.800,270.000
31,REPAIR,RUN_RIGHT,RUN,760.000,270.000,true,false,1,1.00000,0.00000,0.00000,2,100,793.000,270.000
31,SCOUT,RUN_RIGHT,RUN,780.800,270.000,true,false,1,1.00000,0.00000,3.26726,2,100,813.800,270.000
31,WARDEN,RUN_RIGHT,RUN,739.200,270.000,true,false,1,1.00000,0.00000,3.01593,2,100,772.200,270.000
31,ENGINEER,RUN_RIGHT,RUN,753.600,270.000,true,false,1,1.00000,0.00000,5.27788,2,100,786.600,270.000
32,REPAIR,RUN_RIGHT,RUN,765.000,270.000,true,false,1,1.00000,0.00000,0.78540,2,100,798.000,270.000
32,SCOUT,RUN_RIGHT,RUN,786.450,270.000,true,false,1,1.00000,0.00000,4.15476,2,100,819.450,270.000
32,WARDEN,RUN_RIGHT,RUN,743.550,270.000,true,false,1,1.00000,0.00000,3.69923,2,100,776.550,270.000
32,ENGINEER,RUN_RIGHT,RUN,758.400,270.000,true,false,1,1.00000,0.00000,6.03186,2,100,791.400,270.000
33,REPAIR,RUN_RIGHT,RUN,770.000,270.000,true,false,1,1.00000,0.00000,1.57080,2,100,803.000,270.000
33,SCOUT,RUN_RIGHT,RUN,792.100,270.000,true,false,1,1.00000,0.00000,5.04226,2,100,825.100,270.000
33,WARDEN,RUN_RIGHT,RUN,747.900,270.000,true,false,1,1.00000,0.00000,4.38252,2,100,780.900,270.000
33,ENGINEER,RUN_RIGHT,RUN,763.200,270.000,true,false,1,1.00000,0.00000,0.50265,2,100,796.200,270.000
34,REPAIR,RUN_RIGHT,RUN,775.000,270.000,true,false,1,1.00000,0.00000,2.35619,2,100,808.000,270.000
34,SCOUT,RUN_RIGHT,RUN,797.750,270.000,true,false,1,1.00000,0.00000,5.92976,2,100,830.750,270.000
34,WARDEN,RUN_RIGHT,RUN,752.250,270.000,true,false,1,1.00000,0.00000,5.06582,2,100,785.250,270.000
34,ENGINEER,RUN_RIGHT,RUN,768.000,270.000,true,false,1,1.00000,0.00000,1.25664,2,100,801.000,270.000
35,REPAIR,RUN_RIGHT,RUN,780.000,270.000,true,false,1,1.00000,0.00000,3.14159,2,100,813.000,270.000
35,SCOUT,RUN_RIGHT,RUN,803.400,270.000,true,false,1,1.00000,0.00000,0.53407,2,100,836.400,270.000
35,WARDEN,RUN_RIGHT,RUN,756.600,270.000,true,false,1,1.00000,0.00000,5.74911,2,100,789.600,270.000
35,ENGINEER,RUN_RIGHT,RUN,772.800,270.000,true,false,1,1.00000,0.00000,2.01062,2,100,805.800,270.000
36,REPAIR,RUN_RIGHT,RUN,785.000,270.000,true,false,1,1.00000,0.00000,3.92699,3,100,818.000,270.000
36,SCOUT,RUN_RIGHT,RUN,809.050,270.000,true,false,1,1.00000,0.00000,1.42157,3,100,842.050,270.000
36,WARDEN,RUN_RIGHT,RUN,760.950,270.000,true,false,1,1.00000,0.00000,0.14923,3,100,793.950,270.000
36,ENGINEER,RUN_RIGHT,RUN,777.600,270.000,true,false,1,1.00000,0.00000,2.76460,3,100,810.600,270.000
37,REPAIR,RUN_RIGHT,RUN,790.000,270.000,true,false,1,1.00000,0.00000,4.71239,3,100,823.000,270.000
37,SCOUT,RUN_RIGHT,RUN,814.700,270.000,true,false,1,1.00000,0.00000,2.30907,3,100,847.700,270.000
37,WARDEN,RUN_RIGHT,RUN,765.300,270.000,true,false,1,1.00000,0.00000,0.83252,3,100,798.300,270.000
37,ENGINEER,RUN_RIGHT,RUN,782.400,270.000,true,false,1,1.00000,0.00000,3.51858,3,100,815.400,270.000
38,REPAIR,RUN_RIGHT,RUN,795.000,270.000,true,false,1,1.00000,0.00000,5.49779,3,100,828.000,270.000
38,SCOUT,RUN_RIGHT,RUN,820.350,270.000,true,false,1,1.00000,0.00000,3.19657,3,100,853.350,270.000
38,WARDEN,RUN_RIGHT,RUN,769.650,270.000,true,false,1,1.00000,0.00000,1.51582,3,100,802.650,270.000
38,ENGINEER,RUN_RIGHT,RUN,787.200,270.000,true,false,1,1.00000,0.00000,4.27257,3,100,820.200,270.000
39,REPAIR,RUN_RIGHT,RUN,800.000,270.000,true,false,1,1.00000,0.00000,0.00000,3,100,833.000,270.000
39,SCOUT,RUN_RIGHT,RUN,826.000,270.000,true,false,1,1.00000,0.00000,4.08407,3,100,859.000,270.000
39,WARDEN,RUN_RIGHT,RUN,774.000,270.000,true,false,1,1.00000,0.00000,2.19911,3,100,807.000,270.000
39,ENGINEER,RUN_RIGHT,RUN,792.000,270.000,true,false,1,1.00000,0.00000,5.02655,3,100,825.000,270.000
40,REPAIR,RUN_LEFT,RUN,795.000,270.000,true,false,-1,-1.00000,0.00000,0.78540,3,100,792.000,270.000
40,SCOUT,RUN_LEFT,RUN,820.350,270.000,true,false,-1,-1.00000,0.00000,4.97157,3,100,817.350,270.000
40,WARDEN,RUN_LEFT,RUN,769.650,270.000,true,false,-1,-1.00000,0.00000,2.88241,3,100,766.650,270.000
40,ENGINEER,RUN_LEFT,RUN,787.200,270.000,true,false,-1,-1.00000,0.00000,5.78053,3,100,784.200,270.000
41,REPAIR,RUN_LEFT,RUN,790.000,270.000,true,false,-1,-1.00000,0.00000,1.57080,3,100,787.000,270.000
41,SCOUT,RUN_LEFT,RUN,814.700,270.000,true,false,-1,-1.00000,0.00000,5.85907,3,100,811.700,270.000
41,WARDEN,RUN_LEFT,RUN,765.300,270.000,true,false,-1,-1.00000,0.00000,3.56571,3,100,762.300,270.000
41,ENGINEER,RUN_LEFT,RUN,782.400,270.000,true,false,-1,-1.00000,0.00000,0.25133,3,100,779.400,270.000
42,REPAIR,RUN_LEFT,RUN,785.000,270.000,true,false,-1,-1.00000,0.00000,2.35619,3,100,782.000,270.000
42,SCOUT,RUN_LEFT,RUN,809.050,270.000,true,false,-1,-1.00000,0.00000,0.46338,3,100,806.050,270.000
42,WARDEN,RUN_LEFT,RUN,760.950,270.000,true,false,-1,-1.00000,0.00000,4.24900,3,100,757.950,270.000
42,ENGINEER,RUN_LEFT,RUN,777.600,270.000,true,false,-1,-1.00000,0.00000,1.00531,3,100,774.600,270.000
43,REPAIR,RUN_LEFT,RUN,780.000,270.000,true,false,-1,-1.00000,0.00000,3.14159,3,100,777.000,270.000
43,SCOUT,RUN_LEFT,RUN,803.400,270.000,true,false,-1,-1.00000,0.00000,1.35088,3,100,800.400,270.000
43,WARDEN,RUN_LEFT,RUN,756.600,270.000,true,false,-1,-1.00000,0.00000,4.93230,3,100,753.600,270.000
43,ENGINEER,RUN_LEFT,RUN,772.800,270.000,true,false,-1,-1.00000,0.00000,1.75929,3,100,769.800,270.000
44,REPAIR,RUN_LEFT,RUN,775.000,270.000,true,false,-1,-1.00000,0.00000,3.92699,3,100,772.000,270.000
44,SCOUT,RUN_LEFT,RUN,797.750,270.000,true,false,-1,-1.00000,0.00000,2.23838,3,100,794.750,270.000
44,WARDEN,RUN_LEFT,RUN,752.250,270.000,true,false,-1,-1.00000,0.00000,5.61560,3,100,749.250,270.000
44,ENGINEER,RUN_LEFT,RUN,768.000,270.000,true,false,-1,-1.00000,0.00000,2.51327,3,100,765.000,270.000
45,REPAIR,RUN_LEFT,RUN,770.000,270.000,true,false,-1,-1.00000,0.00000,4.71239,3,100,767.000,270.000
45,SCOUT,RUN_LEFT,RUN,792.100,270.000,true,false,-1,-1.00000,0.00000,3.12588,3,100,789.100,270.000
45,WARDEN,RUN_LEFT,RUN,747.900,270.000,true,false,-1,-1.00000,0.00000,0.01571,3,100,744.900,270.000
45,ENGINEER,RUN_LEFT,RUN,763.200,270.000,true,false,-1,-1.00000,0.00000,3.26726,3,100,760.200,270.000
46,REPAIR,RUN_LEFT,RUN,765.000,270.000,true,false,-1,-1.00000,0.00000,5.49779,3,100,762.000,270.000
46,SCOUT,RUN_LEFT,RUN,786.450,270.000,true,false,-1,-1.00000,0.00000,4.01338,3,100,783.450,270.000
46,WARDEN,RUN_LEFT,RUN,743.550,270.000,true,false,-1,-1.00000,0.00000,0.69900,3,100,740.550,270.000
46,ENGINEER,RUN_LEFT,RUN,758.400,270.000,true,false,-1,-1.00000,0.00000,4.02124,3,100,755.400,270.000
47,REPAIR,RUN_LEFT,RUN,760.000,270.000,true,false,-1,-1.00000,0.00000,0.00000,3,100,757.000,270.000
47,SCOUT,RUN_LEFT,RUN,780.800,270.000,true,false,-1,-1.00000,0.00000,4.90088,3,100,777.800,270.000
47,WARDEN,RUN_LEFT,RUN,739.200,270.000,true,false,-1,-1.00000,0.00000,1.38230,3,100,736.200,270.000
47,ENGINEER,RUN_LEFT,RUN,753.600,270.000,true,false,-1,-1.00000,0.00000,4.77522,3,100,750.600,270.000
48,REPAIR,RUN_LEFT,RUN,755.000,270.000,true,false,-1,-1.00000,0.00000,0.78540,3,100,752.000,270.000
48,SCOUT,RUN_LEFT,RUN,775.150,270.000,true,false,-1,-1.00000,0.00000,5.78838,3,100,772.150,270.000
48,WARDEN,RUN_LEFT,RUN,734.850,270.000,true,false,-1,-1.00000,0.00000,2.06560,3,100,731.850,270.000
48,ENGINEER,RUN_LEFT,RUN,748.800,270.000,true,false,-1,-1.00000,0.00000,5.52920,3,100,745.800,270.000
49,REPAIR,RUN_LEFT,RUN,750.000,270.000,true,false,-1,-1.00000,0.00000,1.57080,3,100,747.000,270.000
49,SCOUT,RUN_LEFT,RUN,769.500,270.000,true,false,-1,-1.00000,0.00000,0.39270,3,100,766.500,270.000
49,WARDEN,RUN_LEFT,RUN,730.500,270.000,true,false,-1,-1.00000,0.00000,2.74889,3,100,727.500,270.000
49,ENGINEER,RUN_LEFT,RUN,744.000,270.000,true,false,-1,-1.00000,0.00000,6.28319,3,100,741.000,270.000
50,REPAIR,RUN_LEFT,RUN,745.000,270.000,true,false,-1,-1.00000,0.00000,2.35619,3,100,742.000,270.000
50,SCOUT,RUN_LEFT,RUN,763.850,270.000,true,false,-1,-1.00000,0.00000,1.28020,3,100,760.850,270.000
50,WARDEN,RUN_LEFT,RUN,726.150,270.000,true,false,-1,-1.00000,0.00000,3.43219,3,100,723.150,270.000
50,ENGINEER,RUN_LEFT,RUN,739.200,270.000,true,false,-1,-1.00000,0.00000,0.75398,3,100,736.200,270.000
51,REPAIR,RUN_LEFT,RUN,740.000,270.000,true,false,-1,-1.00000,0.00000,3.14159,3,100,737.000,270.000
51,SCOUT,RUN_LEFT,RUN,758.200,270.000,true,false,-1,-1.00000,0.00000,2.16770,3,100,755.200,270.000
51,WARDEN,RUN_LEFT,RUN,721.800,270.000,true,false,-1,-1.00000,0.00000,4.11549,3,100,718.800,270.000
51,ENGINEER,RUN_LEFT,RUN,734.400,270.000,true,false,-1,-1.00000,0.00000,1.50796,3,100,731.400,270.000
52,REPAIR,RUN_LEFT,RUN,735.000,270.000,true,false,-1,-1.00000,0.00000,3.92699,3,100,732.000,270.000
52,SCOUT,RUN_LEFT,RUN,752.550,270.000,true,false,-1,-1.00000,0.00000,3.05520,3,100,749.550,270.000
52,WARDEN,RUN_LEFT,RUN,717.450,270.000,true,false,-1,-1.00000,0.00000,4.79878,3,100,714.450,270.000
52,ENGINEER,RUN_LEFT,RUN,729.600,270.000,true,false,-1,-1.00000,0.00000,2.26195,3,100,726.600,270.000
53,REPAIR,RUN_LEFT,RUN,730.000,270.000,true,false,-1,-1.00000,0.00000,4.71239,3,100,727.000,270.000
53,SCOUT,RUN_LEFT,RUN,746.900,270.000,true,false,-1,-1.00000,0.00000,3.94270,3,100,743.900,270.000
53,WARDEN,RUN_LEFT,RUN,713.100,270.000,true,false,-1,-1.00000,0.00000,5.48208,3,100,710.100,270.000
53,ENGINEER,RUN_LEFT,RUN,724.800,270.000,true,false,-1,-1.00000,0.00000,3.01593,3,100,721.800,270.000
54,REPAIR,RUN_LEFT,RUN,725.000,270.000,true,false,-1,-1.00000,0.00000,5.49779,4,100,722.000,270.000
54,SCOUT,RUN_LEFT,RUN,741.250,270.000,true,false,-1,-1.00000,0.00000,4.83020,4,100,738.250,270.000
54,WARDEN,RUN_LEFT,RUN,708.750,270.000,true,false,-1,-1.00000,0.00000,6.16538,4,100,705.750,270.000
54,ENGINEER,RUN_LEFT,RUN,720.000,270.000,true,false,-1,-1.00000,0.00000,3.76991,4,100,717.000,270.000
55,REPAIR,RUN_LEFT,RUN,720.000,270.000,true,false,-1,-1.00000,0.00000,0.00000,4,100,717.000,270.000
55,SCOUT,RUN_LEFT,RUN,735.600,270.000,true,false,-1,-1.00000,0.00000,5.71770,4,100,732.600,270.000
55,WARDEN,RUN_LEFT,RUN,704.400,270.000,true,false,-1,-1.00000,0.00000,0.56549,4,100,701.400,270.000
55,ENGINEER,RUN_LEFT,RUN,715.200,270.000,true,false,-1,-1.00000,0.00000,4.52389,4,100,712.200,270.000
56,REPAIR,RUN_LEFT,RUN,715.000,270.000,true,false,-1,-1.00000,0.00000,0.78540,4,100,712.000,270.000
56,SCOUT,RUN_LEFT,RUN,729.950,270.000,true,false,-1,-1.00000,0.00000,0.32201,4,100,726.950,270.000
56,WARDEN,RUN_LEFT,RUN,700.050,270.000,true,false,-1,-1.00000,0.00000,1.24878,4,100,697.050,270.000
56,ENGINEER,RUN_LEFT,RUN,710.400,270.000,true,false,-1,-1.00000,0.00000,5.27788,4,100,707.400,270.000
57,REPAIR,RUN_LEFT,RUN,710.000,270.000,true,false,-1,-1.00000,0.00000,1.57080,4,100,707.000,270.000
57,SCOUT,RUN_LEFT,RUN,724.300,270.000,true,false,-1,-1.00000,0.00000,1.20951,4,100,721.300,270.000
57,WARDEN,RUN_LEFT,RUN,695.700,270.000,true,false,-1,-1.00000,0.00000,1.93208,4,100,692.700,270.000
57,ENGINEER,RUN_LEFT,RUN,705.600,270.000,true,false,-1,-1.00000,0.00000,6.03186,4,100,702.600,270.000
58,REPAIR,RUN_LEFT,RUN,705.000,270.000,true,false,-1,-1.00000,0.00000,2.35619,4,100,702.000,270.000
58,SCOUT,RUN_LEFT,RUN,718.650,270.000,true,false,-1,-1.00000,0.00000,2.09701,4,100,715.650,270.000
58,WARDEN,RUN_LEFT,RUN,691.350,270.000,true,false,-1,-1.00000,0.00000,2.61538,4,100,688.350,270.000
58,ENGINEER,RUN_LEFT,RUN,700.800,270.000,true,false,-1,-1.00000,0.00000,0.50265,4,100,697.800,270.000
59,REPAIR,RUN_LEFT,RUN,700.000,270.000,true,false,-1,-1.00000,0.00000,3.14159,4,100,697.000,270.000
59,SCOUT,RUN_LEFT,RUN,713.000,270.000,true,false,-1,-1.00000,0.00000,2.98451,4,100,710.000,270.000
59,WARDEN,RUN_LEFT,RUN,687.000,270.000,true,false,-1,-1.00000,0.00000,3.29867,4,100,684.000,270.000
59,ENGINEER,RUN_LEFT,RUN,696.000,270.000,true,false,-1,-1.00000,0.00000,1.25664,4,100,693.000,270.000
60,REPAIR,AIM_UP,IDLE,700.000,270.000,true,false,-1,0.00000,-1.00000,14.64000,4,100,704.000,251.000
60,SCOUT,AIM_UP,IDLE,713.000,270.000,true,false,-1,0.00000,-1.00000,14.64000,4,100,720.000,251.000
60,WARDEN,AIM_UP,IDLE,687.000,270.000,true,false,-1,0.00000,-1.00000,14.64000,4,100,694.000,251.000
60,ENGINEER,AIM_UP,IDLE,696.000,270.000,true,false,-1,0.00000,-1.00000,14.64000,4,100,703.000,251.000
61,REPAIR,AIM_UP,IDLE,700.000,270.000,true,false,-1,0.00000,-1.00000,14.88000,4,100,704.000,251.000
61,SCOUT,AIM_UP,IDLE,713.000,270.000,true,false,-1,0.00000,-1.00000,14.88000,4,100,720.000,251.000
61,WARDEN,AIM_UP,IDLE,687.000,270.000,true,false,-1,0.00000,-1.00000,14.88000,4,100,694.000,251.000
61,ENGINEER,AIM_UP,IDLE,696.000,270.000,true,false,-1,0.00000,-1.00000,14.88000,4,100,703.000,251.000
62,REPAIR,AIM_UP,IDLE,700.000,270.000,true,false,-1,0.00000,-1.00000,15.12000,4,100,704.000,251.000
62,SCOUT,AIM_UP,IDLE,713.000,270.000,true,false,-1,0.00000,-1.00000,15.12000,4,100,720.000,251.000
62,WARDEN,AIM_UP,IDLE,687.000,270.000,true,false,-1,0.00000,-1.00000,15.12000,4,100,694.000,251.000
62,ENGINEER,AIM_UP,IDLE,696.000,270.000,true,false,-1,0.00000,-1.00000,15.12000,4,100,703.000,251.000
63,REPAIR,AIM_UP,IDLE,700.000,270.000,true,false,-1,0.00000,-1.00000,15.36000,4,100,704.000,251.000
63,SCOUT,AIM_UP,IDLE,713.000,270.000,true,false,-1,0.00000,-1.00000,15.36000,4,100,720.000,251.000
63,WARDEN,AIM_UP,IDLE,687.000,270.000,true,false,-1,0.00000,-1.00000,15.36000,4,100,694.000,251.000
63,ENGINEER,AIM_UP,IDLE,696.000,270.000,true,false,-1,0.00000,-1.00000,15.36000,4,100,703.000,251.000
64,REPAIR,AIM_UP,IDLE,700.000,270.000,true,false,-1,0.00000,-1.00000,15.60000,4,100,704.000,251.000
64,SCOUT,AIM_UP,IDLE,713.000,270.000,true,false,-1,0.00000,-1.00000,15.60000,4,100,720.000,251.000
64,WARDEN,AIM_UP,IDLE,687.000,270.000,true,false,-1,0.00000,-1.00000,15.60000,4,100,694.000,251.000
64,ENGINEER,AIM_UP,IDLE,696.000,270.000,true,false,-1,0.00000,-1.00000,15.60000,4,100,703.000,251.000
65,REPAIR,AIM_UP,IDLE,700.000,270.000,true,false,-1,0.00000,-1.00000,15.84000,4,100,704.000,251.000
65,SCOUT,AIM_UP,IDLE,713.000,270.000,true,false,-1,0.00000,-1.00000,15.84000,4,100,720.000,251.000
65,WARDEN,AIM_UP,IDLE,687.000,270.000,true,false,-1,0.00000,-1.00000,15.84000,4,100,694.000,251.000
65,ENGINEER,AIM_UP,IDLE,696.000,270.000,true,false,-1,0.00000,-1.00000,15.84000,4,100,703.000,251.000
66,REPAIR,AIM_UP,IDLE,700.000,270.000,true,false,-1,0.00000,-1.00000,16.08000,4,100,704.000,251.000
66,SCOUT,AIM_UP,IDLE,713.000,270.000,true,false,-1,0.00000,-1.00000,16.08000,4,100,720.000,251.000
66,WARDEN,AIM_UP,IDLE,687.000,270.000,true,false,-1,0.00000,-1.00000,16.08000,4,100,694.000,251.000
66,ENGINEER,AIM_UP,IDLE,696.000,270.000,true,false,-1,0.00000,-1.00000,16.08000,4,100,703.000,251.000
67,REPAIR,AIM_UP,IDLE,700.000,270.000,true,false,-1,0.00000,-1.00000,16.32000,4,100,704.000,251.000
67,SCOUT,AIM_UP,IDLE,713.000,270.000,true,false,-1,0.00000,-1.00000,16.32000,4,100,720.000,251.000
67,WARDEN,AIM_UP,IDLE,687.000,270.000,true,false,-1,0.00000,-1.00000,16.32000,4,100,694.000,251.000
67,ENGINEER,AIM_UP,IDLE,696.000,270.000,true,false,-1,0.00000,-1.00000,16.32000,4,100,703.000,251.000
68,REPAIR,AIM_UP,IDLE,700.000,270.000,true,false,-1,0.00000,-1.00000,16.56000,4,100,704.000,251.000
68,SCOUT,AIM_UP,IDLE,713.000,270.000,true,false,-1,0.00000,-1.00000,16.56000,4,100,720.000,251.000
68,WARDEN,AIM_UP,IDLE,687.000,270.000,true,false,-1,0.00000,-1.00000,16.56000,4,100,694.000,251.000
68,ENGINEER,AIM_UP,IDLE,696.000,270.000,true,false,-1,0.00000,-1.00000,16.56000,4,100,703.000,251.000
69,REPAIR,AIM_UP,IDLE,700.000,270.000,true,false,-1,0.00000,-1.00000,16.80000,4,100,704.000,251.000
69,SCOUT,AIM_UP,IDLE,713.000,270.000,true,false,-1,0.00000,-1.00000,16.80000,4,100,720.000,251.000
69,WARDEN,AIM_UP,IDLE,687.000,270.000,true,false,-1,0.00000,-1.00000,16.80000,4,100,694.000,251.000
69,ENGINEER,AIM_UP,IDLE,696.000,270.000,true,false,-1,0.00000,-1.00000,16.80000,4,100,703.000,251.000
70,REPAIR,AIR_AIM_0,RISE,700.000,270.000,false,false,1,1.00000,0.00000,17.04000,4,100,733.000,270.000
70,SCOUT,AIR_AIM_0,RISE,713.000,270.000,false,false,1,1.00000,0.00000,17.04000,4,100,746.000,270.000
70,WARDEN,AIR_AIM_0,RISE,687.000,270.000,false,false,1,1.00000,0.00000,17.04000,4,100,720.000,270.000
70,ENGINEER,AIR_AIM_0,RISE,696.000,270.000,false,false,1,1.00000,0.00000,17.04000,4,100,729.000,270.000
71,REPAIR,AIR_AIM_0,RISE,700.000,257.600,false,false,1,1.00000,0.00000,17.28000,4,100,733.000,257.600
71,SCOUT,AIR_AIM_0,RISE,713.000,257.600,false,false,1,1.00000,0.00000,17.28000,4,100,746.000,257.600
71,WARDEN,AIR_AIM_0,RISE,687.000,257.600,false,false,1,1.00000,0.00000,17.28000,4,100,720.000,257.600
71,ENGINEER,AIR_AIM_0,RISE,696.000,257.600,false,false,1,1.00000,0.00000,17.28000,4,100,729.000,257.600
72,REPAIR,AIR_AIM_0,RISE,700.000,245.800,false,false,1,1.00000,0.00000,17.52000,5,100,733.000,245.800
72,SCOUT,AIR_AIM_0,RISE,713.000,245.800,false,false,1,1.00000,0.00000,17.52000,5,100,746.000,245.800
72,WARDEN,AIR_AIM_0,RISE,687.000,245.800,false,false,1,1.00000,0.00000,17.52000,5,100,720.000,245.800
72,ENGINEER,AIR_AIM_0,RISE,696.000,245.800,false,false,1,1.00000,0.00000,17.52000,5,100,729.000,245.800
73,REPAIR,AIR_AIM_0,RISE,700.000,234.600,false,false,1,1.00000,0.00000,17.76000,5,100,733.000,234.600
73,SCOUT,AIR_AIM_0,RISE,713.000,234.600,false,false,1,1.00000,0.00000,17.76000,5,100,746.000,234.600
73,WARDEN,AIR_AIM_0,RISE,687.000,234.600,false,false,1,1.00000,0.00000,17.76000,5,100,720.000,234.600
73,ENGINEER,AIR_AIM_0,RISE,696.000,234.600,false,false,1,1.00000,0.00000,17.76000,5,100,729.000,234.600
74,REPAIR,AIR_AIM_0,RISE,700.000,224.000,false,false,1,1.00000,0.00000,18.00000,5,100,733.000,224.000
74,SCOUT,AIR_AIM_0,RISE,713.000,224.000,false,false,1,1.00000,0.00000,18.00000,5,100,746.000,224.000
74,WARDEN,AIR_AIM_0,RISE,687.000,224.000,false,false,1,1.00000,0.00000,18.00000,5,100,720.000,224.000
74,ENGINEER,AIR_AIM_0,RISE,696.000,224.000,false,false,1,1.00000,0.00000,18.00000,5,100,729.000,224.000
75,REPAIR,AIR_AIM_0,RISE,700.000,214.000,false,false,1,1.00000,0.00000,18.24000,5,100,733.000,214.000
75,SCOUT,AIR_AIM_0,RISE,713.000,214.000,false,false,1,1.00000,0.00000,18.24000,5,100,746.000,214.000
75,WARDEN,AIR_AIM_0,RISE,687.000,214.000,false,false,1,1.00000,0.00000,18.24000,5,100,720.000,214.000
75,ENGINEER,AIR_AIM_0,RISE,696.000,214.000,false,false,1,1.00000,0.00000,18.24000,5,100,729.000,214.000
76,REPAIR,AIR_AIM_1,RISE,700.000,204.600,false,false,1,0.70711,-0.70711,18.48000,5,100,733.000,191.165
76,SCOUT,AIR_AIM_1,RISE,713.000,204.600,false,false,1,0.70711,-0.70711,18.48000,5,100,746.000,191.165
76,WARDEN,AIR_AIM_1,RISE,687.000,204.600,false,false,1,0.70711,-0.70711,18.48000,5,100,720.000,191.165
76,ENGINEER,AIR_AIM_1,RISE,696.000,204.600,false,false,1,0.70711,-0.70711,18.48000,5,100,729.000,191.165
77,REPAIR,AIR_AIM_1,RISE,700.000,195.800,false,false,1,0.70711,-0.70711,18.72000,5,100,733.000,182.365
77,SCOUT,AIR_AIM_1,RISE,713.000,195.800,false,false,1,0.70711,-0.70711,18.72000,5,100,746.000,182.365
77,WARDEN,AIR_AIM_1,RISE,687.000,195.800,false,false,1,0.70711,-0.70711,18.72000,5,100,720.000,182.365
77,ENGINEER,AIR_AIM_1,RISE,696.000,195.800,false,false,1,0.70711,-0.70711,18.72000,5,100,729.000,182.365
78,REPAIR,AIR_AIM_1,RISE,700.000,187.600,false,false,1,0.70711,-0.70711,18.96000,5,100,733.000,174.165
78,SCOUT,AIR_AIM_1,RISE,713.000,187.600,false,false,1,0.70711,-0.70711,18.96000,5,100,746.000,174.165
78,WARDEN,AIR_AIM_1,RISE,687.000,187.600,false,false,1,0.70711,-0.70711,18.96000,5,100,720.000,174.165
78,ENGINEER,AIR_AIM_1,RISE,696.000,187.600,false,false,1,0.70711,-0.70711,18.96000,5,100,729.000,174.165
79,REPAIR,AIR_AIM_1,RISE,700.000,180.000,false,false,1,0.70711,-0.70711,19.20000,5,100,733.000,166.565
79,SCOUT,AIR_AIM_1,RISE,713.000,180.000,false,false,1,0.70711,-0.70711,19.20000,5,100,746.000,166.565
79,WARDEN,AIR_AIM_1,RISE,687.000,180.000,false,false,1,0.70711,-0.70711,19.20000,5,100,720.000,166.565
79,ENGINEER,AIR_AIM_1,RISE,696.000,180.000,false,false,1,0.70711,-0.70711,19.20000,5,100,729.000,166.565
80,REPAIR,AIR_AIM_1,RISE,700.000,173.000,false,false,1,0.70711,-0.70711,19.44000,5,100,733.000,159.565
80,SCOUT,AIR_AIM_1,RISE,713.000,173.000,false,false,1,0.70711,-0.70711,19.44000,5,100,746.000,159.565
80,WARDEN,AIR_AIM_1,RISE,687.000,173.000,false,false,1,0.70711,-0.70711,19.44000,5,100,720.000,159.565
80,ENGINEER,AIR_AIM_1,RISE,696.000,173.000,false,false,1,0.70711,-0.70711,19.44000,5,100,729.000,159.565
81,REPAIR,AIR_AIM_1,RISE,700.000,166.600,false,false,1,0.70711,-0.70711,19.68000,5,100,733.000,153.165
81,SCOUT,AIR_AIM_1,RISE,713.000,166.600,false,false,1,0.70711,-0.70711,19.68000,5,100,746.000,153.165
81,WARDEN,AIR_AIM_1,RISE,687.000,166.600,false,false,1,0.70711,-0.70711,19.68000,5,100,720.000,153.165
81,ENGINEER,AIR_AIM_1,RISE,696.000,166.600,false,false,1,0.70711,-0.70711,19.68000,5,100,729.000,153.165
82,REPAIR,AIR_AIM_2,RISE,700.000,160.800,false,false,1,0.00000,-1.00000,19.92000,5,100,726.000,141.800
82,SCOUT,AIR_AIM_2,RISE,713.000,160.800,false,false,1,0.00000,-1.00000,19.92000,5,100,736.000,141.800
82,WARDEN,AIR_AIM_2,RISE,687.000,160.800,false,false,1,0.00000,-1.00000,19.92000,5,100,710.000,141.800
82,ENGINEER,AIR_AIM_2,RISE,696.000,160.800,false,false,1,0.00000,-1.00000,19.92000,5,100,719.000,141.800
83,REPAIR,AIR_AIM_2,RISE,700.000,155.600,false,false,1,0.00000,-1.00000,20.16000,5,100,726.000,136.600
83,SCOUT,AIR_AIM_2,RISE,713.000,155.600,false,false,1,0.00000,-1.00000,20.16000,5,100,736.000,136.600
83,WARDEN,AIR_AIM_2,RISE,687.000,155.600,false,false,1,0.00000,-1.00000,20.16000,5,100,710.000,136.600
83,ENGINEER,AIR_AIM_2,RISE,696.000,155.600,false,false,1,0.00000,-1.00000,20.16000,5,100,719.000,136.600
84,REPAIR,AIR_AIM_2,RISE,700.000,151.000,false,false,1,0.00000,-1.00000,20.40000,5,100,726.000,132.000
84,SCOUT,AIR_AIM_2,RISE,713.000,151.000,false,false,1,0.00000,-1.00000,20.40000,5,100,736.000,132.000
84,WARDEN,AIR_AIM_2,RISE,687.000,151.000,false,false,1,0.00000,-1.00000,20.40000,5,100,710.000,132.000
84,ENGINEER,AIR_AIM_2,RISE,696.000,151.000,false,false,1,0.00000,-1.00000,20.40000,5,100,719.000,132.000
85,REPAIR,AIR_AIM_2,RISE,700.000,147.000,false,false,1,0.00000,-1.00000,20.64000,5,100,726.000,128.000
85,SCOUT,AIR_AIM_2,RISE,713.000,147.000,false,false,1,0.00000,-1.00000,20.64000,5,100,736.000,128.000
85,WARDEN,AIR_AIM_2,RISE,687.000,147.000,false,false,1,0.00000,-1.00000,20.64000,5,100,710.000,128.000
85,ENGINEER,AIR_AIM_2,RISE,696.000,147.000,false,false,1,0.00000,-1.00000,20.64000,5,100,719.000,128.000
86,REPAIR,AIR_AIM_2,RISE,700.000,143.600,false,false,1,0.00000,-1.00000,20.88000,5,100,726.000,124.600
86,SCOUT,AIR_AIM_2,RISE,713.000,143.600,false,false,1,0.00000,-1.00000,20.88000,5,100,736.000,124.600
86,WARDEN,AIR_AIM_2,RISE,687.000,143.600,false,false,1,0.00000,-1.00000,20.88000,5,100,710.000,124.600
86,ENGINEER,AIR_AIM_2,RISE,696.000,143.600,false,false,1,0.00000,-1.00000,20.88000,5,100,719.000,124.600
87,REPAIR,AIR_AIM_2,RISE,700.000,140.800,false,false,1,0.00000,-1.00000,21.12000,5,100,726.000,121.800
87,SCOUT,AIR_AIM_2,RISE,713.000,140.800,false,false,1,0.00000,-1.00000,21.12000,5,100,736.000,121.800
87,WARDEN,AIR_AIM_2,RISE,687.000,140.800,false,false,1,0.00000,-1.00000,21.12000,5,100,710.000,121.800
87,ENGINEER,AIR_AIM_2,RISE,696.000,140.800,false,false,1,0.00000,-1.00000,21.12000,5,100,719.000,121.800
88,REPAIR,AIR_AIM_3,RISE,700.000,138.600,false,false,-1,-0.70711,-0.70711,21.36000,5,100,697.000,125.165
88,SCOUT,AIR_AIM_3,RISE,713.000,138.600,false,false,-1,-0.70711,-0.70711,21.36000,5,100,710.000,125.165
88,WARDEN,AIR_AIM_3,RISE,687.000,138.600,false,false,-1,-0.70711,-0.70711,21.36000,5,100,684.000,125.165
88,ENGINEER,AIR_AIM_3,RISE,696.000,138.600,false,false,-1,-0.70711,-0.70711,21.36000,5,100,693.000,125.165
89,REPAIR,AIR_AIM_3,RISE,700.000,137.000,false,false,-1,-0.70711,-0.70711,21.60000,5,100,697.000,123.565
89,SCOUT,AIR_AIM_3,RISE,713.000,137.000,false,false,-1,-0.70711,-0.70711,21.60000,5,100,710.000,123.565
89,WARDEN,AIR_AIM_3,RISE,687.000,137.000,false,false,-1,-0.70711,-0.70711,21.60000,5,100,684.000,123.565
89,ENGINEER,AIR_AIM_3,RISE,696.000,137.000,false,false,-1,-0.70711,-0.70711,21.60000,5,100,693.000,123.565
90,REPAIR,AIR_AIM_3,RISE,700.000,136.000,false,false,-1,-0.70711,-0.70711,21.84000,6,100,697.000,122.565
90,SCOUT,AIR_AIM_3,RISE,713.000,136.000,false,false,-1,-0.70711,-0.70711,21.84000,6,100,710.000,122.565
90,WARDEN,AIR_AIM_3,RISE,687.000,136.000,false,false,-1,-0.70711,-0.70711,21.84000,6,100,684.000,122.565
90,ENGINEER,AIR_AIM_3,RISE,696.000,136.000,false,false,-1,-0.70711,-0.70711,21.84000,6,100,693.000,122.565
91,REPAIR,AIR_AIM_3,RISE,700.000,135.600,false,false,-1,-0.70711,-0.70711,22.08000,6,100,697.000,122.165
91,SCOUT,AIR_AIM_3,RISE,713.000,135.600,false,false,-1,-0.70711,-0.70711,22.08000,6,100,710.000,122.165
91,WARDEN,AIR_AIM_3,RISE,687.000,135.600,false,false,-1,-0.70711,-0.70711,22.08000,6,100,684.000,122.165
91,ENGINEER,AIR_AIM_3,RISE,696.000,135.600,false,false,-1,-0.70711,-0.70711,22.08000,6,100,693.000,122.165
92,REPAIR,AIR_AIM_3,FALL,700.000,135.800,false,false,-1,-0.70711,-0.70711,22.32000,6,100,697.000,122.365
92,SCOUT,AIR_AIM_3,FALL,713.000,135.800,false,false,-1,-0.70711,-0.70711,22.32000,6,100,710.000,122.365
92,WARDEN,AIR_AIM_3,FALL,687.000,135.800,false,false,-1,-0.70711,-0.70711,22.32000,6,100,684.000,122.365
92,ENGINEER,AIR_AIM_3,FALL,696.000,135.800,false,false,-1,-0.70711,-0.70711,22.32000,6,100,693.000,122.365
93,REPAIR,AIR_AIM_3,FALL,700.000,136.600,false,false,-1,-0.70711,-0.70711,22.56000,6,100,697.000,123.165
93,SCOUT,AIR_AIM_3,FALL,713.000,136.600,false,false,-1,-0.70711,-0.70711,22.56000,6,100,710.000,123.165
93,WARDEN,AIR_AIM_3,FALL,687.000,136.600,false,false,-1,-0.70711,-0.70711,22.56000,6,100,684.000,123.165
93,ENGINEER,AIR_AIM_3,FALL,696.000,136.600,false,false,-1,-0.70711,-0.70711,22.56000,6,100,693.000,123.165
94,REPAIR,AIR_AIM_4,RISE,700.000,138.000,false,false,-1,-1.00000,0.00000,22.80000,6,100,697.000,138.000
94,SCOUT,AIR_AIM_4,RISE,713.000,138.000,false,false,-1,-1.00000,0.00000,22.80000,6,100,710.000,138.000
94,WARDEN,AIR_AIM_4,RISE,687.000,138.000,false,false,-1,-1.00000,0.00000,22.80000,6,100,684.000,138.000
94,ENGINEER,AIR_AIM_4,RISE,696.000,138.000,false,false,-1,-1.00000,0.00000,22.80000,6,100,693.000,138.000
95,REPAIR,AIR_AIM_4,RISE,700.000,125.600,false,false,-1,-1.00000,0.00000,23.04000,6,100,697.000,125.600
95,SCOUT,AIR_AIM_4,RISE,713.000,125.600,false,false,-1,-1.00000,0.00000,23.04000,6,100,710.000,125.600
95,WARDEN,AIR_AIM_4,RISE,687.000,125.600,false,false,-1,-1.00000,0.00000,23.04000,6,100,684.000,125.600
95,ENGINEER,AIR_AIM_4,RISE,696.000,125.600,false,false,-1,-1.00000,0.00000,23.04000,6,100,693.000,125.600
96,REPAIR,AIR_AIM_4,RISE,700.000,113.800,false,false,-1,-1.00000,0.00000,23.28000,6,100,697.000,113.800
96,SCOUT,AIR_AIM_4,RISE,713.000,113.800,false,false,-1,-1.00000,0.00000,23.28000,6,100,710.000,113.800
96,WARDEN,AIR_AIM_4,RISE,687.000,113.800,false,false,-1,-1.00000,0.00000,23.28000,6,100,684.000,113.800
96,ENGINEER,AIR_AIM_4,RISE,696.000,113.800,false,false,-1,-1.00000,0.00000,23.28000,6,100,693.000,113.800
97,REPAIR,AIR_AIM_4,RISE,700.000,102.600,false,false,-1,-1.00000,0.00000,23.52000,6,100,697.000,102.600
97,SCOUT,AIR_AIM_4,RISE,713.000,102.600,false,false,-1,-1.00000,0.00000,23.52000,6,100,710.000,102.600
97,WARDEN,AIR_AIM_4,RISE,687.000,102.600,false,false,-1,-1.00000,0.00000,23.52000,6,100,684.000,102.600
97,ENGINEER,AIR_AIM_4,RISE,696.000,102.600,false,false,-1,-1.00000,0.00000,23.52000,6,100,693.000,102.600
98,REPAIR,AIR_AIM_4,RISE,700.000,92.000,false,false,-1,-1.00000,0.00000,23.76000,6,100,697.000,92.000
98,SCOUT,AIR_AIM_4,RISE,713.000,92.000,false,false,-1,-1.00000,0.00000,23.76000,6,100,710.000,92.000
98,WARDEN,AIR_AIM_4,RISE,687.000,92.000,false,false,-1,-1.00000,0.00000,23.76000,6,100,684.000,92.000
98,ENGINEER,AIR_AIM_4,RISE,696.000,92.000,false,false,-1,-1.00000,0.00000,23.76000,6,100,693.000,92.000
99,REPAIR,AIR_AIM_4,RISE,700.000,82.000,false,false,-1,-1.00000,0.00000,24.00000,6,100,697.000,82.000
99,SCOUT,AIR_AIM_4,RISE,713.000,82.000,false,false,-1,-1.00000,0.00000,24.00000,6,100,710.000,82.000
99,WARDEN,AIR_AIM_4,RISE,687.000,82.000,false,false,-1,-1.00000,0.00000,24.00000,6,100,684.000,82.000
99,ENGINEER,AIR_AIM_4,RISE,696.000,82.000,false,false,-1,-1.00000,0.00000,24.00000,6,100,693.000,82.000
100,REPAIR,AIR_AIM_5,RISE,700.000,72.600,false,false,-1,-0.70711,0.70711,24.24000,6,100,697.000,86.742
100,SCOUT,AIR_AIM_5,RISE,713.000,72.600,false,false,-1,-0.70711,0.70711,24.24000,6,100,710.000,86.742
100,WARDEN,AIR_AIM_5,RISE,687.000,72.600,false,false,-1,-0.70711,0.70711,24.24000,6,100,684.000,86.742
100,ENGINEER,AIR_AIM_5,RISE,696.000,72.600,false,false,-1,-0.70711,0.70711,24.24000,6,100,693.000,86.742
101,REPAIR,AIR_AIM_5,RISE,700.000,63.800,false,false,-1,-0.70711,0.70711,24.48000,6,100,697.000,77.942
101,SCOUT,AIR_AIM_5,RISE,713.000,63.800,false,false,-1,-0.70711,0.70711,24.48000,6,100,710.000,77.942
101,WARDEN,AIR_AIM_5,RISE,687.000,63.800,false,false,-1,-0.70711,0.70711,24.48000,6,100,684.000,77.942
101,ENGINEER,AIR_AIM_5,RISE,696.000,63.800,false,false,-1,-0.70711,0.70711,24.48000,6,100,693.000,77.942
102,REPAIR,AIR_AIM_5,RISE,700.000,55.600,false,false,-1,-0.70711,0.70711,24.72000,6,100,697.000,69.742
102,SCOUT,AIR_AIM_5,RISE,713.000,55.600,false,false,-1,-0.70711,0.70711,24.72000,6,100,710.000,69.742
102,WARDEN,AIR_AIM_5,RISE,687.000,55.600,false,false,-1,-0.70711,0.70711,24.72000,6,100,684.000,69.742
102,ENGINEER,AIR_AIM_5,RISE,696.000,55.600,false,false,-1,-0.70711,0.70711,24.72000,6,100,693.000,69.742
103,REPAIR,AIR_AIM_5,RISE,700.000,48.000,false,false,-1,-0.70711,0.70711,24.96000,6,100,697.000,62.142
103,SCOUT,AIR_AIM_5,RISE,713.000,48.000,false,false,-1,-0.70711,0.70711,24.96000,6,100,710.000,62.142
103,WARDEN,AIR_AIM_5,RISE,687.000,48.000,false,false,-1,-0.70711,0.70711,24.96000,6,100,684.000,62.142
103,ENGINEER,AIR_AIM_5,RISE,696.000,48.000,false,false,-1,-0.70711,0.70711,24.96000,6,100,693.000,62.142
104,REPAIR,AIR_AIM_5,RISE,700.000,41.000,false,false,-1,-0.70711,0.70711,25.20000,6,100,697.000,55.142
104,SCOUT,AIR_AIM_5,RISE,713.000,41.000,false,false,-1,-0.70711,0.70711,25.20000,6,100,710.000,55.142
104,WARDEN,AIR_AIM_5,RISE,687.000,41.000,false,false,-1,-0.70711,0.70711,25.20000,6,100,684.000,55.142
104,ENGINEER,AIR_AIM_5,RISE,696.000,41.000,false,false,-1,-0.70711,0.70711,25.20000,6,100,693.000,55.142
105,REPAIR,AIR_AIM_5,RISE,700.000,34.600,false,false,-1,-0.70711,0.70711,25.44000,6,100,697.000,48.742
105,SCOUT,AIR_AIM_5,RISE,713.000,34.600,false,false,-1,-0.70711,0.70711,25.44000,6,100,710.000,48.742
105,WARDEN,AIR_AIM_5,RISE,687.000,34.600,false,false,-1,-0.70711,0.70711,25.44000,6,100,684.000,48.742
105,ENGINEER,AIR_AIM_5,RISE,696.000,34.600,false,false,-1,-0.70711,0.70711,25.44000,6,100,693.000,48.742
106,REPAIR,AIR_AIM_6,RISE,700.000,28.800,false,false,-1,0.00000,1.00000,25.68000,6,100,703.000,48.800
106,SCOUT,AIR_AIM_6,RISE,713.000,28.800,false,false,-1,0.00000,1.00000,25.68000,6,100,716.000,48.800
106,WARDEN,AIR_AIM_6,RISE,687.000,28.800,false,false,-1,0.00000,1.00000,25.68000,6,100,690.000,48.800
106,ENGINEER,AIR_AIM_6,RISE,696.000,28.800,false,false,-1,0.00000,1.00000,25.68000,6,100,699.000,48.800
107,REPAIR,AIR_AIM_6,RISE,700.000,23.600,false,false,-1,0.00000,1.00000,25.92000,6,100,703.000,43.600
107,SCOUT,AIR_AIM_6,RISE,713.000,23.600,false,false,-1,0.00000,1.00000,25.92000,6,100,716.000,43.600
107,WARDEN,AIR_AIM_6,RISE,687.000,23.600,false,false,-1,0.00000,1.00000,25.92000,6,100,690.000,43.600
107,ENGINEER,AIR_AIM_6,RISE,696.000,23.600,false,false,-1,0.00000,1.00000,25.92000,6,100,699.000,43.600
108,REPAIR,AIR_AIM_6,RISE,700.000,19.000,false,false,-1,0.00000,1.00000,26.16000,7,100,703.000,39.000
108,SCOUT,AIR_AIM_6,RISE,713.000,19.000,false,false,-1,0.00000,1.00000,26.16000,7,100,716.000,39.000
108,WARDEN,AIR_AIM_6,RISE,687.000,19.000,false,false,-1,0.00000,1.00000,26.16000,7,100,690.000,39.000
108,ENGINEER,AIR_AIM_6,RISE,696.000,19.000,false,false,-1,0.00000,1.00000,26.16000,7,100,699.000,39.000
109,REPAIR,AIR_AIM_6,RISE,700.000,15.000,false,false,-1,0.00000,1.00000,26.40000,7,100,703.000,35.000
109,SCOUT,AIR_AIM_6,RISE,713.000,15.000,false,false,-1,0.00000,1.00000,26.40000,7,100,716.000,35.000
109,WARDEN,AIR_AIM_6,RISE,687.000,15.000,false,false,-1,0.00000,1.00000,26.40000,7,100,690.000,35.000
109,ENGINEER,AIR_AIM_6,RISE,696.000,15.000,false,false,-1,0.00000,1.00000,26.40000,7,100,699.000,35.000
110,REPAIR,AIR_AIM_6,RISE,700.000,11.600,false,false,-1,0.00000,1.00000,26.64000,7,100,703.000,31.600
110,SCOUT,AIR_AIM_6,RISE,713.000,11.600,false,false,-1,0.00000,1.00000,26.64000,7,100,716.000,31.600
110,WARDEN,AIR_AIM_6,RISE,687.000,11.600,false,false,-1,0.00000,1.00000,26.64000,7,100,690.000,31.600
110,ENGINEER,AIR_AIM_6,RISE,696.000,11.600,false,false,-1,0.00000,1.00000,26.64000,7,100,699.000,31.600
111,REPAIR,AIR_AIM_6,RISE,700.000,8.800,false,false,-1,0.00000,1.00000,26.88000,7,100,703.000,28.800
111,SCOUT,AIR_AIM_6,RISE,713.000,8.800,false,false,-1,0.00000,1.00000,26.88000,7,100,716.000,28.800
111,WARDEN,AIR_AIM_6,RISE,687.000,8.800,false,false,-1,0.00000,1.00000,26.88000,7,100,690.000,28.800
111,ENGINEER,AIR_AIM_6,RISE,696.000,8.800,false,false,-1,0.00000,1.00000,26.88000,7,100,699.000,28.800
112,REPAIR,AIR_AIM_7,RISE,700.000,6.600,false,false,1,0.70711,0.70711,27.12000,7,100,733.000,20.742
112,SCOUT,AIR_AIM_7,RISE,713.000,6.600,false,false,1,0.70711,0.70711,27.12000,7,100,746.000,20.742
112,WARDEN,AIR_AIM_7,RISE,687.000,6.600,false,false,1,0.70711,0.70711,27.12000,7,100,720.000,20.742
112,ENGINEER,AIR_AIM_7,RISE,696.000,6.600,false,false,1,0.70711,0.70711,27.12000,7,100,729.000,20.742
113,REPAIR,AIR_AIM_7,RISE,700.000,5.000,false,false,1,0.70711,0.70711,27.36000,7,100,733.000,19.142
113,SCOUT,AIR_AIM_7,RISE,713.000,5.000,false,false,1,0.70711,0.70711,27.36000,7,100,746.000,19.142
113,WARDEN,AIR_AIM_7,RISE,687.000,5.000,false,false,1,0.70711,0.70711,27.36000,7,100,720.000,19.142
113,ENGINEER,AIR_AIM_7,RISE,696.000,5.000,false,false,1,0.70711,0.70711,27.36000,7,100,729.000,19.142
114,REPAIR,AIR_AIM_7,RISE,700.000,4.000,false,false,1,0.70711,0.70711,27.60000,7,100,733.000,18.142
114,SCOUT,AIR_AIM_7,RISE,713.000,4.000,false,false,1,0.70711,0.70711,27.60000,7,100,746.000,18.142
114,WARDEN,AIR_AIM_7,RISE,687.000,4.000,false,false,1,0.70711,0.70711,27.60000,7,100,720.000,18.142
114,ENGINEER,AIR_AIM_7,RISE,696.000,4.000,false,false,1,0.70711,0.70711,27.60000,7,100,729.000,18.142
115,REPAIR,AIR_AIM_7,RISE,700.000,3.600,false,false,1,0.70711,0.70711,27.84000,7,100,733.000,17.742
115,SCOUT,AIR_AIM_7,RISE,713.000,3.600,false,false,1,0.70711,0.70711,27.84000,7,100,746.000,17.742
115,WARDEN,AIR_AIM_7,RISE,687.000,3.600,false,false,1,0.70711,0.70711,27.84000,7,100,720.000,17.742
115,ENGINEER,AIR_AIM_7,RISE,696.000,3.600,false,false,1,0.70711,0.70711,27.84000,7,100,729.000,17.742
116,REPAIR,AIR_AIM_7,FALL,700.000,3.800,false,false,1,0.70711,0.70711,28.08000,7,100,733.000,17.942
116,SCOUT,AIR_AIM_7,FALL,713.000,3.800,false,false,1,0.70711,0.70711,28.08000,7,100,746.000,17.942
116,WARDEN,AIR_AIM_7,FALL,687.000,3.800,false,false,1,0.70711,0.70711,28.08000,7,100,720.000,17.942
116,ENGINEER,AIR_AIM_7,FALL,696.000,3.800,false,false,1,0.70711,0.70711,28.08000,7,100,729.000,17.942
117,REPAIR,AIR_AIM_7,FALL,700.000,4.600,false,false,1,0.70711,0.70711,28.32000,7,100,733.000,18.742
117,SCOUT,AIR_AIM_7,FALL,713.000,4.600,false,false,1,0.70711,0.70711,28.32000,7,100,746.000,18.742
117,WARDEN,AIR_AIM_7,FALL,687.000,4.600,false,false,1,0.70711,0.70711,28.32000,7,100,720.000,18.742
117,ENGINEER,AIR_AIM_7,FALL,696.000,4.600,false,false,1,0.70711,0.70711,28.32000,7,100,729.000,18.742
118,REPAIR,JUMP_DOWN_LAND,FALL,700.000,6.000,false,false,1,0.00000,1.00000,28.56000,7,100,727.000,26.000
118,SCOUT,JUMP_DOWN_LAND,FALL,713.000,6.000,false,false,1,0.00000,1.00000,28.56000,7,100,740.000,26.000
118,WARDEN,JUMP_DOWN_LAND,FALL,687.000,6.000,false,false,1,0.00000,1.00000,28.56000,7,100,714.000,26.000
118,ENGINEER,JUMP_DOWN_LAND,FALL,696.000,6.000,false,false,1,0.00000,1.00000,28.56000,7,100,723.000,26.000
119,REPAIR,JUMP_DOWN_LAND,FALL,700.000,8.000,false,false,1,0.00000,1.00000,28.80000,7,100,727.000,28.000
119,SCOUT,JUMP_DOWN_LAND,FALL,713.000,8.000,false,false,1,0.00000,1.00000,28.80000,7,100,740.000,28.000
119,WARDEN,JUMP_DOWN_LAND,FALL,687.000,8.000,false,false,1,0.00000,1.00000,28.80000,7,100,714.000,28.000
119,ENGINEER,JUMP_DOWN_LAND,FALL,696.000,8.000,false,false,1,0.00000,1.00000,28.80000,7,100,723.000,28.000
120,REPAIR,JUMP_DOWN_LAND,FALL,700.000,10.600,false,false,1,0.00000,1.00000,29.04000,7,100,727.000,30.600
120,SCOUT,JUMP_DOWN_LAND,FALL,713.000,10.600,false,false,1,0.00000,1.00000,29.04000,7,100,740.000,30.600
120,WARDEN,JUMP_DOWN_LAND,FALL,687.000,10.600,false,false,1,0.00000,1.00000,29.04000,7,100,714.000,30.600
120,ENGINEER,JUMP_DOWN_LAND,FALL,696.000,10.600,false,false,1,0.00000,1.00000,29.04000,7,100,723.000,30.600
121,REPAIR,JUMP_DOWN_LAND,FALL,700.000,13.800,false,false,1,0.00000,1.00000,29.28000,7,100,727.000,33.800
121,SCOUT,JUMP_DOWN_LAND,FALL,713.000,13.800,false,false,1,0.00000,1.00000,29.28000,7,100,740.000,33.800
121,WARDEN,JUMP_DOWN_LAND,FALL,687.000,13.800,false,false,1,0.00000,1.00000,29.28000,7,100,714.000,33.800
121,ENGINEER,JUMP_DOWN_LAND,FALL,696.000,13.800,false,false,1,0.00000,1.00000,29.28000,7,100,723.000,33.800
122,REPAIR,JUMP_DOWN_LAND,FALL,700.000,17.600,false,false,1,0.00000,1.00000,29.52000,7,100,727.000,37.600
122,SCOUT,JUMP_DOWN_LAND,FALL,713.000,17.600,false,false,1,0.00000,1.00000,29.52000,7,100,740.000,37.600
122,WARDEN,JUMP_DOWN_LAND,FALL,687.000,17.600,false,false,1,0.00000,1.00000,29.52000,7,100,714.000,37.600
122,ENGINEER,JUMP_DOWN_LAND,FALL,696.000,17.600,false,false,1,0.00000,1.00000,29.52000,7,100,723.000,37.600
123,REPAIR,JUMP_DOWN_LAND,FALL,700.000,22.000,false,false,1,0.00000,1.00000,29.76000,7,100,727.000,42.000
123,SCOUT,JUMP_DOWN_LAND,FALL,713.000,22.000,false,false,1,0.00000,1.00000,29.76000,7,100,740.000,42.000
123,WARDEN,JUMP_DOWN_LAND,FALL,687.000,22.000,false,false,1,0.00000,1.00000,29.76000,7,100,714.000,42.000
123,ENGINEER,JUMP_DOWN_LAND,FALL,696.000,22.000,false,false,1,0.00000,1.00000,29.76000,7,100,723.000,42.000
124,REPAIR,JUMP_DOWN_LAND,FALL,700.000,27.000,false,false,1,0.00000,1.00000,30.00000,7,100,727.000,47.000
124,SCOUT,JUMP_DOWN_LAND,FALL,713.000,27.000,false,false,1,0.00000,1.00000,30.00000,7,100,740.000,47.000
124,WARDEN,JUMP_DOWN_LAND,FALL,687.000,27.000,false,false,1,0.00000,1.00000,30.00000,7,100,714.000,47.000
124,ENGINEER,JUMP_DOWN_LAND,FALL,696.000,27.000,false,false,1,0.00000,1.00000,30.00000,7,100,723.000,47.000
125,REPAIR,JUMP_DOWN_LAND,FALL,700.000,32.600,false,false,1,0.00000,1.00000,30.24000,7,100,727.000,52.600
125,SCOUT,JUMP_DOWN_LAND,FALL,713.000,32.600,false,false,1,0.00000,1.00000,30.24000,7,100,740.000,52.600
125,WARDEN,JUMP_DOWN_LAND,FALL,687.000,32.600,false,false,1,0.00000,1.00000,30.24000,7,100,714.000,52.600
125,ENGINEER,JUMP_DOWN_LAND,FALL,696.000,32.600,false,false,1,0.00000,1.00000,30.24000,7,100,723.000,52.600
126,REPAIR,JUMP_DOWN_LAND,FALL,700.000,38.800,false,false,1,0.00000,1.00000,30.48000,8,100,727.000,58.800
126,SCOUT,JUMP_DOWN_LAND,FALL,713.000,38.800,false,false,1,0.00000,1.00000,30.48000,8,100,740.000,58.800
126,WARDEN,JUMP_DOWN_LAND,FALL,687.000,38.800,false,false,1,0.00000,1.00000,30.48000,8,100,714.000,58.800
126,ENGINEER,JUMP_DOWN_LAND,FALL,696.000,38.800,false,false,1,0.00000,1.00000,30.48000,8,100,723.000,58.800
127,REPAIR,JUMP_DOWN_LAND,FALL,700.000,45.600,false,false,1,0.00000,1.00000,30.72000,8,100,727.000,65.600
127,SCOUT,JUMP_DOWN_LAND,FALL,713.000,45.600,false,false,1,0.00000,1.00000,30.72000,8,100,740.000,65.600
127,WARDEN,JUMP_DOWN_LAND,FALL,687.000,45.600,false,false,1,0.00000,1.00000,30.72000,8,100,714.000,65.600
127,ENGINEER,JUMP_DOWN_LAND,FALL,696.000,45.600,false,false,1,0.00000,1.00000,30.72000,8,100,723.000,65.600
128,REPAIR,JUMP_DOWN_LAND,FALL,700.000,53.000,false,false,1,0.00000,1.00000,30.96000,8,100,727.000,73.000
128,SCOUT,JUMP_DOWN_LAND,FALL,713.000,53.000,false,false,1,0.00000,1.00000,30.96000,8,100,740.000,73.000
128,WARDEN,JUMP_DOWN_LAND,FALL,687.000,53.000,false,false,1,0.00000,1.00000,30.96000,8,100,714.000,73.000
128,ENGINEER,JUMP_DOWN_LAND,FALL,696.000,53.000,false,false,1,0.00000,1.00000,30.96000,8,100,723.000,73.000
129,REPAIR,JUMP_DOWN_LAND,FALL,700.000,61.000,false,false,1,0.00000,1.00000,31.20000,8,100,727.000,81.000
129,SCOUT,JUMP_DOWN_LAND,FALL,713.000,61.000,false,false,1,0.00000,1.00000,31.20000,8,100,740.000,81.000
129,WARDEN,JUMP_DOWN_LAND,FALL,687.000,61.000,false,false,1,0.00000,1.00000,31.20000,8,100,714.000,81.000
129,ENGINEER,JUMP_DOWN_LAND,FALL,696.000,61.000,false,false,1,0.00000,1.00000,31.20000,8,100,723.000,81.000
130,REPAIR,JUMP_DOWN_LAND,FALL,700.000,69.600,false,false,1,0.00000,1.00000,31.44000,8,100,727.000,89.600
130,SCOUT,JUMP_DOWN_LAND,FALL,713.000,69.600,false,false,1,0.00000,1.00000,31.44000,8,100,740.000,89.600
130,WARDEN,JUMP_DOWN_LAND,FALL,687.000,69.600,false,false,1,0.00000,1.00000,31.44000,8,100,714.000,89.600
130,ENGINEER,JUMP_DOWN_LAND,FALL,696.000,69.600,false,false,1,0.00000,1.00000,31.44000,8,100,723.000,89.600
131,REPAIR,JUMP_DOWN_LAND,FALL,700.000,78.800,false,false,1,0.00000,1.00000,31.68000,8,100,727.000,98.800
131,SCOUT,JUMP_DOWN_LAND,FALL,713.000,78.800,false,false,1,0.00000,1.00000,31.68000,8,100,740.000,98.800
131,WARDEN,JUMP_DOWN_LAND,FALL,687.000,78.800,false,false,1,0.00000,1.00000,31.68000,8,100,714.000,98.800
131,ENGINEER,JUMP_DOWN_LAND,FALL,696.000,78.800,false,false,1,0.00000,1.00000,31.68000,8,100,723.000,98.800
132,REPAIR,JUMP_DOWN_LAND,FALL,700.000,88.600,false,false,1,0.00000,1.00000,31.92000,8,100,727.000,108.600
132,SCOUT,JUMP_DOWN_LAND,FALL,713.000,88.600,false,false,1,0.00000,1.00000,31.92000,8,100,740.000,108.600
132,WARDEN,JUMP_DOWN_LAND,FALL,687.000,88.600,false,false,1,0.00000,1.00000,31.92000,8,100,714.000,108.600
132,ENGINEER,JUMP_DOWN_LAND,FALL,696.000,88.600,false,false,1,0.00000,1.00000,31.92000,8,100,723.000,108.600
133,REPAIR,JUMP_DOWN_LAND,FALL,700.000,99.000,false,false,1,0.00000,1.00000,32.16000,8,100,727.000,119.000
133,SCOUT,JUMP_DOWN_LAND,FALL,713.000,99.000,false,false,1,0.00000,1.00000,32.16000,8,100,740.000,119.000
133,WARDEN,JUMP_DOWN_LAND,FALL,687.000,99.000,false,false,1,0.00000,1.00000,32.16000,8,100,714.000,119.000
133,ENGINEER,JUMP_DOWN_LAND,FALL,696.000,99.000,false,false,1,0.00000,1.00000,32.16000,8,100,723.000,119.000
134,REPAIR,JUMP_DOWN_LAND,FALL,700.000,110.000,false,false,1,0.00000,1.00000,32.40000,8,100,727.000,130.000
134,SCOUT,JUMP_DOWN_LAND,FALL,713.000,110.000,false,false,1,0.00000,1.00000,32.40000,8,100,740.000,130.000
134,WARDEN,JUMP_DOWN_LAND,FALL,687.000,110.000,false,false,1,0.00000,1.00000,32.40000,8,100,714.000,130.000
134,ENGINEER,JUMP_DOWN_LAND,FALL,696.000,110.000,false,false,1,0.00000,1.00000,32.40000,8,100,723.000,130.000
135,REPAIR,JUMP_DOWN_LAND,FALL,700.000,121.600,false,false,1,0.00000,1.00000,32.64000,8,100,727.000,141.600
135,SCOUT,JUMP_DOWN_LAND,FALL,713.000,121.600,false,false,1,0.00000,1.00000,32.64000,8,100,740.000,141.600
135,WARDEN,JUMP_DOWN_LAND,FALL,687.000,121.600,false,false,1,0.00000,1.00000,32.64000,8,100,714.000,141.600
135,ENGINEER,JUMP_DOWN_LAND,FALL,696.000,121.600,false,false,1,0.00000,1.00000,32.64000,8,100,723.000,141.600
136,REPAIR,JUMP_DOWN_LAND,FALL,700.000,133.800,false,false,1,0.00000,1.00000,32.88000,8,100,727.000,153.800
136,SCOUT,JUMP_DOWN_LAND,FALL,713.000,133.800,false,false,1,0.00000,1.00000,32.88000,8,100,740.000,153.800
136,WARDEN,JUMP_DOWN_LAND,FALL,687.000,133.800,false,false,1,0.00000,1.00000,32.88000,8,100,714.000,153.800
136,ENGINEER,JUMP_DOWN_LAND,FALL,696.000,133.800,false,false,1,0.00000,1.00000,32.88000,8,100,723.000,153.800
137,REPAIR,JUMP_DOWN_LAND,FALL,700.000,146.600,false,false,1,0.00000,1.00000,33.12000,8,100,727.000,166.600
137,SCOUT,JUMP_DOWN_LAND,FALL,713.000,146.600,false,false,1,0.00000,1.00000,33.12000,8,100,740.000,166.600
137,WARDEN,JUMP_DOWN_LAND,FALL,687.000,146.600,false,false,1,0.00000,1.00000,33.12000,8,100,714.000,166.600
137,ENGINEER,JUMP_DOWN_LAND,FALL,696.000,146.600,false,false,1,0.00000,1.00000,33.12000,8,100,723.000,166.600
138,REPAIR,JUMP_DOWN_LAND,FALL,700.000,160.000,false,false,1,0.00000,1.00000,33.36000,8,100,727.000,180.000
138,SCOUT,JUMP_DOWN_LAND,FALL,713.000,160.000,false,false,1,0.00000,1.00000,33.36000,8,100,740.000,180.000
138,WARDEN,JUMP_DOWN_LAND,FALL,687.000,160.000,false,false,1,0.00000,1.00000,33.36000,8,100,714.000,180.000
138,ENGINEER,JUMP_DOWN_LAND,FALL,696.000,160.000,false,false,1,0.00000,1.00000,33.36000,8,100,723.000,180.000
139,REPAIR,JUMP_DOWN_LAND,FALL,700.000,174.000,false,false,1,0.00000,1.00000,33.60000,8,100,727.000,194.000
139,SCOUT,JUMP_DOWN_LAND,FALL,713.000,174.000,false,false,1,0.00000,1.00000,33.60000,8,100,740.000,194.000
139,WARDEN,JUMP_DOWN_LAND,FALL,687.000,174.000,false,false,1,0.00000,1.00000,33.60000,8,100,714.000,194.000
139,ENGINEER,JUMP_DOWN_LAND,FALL,696.000,174.000,false,false,1,0.00000,1.00000,33.60000,8,100,723.000,194.000
140,REPAIR,JUMP_DOWN_LAND,FALL,700.000,188.600,false,false,1,0.00000,1.00000,33.84000,8,100,727.000,208.600
140,SCOUT,JUMP_DOWN_LAND,FALL,713.000,188.600,false,false,1,0.00000,1.00000,33.84000,8,100,740.000,208.600
140,WARDEN,JUMP_DOWN_LAND,FALL,687.000,188.600,false,false,1,0.00000,1.00000,33.84000,8,100,714.000,208.600
140,ENGINEER,JUMP_DOWN_LAND,FALL,696.000,188.600,false,false,1,0.00000,1.00000,33.84000,8,100,723.000,208.600
141,REPAIR,JUMP_DOWN_LAND,FALL,700.000,203.800,false,false,1,0.00000,1.00000,34.08000,8,100,727.000,223.800
141,SCOUT,JUMP_DOWN_LAND,FALL,713.000,203.800,false,false,1,0.00000,1.00000,34.08000,8,100,740.000,223.800
141,WARDEN,JUMP_DOWN_LAND,FALL,687.000,203.800,false,false,1,0.00000,1.00000,34.08000,8,100,714.000,223.800
141,ENGINEER,JUMP_DOWN_LAND,FALL,696.000,203.800,false,false,1,0.00000,1.00000,34.08000,8,100,723.000,223.800
142,REPAIR,JUMP_DOWN_LAND,FALL,700.000,219.600,false,false,1,0.00000,1.00000,34.32000,8,100,727.000,239.600
142,SCOUT,JUMP_DOWN_LAND,FALL,713.000,219.600,false,false,1,0.00000,1.00000,34.32000,8,100,740.000,239.600
142,WARDEN,JUMP_DOWN_LAND,FALL,687.000,219.600,false,false,1,0.00000,1.00000,34.32000,8,100,714.000,239.600
142,ENGINEER,JUMP_DOWN_LAND,FALL,696.000,219.600,false,false,1,0.00000,1.00000,34.32000,8,100,723.000,239.600
143,REPAIR,JUMP_DOWN_LAND,FALL,700.000,236.000,false,false,1,0.00000,1.00000,34.56000,8,100,727.000,256.000
143,SCOUT,JUMP_DOWN_LAND,FALL,713.000,236.000,false,false,1,0.00000,1.00000,34.56000,8,100,740.000,256.000
143,WARDEN,JUMP_DOWN_LAND,FALL,687.000,236.000,false,false,1,0.00000,1.00000,34.56000,8,100,714.000,256.000
143,ENGINEER,JUMP_DOWN_LAND,FALL,696.000,236.000,false,false,1,0.00000,1.00000,34.56000,8,100,723.000,256.000
144,REPAIR,JUMP_DOWN_LAND,FALL,700.000,253.000,false,false,1,0.00000,1.00000,34.80000,9,100,727.000,273.000
144,SCOUT,JUMP_DOWN_LAND,FALL,713.000,253.000,false,false,1,0.00000,1.00000,34.80000,9,100,740.000,273.000
144,WARDEN,JUMP_DOWN_LAND,FALL,687.000,253.000,false,false,1,0.00000,1.00000,34.80000,9,100,714.000,273.000
144,ENGINEER,JUMP_DOWN_LAND,FALL,696.000,253.000,false,false,1,0.00000,1.00000,34.80000,9,100,723.000,273.000
145,REPAIR,JUMP_DOWN_LAND,LAND,700.000,270.000,true,false,1,1.00000,0.00000,35.04000,9,100,733.000,270.000
145,SCOUT,JUMP_DOWN_LAND,LAND,713.000,270.000,true,false,1,1.00000,0.00000,35.04000,9,100,746.000,270.000
145,WARDEN,JUMP_DOWN_LAND,LAND,687.000,270.000,true,false,1,1.00000,0.00000,35.04000,9,100,720.000,270.000
145,ENGINEER,JUMP_DOWN_LAND,LAND,696.000,270.000,true,false,1,1.00000,0.00000,35.04000,9,100,729.000,270.000
146,REPAIR,JUMP_DOWN_LAND,LAND,700.000,282.000,true,true,1,1.00000,0.00000,35.28000,9,100,733.000,282.000
146,SCOUT,JUMP_DOWN_LAND,LAND,713.000,282.000,true,true,1,1.00000,0.00000,35.28000,9,100,746.000,282.000
146,WARDEN,JUMP_DOWN_LAND,LAND,687.000,282.000,true,true,1,1.00000,0.00000,35.28000,9,100,720.000,282.000
146,ENGINEER,JUMP_DOWN_LAND,LAND,696.000,282.000,true,true,1,1.00000,0.00000,35.28000,9,100,729.000,282.000
147,REPAIR,JUMP_DOWN_LAND,LAND,700.000,282.000,true,true,1,1.00000,0.00000,35.52000,9,100,733.000,282.000
147,SCOUT,JUMP_DOWN_LAND,LAND,713.000,282.000,true,true,1,1.00000,0.00000,35.52000,9,100,746.000,282.000
147,WARDEN,JUMP_DOWN_LAND,LAND,687.000,282.000,true,true,1,1.00000,0.00000,35.52000,9,100,720.000,282.000
147,ENGINEER,JUMP_DOWN_LAND,LAND,696.000,282.000,true,true,1,1.00000,0.00000,35.52000,9,100,729.000,282.000
148,REPAIR,JUMP_DOWN_LAND,LAND,700.000,282.000,true,true,1,1.00000,0.00000,35.76000,9,100,733.000,282.000
148,SCOUT,JUMP_DOWN_LAND,LAND,713.000,282.000,true,true,1,1.00000,0.00000,35.76000,9,100,746.000,282.000
148,WARDEN,JUMP_DOWN_LAND,LAND,687.000,282.000,true,true,1,1.00000,0.00000,35.76000,9,100,720.000,282.000
148,ENGINEER,JUMP_DOWN_LAND,LAND,696.000,282.000,true,true,1,1.00000,0.00000,35.76000,9,100,729.000,282.000
149,REPAIR,JUMP_DOWN_LAND,LAND,700.000,282.000,true,true,1,1.00000,0.00000,36.00000,9,100,733.000,282.000
149,SCOUT,JUMP_DOWN_LAND,LAND,713.000,282.000,true,true,1,1.00000,0.00000,36.00000,9,100,746.000,282.000
149,WARDEN,JUMP_DOWN_LAND,LAND,687.000,282.000,true,true,1,1.00000,0.00000,36.00000,9,100,720.000,282.000
149,ENGINEER,JUMP_DOWN_LAND,LAND,696.000,282.000,true,true,1,1.00000,0.00000,36.00000,9,100,729.000,282.000
150,REPAIR,JUMP_DOWN_LAND,LAND,700.000,282.000,true,true,1,1.00000,0.00000,36.24000,9,100,733.000,282.000
150,SCOUT,JUMP_DOWN_LAND,LAND,713.000,282.000,true,true,1,1.00000,0.00000,36.24000,9,100,746.000,282.000
150,WARDEN,JUMP_DOWN_LAND,LAND,687.000,282.000,true,true,1,1.00000,0.00000,36.24000,9,100,720.000,282.000
150,ENGINEER,JUMP_DOWN_LAND,LAND,696.000,282.000,true,true,1,1.00000,0.00000,36.24000,9,100,729.000,282.000
151,REPAIR,JUMP_DOWN_LAND,LAND,700.000,282.000,true,true,1,1.00000,0.00000,36.48000,9,100,733.000,282.000
151,SCOUT,JUMP_DOWN_LAND,LAND,713.000,282.000,true,true,1,1.00000,0.00000,36.48000,9,100,746.000,282.000
151,WARDEN,JUMP_DOWN_LAND,LAND,687.000,282.000,true,true,1,1.00000,0.00000,36.48000,9,100,720.000,282.000
151,ENGINEER,JUMP_DOWN_LAND,LAND,696.000,282.000,true,true,1,1.00000,0.00000,36.48000,9,100,729.000,282.000
152,REPAIR,JUMP_DOWN_LAND,IDLE,700.000,282.000,true,true,1,1.00000,0.00000,36.72000,9,100,733.000,282.000
152,SCOUT,JUMP_DOWN_LAND,IDLE,713.000,282.000,true,true,1,1.00000,0.00000,36.72000,9,100,746.000,282.000
152,WARDEN,JUMP_DOWN_LAND,IDLE,687.000,282.000,true,true,1,1.00000,0.00000,36.72000,9,100,720.000,282.000
152,ENGINEER,JUMP_DOWN_LAND,IDLE,696.000,282.000,true,true,1,1.00000,0.00000,36.72000,9,100,729.000,282.000
153,REPAIR,JUMP_DOWN_LAND,IDLE,700.000,282.000,true,true,1,1.00000,0.00000,36.96000,9,100,733.000,282.000
153,SCOUT,JUMP_DOWN_LAND,IDLE,713.000,282.000,true,true,1,1.00000,0.00000,36.96000,9,100,746.000,282.000
153,WARDEN,JUMP_DOWN_LAND,IDLE,687.000,282.000,true,true,1,1.00000,0.00000,36.96000,9,100,720.000,282.000
153,ENGINEER,JUMP_DOWN_LAND,IDLE,696.000,282.000,true,true,1,1.00000,0.00000,36.96000,9,100,729.000,282.000
154,REPAIR,JUMP_DOWN_LAND,IDLE,700.000,282.000,true,true,1,1.00000,0.00000,37.20000,9,100,733.000,282.000
154,SCOUT,JUMP_DOWN_LAND,IDLE,713.000,282.000,true,true,1,1.00000,0.00000,37.20000,9,100,746.000,282.000
154,WARDEN,JUMP_DOWN_LAND,IDLE,687.000,282.000,true,true,1,1.00000,0.00000,37.20000,9,100,720.000,282.000
154,ENGINEER,JUMP_DOWN_LAND,IDLE,696.000,282.000,true,true,1,1.00000,0.00000,37.20000,9,100,729.000,282.000
155,REPAIR,JUMP_DOWN_LAND,IDLE,700.000,282.000,true,true,1,1.00000,0.00000,37.44000,9,100,733.000,282.000
155,SCOUT,JUMP_DOWN_LAND,IDLE,713.000,282.000,true,true,1,1.00000,0.00000,37.44000,9,100,746.000,282.000
155,WARDEN,JUMP_DOWN_LAND,IDLE,687.000,282.000,true,true,1,1.00000,0.00000,37.44000,9,100,720.000,282.000
155,ENGINEER,JUMP_DOWN_LAND,IDLE,696.000,282.000,true,true,1,1.00000,0.00000,37.44000,9,100,729.000,282.000
156,REPAIR,CROUCH_RIGHT,RUN,702.250,282.000,true,true,1,1.00000,0.00000,3.49502,9,100,735.250,282.000
156,SCOUT,CROUCH_RIGHT,RUN,715.542,282.000,true,true,1,1.00000,0.00000,3.38389,9,100,748.542,282.000
156,WARDEN,CROUCH_RIGHT,RUN,688.958,282.000,true,true,1,1.00000,0.00000,3.60616,9,100,721.958,282.000
156,ENGINEER,CROUCH_RIGHT,RUN,698.160,282.000,true,true,1,1.00000,0.00000,1.59593,9,100,731.160,282.000
157,REPAIR,CROUCH_RIGHT,RUN,704.500,282.000,true,true,1,1.00000,0.00000,3.84845,9,100,737.500,282.000
157,SCOUT,CROUCH_RIGHT,RUN,718.085,282.000,true,true,1,1.00000,0.00000,3.78326,9,100,751.085,282.000
157,WARDEN,CROUCH_RIGHT,RUN,690.915,282.000,true,true,1,1.00000,0.00000,3.91364,9,100,723.915,282.000
157,ENGINEER,CROUCH_RIGHT,RUN,700.320,282.000,true,true,1,1.00000,0.00000,1.93522,9,100,733.320,282.000
158,REPAIR,CROUCH_RIGHT,RUN,706.750,282.000,true,true,1,1.00000,0.00000,4.20188,9,100,739.750,282.000
158,SCOUT,CROUCH_RIGHT,RUN,720.627,282.000,true,true,1,1.00000,0.00000,4.18264,9,100,753.627,282.000
158,WARDEN,CROUCH_RIGHT,RUN,692.873,282.000,true,true,1,1.00000,0.00000,4.22112,9,100,725.873,282.000
158,ENGINEER,CROUCH_RIGHT,RUN,702.480,282.000,true,true,1,1.00000,0.00000,2.27451,9,100,735.480,282.000
159,REPAIR,CROUCH_RIGHT,RUN,709.000,282.000,true,true,1,1.00000,0.00000,4.55531,9,100,742.000,282.000
159,SCOUT,CROUCH_RIGHT,RUN,723.170,282.000,true,true,1,1.00000,0.00000,4.58201,9,100,756.170,282.000
159,WARDEN,CROUCH_RIGHT,RUN,694.830,282.000,true,true,1,1.00000,0.00000,4.52861,9,100,727.830,282.000
159,ENGINEER,CROUCH_RIGHT,RUN,704.640,282.000,true,true,1,1.00000,0.00000,2.61381,9,100,737.640,282.000
160,REPAIR,CROUCH_RIGHT,RUN,711.250,282.000,true,true,1,1.00000,0.00000,4.90874,9,100,744.250,282.000
160,SCOUT,CROUCH_RIGHT,RUN,725.712,282.000,true,true,1,1.00000,0.00000,4.98139,9,100,758.712,282.000
160,WARDEN,CROUCH_RIGHT,RUN,696.788,282.000,true,true,1,1.00000,0.00000,4.83609,9,100,729.788,282.000
160,ENGINEER,CROUCH_RIGHT,RUN,706.800,282.000,true,true,1,1.00000,0.00000,2.95310,9,100,739.800,282.000
161,REPAIR,CROUCH_RIGHT,RUN,713.500,282.000,true,true,1,1.00000,0.00000,5.26217,9,100,746.500,282.000
161,SCOUT,CROUCH_RIGHT,RUN,728.255,282.000,true,true,1,1.00000,0.00000,5.38076,9,100,761.255,282.000
161,WARDEN,CROUCH_RIGHT,RUN,698.745,282.000,true,true,1,1.00000,0.00000,5.14357,9,100,731.745,282.000
161,ENGINEER,CROUCH_RIGHT,RUN,708.960,282.000,true,true,1,1.00000,0.00000,3.29239,9,100,741.960,282.000
162,REPAIR,CROUCH_RIGHT,RUN,715.750,282.000,true,true,1,1.00000,0.00000,5.61560,10,100,748.750,282.000
162,SCOUT,CROUCH_RIGHT,RUN,730.797,282.000,true,true,1,1.00000,0.00000,5.78014,10,100,763.797,282.000
162,WARDEN,CROUCH_RIGHT,RUN,700.703,282.000,true,true,1,1.00000,0.00000,5.45106,10,100,733.703,282.000
162,ENGINEER,CROUCH_RIGHT,RUN,711.120,282.000,true,true,1,1.00000,0.00000,3.63168,10,100,744.120,282.000
163,REPAIR,CROUCH_RIGHT,RUN,718.000,282.000,true,true,1,1.00000,0.00000,5.96903,10,100,751.000,282.000
163,SCOUT,CROUCH_RIGHT,RUN,733.340,282.000,true,true,1,1.00000,0.00000,6.17951,10,100,766.340,282.000
163,WARDEN,CROUCH_RIGHT,RUN,702.660,282.000,true,true,1,1.00000,0.00000,5.75854,10,100,735.660,282.000
163,ENGINEER,CROUCH_RIGHT,RUN,713.280,282.000,true,true,1,1.00000,0.00000,3.97097,10,100,746.280,282.000
164,REPAIR,CROUCH_RIGHT,RUN,720.250,282.000,true,true,1,1.00000,0.00000,0.03927,10,100,753.250,282.000
164,SCOUT,CROUCH_RIGHT,RUN,735.882,282.000,true,true,1,1.00000,0.00000,0.29570,10,100,768.882,282.000
164,WARDEN,CROUCH_RIGHT,RUN,704.618,282.000,true,true,1,1.00000,0.00000,6.06602,10,100,737.618,282.000
164,ENGINEER,CROUCH_RIGHT,RUN,715.440,282.000,true,true,1,1.00000,0.00000,4.31027,10,100,748.440,282.000
165,REPAIR,CROUCH_RIGHT,RUN,722.500,282.000,true,true,1,1.00000,0.00000,0.39270,10,100,755.500,282.000
165,SCOUT,CROUCH_RIGHT,RUN,738.425,282.000,true,true,1,1.00000,0.00000,0.69508,10,100,771.425,282.000
165,WARDEN,CROUCH_RIGHT,RUN,706.575,282.000,true,true,1,1.00000,0.00000,0.09032,10,100,739.575,282.000
165,ENGINEER,CROUCH_RIGHT,RUN,717.600,282.000,true,true,1,1.00000,0.00000,4.64956,10,100,750.600,282.000
166,REPAIR,CROUCH_RIGHT,RUN,724.750,282.000,true,true,1,1.00000,0.00000,0.74613,10,100,757.750,282.000
166,SCOUT,CROUCH_RIGHT,RUN,740.967,282.000,true,true,1,1.00000,0.00000,1.09445,10,100,773.967,282.000
166,WARDEN,CROUCH_RIGHT,RUN,708.533,282.000,true,true,1,1.00000,0.00000,0.39780,10,100,741.533,282.000
166,ENGINEER,CROUCH_RIGHT,RUN,719.760,282.000,true,true,1,1.00000,0.00000,4.98885,10,100,752.760,282.000
167,REPAIR,CROUCH_RIGHT,RUN,727.000,282.000,true,true,1,1.00000,0.00000,1.09956,10,100,760.000,282.000
167,SCOUT,CROUCH_RIGHT,RUN,743.510,282.000,true,true,1,1.00000,0.00000,1.49383,10,100,776.510,282.000
167,WARDEN,CROUCH_RIGHT,RUN,710.490,282.000,true,true,1,1.00000,0.00000,0.70529,10,100,743.490,282.000
167,ENGINEER,CROUCH_RIGHT,RUN,721.920,282.000,true,true,1,1.00000,0.00000,5.32814,10,100,754.920,282.000
168,REPAIR,CROUCH_RIGHT,RUN,729.250,282.000,true,true,1,1.00000,0.00000,1.45299,10,100,762.250,282.000
168,SCOUT,CROUCH_RIGHT,RUN,746.052,282.000,true,true,1,1.00000,0.00000,1.89320,10,100,779.052,282.000
168,WARDEN,CROUCH_RIGHT,RUN,712.448,282.000,true,true,1,1.00000,0.00000,1.01277,10,100,745.448,282.000
168,ENGINEER,CROUCH_RIGHT,RUN,724.080,282.000,true,true,1,1.00000,0.00000,5.66743,10,100,757.080,282.000
169,REPAIR,CROUCH_RIGHT,RUN,731.500,282.000,true,true,1,1.00000,0.00000,1.80642,10,100,764.500,282.000
169,SCOUT,CROUCH_RIGHT,RUN,748.595,282.000,true,true,1,1.00000,0.00000,2.29258,10,100,781.595,282.000
169,WARDEN,CROUCH_RIGHT,RUN,714.405,282.000,true,true,1,1.00000,0.00000,1.32025,10,100,747.405,282.000
169,ENGINEER,CROUCH_RIGHT,RUN,726.240,282.000,true,true,1,1.00000,0.00000,6.00673,10,100,759.240,282.000
170,REPAIR,CROUCH_RIGHT,RUN,733.750,282.000,true,true,1,1.00000,0.00000,2.15984,10,100,766.750,282.000
170,SCOUT,CROUCH_RIGHT,RUN,751.137,282.000,true,true,1,1.00000,0.00000,2.69195,10,100,784.137,282.000
170,WARDEN,CROUCH_RIGHT,RUN,716.363,282.000,true,true,1,1.00000,0.00000,1.62774,10,100,749.363,282.000
170,ENGINEER,CROUCH_RIGHT,RUN,728.400,282.000,true,true,1,1.00000,0.00000,0.06283,10,100,761.400,282.000
171,REPAIR,CROUCH_RIGHT,RUN,736.000,282.000,true,true,1,1.00000,0.00000,2.51327,10,100,769.000,282.000
171,SCOUT,CROUCH_RIGHT,RUN,753.680,282.000,true,true,1,1.00000,0.00000,3.09133,10,100,786.680,282.000
171,WARDEN,CROUCH_RIGHT,RUN,718.320,282.000,true,true,1,1.00000,0.00000,1.93522,10,100,751.320,282.000
171,ENGINEER,CROUCH_RIGHT,RUN,730.560,282.000,true,true,1,1.00000,0.00000,0.40212,10,100,763.560,282.000
172,REPAIR,CROUCH_RIGHT,RUN,738.250,282.000,true,true,1,1.00000,0.00000,2.86670,10,100,771.250,282.000
172,SCOUT,CROUCH_RIGHT,RUN,756.222,282.000,true,true,1,1.00000,0.00000,3.49070,10,100,789.222,282.000
172,WARDEN,CROUCH_RIGHT,RUN,720.278,282.000,true,true,1,1.00000,0.00000,2.24270,10,100,753.278,282.000
172,ENGINEER,CROUCH_RIGHT,RUN,732.720,282.000,true,true,1,1.00000,0.00000,0.74142,10,100,765.720,282.000
173,REPAIR,CROUCH_RIGHT,RUN,740.500,282.000,true,true,1,1.00000,0.00000,3.22013,10,100,773.500,282.000
173,SCOUT,CROUCH_RIGHT,RUN,758.765,282.000,true,true,1,1.00000,0.00000,3.89008,10,100,791.765,282.000
173,WARDEN,CROUCH_RIGHT,RUN,722.235,282.000,true,true,1,1.00000,0.00000,2.55019,10,100,755.235,282.000
173,ENGINEER,CROUCH_RIGHT,RUN,734.880,282.000,true,true,1,1.00000,0.00000,1.08071,10,100,767.880,282.000
174,REPAIR,CROUCH_LEFT,RUN,738.250,282.000,true,true,-1,-1.00000,0.00000,3.57356,10,100,735.250,282.000
174,SCOUT,CROUCH_LEFT,RUN,756.222,282.000,true,true,-1,-1.00000,0.00000,4.28945,10,100,753.222,282.000
174,WARDEN,CROUCH_LEFT,RUN,720.278,282.000,true,true,-1,-1.00000,0.00000,2.85767,10,100,717.278,282.000
174,ENGINEER,CROUCH_LEFT,RUN,732.720,282.000,true,true,-1,-1.00000,0.00000,1.42000,10,100,729.720,282.000
175,REPAIR,CROUCH_LEFT,RUN,736.000,282.000,true,true,-1,-1.00000,0.00000,3.92699,10,100,733.000,282.000
175,SCOUT,CROUCH_LEFT,RUN,753.680,282.000,true,true,-1,-1.00000,0.00000,4.68883,10,100,750.680,282.000
175,WARDEN,CROUCH_LEFT,RUN,718.320,282.000,true,true,-1,-1.00000,0.00000,3.16515,10,100,715.320,282.000
175,ENGINEER,CROUCH_LEFT,RUN,730.560,282.000,true,true,-1,-1.00000,0.00000,1.75929,10,100,727.560,282.000
176,REPAIR,CROUCH_LEFT,RUN,733.750,282.000,true,true,-1,-1.00000,0.00000,4.28042,10,100,730.750,282.000
176,SCOUT,CROUCH_LEFT,RUN,751.137,282.000,true,true,-1,-1.00000,0.00000,5.08820,10,100,748.137,282.000
176,WARDEN,CROUCH_LEFT,RUN,716.363,282.000,true,true,-1,-1.00000,0.00000,3.47264,10,100,713.363,282.000
176,ENGINEER,CROUCH_LEFT,RUN,728.400,282.000,true,true,-1,-1.00000,0.00000,2.09858,10,100,725.400,282.000
177,REPAIR,CROUCH_LEFT,RUN,731.500,282.000,true,true,-1,-1.00000,0.00000,4.63385,10,100,728.500,282.000
177,SCOUT,CROUCH_LEFT,RUN,748.595,282.000,true,true,-1,-1.00000,0.00000,5.48758,10,100,745.595,282.000
177,WARDEN,CROUCH_LEFT,RUN,714.405,282.000,true,true,-1,-1.00000,0.00000,3.78012,10,100,711.405,282.000
177,ENGINEER,CROUCH_LEFT,RUN,726.240,282.000,true,true,-1,-1.00000,0.00000,2.43788,10,100,723.240,282.000
178,REPAIR,CROUCH_LEFT,RUN,729.250,282.000,true,true,-1,-1.00000,0.00000,4.98728,10,100,726.250,282.000
178,SCOUT,CROUCH_LEFT,RUN,746.052,282.000,true,true,-1,-1.00000,0.00000,5.88695,10,100,743.052,282.000
178,WARDEN,CROUCH_LEFT,RUN,712.448,282.000,true,true,-1,-1.00000,0.00000,4.08760,10,100,709.448,282.000
178,ENGINEER,CROUCH_LEFT,RUN,724.080,282.000,true,true,-1,-1.00000,0.00000,2.77717,10,100,721.080,282.000
179,REPAIR,CROUCH_LEFT,RUN,727.000,282.000,true,true,-1,-1.00000,0.00000,5.34071,10,100,724.000,282.000
179,SCOUT,CROUCH_LEFT,RUN,743.510,282.000,true,true,-1,-1.00000,0.00000,0.00314,10,100,740.510,282.000
179,WARDEN,CROUCH_LEFT,RUN,710.490,282.000,true,true,-1,-1.00000,0.00000,4.39509,10,100,707.490,282.000
179,ENGINEER,CROUCH_LEFT,RUN,721.920,282.000,true,true,-1,-1.00000,0.00000,3.11646,10,100,718.920,282.000
180,REPAIR,CROUCH_LEFT,RUN,724.750,282.000,true,true,-1,-1.00000,0.00000,5.69414,11,100,721.750,282.000
180,SCOUT,CROUCH_LEFT,RUN,740.967,282.000,true,true,-1,-1.00000,0.00000,0.40252,11,100,737.967,282.000
180,WARDEN,CROUCH_LEFT,RUN,708.533,282.000,true,true,-1,-1.00000,0.00000,4.70257,11,100,705.533,282.000
180,ENGINEER,CROUCH_LEFT,RUN,719.760,282.000,true,true,-1,-1.00000,0.00000,3.45575,11,100,716.760,282.000
181,REPAIR,CROUCH_LEFT,RUN,722.500,282.000,true,true,-1,-1.00000,0.00000,6.04757,11,100,719.500,282.000
181,SCOUT,CROUCH_LEFT,RUN,738.425,282.000,true,true,-1,-1.00000,0.00000,0.80189,11,100,735.425,282.000
181,WARDEN,CROUCH_LEFT,RUN,706.575,282.000,true,true,-1,-1.00000,0.00000,5.01005,11,100,703.575,282.000
181,ENGINEER,CROUCH_LEFT,RUN,717.600,282.000,true,true,-1,-1.00000,0.00000,3.79504,11,100,714.600,282.000
182,REPAIR,CROUCH_LEFT,RUN,720.250,282.000,true,true,-1,-1.00000,0.00000,0.11781,11,100,717.250,282.000
182,SCOUT,CROUCH_LEFT,RUN,735.882,282.000,true,true,-1,-1.00000,0.00000,1.20127,11,100,732.882,282.000
182,WARDEN,CROUCH_LEFT,RUN,704.618,282.000,true,true,-1,-1.00000,0.00000,5.31754,11,100,701.618,282.000
182,ENGINEER,CROUCH_LEFT,RUN,715.440,282.000,true,true,-1,-1.00000,0.00000,4.13434,11,100,712.440,282.000
183,REPAIR,CROUCH_LEFT,RUN,718.000,282.000,true,true,-1,-1.00000,0.00000,0.47124,11,100,715.000,282.000
183,SCOUT,CROUCH_LEFT,RUN,733.340,282.000,true,true,-1,-1.00000,0.00000,1.60064,11,100,730.340,282.000
183,WARDEN,CROUCH_LEFT,RUN,702.660,282.000,true,true,-1,-1.00000,0.00000,5.62502,11,100,699.660,282.000
183,ENGINEER,CROUCH_LEFT,RUN,713.280,282.000,true,true,-1,-1.00000,0.00000,4.47363,11,100,710.280,282.000
184,REPAIR,CROUCH_LEFT,RUN,715.750,282.000,true,true,-1,-1.00000,0.00000,0.82467,11,100,712.750,282.000
184,SCOUT,CROUCH_LEFT,RUN,730.797,282.000,true,true,-1,-1.00000,0.00000,2.00002,11,100,727.797,282.000
184,WARDEN,CROUCH_LEFT,RUN,700.703,282.000,true,true,-1,-1.00000,0.00000,5.93251,11,100,697.703,282.000
184,ENGINEER,CROUCH_LEFT,RUN,711.120,282.000,true,true,-1,-1.00000,0.00000,4.81292,11,100,708.120,282.000
185,REPAIR,CROUCH_LEFT,RUN,713.500,282.000,true,true,-1,-1.00000,0.00000,1.17810,11,100,710.500,282.000
185,SCOUT,CROUCH_LEFT,RUN,728.255,282.000,true,true,-1,-1.00000,0.00000,2.39939,11,100,725.255,282.000
185,WARDEN,CROUCH_LEFT,RUN,698.745,282.000,true,true,-1,-1.00000,0.00000,6.23999,11,100,695.745,282.000
185,ENGINEER,CROUCH_LEFT,RUN,708.960,282.000,true,true,-1,-1.00000,0.00000,5.15221,11,100,705.960,282.000
186,REPAIR,CROUCH_LEFT,RUN,711.250,282.000,true,true,-1,-1.00000,0.00000,1.53153,11,100,708.250,282.000
186,SCOUT,CROUCH_LEFT,RUN,725.712,282.000,true,true,-1,-1.00000,0.00000,2.79877,11,100,722.712,282.000
186,WARDEN,CROUCH_LEFT,RUN,696.788,282.000,true,true,-1,-1.00000,0.00000,0.26429,11,100,693.788,282.000
186,ENGINEER,CROUCH_LEFT,RUN,706.800,282.000,true,true,-1,-1.00000,0.00000,5.49150,11,100,703.800,282.000
187,REPAIR,CROUCH_LEFT,RUN,709.000,282.000,true,true,-1,-1.00000,0.00000,1.88496,11,100,706.000,282.000
187,SCOUT,CROUCH_LEFT,RUN,723.170,282.000,true,true,-1,-1.00000,0.00000,3.19814,11,100,720.170,282.000
187,WARDEN,CROUCH_LEFT,RUN,694.830,282.000,true,true,-1,-1.00000,0.00000,0.57177,11,100,691.830,282.000
187,ENGINEER,CROUCH_LEFT,RUN,704.640,282.000,true,true,-1,-1.00000,0.00000,5.83080,11,100,701.640,282.000
188,REPAIR,CROUCH_LEFT,RUN,706.750,282.000,true,true,-1,-1.00000,0.00000,2.23838,11,100,703.750,282.000
188,SCOUT,CROUCH_LEFT,RUN,720.627,282.000,true,true,-1,-1.00000,0.00000,3.59752,11,100,717.627,282.000
188,WARDEN,CROUCH_LEFT,RUN,692.873,282.000,true,true,-1,-1.00000,0.00000,0.87925,11,100,689.873,282.000
188,ENGINEER,CROUCH_LEFT,RUN,702.480,282.000,true,true,-1,-1.00000,0.00000,6.17009,11,100,699.480,282.000
189,REPAIR,CROUCH_LEFT,RUN,704.500,282.000,true,true,-1,-1.00000,0.00000,2.59181,11,100,701.500,282.000
189,SCOUT,CROUCH_LEFT,RUN,718.085,282.000,true,true,-1,-1.00000,0.00000,3.99689,11,100,715.085,282.000
189,WARDEN,CROUCH_LEFT,RUN,690.915,282.000,true,true,-1,-1.00000,0.00000,1.18674,11,100,687.915,282.000
189,ENGINEER,CROUCH_LEFT,RUN,700.320,282.000,true,true,-1,-1.00000,0.00000,0.22619,11,100,697.320,282.000
190,REPAIR,CROUCH_LEFT,RUN,702.250,282.000,true,true,-1,-1.00000,0.00000,2.94524,11,100,699.250,282.000
190,SCOUT,CROUCH_LEFT,RUN,715.542,282.000,true,true,-1,-1.00000,0.00000,4.39627,11,100,712.542,282.000
190,WARDEN,CROUCH_LEFT,RUN,688.958,282.000,true,true,-1,-1.00000,0.00000,1.49422,11,100,685.958,282.000
190,ENGINEER,CROUCH_LEFT,RUN,698.160,282.000,true,true,-1,-1.00000,0.00000,0.56549,11,100,695.160,282.000
191,REPAIR,CROUCH_LEFT,RUN,700.000,282.000,true,true,-1,-1.00000,0.00000,3.29867,11,100,697.000,282.000
191,SCOUT,CROUCH_LEFT,RUN,713.000,282.000,true,true,-1,-1.00000,0.00000,4.79564,11,100,710.000,282.000
191,WARDEN,CROUCH_LEFT,RUN,687.000,282.000,true,true,-1,-1.00000,0.00000,1.80170,11,100,684.000,282.000
191,ENGINEER,CROUCH_LEFT,RUN,696.000,282.000,true,true,-1,-1.00000,0.00000,0.90478,11,100,693.000,282.000
192,REPAIR,STAND_UP_SHOT,IDLE,700.000,270.000,true,false,-1,0.00000,-1.00000,46.32000,11,100,704.000,251.000
192,SCOUT,STAND_UP_SHOT,IDLE,713.000,270.000,true,false,-1,0.00000,-1.00000,46.32000,11,100,720.000,251.000
192,WARDEN,STAND_UP_SHOT,IDLE,687.000,270.000,true,false,-1,0.00000,-1.00000,46.32000,11,100,694.000,251.000
192,ENGINEER,STAND_UP_SHOT,IDLE,696.000,270.000,true,false,-1,0.00000,-1.00000,46.32000,11,100,703.000,251.000
193,REPAIR,STAND_UP_SHOT,IDLE,700.000,270.000,true,false,-1,0.00000,-1.00000,46.56000,11,100,704.000,251.000
193,SCOUT,STAND_UP_SHOT,IDLE,713.000,270.000,true,false,-1,0.00000,-1.00000,46.56000,11,100,720.000,251.000
193,WARDEN,STAND_UP_SHOT,IDLE,687.000,270.000,true,false,-1,0.00000,-1.00000,46.56000,11,100,694.000,251.000
193,ENGINEER,STAND_UP_SHOT,IDLE,696.000,270.000,true,false,-1,0.00000,-1.00000,46.56000,11,100,703.000,251.000
194,REPAIR,STAND_UP_SHOT,IDLE,700.000,270.000,true,false,-1,0.00000,-1.00000,46.80000,11,100,704.000,251.000
194,SCOUT,STAND_UP_SHOT,IDLE,713.000,270.000,true,false,-1,0.00000,-1.00000,46.80000,11,100,720.000,251.000
194,WARDEN,STAND_UP_SHOT,IDLE,687.000,270.000,true,false,-1,0.00000,-1.00000,46.80000,11,100,694.000,251.000
194,ENGINEER,STAND_UP_SHOT,IDLE,696.000,270.000,true,false,-1,0.00000,-1.00000,46.80000,11,100,703.000,251.000
195,REPAIR,STAND_UP_SHOT,IDLE,700.000,270.000,true,false,-1,0.00000,-1.00000,47.04000,11,100,704.000,251.000
195,SCOUT,STAND_UP_SHOT,IDLE,713.000,270.000,true,false,-1,0.00000,-1.00000,47.04000,11,100,720.000,251.000
195,WARDEN,STAND_UP_SHOT,IDLE,687.000,270.000,true,false,-1,0.00000,-1.00000,47.04000,11,100,694.000,251.000
195,ENGINEER,STAND_UP_SHOT,IDLE,696.000,270.000,true,false,-1,0.00000,-1.00000,47.04000,11,100,703.000,251.000
196,REPAIR,STAND_UP_SHOT,IDLE,700.000,270.000,true,false,-1,0.00000,-1.00000,47.28000,11,100,704.000,251.000
196,SCOUT,STAND_UP_SHOT,IDLE,713.000,270.000,true,false,-1,0.00000,-1.00000,47.28000,11,100,720.000,251.000
196,WARDEN,STAND_UP_SHOT,IDLE,687.000,270.000,true,false,-1,0.00000,-1.00000,47.28000,11,100,694.000,251.000
196,ENGINEER,STAND_UP_SHOT,IDLE,696.000,270.000,true,false,-1,0.00000,-1.00000,47.28000,11,100,703.000,251.000
197,REPAIR,STAND_UP_SHOT,IDLE,700.000,270.000,true,false,-1,0.00000,-1.00000,47.52000,11,100,704.000,251.000
197,SCOUT,STAND_UP_SHOT,IDLE,713.000,270.000,true,false,-1,0.00000,-1.00000,47.52000,11,100,720.000,251.000
197,WARDEN,STAND_UP_SHOT,IDLE,687.000,270.000,true,false,-1,0.00000,-1.00000,47.52000,11,100,694.000,251.000
197,ENGINEER,STAND_UP_SHOT,IDLE,696.000,270.000,true,false,-1,0.00000,-1.00000,47.52000,11,100,703.000,251.000
198,REPAIR,STAND_UP_SHOT,IDLE,700.000,270.000,true,false,-1,0.00000,-1.00000,47.76000,12,100,704.000,251.000
198,SCOUT,STAND_UP_SHOT,IDLE,713.000,270.000,true,false,-1,0.00000,-1.00000,47.76000,12,100,720.000,251.000
198,WARDEN,STAND_UP_SHOT,IDLE,687.000,270.000,true,false,-1,0.00000,-1.00000,47.76000,12,100,694.000,251.000
198,ENGINEER,STAND_UP_SHOT,IDLE,696.000,270.000,true,false,-1,0.00000,-1.00000,47.76000,12,100,703.000,251.000
199,REPAIR,STAND_UP_SHOT,IDLE,700.000,270.000,true,false,-1,0.00000,-1.00000,48.00000,12,100,704.000,251.000
199,SCOUT,STAND_UP_SHOT,IDLE,713.000,270.000,true,false,-1,0.00000,-1.00000,48.00000,12,100,720.000,251.000
199,WARDEN,STAND_UP_SHOT,IDLE,687.000,270.000,true,false,-1,0.00000,-1.00000,48.00000,12,100,694.000,251.000
199,ENGINEER,STAND_UP_SHOT,IDLE,696.000,270.000,true,false,-1,0.00000,-1.00000,48.00000,12,100,703.000,251.000
200,REPAIR,STAND_UP_SHOT,IDLE,700.000,270.000,true,false,-1,0.00000,-1.00000,48.24000,12,100,704.000,251.000
200,SCOUT,STAND_UP_SHOT,IDLE,713.000,270.000,true,false,-1,0.00000,-1.00000,48.24000,12,100,720.000,251.000
200,WARDEN,STAND_UP_SHOT,IDLE,687.000,270.000,true,false,-1,0.00000,-1.00000,48.24000,12,100,694.000,251.000
200,ENGINEER,STAND_UP_SHOT,IDLE,696.000,270.000,true,false,-1,0.00000,-1.00000,48.24000,12,100,703.000,251.000
201,REPAIR,STAND_UP_SHOT,IDLE,700.000,270.000,true,false,-1,0.00000,-1.00000,48.48000,12,100,704.000,251.000
201,SCOUT,STAND_UP_SHOT,IDLE,713.000,270.000,true,false,-1,0.00000,-1.00000,48.48000,12,100,720.000,251.000
201,WARDEN,STAND_UP_SHOT,IDLE,687.000,270.000,true,false,-1,0.00000,-1.00000,48.48000,12,100,694.000,251.000
201,ENGINEER,STAND_UP_SHOT,IDLE,696.000,270.000,true,false,-1,0.00000,-1.00000,48.48000,12,100,703.000,251.000
202,REPAIR,STAND_UP_SHOT,IDLE,700.000,270.000,true,false,-1,0.00000,-1.00000,48.72000,12,100,704.000,251.000
202,SCOUT,STAND_UP_SHOT,IDLE,713.000,270.000,true,false,-1,0.00000,-1.00000,48.72000,12,100,720.000,251.000
202,WARDEN,STAND_UP_SHOT,IDLE,687.000,270.000,true,false,-1,0.00000,-1.00000,48.72000,12,100,694.000,251.000
202,ENGINEER,STAND_UP_SHOT,IDLE,696.000,270.000,true,false,-1,0.00000,-1.00000,48.72000,12,100,703.000,251.000
203,REPAIR,STAND_UP_SHOT,IDLE,700.000,270.000,true,false,-1,0.00000,-1.00000,48.96000,12,100,704.000,251.000
203,SCOUT,STAND_UP_SHOT,IDLE,713.000,270.000,true,false,-1,0.00000,-1.00000,48.96000,12,100,720.000,251.000
203,WARDEN,STAND_UP_SHOT,IDLE,687.000,270.000,true,false,-1,0.00000,-1.00000,48.96000,12,100,694.000,251.000
203,ENGINEER,STAND_UP_SHOT,IDLE,696.000,270.000,true,false,-1,0.00000,-1.00000,48.96000,12,100,703.000,251.000
204,REPAIR,STAND_UP_SHOT,IDLE,700.000,270.000,true,false,-1,0.00000,-1.00000,49.20000,12,100,704.000,251.000
204,SCOUT,STAND_UP_SHOT,IDLE,713.000,270.000,true,false,-1,0.00000,-1.00000,49.20000,12,100,720.000,251.000
204,WARDEN,STAND_UP_SHOT,IDLE,687.000,270.000,true,false,-1,0.00000,-1.00000,49.20000,12,100,694.000,251.000
204,ENGINEER,STAND_UP_SHOT,IDLE,696.000,270.000,true,false,-1,0.00000,-1.00000,49.20000,12,100,703.000,251.000
205,REPAIR,STAND_UP_SHOT,IDLE,700.000,270.000,true,false,-1,0.00000,-1.00000,49.44000,12,100,704.000,251.000
205,SCOUT,STAND_UP_SHOT,IDLE,713.000,270.000,true,false,-1,0.00000,-1.00000,49.44000,12,100,720.000,251.000
205,WARDEN,STAND_UP_SHOT,IDLE,687.000,270.000,true,false,-1,0.00000,-1.00000,49.44000,12,100,694.000,251.000
205,ENGINEER,STAND_UP_SHOT,IDLE,696.000,270.000,true,false,-1,0.00000,-1.00000,49.44000,12,100,703.000,251.000
206,REPAIR,STAND_UP_SHOT,IDLE,700.000,270.000,true,false,-1,0.00000,-1.00000,49.68000,12,100,704.000,251.000
206,SCOUT,STAND_UP_SHOT,IDLE,713.000,270.000,true,false,-1,0.00000,-1.00000,49.68000,12,100,720.000,251.000
206,WARDEN,STAND_UP_SHOT,IDLE,687.000,270.000,true,false,-1,0.00000,-1.00000,49.68000,12,100,694.000,251.000
206,ENGINEER,STAND_UP_SHOT,IDLE,696.000,270.000,true,false,-1,0.00000,-1.00000,49.68000,12,100,703.000,251.000
207,REPAIR,STAND_UP_SHOT,IDLE,700.000,270.000,true,false,-1,0.00000,-1.00000,49.92000,12,100,704.000,251.000
207,SCOUT,STAND_UP_SHOT,IDLE,713.000,270.000,true,false,-1,0.00000,-1.00000,49.92000,12,100,720.000,251.000
207,WARDEN,STAND_UP_SHOT,IDLE,687.000,270.000,true,false,-1,0.00000,-1.00000,49.92000,12,100,694.000,251.000
207,ENGINEER,STAND_UP_SHOT,IDLE,696.000,270.000,true,false,-1,0.00000,-1.00000,49.92000,12,100,703.000,251.000
208,REPAIR,DAMAGE_AIM_UP,HURT,700.000,270.000,true,false,-1,0.00000,-1.00000,50.16000,12,90,704.000,251.000
208,SCOUT,DAMAGE_AIM_UP,HURT,713.000,270.000,true,false,-1,0.00000,-1.00000,50.16000,12,89,720.000,251.000
208,WARDEN,DAMAGE_AIM_UP,HURT,687.000,270.000,true,false,-1,0.00000,-1.00000,50.16000,12,91,694.000,251.000
208,ENGINEER,DAMAGE_AIM_UP,HURT,696.000,270.000,true,false,-1,0.00000,-1.00000,50.16000,12,90,703.000,251.000
209,REPAIR,DAMAGE_AIM_UP,HURT,700.000,270.000,true,false,-1,0.00000,-1.00000,50.40000,12,90,704.000,251.000
209,SCOUT,DAMAGE_AIM_UP,HURT,713.000,270.000,true,false,-1,0.00000,-1.00000,50.40000,12,89,720.000,251.000
209,WARDEN,DAMAGE_AIM_UP,HURT,687.000,270.000,true,false,-1,0.00000,-1.00000,50.40000,12,91,694.000,251.000
209,ENGINEER,DAMAGE_AIM_UP,HURT,696.000,270.000,true,false,-1,0.00000,-1.00000,50.40000,12,90,703.000,251.000
210,REPAIR,DAMAGE_AIM_UP,HURT,700.000,270.000,true,false,-1,0.00000,-1.00000,50.64000,12,90,704.000,251.000
210,SCOUT,DAMAGE_AIM_UP,HURT,713.000,270.000,true,false,-1,0.00000,-1.00000,50.64000,12,89,720.000,251.000
210,WARDEN,DAMAGE_AIM_UP,HURT,687.000,270.000,true,false,-1,0.00000,-1.00000,50.64000,12,91,694.000,251.000
210,ENGINEER,DAMAGE_AIM_UP,HURT,696.000,270.000,true,false,-1,0.00000,-1.00000,50.64000,12,90,703.000,251.000
211,REPAIR,DAMAGE_AIM_UP,HURT,700.000,270.000,true,false,-1,0.00000,-1.00000,50.88000,12,90,704.000,251.000
211,SCOUT,DAMAGE_AIM_UP,HURT,713.000,270.000,true,false,-1,0.00000,-1.00000,50.88000,12,89,720.000,251.000
211,WARDEN,DAMAGE_AIM_UP,HURT,687.000,270.000,true,false,-1,0.00000,-1.00000,50.88000,12,91,694.000,251.000
211,ENGINEER,DAMAGE_AIM_UP,HURT,696.000,270.000,true,false,-1,0.00000,-1.00000,50.88000,12,90,703.000,251.000
212,REPAIR,DAMAGE_AIM_UP,HURT,700.000,270.000,true,false,-1,0.00000,-1.00000,51.12000,12,90,704.000,251.000
212,SCOUT,DAMAGE_AIM_UP,HURT,713.000,270.000,true,false,-1,0.00000,-1.00000,51.12000,12,89,720.000,251.000
212,WARDEN,DAMAGE_AIM_UP,HURT,687.000,270.000,true,false,-1,0.00000,-1.00000,51.12000,12,91,694.000,251.000
212,ENGINEER,DAMAGE_AIM_UP,HURT,696.000,270.000,true,false,-1,0.00000,-1.00000,51.12000,12,90,703.000,251.000
213,REPAIR,DAMAGE_AIM_UP,HURT,700.000,270.000,true,false,-1,0.00000,-1.00000,51.36000,12,90,704.000,251.000
213,SCOUT,DAMAGE_AIM_UP,HURT,713.000,270.000,true,false,-1,0.00000,-1.00000,51.36000,12,89,720.000,251.000
213,WARDEN,DAMAGE_AIM_UP,HURT,687.000,270.000,true,false,-1,0.00000,-1.00000,51.36000,12,91,694.000,251.000
213,ENGINEER,DAMAGE_AIM_UP,HURT,696.000,270.000,true,false,-1,0.00000,-1.00000,51.36000,12,90,703.000,251.000
214,REPAIR,DAMAGE_AIM_UP,IDLE,700.000,270.000,true,false,-1,0.00000,-1.00000,51.60000,12,90,704.000,251.000
214,SCOUT,DAMAGE_AIM_UP,IDLE,713.000,270.000,true,false,-1,0.00000,-1.00000,51.60000,12,89,720.000,251.000
214,WARDEN,DAMAGE_AIM_UP,IDLE,687.000,270.000,true,false,-1,0.00000,-1.00000,51.60000,12,91,694.000,251.000
214,ENGINEER,DAMAGE_AIM_UP,IDLE,696.000,270.000,true,false,-1,0.00000,-1.00000,51.60000,12,90,703.000,251.000
215,REPAIR,DAMAGE_AIM_UP,IDLE,700.000,270.000,true,false,-1,0.00000,-1.00000,51.84000,12,90,704.000,251.000
215,SCOUT,DAMAGE_AIM_UP,IDLE,713.000,270.000,true,false,-1,0.00000,-1.00000,51.84000,12,89,720.000,251.000
215,WARDEN,DAMAGE_AIM_UP,IDLE,687.000,270.000,true,false,-1,0.00000,-1.00000,51.84000,12,91,694.000,251.000
215,ENGINEER,DAMAGE_AIM_UP,IDLE,696.000,270.000,true,false,-1,0.00000,-1.00000,51.84000,12,90,703.000,251.000
216,REPAIR,MELEE,MELEE,700.000,270.000,true,false,1,1.00000,0.00000,0.12500,12,90,733.000,270.000
216,SCOUT,MELEE,MELEE,713.000,270.000,true,false,1,1.00000,0.00000,0.12500,12,89,746.000,270.000
216,WARDEN,MELEE,MELEE,687.000,270.000,true,false,1,1.00000,0.00000,0.12500,12,91,720.000,270.000
216,ENGINEER,MELEE,MELEE,696.000,270.000,true,false,1,1.00000,0.00000,0.12500,12,90,729.000,270.000
217,REPAIR,MELEE,MELEE,700.000,270.000,true,false,1,1.00000,0.00000,0.25000,12,90,733.000,270.000
217,SCOUT,MELEE,MELEE,713.000,270.000,true,false,1,1.00000,0.00000,0.25000,12,89,746.000,270.000
217,WARDEN,MELEE,MELEE,687.000,270.000,true,false,1,1.00000,0.00000,0.25000,12,91,720.000,270.000
217,ENGINEER,MELEE,MELEE,696.000,270.000,true,false,1,1.00000,0.00000,0.25000,12,90,729.000,270.000
218,REPAIR,MELEE,MELEE,700.000,270.000,true,false,1,1.00000,0.00000,0.37500,12,90,733.000,270.000
218,SCOUT,MELEE,MELEE,713.000,270.000,true,false,1,1.00000,0.00000,0.37500,12,89,746.000,270.000
218,WARDEN,MELEE,MELEE,687.000,270.000,true,false,1,1.00000,0.00000,0.37500,12,91,720.000,270.000
218,ENGINEER,MELEE,MELEE,696.000,270.000,true,false,1,1.00000,0.00000,0.37500,12,90,729.000,270.000
219,REPAIR,MELEE,MELEE,700.000,270.000,true,false,1,1.00000,0.00000,0.50000,12,90,733.000,270.000
219,SCOUT,MELEE,MELEE,713.000,270.000,true,false,1,1.00000,0.00000,0.50000,12,89,746.000,270.000
219,WARDEN,MELEE,MELEE,687.000,270.000,true,false,1,1.00000,0.00000,0.50000,12,91,720.000,270.000
219,ENGINEER,MELEE,MELEE,696.000,270.000,true,false,1,1.00000,0.00000,0.50000,12,90,729.000,270.000
220,REPAIR,MELEE,MELEE,700.000,270.000,true,false,1,1.00000,0.00000,0.62500,12,90,733.000,270.000
220,SCOUT,MELEE,MELEE,713.000,270.000,true,false,1,1.00000,0.00000,0.62500,12,89,746.000,270.000
220,WARDEN,MELEE,MELEE,687.000,270.000,true,false,1,1.00000,0.00000,0.62500,12,91,720.000,270.000
220,ENGINEER,MELEE,MELEE,696.000,270.000,true,false,1,1.00000,0.00000,0.62500,12,90,729.000,270.000
221,REPAIR,MELEE,MELEE,700.000,270.000,true,false,1,1.00000,0.00000,0.75000,12,90,733.000,270.000
221,SCOUT,MELEE,MELEE,713.000,270.000,true,false,1,1.00000,0.00000,0.75000,12,89,746.000,270.000
221,WARDEN,MELEE,MELEE,687.000,270.000,true,false,1,1.00000,0.00000,0.75000,12,91,720.000,270.000
221,ENGINEER,MELEE,MELEE,696.000,270.000,true,false,1,1.00000,0.00000,0.75000,12,90,729.000,270.000
222,REPAIR,MELEE,MELEE,700.000,270.000,true,false,1,1.00000,0.00000,0.87500,12,90,733.000,270.000
222,SCOUT,MELEE,MELEE,713.000,270.000,true,false,1,1.00000,0.00000,0.87500,12,89,746.000,270.000
222,WARDEN,MELEE,MELEE,687.000,270.000,true,false,1,1.00000,0.00000,0.87500,12,91,720.000,270.000
222,ENGINEER,MELEE,MELEE,696.000,270.000,true,false,1,1.00000,0.00000,0.87500,12,90,729.000,270.000
223,REPAIR,MELEE,IDLE,700.000,270.000,true,false,1,1.00000,0.00000,53.76000,12,90,733.000,270.000
223,SCOUT,MELEE,IDLE,713.000,270.000,true,false,1,1.00000,0.00000,53.76000,12,89,746.000,270.000
223,WARDEN,MELEE,IDLE,687.000,270.000,true,false,1,1.00000,0.00000,53.76000,12,91,720.000,270.000
223,ENGINEER,MELEE,IDLE,696.000,270.000,true,false,1,1.00000,0.00000,53.76000,12,90,729.000,270.000
224,REPAIR,RUN_RIGHT,RUN,705.000,270.000,true,false,1,1.00000,0.00000,4.08407,13,90,738.000,270.000
224,SCOUT,RUN_RIGHT,RUN,718.650,270.000,true,false,1,1.00000,0.00000,5.68314,13,89,751.650,270.000
224,WARDEN,RUN_RIGHT,RUN,691.350,270.000,true,false,1,1.00000,0.00000,2.48500,13,91,724.350,270.000
224,ENGINEER,RUN_RIGHT,RUN,700.800,270.000,true,false,1,1.00000,0.00000,1.65876,13,90,733.800,270.000
225,REPAIR,RUN_RIGHT,RUN,710.000,270.000,true,false,1,1.00000,0.00000,4.86947,13,90,743.000,270.000
225,SCOUT,RUN_RIGHT,RUN,724.300,270.000,true,false,1,1.00000,0.00000,0.28746,13,89,757.300,270.000
225,WARDEN,RUN_RIGHT,RUN,695.700,270.000,true,false,1,1.00000,0.00000,3.16830,13,91,728.700,270.000
225,ENGINEER,RUN_RIGHT,RUN,705.600,270.000,true,false,1,1.00000,0.00000,2.41274,13,90,738.600,270.000
226,REPAIR,RUN_RIGHT,RUN,715.000,270.000,true,false,1,1.00000,0.00000,5.65487,13,90,748.000,270.000
226,SCOUT,RUN_RIGHT,RUN,729.950,270.000,true,false,1,1.00000,0.00000,1.17496,13,89,762.950,270.000
226,WARDEN,RUN_RIGHT,RUN,700.050,270.000,true,false,1,1.00000,0.00000,3.85159,13,91,733.050,270.000
226,ENGINEER,RUN_RIGHT,RUN,710.400,270.000,true,false,1,1.00000,0.00000,3.16673,13,90,743.400,270.000
227,REPAIR,RUN_RIGHT,RUN,720.000,270.000,true,false,1,1.00000,0.00000,0.15708,13,90,753.000,270.000
227,SCOUT,RUN_RIGHT,RUN,735.600,270.000,true,false,1,1.00000,0.00000,2.06246,13,89,768.600,270.000
227,WARDEN,RUN_RIGHT,RUN,704.400,270.000,true,false,1,1.00000,0.00000,4.53489,13,91,737.400,270.000
227,ENGINEER,RUN_RIGHT,RUN,715.200,270.000,true,false,1,1.00000,0.00000,3.92071,13,90,748.200,270.000
228,REPAIR,RUN_RIGHT,RUN,725.000,270.000,true,false,1,1.00000,0.00000,0.94248,13,90,758.000,270.000
228,SCOUT,RUN_RIGHT,RUN,741.250,270.000,true,false,1,1.00000,0.00000,2.94996,13,89,774.250,270.000
228,WARDEN,RUN_RIGHT,RUN,708.750,270.000,true,false,1,1.00000,0.00000,5.21819,13,91,741.750,270.000
228,ENGINEER,RUN_RIGHT,RUN,720.000,270.000,true,false,1,1.00000,0.00000,4.67469,13,90,753.000,270.000
229,REPAIR,RUN_RIGHT,RUN,730.000,270.000,true,false,1,1.00000,0.00000,1.72788,13,90,763.000,270.000
229,SCOUT,RUN_RIGHT,RUN,746.900,270.000,true,false,1,1.00000,0.00000,3.83746,13,89,779.900,270.000
229,WARDEN,RUN_RIGHT,RUN,713.100,270.000,true,false,1,1.00000,0.00000,5.90148,13,91,746.100,270.000
229,ENGINEER,RUN_RIGHT,RUN,724.800,270.000,true,false,1,1.00000,0.00000,5.42867,13,90,757.800,270.000
230,REPAIR,RUN_RIGHT,RUN,735.000,270.000,true,false,1,1.00000,0.00000,2.51327,13,90,768.000,270.000
230,SCOUT,RUN_RIGHT,RUN,752.550,270.000,true,false,1,1.00000,0.00000,4.72496,13,89,785.550,270.000
230,WARDEN,RUN_RIGHT,RUN,717.450,270.000,true,false,1,1.00000,0.00000,0.30159,13,91,750.450,270.000
230,ENGINEER,RUN_RIGHT,RUN,729.600,270.000,true,false,1,1.00000,0.00000,6.18265,13,90,762.600,270.000
231,REPAIR,RUN_RIGHT,RUN,740.000,270.000,true,false,1,1.00000,0.00000,3.29867,13,90,773.000,270.000
231,SCOUT,RUN_RIGHT,RUN,758.200,270.000,true,false,1,1.00000,0.00000,5.61246,13,89,791.200,270.000
231,WARDEN,RUN_RIGHT,RUN,721.800,270.000,true,false,1,1.00000,0.00000,0.98489,13,91,754.800,270.000
231,ENGINEER,RUN_RIGHT,RUN,734.400,270.000,true,false,1,1.00000,0.00000,0.65345,13,90,767.400,270.000
232,REPAIR,DASH,DASH,750.000,270.000,true,false,1,1.00000,0.00000,55.92000,13,90,783.000,270.000
232,SCOUT,DASH,DASH,768.200,270.000,true,false,1,1.00000,0.00000,55.92000,13,89,801.200,270.000
232,WARDEN,DASH,DASH,731.800,270.000,true,false,1,1.00000,0.00000,55.92000,13,91,764.800,270.000
232,ENGINEER,DASH,DASH,744.400,270.000,true,false,1,1.00000,0.00000,55.92000,13,90,777.400,270.000
233,REPAIR,DASH,DASH,760.000,270.000,true,false,1,1.00000,0.00000,56.16000,13,90,793.000,270.000
233,SCOUT,DASH,DASH,778.200,270.000,true,false,1,1.00000,0.00000,56.16000,13,89,811.200,270.000
233,WARDEN,DASH,DASH,741.800,270.000,true,false,1,1.00000,0.00000,56.16000,13,91,774.800,270.000
233,ENGINEER,DASH,DASH,754.400,270.000,true,false,1,1.00000,0.00000,56.16000,13,90,787.400,270.000
234,REPAIR,DASH,DASH,770.000,270.000,true,false,1,1.00000,0.00000,56.40000,13,90,803.000,270.000
234,SCOUT,DASH,DASH,788.200,270.000,true,false,1,1.00000,0.00000,56.40000,13,89,821.200,270.000
234,WARDEN,DASH,DASH,751.800,270.000,true,false,1,1.00000,0.00000,56.40000,13,91,784.800,270.000
234,ENGINEER,DASH,DASH,764.400,270.000,true,false,1,1.00000,0.00000,56.40000,13,90,797.400,270.000
235,REPAIR,DASH,DASH,780.000,270.000,true,false,1,1.00000,0.00000,56.64000,13,90,813.000,270.000
235,SCOUT,DASH,DASH,798.200,270.000,true,false,1,1.00000,0.00000,56.64000,13,89,831.200,270.000
235,WARDEN,DASH,DASH,761.800,270.000,true,false,1,1.00000,0.00000,56.64000,13,91,794.800,270.000
235,ENGINEER,DASH,DASH,774.400,270.000,true,false,1,1.00000,0.00000,56.64000,13,90,807.400,270.000
236,REPAIR,DASH,DASH,790.000,270.000,true,false,1,1.00000,0.00000,56.88000,13,90,823.000,270.000
236,SCOUT,DASH,DASH,808.200,270.000,true,false,1,1.00000,0.00000,56.88000,13,89,841.200,270.000
236,WARDEN,DASH,DASH,771.800,270.000,true,false,1,1.00000,0.00000,56.88000,13,91,804.800,270.000
236,ENGINEER,DASH,DASH,784.400,270.000,true,false,1,1.00000,0.00000,56.88000,13,90,817.400,270.000
237,REPAIR,DASH,DASH,800.000,270.000,true,false,1,1.00000,0.00000,57.12000,13,90,833.000,270.000
237,SCOUT,DASH,DASH,818.200,270.000,true,false,1,1.00000,0.00000,57.12000,13,89,851.200,270.000
237,WARDEN,DASH,DASH,781.800,270.000,true,false,1,1.00000,0.00000,57.12000,13,91,814.800,270.000
237,ENGINEER,DASH,DASH,794.400,270.000,true,false,1,1.00000,0.00000,57.12000,13,90,827.400,270.000
238,REPAIR,DASH,DASH,810.000,270.000,true,false,1,1.00000,0.00000,57.36000,13,90,843.000,270.000
238,SCOUT,DASH,DASH,828.200,270.000,true,false,1,1.00000,0.00000,57.36000,13,89,861.200,270.000
238,WARDEN,DASH,DASH,791.800,270.000,true,false,1,1.00000,0.00000,57.36000,13,91,824.800,270.000
238,ENGINEER,DASH,DASH,804.400,270.000,true,false,1,1.00000,0.00000,57.36000,13,90,837.400,270.000
239,REPAIR,DASH,RUN,820.000,270.000,true,false,1,1.00000,0.00000,4.86947,13,90,853.000,270.000
239,SCOUT,DASH,RUN,838.200,270.000,true,false,1,1.00000,0.00000,0.90007,13,89,871.200,270.000
239,WARDEN,DASH,RUN,801.800,270.000,true,false,1,1.00000,0.00000,2.55569,13,91,834.800,270.000
239,ENGINEER,DASH,RUN,814.400,270.000,true,false,1,1.00000,0.00000,2.22425,13,90,847.400,270.000
240,REPAIR,RUN_LEFT,RUN,815.000,270.000,true,false,-1,-1.00000,0.00000,5.65487,13,90,812.000,270.000
240,SCOUT,RUN_LEFT,RUN,832.550,270.000,true,false,-1,-1.00000,0.00000,1.78757,13,89,829.550,270.000
240,WARDEN,RUN_LEFT,RUN,797.450,270.000,true,false,-1,-1.00000,0.00000,3.23898,13,91,794.450,270.000
240,ENGINEER,RUN_LEFT,RUN,809.600,270.000,true,false,-1,-1.00000,0.00000,2.97823,13,90,806.600,270.000
241,REPAIR,RUN_LEFT,RUN,810.000,270.000,true,false,-1,-1.00000,0.00000,0.15708,13,90,807.000,270.000
241,SCOUT,RUN_LEFT,RUN,826.900,270.000,true,false,-1,-1.00000,0.00000,2.67507,13,89,823.900,270.000
241,WARDEN,RUN_LEFT,RUN,793.100,270.000,true,false,-1,-1.00000,0.00000,3.92228,13,91,790.100,270.000
241,ENGINEER,RUN_LEFT,RUN,804.800,270.000,true,false,-1,-1.00000,0.00000,3.73221,13,90,801.800,270.000
242,REPAIR,RUN_LEFT,RUN,805.000,270.000,true,false,-1,-1.00000,0.00000,0.94248,13,90,802.000,270.000
242,SCOUT,RUN_LEFT,RUN,821.250,270.000,true,false,-1,-1.00000,0.00000,3.56257,13,89,818.250,270.000
242,WARDEN,RUN_LEFT,RUN,788.750,270.000,true,false,-1,-1.00000,0.00000,4.60557,13,91,785.750,270.000
242,ENGINEER,RUN_LEFT,RUN,800.000,270.000,true,false,-1,-1.00000,0.00000,4.48619,13,90,797.000,270.000
243,REPAIR,RUN_LEFT,RUN,800.000,270.000,true,false,-1,-1.00000,0.00000,1.72788,13,90,797.000,270.000
243,SCOUT,RUN_LEFT,RUN,815.600,270.000,true,false,-1,-1.00000,0.00000,4.45007,13,89,812.600,270.000
243,WARDEN,RUN_LEFT,RUN,784.400,270.000,true,false,-1,-1.00000,0.00000,5.28887,13,91,781.400,270.000
243,ENGINEER,RUN_LEFT,RUN,795.200,270.000,true,false,-1,-1.00000,0.00000,5.24018,13,90,792.200,270.000
244,REPAIR,RUN_LEFT,RUN,795.000,270.000,true,false,-1,-1.00000,0.00000,2.51327,13,90,792.000,270.000
244,SCOUT,RUN_LEFT,RUN,809.950,270.000,true,false,-1,-1.00000,0.00000,5.33757,13,89,806.950,270.000
244,WARDEN,RUN_LEFT,RUN,780.050,270.000,true,false,-1,-1.00000,0.00000,5.97217,13,91,777.050,270.000
244,ENGINEER,RUN_LEFT,RUN,790.400,270.000,true,false,-1,-1.00000,0.00000,5.99416,13,90,787.400,270.000
245,REPAIR,RUN_LEFT,RUN,790.000,270.000,true,false,-1,-1.00000,0.00000,3.29867,13,90,787.000,270.000
245,SCOUT,RUN_LEFT,RUN,804.300,270.000,true,false,-1,-1.00000,0.00000,6.22507,13,89,801.300,270.000
245,WARDEN,RUN_LEFT,RUN,775.700,270.000,true,false,-1,-1.00000,0.00000,0.37228,13,91,772.700,270.000
245,ENGINEER,RUN_LEFT,RUN,785.600,270.000,true,false,-1,-1.00000,0.00000,0.46496,13,90,782.600,270.000
246,REPAIR,RUN_LEFT,RUN,785.000,270.000,true,false,-1,-1.00000,0.00000,4.08407,13,90,782.000,270.000
246,SCOUT,RUN_LEFT,RUN,798.650,270.000,true,false,-1,-1.00000,0.00000,0.82938,13,89,795.650,270.000
246,WARDEN,RUN_LEFT,RUN,771.350,270.000,true,false,-1,-1.00000,0.00000,1.05558,13,91,768.350,270.000
246,ENGINEER,RUN_LEFT,RUN,780.800,270.000,true,false,-1,-1.00000,0.00000,1.21894,13,90,777.800,270.000
247,REPAIR,RUN_LEFT,RUN,780.000,270.000,true,false,-1,-1.00000,0.00000,4.86947,13,90,777.000,270.000
247,SCOUT,RUN_LEFT,RUN,793.000,270.000,true,false,-1,-1.00000,0.00000,1.71688,13,89,790.000,270.000
247,WARDEN,RUN_LEFT,RUN,767.000,270.000,true,false,-1,-1.00000,0.00000,1.73887,13,91,764.000,270.000
247,ENGINEER,RUN_LEFT,RUN,776.000,270.000,true,false,-1,-1.00000,0.00000,1.97292,13,90,773.000,270.000
248,REPAIR,RUN_LEFT,RUN,775.000,270.000,true,false,-1,-1.00000,0.00000,5.65487,13,90,772.000,270.000
248,SCOUT,RUN_LEFT,RUN,787.350,270.000,true,false,-1,-1.00000,0.00000,2.60438,13,89,784.350,270.000
248,WARDEN,RUN_LEFT,RUN,762.650,270.000,true,false,-1,-1.00000,0.00000,2.42217,13,91,759.650,270.000
248,ENGINEER,RUN_LEFT,RUN,771.200,270.000,true,false,-1,-1.00000,0.00000,2.72690,13,90,768.200,270.000
249,REPAIR,RUN_LEFT,RUN,770.000,270.000,true,false,-1,-1.00000,0.00000,0.15708,13,90,767.000,270.000
249,SCOUT,RUN_LEFT,RUN,781.700,270.000,true,false,-1,-1.00000,0.00000,3.49188,13,89,778.700,270.000
249,WARDEN,RUN_LEFT,RUN,758.300,270.000,true,false,-1,-1.00000,0.00000,3.10546,13,91,755.300,270.000
249,ENGINEER,RUN_LEFT,RUN,766.400,270.000,true,false,-1,-1.00000,0.00000,3.48088,13,90,763.400,270.000
250,REPAIR,RUN_LEFT,RUN,765.000,270.000,true,false,-1,-1.00000,0.00000,0.94248,14,90,762.000,270.000
250,SCOUT,RUN_LEFT,RUN,776.050,270.000,true,false,-1,-1.00000,0.00000,4.37938,14,89,773.050,270.000
250,WARDEN,RUN_LEFT,RUN,753.950,270.000,true,false,-1,-1.00000,0.00000,3.78876,14,91,750.950,270.000
250,ENGINEER,RUN_LEFT,RUN,761.600,270.000,true,false,-1,-1.00000,0.00000,4.23487,14,90,758.600,270.000
251,REPAIR,RUN_LEFT,RUN,760.000,270.000,true,false,-1,-1.00000,0.00000,1.72788,14,90,757.000,270.000
251,SCOUT,RUN_LEFT,RUN,770.400,270.000,true,false,-1,-1.00000,0.00000,5.26688,14,89,767.400,270.000
251,WARDEN,RUN_LEFT,RUN,749.600,270.000,true,false,-1,-1.00000,0.00000,4.47206,14,91,746.600,270.000
251,ENGINEER,RUN_LEFT,RUN,756.800,270.000,true,false,-1,-1.00000,0.00000,4.98885,14,90,753.800,270.000
252,REPAIR,RUN_LEFT,RUN,755.000,270.000,true,false,-1,-1.00000,0.00000,2.51327,14,90,752.000,270.000
252,SCOUT,RUN_LEFT,RUN,764.750,270.000,true,false,-1,-1.00000,0.00000,6.15438,14,89,761.750,270.000
252,WARDEN,RUN_LEFT,RUN,745.250,270.000,true,false,-1,-1.00000,0.00000,5.15535,14,91,742.250,270.000
252,ENGINEER,RUN_LEFT,RUN,752.000,270.000,true,false,-1,-1.00000,0.00000,5.74283,14,90,749.000,270.000
253,REPAIR,RUN_LEFT,RUN,750.000,270.000,true,false,-1,-1.00000,0.00000,3.29867,14,90,747.000,270.000
253,SCOUT,RUN_LEFT,RUN,759.100,270.000,true,false,-1,-1.00000,0.00000,0.75869,14,89,756.100,270.000
253,WARDEN,RUN_LEFT,RUN,740.900,270.000,true,false,-1,-1.00000,0.00000,5.83865,14,91,737.900,270.000
253,ENGINEER,RUN_LEFT,RUN,747.200,270.000,true,false,-1,-1.00000,0.00000,0.21363,14,90,744.200,270.000
254,REPAIR,RUN_LEFT,RUN,745.000,270.000,true,false,-1,-1.00000,0.00000,4.08407,14,90,742.000,270.000
254,SCOUT,RUN_LEFT,RUN,753.450,270.000,true,false,-1,-1.00000,0.00000,1.64619,14,89,750.450,270.000
254,WARDEN,RUN_LEFT,RUN,736.550,270.000,true,false,-1,-1.00000,0.00000,0.23876,14,91,733.550,270.000
254,ENGINEER,RUN_LEFT,RUN,742.400,270.000,true,false,-1,-1.00000,0.00000,0.96761,14,90,739.400,270.000
255,REPAIR,RUN_LEFT,RUN,740.000,270.000,true,false,-1,-1.00000,0.00000,4.86947,14,90,737.000,270.000
255,SCOUT,RUN_LEFT,RUN,747.800,270.000,true,false,-1,-1.00000,0.00000,2.53369,14,89,744.800,270.000
255,WARDEN,RUN_LEFT,RUN,732.200,270.000,true,false,-1,-1.00000,0.00000,0.92206,14,91,729.200,270.000
255,ENGINEER,RUN_LEFT,RUN,737.600,270.000,true,false,-1,-1.00000,0.00000,1.72159,14,90,734.600,270.000
256,REPAIR,JUMP_DOWN_TURN,RISE,740.000,270.000,false,false,-1,-0.70711,0.70711,61.68000,14,90,737.000,284.142
256,SCOUT,JUMP_DOWN_TURN,RISE,747.800,270.000,false,false,-1,-0.70711,0.70711,61.68000,14,89,744.800,284.142
256,WARDEN,JUMP_DOWN_TURN,RISE,732.200,270.000,false,false,-1,-0.70711,0.70711,61.68000,14,91,729.200,284.142
256,ENGINEER,JUMP_DOWN_TURN,RISE,737.600,270.000,false,false,-1,-0.70711,0.70711,61.68000,14,90,734.600,284.142
257,REPAIR,JUMP_DOWN_TURN,RISE,740.000,257.600,false,false,-1,-0.70711,0.70711,61.92000,14,90,737.000,271.742
257,SCOUT,JUMP_DOWN_TURN,RISE,747.800,257.600,false,false,-1,-0.70711,0.70711,61.92000,14,89,744.800,271.742
257,WARDEN,JUMP_DOWN_TURN,RISE,732.200,257.600,false,false,-1,-0.70711,0.70711,61.92000,14,91,729.200,271.742
257,ENGINEER,JUMP_DOWN_TURN,RISE,737.600,257.600,false,false,-1,-0.70711,0.70711,61.92000,14,90,734.600,271.742
258,REPAIR,JUMP_DOWN_TURN,RISE,740.000,245.800,false,false,-1,-0.70711,0.70711,62.16000,14,90,737.000,259.942
258,SCOUT,JUMP_DOWN_TURN,RISE,747.800,245.800,false,false,-1,-0.70711,0.70711,62.16000,14,89,744.800,259.942
258,WARDEN,JUMP_DOWN_TURN,RISE,732.200,245.800,false,false,-1,-0.70711,0.70711,62.16000,14,91,729.200,259.942
258,ENGINEER,JUMP_DOWN_TURN,RISE,737.600,245.800,false,false,-1,-0.70711,0.70711,62.16000,14,90,734.600,259.942
259,REPAIR,JUMP_DOWN_TURN,RISE,740.000,234.600,false,false,-1,-0.70711,0.70711,62.40000,14,90,737.000,248.742
259,SCOUT,JUMP_DOWN_TURN,RISE,747.800,234.600,false,false,-1,-0.70711,0.70711,62.40000,14,89,744.800,248.742
259,WARDEN,JUMP_DOWN_TURN,RISE,732.200,234.600,false,false,-1,-0.70711,0.70711,62.40000,14,91,729.200,248.742
259,ENGINEER,JUMP_DOWN_TURN,RISE,737.600,234.600,false,false,-1,-0.70711,0.70711,62.40000,14,90,734.600,248.742
260,REPAIR,JUMP_DOWN_TURN,RISE,740.000,224.000,false,false,-1,-0.70711,0.70711,62.64000,14,90,737.000,238.142
260,SCOUT,JUMP_DOWN_TURN,RISE,747.800,224.000,false,false,-1,-0.70711,0.70711,62.64000,14,89,744.800,238.142
260,WARDEN,JUMP_DOWN_TURN,RISE,732.200,224.000,false,false,-1,-0.70711,0.70711,62.64000,14,91,729.200,238.142
260,ENGINEER,JUMP_DOWN_TURN,RISE,737.600,224.000,false,false,-1,-0.70711,0.70711,62.64000,14,90,734.600,238.142
261,REPAIR,JUMP_DOWN_TURN,RISE,740.000,214.000,false,false,-1,-0.70711,0.70711,62.88000,14,90,737.000,228.142
261,SCOUT,JUMP_DOWN_TURN,RISE,747.800,214.000,false,false,-1,-0.70711,0.70711,62.88000,14,89,744.800,228.142
261,WARDEN,JUMP_DOWN_TURN,RISE,732.200,214.000,false,false,-1,-0.70711,0.70711,62.88000,14,91,729.200,228.142
261,ENGINEER,JUMP_DOWN_TURN,RISE,737.600,214.000,false,false,-1,-0.70711,0.70711,62.88000,14,90,734.600,228.142
262,REPAIR,JUMP_DOWN_TURN,RISE,740.000,204.600,false,false,-1,-0.70711,0.70711,63.12000,14,90,737.000,218.742
262,SCOUT,JUMP_DOWN_TURN,RISE,747.800,204.600,false,false,-1,-0.70711,0.70711,63.12000,14,89,744.800,218.742
262,WARDEN,JUMP_DOWN_TURN,RISE,732.200,204.600,false,false,-1,-0.70711,0.70711,63.12000,14,91,729.200,218.742
262,ENGINEER,JUMP_DOWN_TURN,RISE,737.600,204.600,false,false,-1,-0.70711,0.70711,63.12000,14,90,734.600,218.742
263,REPAIR,JUMP_DOWN_TURN,RISE,740.000,195.800,false,false,-1,-0.70711,0.70711,63.36000,14,90,737.000,209.942
263,SCOUT,JUMP_DOWN_TURN,RISE,747.800,195.800,false,false,-1,-0.70711,0.70711,63.36000,14,89,744.800,209.942
263,WARDEN,JUMP_DOWN_TURN,RISE,732.200,195.800,false,false,-1,-0.70711,0.70711,63.36000,14,91,729.200,209.942
263,ENGINEER,JUMP_DOWN_TURN,RISE,737.600,195.800,false,false,-1,-0.70711,0.70711,63.36000,14,90,734.600,209.942
264,REPAIR,JUMP_DOWN_TURN,RISE,740.000,187.600,false,false,-1,-0.70711,0.70711,63.60000,14,90,737.000,201.742
264,SCOUT,JUMP_DOWN_TURN,RISE,747.800,187.600,false,false,-1,-0.70711,0.70711,63.60000,14,89,744.800,201.742
264,WARDEN,JUMP_DOWN_TURN,RISE,732.200,187.600,false,false,-1,-0.70711,0.70711,63.60000,14,91,729.200,201.742
264,ENGINEER,JUMP_DOWN_TURN,RISE,737.600,187.600,false,false,-1,-0.70711,0.70711,63.60000,14,90,734.600,201.742
265,REPAIR,JUMP_DOWN_TURN,RISE,740.000,180.000,false,false,-1,-0.70711,0.70711,63.84000,14,90,737.000,194.142
265,SCOUT,JUMP_DOWN_TURN,RISE,747.800,180.000,false,false,-1,-0.70711,0.70711,63.84000,14,89,744.800,194.142
265,WARDEN,JUMP_DOWN_TURN,RISE,732.200,180.000,false,false,-1,-0.70711,0.70711,63.84000,14,91,729.200,194.142
265,ENGINEER,JUMP_DOWN_TURN,RISE,737.600,180.000,false,false,-1,-0.70711,0.70711,63.84000,14,90,734.600,194.142
266,REPAIR,JUMP_DOWN_TURN,RISE,740.000,173.000,false,false,-1,-0.70711,0.70711,64.08000,14,90,737.000,187.142
266,SCOUT,JUMP_DOWN_TURN,RISE,747.800,173.000,false,false,-1,-0.70711,0.70711,64.08000,14,89,744.800,187.142
266,WARDEN,JUMP_DOWN_TURN,RISE,732.200,173.000,false,false,-1,-0.70711,0.70711,64.08000,14,91,729.200,187.142
266,ENGINEER,JUMP_DOWN_TURN,RISE,737.600,173.000,false,false,-1,-0.70711,0.70711,64.08000,14,90,734.600,187.142
267,REPAIR,JUMP_DOWN_TURN,RISE,740.000,166.600,false,false,-1,-0.70711,0.70711,64.32000,14,90,737.000,180.742
267,SCOUT,JUMP_DOWN_TURN,RISE,747.800,166.600,false,false,-1,-0.70711,0.70711,64.32000,14,89,744.800,180.742
267,WARDEN,JUMP_DOWN_TURN,RISE,732.200,166.600,false,false,-1,-0.70711,0.70711,64.32000,14,91,729.200,180.742
267,ENGINEER,JUMP_DOWN_TURN,RISE,737.600,166.600,false,false,-1,-0.70711,0.70711,64.32000,14,90,734.600,180.742
268,REPAIR,JUMP_DOWN_TURN,RISE,740.000,160.800,false,false,-1,-0.70711,0.70711,64.56000,15,90,737.000,174.942
268,SCOUT,JUMP_DOWN_TURN,RISE,747.800,160.800,false,false,-1,-0.70711,0.70711,64.56000,15,89,744.800,174.942
268,WARDEN,JUMP_DOWN_TURN,RISE,732.200,160.800,false,false,-1,-0.70711,0.70711,64.56000,15,91,729.200,174.942
268,ENGINEER,JUMP_DOWN_TURN,RISE,737.600,160.800,false,false,-1,-0.70711,0.70711,64.56000,15,90,734.600,174.942
269,REPAIR,JUMP_DOWN_TURN,RISE,740.000,155.600,false,false,-1,-0.70711,0.70711,64.80000,15,90,737.000,169.742
269,SCOUT,JUMP_DOWN_TURN,RISE,747.800,155.600,false,false,-1,-0.70711,0.70711,64.80000,15,89,744.800,169.742
269,WARDEN,JUMP_DOWN_TURN,RISE,732.200,155.600,false,false,-1,-0.70711,0.70711,64.80000,15,91,729.200,169.742
269,ENGINEER,JUMP_DOWN_TURN,RISE,737.600,155.600,false,false,-1,-0.70711,0.70711,64.80000,15,90,734.600,169.742
270,REPAIR,JUMP_DOWN_TURN,RISE,740.000,151.000,false,false,1,0.70711,0.70711,65.04000,15,90,773.000,165.142
270,SCOUT,JUMP_DOWN_TURN,RISE,747.800,151.000,false,false,1,0.70711,0.70711,65.04000,15,89,780.800,165.142
270,WARDEN,JUMP_DOWN_TURN,RISE,732.200,151.000,false,false,1,0.70711,0.70711,65.04000,15,91,765.200,165.142
270,ENGINEER,JUMP_DOWN_TURN,RISE,737.600,151.000,false,false,1,0.70711,0.70711,65.04000,15,90,770.600,165.142
271,REPAIR,JUMP_DOWN_TURN,RISE,740.000,147.000,false,false,1,0.70711,0.70711,65.28000,15,90,773.000,161.142
271,SCOUT,JUMP_DOWN_TURN,RISE,747.800,147.000,false,false,1,0.70711,0.70711,65.28000,15,89,780.800,161.142
271,WARDEN,JUMP_DOWN_TURN,RISE,732.200,147.000,false,false,1,0.70711,0.70711,65.28000,15,91,765.200,161.142
271,ENGINEER,JUMP_DOWN_TURN,RISE,737.600,147.000,false,false,1,0.70711,0.70711,65.28000,15,90,770.600,161.142
272,REPAIR,JUMP_DOWN_TURN,RISE,740.000,143.600,false,false,1,0.70711,0.70711,65.52000,15,90,773.000,157.742
272,SCOUT,JUMP_DOWN_TURN,RISE,747.800,143.600,false,false,1,0.70711,0.70711,65.52000,15,89,780.800,157.742
272,WARDEN,JUMP_DOWN_TURN,RISE,732.200,143.600,false,false,1,0.70711,0.70711,65.52000,15,91,765.200,157.742
272,ENGINEER,JUMP_DOWN_TURN,RISE,737.600,143.600,false,false,1,0.70711,0.70711,65.52000,15,90,770.600,157.742
273,REPAIR,JUMP_DOWN_TURN,RISE,740.000,140.800,false,false,1,0.70711,0.70711,65.76000,15,90,773.000,154.942
273,SCOUT,JUMP_DOWN_TURN,RISE,747.800,140.800,false,false,1,0.70711,0.70711,65.76000,15,89,780.800,154.942
273,WARDEN,JUMP_DOWN_TURN,RISE,732.200,140.800,false,false,1,0.70711,0.70711,65.76000,15,91,765.200,154.942
273,ENGINEER,JUMP_DOWN_TURN,RISE,737.600,140.800,false,false,1,0.70711,0.70711,65.76000,15,90,770.600,154.942
274,REPAIR,JUMP_DOWN_TURN,RISE,740.000,138.600,false,false,1,0.70711,0.70711,66.00000,15,90,773.000,152.742
274,SCOUT,JUMP_DOWN_TURN,RISE,747.800,138.600,false,false,1,0.70711,0.70711,66.00000,15,89,780.800,152.742
274,WARDEN,JUMP_DOWN_TURN,RISE,732.200,138.600,false,false,1,0.70711,0.70711,66.00000,15,91,765.200,152.742
274,ENGINEER,JUMP_DOWN_TURN,RISE,737.600,138.600,false,false,1,0.70711,0.70711,66.00000,15,90,770.600,152.742
275,REPAIR,JUMP_DOWN_TURN,RISE,740.000,137.000,false,false,1,0.70711,0.70711,66.24000,15,90,773.000,151.142
275,SCOUT,JUMP_DOWN_TURN,RISE,747.800,137.000,false,false,1,0.70711,0.70711,66.24000,15,89,780.800,151.142
275,WARDEN,JUMP_DOWN_TURN,RISE,732.200,137.000,false,false,1,0.70711,0.70711,66.24000,15,91,765.200,151.142
275,ENGINEER,JUMP_DOWN_TURN,RISE,737.600,137.000,false,false,1,0.70711,0.70711,66.24000,15,90,770.600,151.142
276,REPAIR,JUMP_DOWN_TURN,RISE,740.000,136.000,false,false,1,0.70711,0.70711,66.48000,15,90,773.000,150.142
276,SCOUT,JUMP_DOWN_TURN,RISE,747.800,136.000,false,false,1,0.70711,0.70711,66.48000,15,89,780.800,150.142
276,WARDEN,JUMP_DOWN_TURN,RISE,732.200,136.000,false,false,1,0.70711,0.70711,66.48000,15,91,765.200,150.142
276,ENGINEER,JUMP_DOWN_TURN,RISE,737.600,136.000,false,false,1,0.70711,0.70711,66.48000,15,90,770.600,150.142
277,REPAIR,JUMP_DOWN_TURN,RISE,740.000,135.600,false,false,1,0.70711,0.70711,66.72000,15,90,773.000,149.742
277,SCOUT,JUMP_DOWN_TURN,RISE,747.800,135.600,false,false,1,0.70711,0.70711,66.72000,15,89,780.800,149.742
277,WARDEN,JUMP_DOWN_TURN,RISE,732.200,135.600,false,false,1,0.70711,0.70711,66.72000,15,91,765.200,149.742
277,ENGINEER,JUMP_DOWN_TURN,RISE,737.600,135.600,false,false,1,0.70711,0.70711,66.72000,15,90,770.600,149.742
278,REPAIR,JUMP_DOWN_TURN,FALL,740.000,135.800,false,false,1,0.70711,0.70711,66.96000,15,90,773.000,149.942
278,SCOUT,JUMP_DOWN_TURN,FALL,747.800,135.800,false,false,1,0.70711,0.70711,66.96000,15,89,780.800,149.942
278,WARDEN,JUMP_DOWN_TURN,FALL,732.200,135.800,false,false,1,0.70711,0.70711,66.96000,15,91,765.200,149.942
278,ENGINEER,JUMP_DOWN_TURN,FALL,737.600,135.800,false,false,1,0.70711,0.70711,66.96000,15,90,770.600,149.942
279,REPAIR,JUMP_DOWN_TURN,FALL,740.000,136.600,false,false,1,0.70711,0.70711,67.20000,15,90,773.000,150.742
279,SCOUT,JUMP_DOWN_TURN,FALL,747.800,136.600,false,false,1,0.70711,0.70711,67.20000,15,89,780.800,150.742
279,WARDEN,JUMP_DOWN_TURN,FALL,732.200,136.600,false,false,1,0.70711,0.70711,67.20000,15,91,765.200,150.742
279,ENGINEER,JUMP_DOWN_TURN,FALL,737.600,136.600,false,false,1,0.70711,0.70711,67.20000,15,90,770.600,150.742
280,REPAIR,JUMP_DOWN_TURN,FALL,740.000,138.000,false,false,1,0.70711,0.70711,67.44000,15,90,773.000,152.142
280,SCOUT,JUMP_DOWN_TURN,FALL,747.800,138.000,false,false,1,0.70711,0.70711,67.44000,15,89,780.800,152.142
280,WARDEN,JUMP_DOWN_TURN,FALL,732.200,138.000,false,false,1,0.70711,0.70711,67.44000,15,91,765.200,152.142
280,ENGINEER,JUMP_DOWN_TURN,FALL,737.600,138.000,false,false,1,0.70711,0.70711,67.44000,15,90,770.600,152.142
281,REPAIR,JUMP_DOWN_TURN,FALL,740.000,140.000,false,false,1,0.70711,0.70711,67.68000,15,90,773.000,154.142
281,SCOUT,JUMP_DOWN_TURN,FALL,747.800,140.000,false,false,1,0.70711,0.70711,67.68000,15,89,780.800,154.142
281,WARDEN,JUMP_DOWN_TURN,FALL,732.200,140.000,false,false,1,0.70711,0.70711,67.68000,15,91,765.200,154.142
281,ENGINEER,JUMP_DOWN_TURN,FALL,737.600,140.000,false,false,1,0.70711,0.70711,67.68000,15,90,770.600,154.142
282,REPAIR,JUMP_DOWN_TURN,FALL,740.000,142.600,false,false,1,0.70711,0.70711,67.92000,15,90,773.000,156.742
282,SCOUT,JUMP_DOWN_TURN,FALL,747.800,142.600,false,false,1,0.70711,0.70711,67.92000,15,89,780.800,156.742
282,WARDEN,JUMP_DOWN_TURN,FALL,732.200,142.600,false,false,1,0.70711,0.70711,67.92000,15,91,765.200,156.742
282,ENGINEER,JUMP_DOWN_TURN,FALL,737.600,142.600,false,false,1,0.70711,0.70711,67.92000,15,90,770.600,156.742
283,REPAIR,JUMP_DOWN_TURN,FALL,740.000,145.800,false,false,1,0.70711,0.70711,68.16000,15,90,773.000,159.942
283,SCOUT,JUMP_DOWN_TURN,FALL,747.800,145.800,false,false,1,0.70711,0.70711,68.16000,15,89,780.800,159.942
283,WARDEN,JUMP_DOWN_TURN,FALL,732.200,145.800,false,false,1,0.70711,0.70711,68.16000,15,91,765.200,159.942
283,ENGINEER,JUMP_DOWN_TURN,FALL,737.600,145.800,false,false,1,0.70711,0.70711,68.16000,15,90,770.600,159.942
284,REPAIR,JUMP_DOWN_TURN,FALL,740.000,149.600,false,false,1,0.70711,0.70711,68.40000,15,90,773.000,163.742
284,SCOUT,JUMP_DOWN_TURN,FALL,747.800,149.600,false,false,1,0.70711,0.70711,68.40000,15,89,780.800,163.742
284,WARDEN,JUMP_DOWN_TURN,FALL,732.200,149.600,false,false,1,0.70711,0.70711,68.40000,15,91,765.200,163.742
284,ENGINEER,JUMP_DOWN_TURN,FALL,737.600,149.600,false,false,1,0.70711,0.70711,68.40000,15,90,770.600,163.742
285,REPAIR,JUMP_DOWN_TURN,FALL,740.000,154.000,false,false,1,0.70711,0.70711,68.64000,15,90,773.000,168.142
285,SCOUT,JUMP_DOWN_TURN,FALL,747.800,154.000,false,false,1,0.70711,0.70711,68.64000,15,89,780.800,168.142
285,WARDEN,JUMP_DOWN_TURN,FALL,732.200,154.000,false,false,1,0.70711,0.70711,68.64000,15,91,765.200,168.142
285,ENGINEER,JUMP_DOWN_TURN,FALL,737.600,154.000,false,false,1,0.70711,0.70711,68.64000,15,90,770.600,168.142
286,REPAIR,JUMP_DOWN_TURN,FALL,740.000,159.000,false,false,1,0.70711,0.70711,68.88000,16,90,773.000,173.142
286,SCOUT,JUMP_DOWN_TURN,FALL,747.800,159.000,false,false,1,0.70711,0.70711,68.88000,16,89,780.800,173.142
286,WARDEN,JUMP_DOWN_TURN,FALL,732.200,159.000,false,false,1,0.70711,0.70711,68.88000,16,91,765.200,173.142
286,ENGINEER,JUMP_DOWN_TURN,FALL,737.600,159.000,false,false,1,0.70711,0.70711,68.88000,16,90,770.600,173.142
287,REPAIR,JUMP_DOWN_TURN,FALL,740.000,164.600,false,false,1,0.70711,0.70711,69.12000,16,90,773.000,178.742
287,SCOUT,JUMP_DOWN_TURN,FALL,747.800,164.600,false,false,1,0.70711,0.70711,69.12000,16,89,780.800,178.742
287,WARDEN,JUMP_DOWN_TURN,FALL,732.200,164.600,false,false,1,0.70711,0.70711,69.12000,16,91,765.200,178.742
287,ENGINEER,JUMP_DOWN_TURN,FALL,737.600,164.600,false,false,1,0.70711,0.70711,69.12000,16,90,770.600,178.742
