case,width,height,draw_width,draw_height,index,simulation_publish_ms,edt_dispatch_ms,edt_paint_ms,published,enemies,player_bullets,enemy_bullets,particles
world2_normal_960,960,600,960,600,0,8.230800,0.107500,1.319700,true,6,32,12,120
world2_normal_960,960,600,960,600,1,9.556100,0.128900,1.344100,true,6,32,12,120
world2_normal_960,960,600,960,600,2,8.827600,0.173100,1.504300,true,6,32,12,120
world2_normal_960,960,600,960,600,3,9.661100,0.267200,1.401600,true,6,32,12,120
world2_normal_960,960,600,960,600,4,9.801500,0.104400,1.602800,true,6,32,12,120
world2_normal_960,960,600,960,600,5,9.610000,0.102200,1.299800,true,6,32,12,120
world2_normal_960,960,600,960,600,6,8.701400,0.126100,1.401000,true,6,32,12,120
world2_normal_960,960,600,960,600,7,8.561900,0.110300,1.358400,true,6,32,12,120
world2_normal_960,960,600,960,600,8,9.189700,0.103000,1.323600,true,6,32,12,120
world2_normal_960,960,600,960,600,9,8.758700,0.107700,1.514500,true,6,32,12,120
world2_normal_960,960,600,960,600,10,8.034800,0.114300,2.153100,true,6,32,12,120
world2_normal_960,960,600,960,600,11,8.525000,0.157900,1.467700,true,6,32,12,120
world2_normal_960,960,600,960,600,12,7.780400,0.107200,1.402000,true,6,32,12,120
world2_normal_960,960,600,960,600,13,7.707100,0.107800,1.500900,true,6,32,12,120
world2_normal_960,960,600,960,600,14,7.772700,0.108000,1.562600,true,6,32,12,120
world2_normal_960,960,600,960,600,15,8.120300,0.101600,1.472200,true,6,32,12,120
world2_normal_960,960,600,960,600,16,7.928200,0.105700,1.304400,true,6,32,12,120
world2_normal_960,960,600,960,600,17,7.839700,0.108600,1.429100,true,6,32,12,120
world2_normal_960,960,600,960,600,18,8.918100,0.098500,1.479700,true,6,32,12,120
world2_normal_960,960,600,960,600,19,7.856900,0.175000,1.314900,true,6,32,12,120
world2_normal_960,960,600,960,600,20,8.042200,0.150400,1.764500,true,6,32,12,120
world2_normal_960,960,600,960,600,21,7.771700,0.154900,1.368100,true,6,32,12,120
world2_normal_960,960,600,960,600,22,8.163600,0.117900,1.795500,true,6,32,12,120
world2_normal_960,960,600,960,600,23,8.069700,0.166500,1.463600,true,6,32,12,120
world2_normal_960,960,600,960,600,24,8.544200,0.100400,1.320500,true,6,32,12,120
world2_normal_960,960,600,960,600,25,8.761700,0.104600,1.515700,true,6,32,12,120
world2_normal_960,960,600,960,600,26,8.504300,0.094500,1.272000,true,6,32,12,120
world2_normal_960,960,600,960,600,27,9.201200,0.109200,1.302000,true,6,32,12,120
world2_normal_960,960,600,960,600,28,7.709200,0.123200,1.856000,true,6,32,12,120
world2_normal_960,960,600,960,600,29,8.083800,0.151400,1.458300,true,6,32,12,120
world2_normal_960,960,600,960,600,30,8.307400,0.135900,1.410500,true,6,32,12,120
world2_normal_960,960,600,960,600,31,7.745900,0.095000,1.324800,true,6,32,12,120
world2_normal_960,960,600,960,600,32,8.097800,0.101900,1.279900,true,6,32,12,120
world2_normal_960,960,600,960,600,33,8.034300,0.159100,1.338000,true,6,32,12,120
world2_normal_960,960,600,960,600,34,7.421700,0.102000,1.329600,true,6,32,12,120
world2_normal_960,960,600,960,600,35,8.231100,0.106100,1.302000,true,6,32,12,120
world2_normal_960,960,600,960,600,36,7.723300,0.117100,1.502300,true,6,32,12,120
world2_normal_960,960,600,960,600,37,8.600500,0.100200,1.291100,true,6,32,12,120
world2_normal_960,960,600,960,600,38,7.742800,0.105200,1.479700,true,6,32,12,120
world2_normal_960,960,600,960,600,39,7.454900,0.098600,1.282900,true,6,32,12,120
world2_normal_960,960,600,960,600,40,8.110500,0.108400,1.506800,true,6,32,12,120
world2_normal_960,960,600,960,600,41,8.250900,0.136200,1.464500,true,6,32,12,120
world2_normal_960,960,600,960,600,42,7.863800,0.121500,1.351800,true,6,32,12,120
world2_normal_960,960,600,960,600,43,7.761600,0.110500,1.496500,true,6,32,12,120
world2_normal_960,960,600,960,600,44,7.777900,0.134100,1.429200,true,6,32,12,120
world2_normal_960,960,600,960,600,45,7.589900,0.136100,1.762600,true,6,32,12,120
world2_normal_960,960,600,960,600,46,10.674700,0.123600,1.438000,true,6,32,12,120
world2_normal_960,960,600,960,600,47,7.580700,0.108900,1.546600,true,6,32,12,120
world2_normal_960,960,600,960,600,48,8.557300,0.097700,1.305400,true,6,32,12,120
world2_normal_960,960,600,960,600,49,7.403700,0.101400,1.510300,true,6,32,12,120
world2_normal_960,960,600,960,600,50,7.917300,0.101300,1.336300,true,6,32,12,120
world2_normal_960,960,600,960,600,51,7.593600,0.098300,1.385700,true,6,32,12,120
world2_normal_960,960,600,960,600,52,7.682800,0.109500,1.289900,true,6,32,12,120
world2_normal_960,960,600,960,600,53,8.078200,0.098300,1.784300,true,6,32,12,120
world2_normal_960,960,600,960,600,54,7.583300,0.119400,1.548700,true,6,32,12,120
world2_normal_960,960,600,960,600,55,7.295000,0.139200,1.625000,true,6,32,12,120
world2_normal_960,960,600,960,600,56,9.542400,0.096700,1.438200,true,6,32,13,120
world2_normal_960,960,600,960,600,57,8.319700,0.109500,1.331500,true,6,32,12,120
world2_normal_960,960,600,960,600,58,7.641100,0.108600,1.511400,true,6,32,12,120
world2_normal_960,960,600,960,600,59,7.512100,0.101500,1.385100,true,6,32,12,120
world2_normal_960,960,600,960,600,60,7.968000,0.108300,1.320700,true,6,32,13,120
world2_normal_960,960,600,960,600,61,7.202800,0.103700,1.345500,true,6,32,12,120
world2_normal_960,960,600,960,600,62,7.802700,0.110700,1.344800,true,6,32,12,120
world2_normal_960,960,600,960,600,63,7.789900,0.098400,1.270700,true,6,32,12,120
world2_normal_960,960,600,960,600,64,7.821700,0.150700,1.332700,true,6,32,12,120
world2_normal_960,960,600,960,600,65,8.876400,0.152400,1.606900,true,6,32,12,120
world2_normal_960,960,600,960,600,66,9.015400,0.175400,1.307700,true,6,32,12,120
world2_normal_960,960,600,960,600,67,9.534500,0.148000,1.292700,true,6,32,12,120
world2_normal_960,960,600,960,600,68,8.975900,0.111900,2.434500,true,6,32,12,120
world2_normal_960,960,600,960,600,69,8.554600,0.115300,1.434800,true,6,32,12,120
world2_normal_960,960,600,960,600,70,8.270800,0.112400,1.684000,true,6,32,12,120
world2_normal_960,960,600,960,600,71,8.001700,0.105900,1.356800,true,6,32,12,120
world2_normal_960,960,600,960,600,72,7.941000,0.121000,2.516400,true,6,32,12,120
world2_normal_960,960,600,960,600,73,7.685400,0.097800,1.351300,true,6,32,12,120
world2_normal_960,960,600,960,600,74,8.880500,0.104100,1.551400,true,6,32,12,120
world2_normal_960,960,600,960,600,75,9.775400,0.106700,1.479300,true,6,32,12,120
world2_normal_960,960,600,960,600,76,7.662500,0.097100,1.356000,true,6,32,12,120
world2_normal_960,960,600,960,600,77,9.422400,0.102300,1.501500,true,6,32,12,120
world2_normal_960,960,600,960,600,78,7.806800,0.101800,1.465100,true,6,32,12,120
world2_normal_960,960,600,960,600,79,9.410600,0.109800,1.622200,true,6,32,12,120
world2_normal_960,960,600,960,600,80,7.454800,0.100800,1.375200,true,6,32,12,120
world2_normal_960,960,600,960,600,81,7.588200,0.199600,1.425500,true,6,32,12,120
world2_normal_960,960,600,960,600,82,7.474200,0.100900,1.262600,true,6,32,12,120
world2_normal_960,960,600,960,600,83,7.536900,0.138600,1.320000,true,6,32,12,120
world2_normal_960,960,600,960,600,84,7.752600,0.094100,1.297800,true,6,32,12,120
world2_normal_960,960,600,960,600,85,7.827900,0.113300,1.357500,true,6,32,12,120
world2_normal_960,960,600,960,600,86,7.677300,0.109500,1.376300,true,6,32,12,120
world2_normal_960,960,600,960,600,87,7.922300,0.105700,1.268700,true,6,32,12,120
world2_normal_960,960,600,960,600,88,7.649400,0.099300,1.706700,true,6,32,13,120
world2_normal_960,960,600,960,600,89,7.666400,0.093500,1.265400,true,6,32,12,120
world2_normal_960,960,600,960,600,90,7.055600,0.101000,1.455000,true,6,32,12,120
world2_normal_960,960,600,960,600,91,7.735900,0.187100,1.325100,true,6,32,12,120
world2_normal_960,960,600,960,600,92,7.972100,0.127800,1.464300,true,6,32,12,120
world2_normal_960,960,600,960,600,93,7.195700,0.098800,1.339500,true,6,32,12,120
world2_normal_960,960,600,960,600,94,7.729300,0.105700,1.717400,true,6,32,12,120
world2_normal_960,960,600,960,600,95,7.715600,0.096600,1.531900,true,6,32,12,120
world2_normal_960,960,600,960,600,96,7.682300,0.120700,1.970100,true,6,32,12,120
world2_normal_960,960,600,960,600,97,7.128100,0.096800,1.401900,true,6,32,12,120
world2_normal_960,960,600,960,600,98,7.909000,0.117100,1.500400,true,6,32,12,120
world2_normal_960,960,600,960,600,99,7.298900,0.101600,1.542100,true,6,32,12,120
world2_normal_960,960,600,960,600,100,7.694000,0.127500,1.789500,true,6,32,12,120
world2_normal_960,960,600,960,600,101,7.853400,0.100900,1.502900,true,6,32,12,120
world2_normal_960,960,600,960,600,102,8.072200,0.106400,1.520400,true,6,32,12,120
world2_normal_960,960,600,960,600,103,7.800000,0.098000,1.601000,true,6,32,12,120
world2_normal_960,960,600,960,600,104,8.707200,0.218300,1.586200,true,6,32,12,120
world2_normal_960,960,600,960,600,105,9.086600,0.117300,1.311500,true,6,32,12,120
world2_normal_960,960,600,960,600,106,8.065200,0.131300,1.630800,true,6,32,12,120
world2_normal_960,960,600,960,600,107,7.688400,0.113500,1.598900,true,6,32,12,120
world2_normal_960,960,600,960,600,108,8.237700,0.120800,2.329200,true,6,32,12,120
world2_normal_960,960,600,960,600,109,8.283500,0.140800,1.400200,true,6,32,12,120
world2_normal_960,960,600,960,600,110,8.921900,0.111100,1.600500,true,6,32,12,120
world2_normal_960,960,600,960,600,111,8.210300,0.102800,1.344300,true,6,32,12,120
world2_normal_960,960,600,960,600,112,7.904100,0.109600,1.592300,true,6,32,12,120
world2_normal_960,960,600,960,600,113,8.148500,0.101400,1.677800,true,6,32,12,120
world2_normal_960,960,600,960,600,114,8.510900,0.093200,1.326100,true,6,32,12,120
world2_normal_960,960,600,960,600,115,8.344700,0.118000,1.539800,true,6,32,12,120
world2_normal_960,960,600,960,600,116,8.086400,0.094000,1.718100,true,6,32,12,120
world2_normal_960,960,600,960,600,117,7.855700,0.134300,1.528700,true,6,32,12,120
world2_normal_960,960,600,960,600,118,7.569200,0.101200,1.548200,true,6,32,12,120
world2_normal_960,960,600,960,600,119,7.378600,0.097300,1.494600,true,6,32,12,120
world2_normal_960,960,600,960,600,120,7.901600,0.098300,1.565900,true,6,32,12,120
world2_normal_960,960,600,960,600,121,7.576400,0.105900,1.336900,true,6,32,12,120
world2_normal_960,960,600,960,600,122,7.324000,0.101700,1.561500,true,6,32,12,120
world2_normal_960,960,600,960,600,123,7.778000,0.109000,1.332400,true,6,32,12,120
world2_normal_960,960,600,960,600,124,7.505500,0.106400,1.340200,true,6,32,12,120
world2_normal_960,960,600,960,600,125,7.031700,0.098700,1.487700,true,6,32,12,120
world2_normal_960,960,600,960,600,126,7.359000,0.102900,1.577400,true,6,32,12,120
world2_normal_960,960,600,960,600,127,7.413900,0.116200,1.825200,true,6,32,12,120
world2_normal_960,960,600,960,600,128,8.297800,0.108600,1.494600,true,6,32,12,120
world2_normal_960,960,600,960,600,129,7.560100,0.114800,1.767700,true,6,32,12,120
world2_normal_960,960,600,960,600,130,7.958500,0.101400,1.468800,true,6,32,12,120
world2_normal_960,960,600,960,600,131,8.668300,0.112700,1.412800,true,6,32,12,120
world2_normal_960,960,600,960,600,132,7.901200,0.113900,1.464700,true,6,32,12,120
world2_normal_960,960,600,960,600,133,7.749000,0.100100,1.433700,true,6,32,12,120
world2_normal_960,960,600,960,600,134,7.936800,0.130400,1.416000,true,6,32,12,120
world2_normal_960,960,600,960,600,135,7.117100,0.139700,1.354000,true,6,32,12,120
world2_normal_960,960,600,960,600,136,7.377800,0.102400,1.497700,true,6,32,12,120
world2_normal_960,960,600,960,600,137,7.181600,0.099600,1.436400,true,6,32,12,120
world2_normal_960,960,600,960,600,138,7.894800,0.123900,1.614400,true,6,32,12,120
world2_normal_960,960,600,960,600,139,7.474300,0.110600,1.640900,true,6,32,12,120
world2_normal_960,960,600,960,600,140,7.431000,0.120000,1.320200,true,6,32,12,120
world2_normal_960,960,600,960,600,141,7.219500,0.102200,1.479600,true,6,32,12,120
world2_normal_960,960,600,960,600,142,7.193700,0.113900,1.720100,true,6,32,12,120
world2_normal_960,960,600,960,600,143,7.077700,0.093500,1.682600,true,6,32,12,120
world2_normal_960,960,600,960,600,144,7.761800,0.135200,1.371500,true,6,32,12,120
world2_normal_960,960,600,960,600,145,7.250900,0.107200,1.462800,true,6,32,12,120
world2_normal_960,960,600,960,600,146,7.752400,0.123500,1.565600,true,6,32,12,120
world2_normal_960,960,600,960,600,147,7.141800,0.111400,1.389900,true,6,32,12,120
world2_normal_960,960,600,960,600,148,8.212100,0.143000,2.408700,true,6,32,12,120
world2_normal_960,960,600,960,600,149,7.957100,0.144400,1.732900,true,6,32,12,120
world2_normal_960,960,600,960,600,150,9.702000,0.096700,1.327500,true,6,32,12,120
world2_normal_960,960,600,960,600,151,7.905000,0.147000,1.327100,true,6,32,12,120
world2_normal_960,960,600,960,600,152,7.270800,0.141100,1.781800,true,6,32,12,120
world2_normal_960,960,600,960,600,153,7.579600,0.117800,1.477500,true,6,32,12,120
world2_normal_960,960,600,960,600,154,7.491800,0.202300,1.491200,true,6,32,12,120
world2_normal_960,960,600,960,600,155,8.093500,0.109300,1.489300,true,6,32,12,120
world2_normal_960,960,600,960,600,156,7.786900,0.114600,1.371000,true,6,32,12,120
world2_normal_960,960,600,960,600,157,7.190300,0.095400,1.299000,true,6,32,12,120
world2_normal_960,960,600,960,600,158,7.217700,0.105800,2.456300,true,6,32,12,120
world2_normal_960,960,600,960,600,159,7.962000,0.105900,1.415500,true,6,32,12,120
world2_normal_960,960,600,960,600,160,7.773000,0.169400,1.452400,true,6,32,12,120
world2_normal_960,960,600,960,600,161,7.279600,0.105800,1.496300,true,6,32,12,120
world2_normal_960,960,600,960,600,162,7.421200,0.122900,1.326900,true,6,32,12,120
world2_normal_960,960,600,960,600,163,7.838100,0.097900,1.282700,true,6,32,12,120
world2_normal_960,960,600,960,600,164,7.844900,0.133200,1.401400,true,6,32,12,120
world2_normal_960,960,600,960,600,165,7.649800,0.104200,1.364100,true,6,32,12,120
world2_normal_960,960,600,960,600,166,7.828100,0.120900,1.333200,true,6,32,13,120
world2_normal_960,960,600,960,600,167,8.019300,0.115300,1.492300,true,6,32,12,120
world2_normal_960,960,600,960,600,168,9.422400,0.116400,1.370700,true,6,32,12,120
world2_normal_960,960,600,960,600,169,7.495800,0.105000,1.358200,true,6,32,12,120
world2_normal_960,960,600,960,600,170,7.558600,0.099100,1.585900,true,6,32,13,120
world2_normal_960,960,600,960,600,171,6.853300,0.108500,1.267100,true,6,32,12,120
world2_normal_960,960,600,960,600,172,6.935000,0.093400,1.346900,true,6,32,12,120
world2_normal_960,960,600,960,600,173,7.041300,0.107500,1.398300,true,6,32,12,120
world2_normal_960,960,600,960,600,174,7.542300,0.097300,1.272900,true,6,32,12,120
world2_normal_960,960,600,960,600,175,7.058200,0.104200,1.578100,true,6,32,12,120
world2_normal_960,960,600,960,600,176,6.869600,0.096000,1.295100,true,6,32,12,120
world2_normal_960,960,600,960,600,177,7.414700,0.102400,1.340400,true,6,32,12,120
world2_normal_960,960,600,960,600,178,8.255500,0.098100,1.311900,true,6,32,12,120
world2_normal_960,960,600,960,600,179,7.624100,0.097400,1.571400,true,6,32,12,120
world2_normal_960,960,600,960,600,180,7.423000,0.117100,1.457800,true,6,32,12,120
world2_normal_600,600,400,600,375,0,7.195900,0.111500,2.507800,true,6,32,12,120
world2_normal_600,600,400,600,375,1,6.915900,0.101100,2.356600,true,6,32,12,120
world2_normal_600,600,400,600,375,2,7.129900,0.109900,2.432000,true,6,32,12,120
world2_normal_600,600,400,600,375,3,7.062600,0.105400,2.319900,true,6,32,12,120
world2_normal_600,600,400,600,375,4,7.008100,0.108900,2.403200,true,6,32,12,120
world2_normal_600,600,400,600,375,5,6.964100,0.124800,2.493100,true,6,32,12,120
world2_normal_600,600,400,600,375,6,7.651200,0.102300,2.444000,true,6,32,12,120
world2_normal_600,600,400,600,375,7,7.076100,0.085300,2.206500,true,6,32,12,120
world2_normal_600,600,400,600,375,8,7.472800,0.080600,2.371000,true,6,32,12,120
world2_normal_600,600,400,600,375,9,7.114600,0.079500,2.383800,true,6,32,12,120
world2_normal_600,600,400,600,375,10,7.291200,0.097700,2.322500,true,6,32,12,120
world2_normal_600,600,400,600,375,11,7.693000,0.085400,2.485200,true,6,32,12,120
world2_normal_600,600,400,600,375,12,6.909000,0.099100,2.215800,true,6,32,12,120
world2_normal_600,600,400,600,375,13,7.134700,0.097700,2.679500,true,6,32,12,120
world2_normal_600,600,400,600,375,14,7.651700,0.085100,2.754000,true,6,32,12,120
world2_normal_600,600,400,600,375,15,7.054700,0.083000,2.190400,true,6,32,12,120
world2_normal_600,600,400,600,375,16,7.611600,0.110700,2.346900,true,6,32,12,120
world2_normal_600,600,400,600,375,17,6.902800,0.083800,2.259000,true,6,32,12,120
world2_normal_600,600,400,600,375,18,7.646200,0.091400,2.213300,true,6,32,12,120
world2_normal_600,600,400,600,375,19,7.860200,0.099900,2.426400,true,6,32,12,120
world2_normal_600,600,400,600,375,20,7.147800,0.079600,2.189300,true,6,32,12,120
world2_normal_600,600,400,600,375,21,7.063400,0.137300,2.426400,true,6,32,12,120
world2_normal_600,600,400,600,375,22,7.102900,0.092100,2.467700,true,6,32,12,120
world2_normal_600,600,400,600,375,23,7.320000,0.090200,2.218200,true,6,32,12,120
world2_normal_600,600,400,600,375,24,7.376900,0.094600,2.928300,true,6,32,12,120
world2_normal_600,600,400,600,375,25,7.211300,0.082400,2.477000,true,6,32,12,120
world2_normal_600,600,400,600,375,26,7.662700,0.095700,2.218300,true,6,32,12,120
world2_normal_600,600,400,600,375,27,7.394200,0.077800,2.446800,true,6,32,12,120
world2_normal_600,600,400,600,375,28,7.231100,0.082700,2.331900,true,6,32,12,120
world2_normal_600,600,400,600,375,29,7.351400,0.096400,2.291300,true,6,32,12,120
world2_normal_600,600,400,600,375,30,7.227500,0.088000,2.452000,true,6,32,12,120
world2_normal_600,600,400,600,375,31,7.914900,0.082700,2.335400,true,6,32,12,120
world2_normal_600,600,400,600,375,32,7.305100,0.092200,2.243600,true,6,32,12,120
world2_normal_600,600,400,600,375,33,7.055900,0.080300,2.420200,true,6,32,12,120
world2_normal_600,600,400,600,375,34,7.443600,0.106900,2.202900,true,6,32,12,120
world2_normal_600,600,400,600,375,35,9.087800,0.106800,2.436700,true,6,32,12,120
world2_normal_600,600,400,600,375,36,8.034400,0.082600,2.522500,true,6,32,12,120
world2_normal_600,600,400,600,375,37,7.349900,0.076500,2.239800,true,6,32,12,120
world2_normal_600,600,400,600,375,38,7.822700,0.083600,2.258500,true,6,32,13,120
world2_normal_600,600,400,600,375,39,7.375200,0.090000,2.348100,true,6,32,12,120
world2_normal_600,600,400,600,375,40,7.707400,0.090500,2.491000,true,6,32,12,120
world2_normal_600,600,400,600,375,41,7.461300,0.092300,2.517100,true,6,32,12,120
world2_normal_600,600,400,600,375,42,7.226700,0.084400,2.544600,true,6,32,13,120
world2_normal_600,600,400,600,375,43,6.976200,0.099600,2.368600,true,6,32,12,120
world2_normal_600,600,400,600,375,44,7.282300,0.112500,2.442300,true,6,32,12,120
world2_normal_600,600,400,600,375,45,7.538400,0.088200,2.381900,true,6,32,12,120
world2_normal_600,600,400,600,375,46,7.598400,0.096900,2.490200,true,6,32,12,120
world2_normal_600,600,400,600,375,47,7.585700,0.113200,2.555600,true,6,32,12,120
world2_normal_600,600,400,600,375,48,7.307200,0.092600,2.541100,true,6,32,12,120
world2_normal_600,600,400,600,375,49,6.940200,0.083600,2.429500,true,6,32,12,120
world2_normal_600,600,400,600,375,50,7.414000,0.082700,2.433600,true,6,32,12,120
world2_normal_600,600,400,600,375,51,7.399500,0.090500,3.595300,true,6,32,12,120
world2_normal_600,600,400,600,375,52,7.561500,0.084200,2.339800,true,6,32,12,120
world2_normal_600,600,400,600,375,53,7.791400,0.119600,2.657900,true,6,32,12,120
world2_normal_600,600,400,600,375,54,7.659400,0.087200,2.438500,true,6,32,12,120
world2_normal_600,600,400,600,375,55,7.243900,0.085700,2.254200,true,6,32,12,120
world2_normal_600,600,400,600,375,56,7.709000,0.104700,2.239500,true,6,32,12,120
world2_normal_600,600,400,600,375,57,7.834400,0.111400,2.553300,true,6,32,12,120
world2_normal_600,600,400,600,375,58,7.264900,0.084000,2.385500,true,6,32,12,120
world2_normal_600,600,400,600,375,59,7.517900,0.101700,2.246300,true,6,32,12,120
world2_normal_600,600,400,600,375,60,8.048400,0.130700,2.692000,true,6,32,12,120
world2_normal_600,600,400,600,375,61,7.155900,0.133100,2.542500,true,6,32,12,120
world2_normal_600,600,400,600,375,62,7.830900,0.133200,2.275300,true,6,32,12,120
world2_normal_600,600,400,600,375,63,7.546100,0.121800,3.848000,true,6,32,12,120
world2_normal_600,600,400,600,375,64,7.491400,0.085600,2.470000,true,6,32,12,120
world2_normal_600,600,400,600,375,65,7.530400,0.059700,2.235300,true,6,32,12,120
world2_normal_600,600,400,600,375,66,7.952300,0.073000,2.246900,true,6,32,12,120
world2_normal_600,600,400,600,375,67,7.125800,0.076800,2.528200,true,6,32,12,120
world2_normal_600,600,400,600,375,68,7.250100,0.072800,2.434400,true,6,32,12,120
world2_normal_600,600,400,600,375,69,7.455900,0.104900,2.387700,true,6,32,12,120
world2_normal_600,600,400,600,375,70,7.488600,0.084400,2.876000,true,6,32,13,120
world2_normal_600,600,400,600,375,71,7.340500,0.088600,2.517100,true,6,32,12,120
world2_normal_600,600,400,600,375,72,7.304700,0.088700,2.485600,true,6,32,12,120
world2_normal_600,600,400,600,375,73,7.522600,0.070800,2.424400,true,6,32,12,120
world2_normal_600,600,400,600,375,74,7.540600,0.079000,2.239600,true,6,32,12,120
world2_normal_600,600,400,600,375,75,7.077900,0.073200,2.595100,true,6,32,12,120
world2_normal_600,600,400,600,375,76,7.004600,0.079200,2.385000,true,6,32,12,120
world2_normal_600,600,400,600,375,77,6.911900,0.073000,2.248100,true,6,32,12,120
world2_normal_600,600,400,600,375,78,6.815900,0.076600,2.692900,true,6,32,12,120
world2_normal_600,600,400,600,375,79,7.032000,0.069800,2.399300,true,6,32,12,120
world2_normal_600,600,400,600,375,80,7.035200,0.068600,2.412200,true,6,32,12,120
world2_normal_600,600,400,600,375,81,6.968700,0.068000,2.682200,true,6,32,12,120
world2_normal_600,600,400,600,375,82,7.128600,0.075000,2.231000,true,6,32,12,120
world2_normal_600,600,400,600,375,83,7.759700,0.074400,2.721900,true,6,32,12,120
world2_normal_600,600,400,600,375,84,7.672400,0.060900,2.167800,true,6,32,12,120
world2_normal_600,600,400,600,375,85,7.324800,0.078900,2.234200,true,6,32,12,120
world2_normal_600,600,400,600,375,86,7.233700,0.072300,2.738100,true,6,32,12,120
world2_normal_600,600,400,600,375,87,8.361500,0.078300,2.499600,true,6,32,12,120
world2_normal_600,600,400,600,375,88,7.107400,0.076700,2.220300,true,6,32,12,120
world2_normal_600,600,400,600,375,89,7.404700,0.087400,2.585900,true,6,32,12,120
world2_normal_600,600,400,600,375,90,7.411200,0.082500,2.394600,true,6,32,12,120
world2_normal_600,600,400,600,375,91,9.801900,0.081100,2.284700,true,6,32,12,120
world2_normal_600,600,400,600,375,92,7.512700,0.114300,2.441600,true,6,32,12,120
world2_normal_600,600,400,600,375,93,10.082900,0.112000,2.262200,true,6,32,12,120
world2_normal_600,600,400,600,375,94,7.282000,0.077600,3.398300,true,6,32,12,120
world2_normal_600,600,400,600,375,95,8.662400,0.077000,2.444700,true,6,32,12,120
world2_normal_600,600,400,600,375,96,7.968700,0.071000,2.518000,true,6,32,12,120
world2_normal_600,600,400,600,375,97,7.419100,0.074500,2.289800,true,6,32,12,120
world2_normal_600,600,400,600,375,98,7.483100,0.070900,2.331800,true,6,32,12,120
world2_normal_600,600,400,600,375,99,6.899900,0.078400,2.445500,true,6,32,12,120
world2_normal_600,600,400,600,375,100,7.069000,0.076200,2.343400,true,6,32,12,120
world2_normal_600,600,400,600,375,101,7.095000,0.074600,2.417800,true,6,32,12,120
world2_normal_600,600,400,600,375,102,8.009700,0.071700,2.217400,true,6,32,12,120
world2_normal_600,600,400,600,375,103,7.154000,0.069900,2.415100,true,6,32,12,120
world2_normal_600,600,400,600,375,104,7.005500,0.073900,2.501500,true,6,32,12,120
world2_normal_600,600,400,600,375,105,7.462900,0.091500,2.207800,true,6,32,12,120
world2_normal_600,600,400,600,375,106,7.649300,0.067500,2.519500,true,6,32,12,120
world2_normal_600,600,400,600,375,107,7.107500,0.069800,2.479200,true,6,32,12,120
world2_normal_600,600,400,600,375,108,7.566100,0.075400,2.333300,true,6,32,12,120
world2_normal_600,600,400,600,375,109,7.106300,0.070800,2.428300,true,6,32,12,120
world2_normal_600,600,400,600,375,110,7.147700,0.069500,2.396600,true,6,32,12,120
world2_normal_600,600,400,600,375,111,7.358600,0.078700,2.508500,true,6,32,12,120
world2_normal_600,600,400,600,375,112,7.997400,0.077500,2.359300,true,6,32,12,120
world2_normal_600,600,400,600,375,113,7.188800,0.132200,2.414700,true,6,32,12,120
world2_normal_600,600,400,600,375,114,7.880000,0.078200,2.365200,true,6,32,12,120
world2_normal_600,600,400,600,375,115,8.277600,0.080500,2.491600,true,6,32,12,120
world2_normal_600,600,400,600,375,116,9.044700,0.110000,2.302200,true,6,32,12,120
world2_normal_600,600,400,600,375,117,7.308800,0.087900,2.211200,true,6,32,12,120
world2_normal_600,600,400,600,375,118,7.460800,0.109000,2.790300,true,6,32,12,120
world2_normal_600,600,400,600,375,119,7.110500,0.071900,2.319700,true,6,32,12,120
world2_normal_600,600,400,600,375,120,7.543000,0.077200,2.251300,true,6,32,12,120
world2_normal_600,600,400,600,375,121,7.969200,0.074500,2.466200,true,6,32,12,120
world2_normal_600,600,400,600,375,122,7.826100,0.079900,2.666200,true,6,32,12,120
world2_normal_600,600,400,600,375,123,9.446300,0.096500,2.267300,true,6,32,12,120
world2_normal_600,600,400,600,375,124,7.359200,0.083100,2.986500,true,6,32,12,120
world2_normal_600,600,400,600,375,125,7.875600,0.091600,2.949800,true,6,32,12,120
world2_normal_600,600,400,600,375,126,10.102300,0.117700,2.299400,true,6,32,12,120
world2_normal_600,600,400,600,375,127,8.300500,0.092200,2.291400,true,6,32,12,120
world2_normal_600,600,400,600,375,128,10.169100,0.119300,2.590500,true,6,32,12,120
world2_normal_600,600,400,600,375,129,8.397400,0.102200,3.287800,true,6,32,12,120
world2_normal_600,600,400,600,375,130,7.766600,0.078500,2.713300,true,6,32,12,120
world2_normal_600,600,400,600,375,131,7.917800,0.079600,2.605400,true,6,32,12,120
world2_normal_600,600,400,600,375,132,8.081100,0.073400,2.269600,true,6,32,12,120
world2_normal_600,600,400,600,375,133,7.718100,0.088000,2.270900,true,6,32,12,120
world2_normal_600,600,400,600,375,134,7.629800,0.071900,2.710700,true,6,32,12,120
world2_normal_600,600,400,600,375,135,7.392400,0.078100,2.342000,true,6,32,12,120
world2_normal_600,600,400,600,375,136,7.601000,0.109900,2.307700,true,6,32,12,120
world2_normal_600,600,400,600,375,137,7.453200,0.067900,2.366300,true,6,32,12,120
world2_normal_600,600,400,600,375,138,6.998600,0.076500,2.430300,true,6,32,12,120
world2_normal_600,600,400,600,375,139,7.370000,0.111900,2.742500,true,6,32,12,120
world2_normal_600,600,400,600,375,140,7.247600,0.078000,2.567300,true,6,32,12,120
world2_normal_600,600,400,600,375,141,7.303800,0.083200,2.447900,true,6,32,12,120
world2_normal_600,600,400,600,375,142,8.103100,0.121000,2.527400,true,6,32,12,120
world2_normal_600,600,400,600,375,143,7.274100,0.080200,2.379000,true,6,32,12,120
world2_normal_600,600,400,600,375,144,7.280200,0.081500,2.397000,true,6,32,12,120
world2_normal_600,600,400,600,375,145,7.176400,0.074500,2.680900,true,6,32,12,120
world2_normal_600,600,400,600,375,146,7.199300,0.077700,2.460400,true,6,32,12,120
world2_normal_600,600,400,600,375,147,8.300600,0.074800,2.284400,true,6,32,12,120
world2_normal_600,600,400,600,375,148,7.923700,0.075200,2.222000,true,6,32,13,120
world2_normal_600,600,400,600,375,149,7.122900,0.087700,2.313700,true,6,32,12,120
world2_normal_600,600,400,600,375,150,7.033200,0.074300,2.236200,true,6,32,12,120
world2_normal_600,600,400,600,375,151,6.891600,0.075500,2.403200,true,6,32,12,120
world2_normal_600,600,400,600,375,152,7.862600,0.068300,2.489300,true,6,32,13,120
world2_normal_600,600,400,600,375,153,7.006900,0.083700,2.393200,true,6,32,12,120
world2_normal_600,600,400,600,375,154,7.040900,0.065900,2.463200,true,6,32,12,120
world2_normal_600,600,400,600,375,155,7.012400,0.082100,2.242700,true,6,32,12,120
world2_normal_600,600,400,600,375,156,6.947200,0.061800,2.279000,true,6,32,12,120
world2_normal_600,600,400,600,375,157,6.861600,0.066400,2.220100,true,6,32,12,120
world2_normal_600,600,400,600,375,158,7.093500,0.070900,2.381200,true,6,32,12,120
world2_normal_600,600,400,600,375,159,7.288400,0.072400,2.223400,true,6,32,12,120
world2_normal_600,600,400,600,375,160,7.478900,0.097600,2.280400,true,6,32,12,120
world2_normal_600,600,400,600,375,161,8.009700,0.070600,2.224000,true,6,32,12,120
world2_normal_600,600,400,600,375,162,7.195400,0.072400,2.223400,true,6,32,12,120
world2_normal_600,600,400,600,375,163,7.295100,0.085800,2.744900,true,6,32,12,120
world2_normal_600,600,400,600,375,164,9.553300,0.081000,2.462900,true,6,32,12,120
world2_normal_600,600,400,600,375,165,7.224700,0.084600,2.464300,true,6,32,12,120
world2_normal_600,600,400,600,375,166,7.589100,0.077400,2.420300,true,6,32,12,120
world2_normal_600,600,400,600,375,167,7.159600,0.109800,2.526400,true,6,32,12,120
world2_normal_600,600,400,600,375,168,7.264500,0.107500,2.543100,true,6,32,12,120
world2_normal_600,600,400,600,375,169,7.439200,0.086200,2.389600,true,6,32,12,120
world2_normal_600,600,400,600,375,170,7.424300,0.262900,3.014500,true,6,32,12,120
world2_normal_600,600,400,600,375,171,7.738800,0.077800,2.664200,true,6,32,12,120
world2_normal_600,600,400,600,375,172,7.663500,0.106700,2.272800,true,6,32,12,120
world2_normal_1280,1280,800,1280,800,0,7.354100,0.079400,10.016300,true,6,32,12,120
world2_normal_1280,1280,800,1280,800,1,8.099400,0.073400,10.017100,true,6,32,12,120
world2_normal_1280,1280,800,1280,800,2,7.220800,0.076300,9.995900,true,6,32,12,120
world2_normal_1280,1280,800,1280,800,3,8.273900,0.083900,9.924300,true,6,32,12,120
world2_normal_1280,1280,800,1280,800,4,7.558700,0.075100,9.896100,true,6,32,12,120
world2_normal_1280,1280,800,1280,800,5,8.270100,0.079400,9.916200,true,6,32,12,120
world2_normal_1280,1280,800,1280,800,6,7.144800,0.066100,9.839200,true,6,32,12,120
world2_normal_1280,1280,800,1280,800,7,7.133600,0.080400,9.889400,true,6,32,12,120
world2_normal_1280,1280,800,1280,800,8,7.943800,0.073100,9.672100,true,6,32,12,120
world2_normal_1280,1280,800,1280,800,9,7.274800,0.079400,9.773200,true,6,32,12,120
world2_normal_1280,1280,800,1280,800,10,7.008900,0.086000,10.144400,true,6,32,12,120
world2_normal_1280,1280,800,1280,800,11,7.942600,0.090500,10.216600,true,6,32,12,120
world2_normal_1280,1280,800,1280,800,12,7.205400,0.092600,10.033400,true,6,32,12,120
world2_normal_1280,1280,800,1280,800,13,7.295700,0.072700,10.099900,true,6,32,12,120
world2_normal_1280,1280,800,1280,800,14,7.461000,0.087200,9.775900,true,6,32,12,120
world2_normal_1280,1280,800,1280,800,15,7.295500,0.068400,9.955300,true,6,32,12,120
world2_normal_1280,1280,800,1280,800,16,6.999700,0.074600,9.603600,true,6,32,12,120
world2_normal_1280,1280,800,1280,800,17,7.159700,0.102800,9.795100,true,6,32,12,120
world2_normal_1280,1280,800,1280,800,18,7.444600,0.269600,9.803100,true,6,32,12,120
world2_normal_1280,1280,800,1280,800,19,7.094700,0.067700,9.864900,true,6,32,12,120
world2_normal_1280,1280,800,1280,800,20,7.434000,0.076100,9.710700,true,6,32,12,120
world2_normal_1280,1280,800,1280,800,21,7.143300,0.080700,9.771800,true,6,32,12,120
world2_normal_1280,1280,800,1280,800,22,7.289100,0.071600,9.699500,true,6,32,12,120
world2_normal_1280,1280,800,1280,800,23,7.264900,0.088600,10.739400,true,6,32,12,120
world2_normal_1280,1280,800,1280,800,24,7.259500,0.085800,10.201000,true,6,32,12,120
world2_normal_1280,1280,800,1280,800,25,7.289500,0.071100,9.843100,true,6,32,12,120
world2_normal_1280,1280,800,1280,800,26,7.154800,0.090100,9.758100,true,6,32,12,120
world2_normal_1280,1280,800,1280,800,27,7.436100,0.087900,10.094400,true,6,32,12,120
world2_normal_1280,1280,800,1280,800,28,7.060300,0.076000,9.981800,true,6,32,12,120
world2_normal_1280,1280,800,1280,800,29,7.305000,0.092100,9.984600,true,6,32,12,120
world2_normal_1280,1280,800,1280,800,30,7.012600,0.084300,9.776800,true,6,32,12,120
world2_normal_1280,1280,800,1280,800,31,7.318100,0.079600,9.728000,true,6,32,12,120
world2_normal_1280,1280,800,1280,800,32,7.185500,0.071500,10.007900,true,6,32,12,120
world2_normal_1280,1280,800,1280,800,33,7.485000,0.077500,9.817700,true,6,32,12,120
world2_normal_1280,1280,800,1280,800,34,7.498000,0.072400,9.853400,true,6,32,12,120
world2_normal_1280,1280,800,1280,800,35,7.015800,0.092500,9.864500,true,6,32,12,120
world2_normal_1280,1280,800,1280,800,36,7.289400,0.107500,9.815100,true,6,32,12,120
world2_normal_1280,1280,800,1280,800,37,7.270800,0.072200,9.587300,true,6,32,12,120
world2_normal_1280,1280,800,1280,800,38,6.868900,0.077400,9.799200,true,6,32,12,120
world2_normal_1280,1280,800,1280,800,39,7.369200,0.070300,9.713500,true,6,32,12,120
world2_normal_1280,1280,800,1280,800,40,7.221900,0.086700,9.706500,true,6,32,12,120
world2_normal_1280,1280,800,1280,800,41,7.049700,0.069600,9.575400,true,6,32,12,120
world2_normal_1280,1280,800,1280,800,42,7.359900,0.075100,10.862500,true,6,32,12,120
world2_normal_1280,1280,800,1280,800,43,7.709700,0.073500,9.712700,true,6,32,12,120
world2_normal_1280,1280,800,1280,800,44,7.091500,0.072500,9.724000,true,6,32,12,120
world2_normal_1280,1280,800,1280,800,45,8.367700,0.100100,9.763300,true,6,32,12,120
world2_normal_1280,1280,800,1280,800,46,7.031400,0.078200,9.930900,true,6,32,12,120
world2_normal_1280,1280,800,1280,800,47,7.364400,0.083600,9.782400,true,6,32,12,120
world2_normal_1280,1280,800,1280,800,48,7.005000,0.092900,9.840500,true,6,32,12,120
world2_normal_1280,1280,800,1280,800,49,6.908300,0.077000,9.934200,true,6,32,12,120
world2_normal_1280,1280,800,1280,800,50,7.707900,0.077800,9.778000,true,6,32,12,120
world2_normal_1280,1280,800,1280,800,51,7.399500,0.073200,9.848800,true,6,32,12,120
world2_normal_1280,1280,800,1280,800,52,7.291400,0.079400,10.137400,true,6,32,12,120
world2_normal_1280,1280,800,1280,800,53,6.996800,0.082900,9.972500,true,6,32,12,120
world2_normal_1280,1280,800,1280,800,54,7.338200,0.066900,10.261800,true,6,32,12,120
world2_normal_1280,1280,800,1280,800,55,7.037000,0.075300,9.926600,true,6,32,12,120
world2_normal_1280,1280,800,1280,800,56,7.321000,0.068100,10.067600,true,6,32,12,120
world2_normal_1280,1280,800,1280,800,57,7.354500,0.076800,9.869000,true,6,32,12,120
world2_normal_1280,1280,800,1280,800,58,7.470500,0.066300,9.743200,true,6,32,12,120
world2_normal_1280,1280,800,1280,800,59,7.166900,0.077200,9.800300,true,6,32,12,120
world2_normal_1280,1280,800,1280,800,60,7.227900,0.091800,10.491800,true,6,32,12,120
world2_normal_1280,1280,800,1280,800,61,7.216400,0.061700,10.140700,true,6,32,12,120
world2_normal_1280,1280,800,1280,800,62,7.474600,0.073400,9.806700,true,6,32,12,120
world2_normal_1280,1280,800,1280,800,63,6.883600,0.076700,9.768100,true,6,32,12,120
world2_normal_1280,1280,800,1280,800,64,7.766800,0.069700,9.817300,true,6,32,12,120
world2_normal_1280,1280,800,1280,800,65,7.041600,0.076600,9.556200,true,6,32,12,120
world2_normal_1280,1280,800,1280,800,66,7.396500,0.094500,9.840700,true,6,32,12,120
world2_normal_1280,1280,800,1280,800,67,7.108100,0.070200,9.810400,true,6,32,12,120
world2_normal_1280,1280,800,1280,800,68,7.153000,0.070200,9.891300,true,6,32,12,120
world2_normal_1280,1280,800,1280,800,69,7.493200,0.070900,10.468900,true,6,32,12,120
world2_normal_1280,1280,800,1280,800,70,7.163500,0.070300,9.879900,true,6,32,12,120
world2_normal_1280,1280,800,1280,800,71,7.315200,0.072400,9.905200,true,6,32,12,120
world2_normal_1280,1280,800,1280,800,72,8.057700,0.068100,10.109500,true,6,32,12,120
world2_normal_1280,1280,800,1280,800,73,7.684600,0.074300,9.927500,true,6,32,13,120
world2_normal_1280,1280,800,1280,800,74,7.328000,0.075800,10.748400,true,6,32,12,120
world2_normal_1280,1280,800,1280,800,75,7.515900,0.067500,10.354500,true,6,32,12,120
world2_normal_1280,1280,800,1280,800,76,9.098000,0.102100,9.894600,true,6,32,12,120
world2_normal_1280,1280,800,1280,800,77,7.055700,0.075000,10.239600,true,6,32,13,120
world2_normal_1280,1280,800,1280,800,78,7.355500,0.069600,9.737900,true,6,32,12,120
world2_normal_1280,1280,800,1280,800,79,7.500200,0.068800,9.902400,true,6,32,12,120
world2_normal_1280,1280,800,1280,800,80,7.161100,0.103100,10.031200,true,6,32,12,120
world2_normal_1280,1280,800,1280,800,81,7.713600,0.087800,10.275500,true,6,32,12,120
world2_normal_1280,1280,800,1280,800,82,7.370600,0.120300,9.952700,true,6,32,12,120
world2_normal_1280,1280,800,1280,800,83,7.474000,0.067500,10.286900,true,6,32,12,120
world2_normal_1280,1280,800,1280,800,84,8.236700,0.092400,10.554900,true,6,32,12,120
world2_normal_1280,1280,800,1280,800,85,7.460200,0.078800,9.859000,true,6,32,12,120
world2_normal_1280,1280,800,1280,800,86,7.155800,0.069200,10.066100,true,6,32,12,120
world2_normal_1280,1280,800,1280,800,87,7.528900,0.076400,9.879000,true,6,32,12,120
world2_normal_1280,1280,800,1280,800,88,7.584300,0.072100,9.943200,true,6,32,12,120
world2_normal_1280,1280,800,1280,800,89,7.363500,0.068900,9.825100,true,6,32,12,120
world2_normal_1280,1280,800,1280,800,90,8.181100,0.073300,10.058900,true,6,32,12,120
world2_normal_1280,1280,800,1280,800,91,7.081500,0.071600,9.859900,true,6,32,12,120
world2_normal_1280,1280,800,1280,800,92,7.666100,0.072500,9.719900,true,6,32,12,120
world2_normal_1280,1280,800,1280,800,93,8.202600,0.073700,10.462100,true,6,32,12,120
world2_normal_1280,1280,800,1280,800,94,7.212500,0.076900,9.884700,true,6,32,12,120
world2_normal_1280,1280,800,1280,800,95,7.170500,0.082700,9.987400,true,6,32,12,120
world2_normal_1280,1280,800,1280,800,96,7.384000,0.067800,10.110300,true,6,32,12,120
world2_normal_1280,1280,800,1280,800,97,7.307400,0.066100,9.873200,true,6,32,12,120
world2_normal_1280,1280,800,1280,800,98,7.236200,0.077300,9.752000,true,6,32,12,120
world2_normal_1280,1280,800,1280,800,99,7.086800,0.071800,9.830600,true,6,32,12,120
world2_normal_1280,1280,800,1280,800,100,7.408100,0.077000,9.780700,true,6,32,12,120
world2_high_960,960,600,960,600,0,17.330800,0.114400,1.721600,true,40,320,180,1200
world2_high_960,960,600,960,600,1,14.818900,0.093300,1.383400,true,40,320,180,1200
world2_high_960,960,600,960,600,2,14.381800,0.086200,1.568900,true,40,320,180,1200
world2_high_960,960,600,960,600,3,16.625000,0.101300,1.366700,true,40,320,180,1200
world2_high_960,960,600,960,600,4,15.408300,0.105400,1.566900,true,40,320,180,1200
world2_high_960,960,600,960,600,5,14.877500,0.094300,1.452900,true,40,320,180,1200
world2_high_960,960,600,960,600,6,15.159300,0.076400,1.306800,true,40,320,180,1200
world2_high_960,960,600,960,600,7,14.735900,0.081900,1.306300,true,40,320,180,1200
world2_high_960,960,600,960,600,8,13.964900,0.134200,1.546200,true,40,320,180,1200
world2_high_960,960,600,960,600,9,15.601100,0.087600,1.494700,true,40,320,180,1200
world2_high_960,960,600,960,600,10,19.234300,0.126900,1.535300,true,40,320,180,1200
world2_high_960,960,600,960,600,11,14.147000,0.091100,1.519900,true,40,320,180,1200
world2_high_960,960,600,960,600,12,14.630000,0.121500,1.469600,true,40,320,180,1200
world2_high_960,960,600,960,600,13,13.817000,0.084400,1.379600,true,40,320,180,1200
world2_high_960,960,600,960,600,14,13.521100,0.087900,1.521300,true,40,320,180,1200
world2_high_960,960,600,960,600,15,15.348900,0.095100,1.532200,true,40,320,180,1200
world2_high_960,960,600,960,600,16,13.988800,0.107100,1.443400,true,40,320,180,1200
world2_high_960,960,600,960,600,17,13.608000,0.092700,1.284000,true,40,320,180,1200
world2_high_960,960,600,960,600,18,13.992600,0.108500,1.716300,true,40,320,180,1200
world2_high_960,960,600,960,600,19,14.481800,0.083100,1.381700,true,40,320,180,1200
world2_high_960,960,600,960,600,20,14.368500,0.083300,1.332500,true,40,320,180,1200
world2_high_960,960,600,960,600,21,14.350400,0.129300,2.029700,true,40,320,180,1200
world2_high_960,960,600,960,600,22,14.192200,0.086200,1.359000,true,40,320,180,1200
world2_high_960,960,600,960,600,23,14.341200,0.086100,1.296900,true,40,320,180,1200
world2_high_960,960,600,960,600,24,14.818100,0.101500,1.856600,true,40,320,180,1200
world2_high_960,960,600,960,600,25,15.488200,0.086200,1.446100,true,40,320,180,1200
world2_high_960,960,600,960,600,26,15.821500,0.094500,1.544500,true,40,320,180,1200
world2_high_960,960,600,960,600,27,14.633100,0.118900,1.332300,true,40,320,180,1200
world2_high_960,960,600,960,600,28,13.933600,0.105200,1.508300,true,40,320,180,1200
world2_high_960,960,600,960,600,29,14.136300,0.083900,1.446200,true,40,320,180,1200
world2_high_960,960,600,960,600,30,14.170000,0.085600,1.359200,true,40,320,180,1200
world2_high_960,960,600,960,600,31,17.227900,0.103900,1.718000,true,40,320,180,1200
world2_high_960,960,600,960,600,32,18.948500,0.097600,1.455200,true,40,320,180,1200
world2_high_960,960,600,960,600,33,15.927700,0.083400,1.496700,true,40,320,180,1200
world2_high_960,960,600,960,600,34,14.978100,0.079100,1.329400,true,40,320,180,1200
world2_high_960,960,600,960,600,35,14.264200,0.096100,1.367900,true,40,320,180,1200
world2_high_960,960,600,960,600,36,14.677400,0.088400,1.661400,true,40,320,180,1200
world2_high_960,960,600,960,600,37,15.359900,0.085300,1.370600,true,40,320,180,1200
world2_high_960,960,600,960,600,38,14.287800,0.096000,1.314500,true,40,320,180,1200
world2_high_960,960,600,960,600,39,14.050500,0.088100,1.508100,true,40,320,180,1200
world2_high_960,960,600,960,600,40,13.987400,0.085300,1.335700,true,40,320,180,1200
world2_high_960,960,600,960,600,41,14.262200,0.119600,2.050800,true,40,320,180,1200
world2_high_960,960,600,960,600,42,18.594400,0.084400,1.349800,true,40,320,180,1200
world2_high_960,960,600,960,600,43,16.086500,0.118300,1.362300,true,40,320,180,1200
world2_high_960,960,600,960,600,44,14.783200,0.110900,1.449800,true,40,320,180,1200
world2_high_960,960,600,960,600,45,14.111400,0.097200,1.438000,true,40,320,180,1200
world2_high_960,960,600,960,600,46,16.609000,0.083200,1.335700,true,40,320,180,1200
world2_high_960,960,600,960,600,47,15.310600,0.093400,1.510400,true,40,320,180,1200
world2_high_960,960,600,960,600,48,15.371700,0.105100,1.438000,true,40,320,180,1200
world2_high_960,960,600,960,600,49,14.093300,0.085800,1.506400,true,40,320,180,1200
world2_high_960,960,600,960,600,50,16.438100,0.107100,1.632100,true,40,320,180,1200
world2_high_960,960,600,960,600,51,14.416200,0.080100,1.409800,true,40,320,180,1200
world2_high_960,960,600,960,600,52,14.065400,0.094500,1.291800,true,40,320,180,1200
world2_high_960,960,600,960,600,53,14.691300,0.088500,1.529200,true,40,320,180,1200
world2_high_960,960,600,960,600,54,15.984900,0.088100,1.388800,true,40,320,180,1200
world2_high_960,960,600,960,600,55,13.863800,0.084700,1.344000,true,40,320,180,1200
world2_high_960,960,600,960,600,56,13.781100,0.083900,1.493500,true,40,320,180,1200
world2_high_960,960,600,960,600,57,14.550600,0.077500,1.306200,true,40,320,180,1200
world2_high_960,960,600,960,600,58,18.198100,0.099400,1.505700,true,40,320,180,1200
world2_high_960,960,600,960,600,59,13.840800,0.085400,1.318100,true,40,320,180,1200
world2_high_960,960,600,960,600,60,14.982000,0.130800,1.414700,true,40,320,180,1200
world2_high_960,960,600,960,600,61,14.057100,0.097200,1.514500,true,40,320,180,1200
world2_high_960,960,600,960,600,62,14.303200,0.089900,1.579000,true,40,320,180,1200
world2_high_960,960,600,960,600,63,13.918500,0.081200,1.440900,true,40,320,180,1200
world2_high_960,960,600,960,600,64,13.965600,0.081300,1.293800,true,40,320,180,1200
world2_high_960,960,600,960,600,65,13.803300,0.104300,1.517700,true,40,320,180,1200
world2_high_960,960,600,960,600,66,13.873400,0.092700,1.423800,true,40,320,180,1200
world2_high_960,960,600,960,600,67,14.369100,0.096400,1.384500,true,40,320,180,1200
world2_high_960,960,600,960,600,68,14.560000,0.087300,1.602400,true,40,320,180,1200
world2_high_960,960,600,960,600,69,15.902500,0.090700,1.518500,true,40,320,180,1200
world2_high_960,960,600,960,600,70,14.380200,0.088200,1.307200,true,40,320,180,1200
world2_high_960,960,600,960,600,71,15.663300,0.090100,1.487700,true,40,320,180,1200
world2_high_960,960,600,960,600,72,15.379300,0.123800,1.742600,true,40,320,180,1200
world2_high_960,960,600,960,600,73,14.616000,0.092300,1.466400,true,40,320,180,1200
world2_high_960,960,600,960,600,74,15.937500,0.090400,1.564900,true,40,320,180,1200
world2_high_960,960,600,960,600,75,14.731100,0.099600,1.376000,true,40,320,180,1200
world2_high_960,960,600,960,600,76,14.364000,0.115800,1.470200,true,40,320,180,1200
world2_high_960,960,600,960,600,77,13.758700,0.085300,1.387000,true,40,320,180,1200
world2_high_960,960,600,960,600,78,14.904300,0.095800,1.359400,true,40,320,180,1200
world2_high_960,960,600,960,600,79,15.064800,0.166500,1.556200,true,40,320,180,1200
world2_high_960,960,600,960,600,80,17.245200,0.087300,1.342800,true,40,320,180,1200
world2_high_960,960,600,960,600,81,14.556900,0.093200,1.392100,true,40,320,180,1200
world2_high_960,960,600,960,600,82,14.221200,0.077400,1.270000,true,40,320,180,1200
world2_high_960,960,600,960,600,83,14.062000,0.098100,2.023000,true,40,320,180,1200
world2_high_960,960,600,960,600,84,14.749500,0.094600,1.574600,true,40,320,180,1200
world2_high_960,960,600,960,600,85,14.318000,0.085900,1.328100,true,40,320,180,1200
world2_high_960,960,600,960,600,86,13.936400,0.110700,1.602200,true,40,320,180,1200
world2_high_960,960,600,960,600,87,14.242800,0.093400,1.395600,true,40,320,180,1200
world2_high_960,960,600,960,600,88,14.248700,0.080800,1.292400,true,40,320,180,1200
world2_high_960,960,600,960,600,89,13.519500,0.092500,1.495100,true,40,320,180,1200
world2_high_960,960,600,960,600,90,14.868900,0.080900,1.578000,true,40,320,180,1200
world2_high_960,960,600,960,600,91,14.274200,0.094300,1.348500,true,40,320,180,1200
world2_high_960,960,600,960,600,92,14.047400,0.081100,1.455700,true,40,320,180,1200
world2_high_960,960,600,960,600,93,15.329300,0.087900,1.280500,true,40,320,180,1200
world2_high_960,960,600,960,600,94,15.694800,0.095400,1.472600,true,40,320,180,1200
world2_high_960,960,600,960,600,95,14.439700,0.101000,1.584700,true,40,320,180,1200
world2_high_960,960,600,960,600,96,13.985500,0.094900,1.441300,true,40,320,180,1200
world2_high_960,960,600,960,600,97,15.156700,0.096300,1.514600,true,40,320,180,1200
world2_high_960,960,600,960,600,98,13.967300,0.118800,1.821100,true,40,320,180,1200
world2_high_960,960,600,960,600,99,13.928900,0.085000,1.442800,true,40,320,180,1200
world2_high_960,960,600,960,600,100,14.039700,0.112300,2.392100,true,40,320,180,1200
world2_high_960,960,600,960,600,101,13.980300,0.099400,1.380600,true,40,320,180,1200
world2_high_960,960,600,960,600,102,14.515000,0.090300,1.554700,true,40,320,180,1200
world2_high_960,960,600,960,600,103,14.726400,0.098900,1.315900,true,40,320,180,1200
world2_high_960,960,600,960,600,104,14.417700,0.122000,2.018500,true,40,320,180,1200
world2_high_960,960,600,960,600,105,14.057300,0.096500,1.449500,true,40,320,180,1200
world2_high_600,600,400,600,375,0,13.394400,0.082800,2.519700,true,40,320,180,1200
world2_high_600,600,400,600,375,1,12.603600,0.092600,2.244300,true,40,320,180,1200
world2_high_600,600,400,600,375,2,12.915300,0.079000,2.377500,true,40,320,180,1200
world2_high_600,600,400,600,375,3,14.010900,0.075000,2.440900,true,40,320,180,1200
world2_high_600,600,400,600,375,4,12.845500,0.079700,2.220200,true,40,320,180,1200
world2_high_600,600,400,600,375,5,13.146700,0.081300,2.440800,true,40,320,180,1200
world2_high_600,600,400,600,375,6,13.809800,0.083600,2.208300,true,40,320,180,1200
world2_high_600,600,400,600,375,7,12.636500,0.104000,2.363300,true,40,320,180,1200
world2_high_600,600,400,600,375,8,14.038400,0.081000,2.443800,true,40,320,180,1200
world2_high_600,600,400,600,375,9,13.024100,0.099800,2.244100,true,40,320,180,1200
world2_high_600,600,400,600,375,10,14.683700,0.098200,2.370100,true,40,320,180,1200
world2_high_600,600,400,600,375,11,13.181500,0.084000,2.419600,true,40,320,180,1200
world2_high_600,600,400,600,375,12,13.823400,0.090900,2.227400,true,40,320,180,1200
world2_high_600,600,400,600,375,13,14.201700,0.098400,3.515500,true,40,320,180,1200
world2_high_600,600,400,600,375,14,13.363200,0.110400,2.864300,true,40,320,180,1200
world2_high_600,600,400,600,375,15,13.322700,0.078000,2.230500,true,40,320,180,1200
world2_high_600,600,400,600,375,16,13.976600,0.094000,2.253600,true,40,320,180,1200
world2_high_600,600,400,600,375,17,13.364500,0.090100,2.994600,true,40,320,180,1200
world2_high_600,600,400,600,375,18,13.784900,0.088200,2.560500,true,40,320,180,1200
world2_high_600,600,400,600,375,19,14.666000,0.095900,2.424100,true,40,320,180,1200
world2_high_600,600,400,600,375,20,13.838400,0.082700,2.249700,true,40,320,180,1200
world2_high_600,600,400,600,375,21,13.963800,0.101600,2.868100,true,40,320,180,1200
world2_high_600,600,400,600,375,22,14.696900,0.087300,2.253700,true,40,320,180,1200
world2_high_600,600,400,600,375,23,13.433700,0.082800,2.360900,true,40,320,180,1200
world2_high_600,600,400,600,375,24,15.211600,0.080700,2.399300,true,40,320,180,1200
world2_high_600,600,400,600,375,25,12.987000,0.107800,2.273900,true,40,320,180,1200
world2_high_600,600,400,600,375,26,13.628100,0.097900,3.196700,true,40,320,180,1200
world2_high_600,600,400,600,375,27,14.665200,0.082800,2.499400,true,40,320,180,1200
world2_high_600,600,400,600,375,28,13.833400,0.090400,2.406000,true,40,320,180,1200
world2_high_600,600,400,600,375,29,13.192600,0.119400,2.522500,true,40,320,180,1200
world2_high_600,600,400,600,375,30,14.119200,0.082400,2.811200,true,40,320,180,1200
world2_high_600,600,400,600,375,31,14.702000,0.085000,2.902800,true,40,320,180,1200
world2_high_600,600,400,600,375,32,14.349500,0.087600,3.059600,true,40,320,180,1200
world2_high_600,600,400,600,375,33,14.226700,0.082200,2.717700,true,40,320,180,1200
world2_high_600,600,400,600,375,34,14.239400,0.077300,2.284200,true,40,320,180,1200
world2_high_600,600,400,600,375,35,15.835300,0.080500,2.243000,true,40,320,180,1200
world2_high_600,600,400,600,375,36,15.170600,0.097600,2.726500,true,40,320,180,1200
world2_high_600,600,400,600,375,37,15.132600,0.094700,2.318900,true,40,320,180,1200
world2_high_600,600,400,600,375,38,14.389900,0.100000,3.287600,true,40,320,180,1200
world2_high_600,600,400,600,375,39,15.884200,0.148000,2.290400,true,40,320,180,1200
world2_high_600,600,400,600,375,40,14.540600,0.132700,2.371300,true,40,320,180,1200
world2_high_600,600,400,600,375,41,13.399700,0.083400,2.679400,true,40,320,180,1200
world2_high_600,600,400,600,375,42,14.384800,0.095000,2.288800,true,40,320,180,1200
world2_high_600,600,400,600,375,43,15.648600,0.103500,2.548200,true,40,320,180,1200
world2_high_600,600,400,600,375,44,15.322800,0.093000,2.450800,true,40,320,180,1200
world2_high_600,600,400,600,375,45,15.109500,0.095100,2.561700,true,40,320,180,1200
world2_high_600,600,400,600,375,46,13.596900,0.094300,2.431600,true,40,320,180,1200
world2_high_600,600,400,600,375,47,13.310900,0.085300,2.481000,true,40,320,180,1200
world2_high_600,600,400,600,375,48,13.781100,0.076800,2.403400,true,40,320,180,1200
world2_high_600,600,400,600,375,49,13.297300,0.085900,2.241900,true,40,320,180,1200
world2_high_600,600,400,600,375,50,13.828500,0.085200,2.721600,true,40,320,180,1200
world2_high_600,600,400,600,375,51,13.566100,0.083700,2.235200,true,40,320,180,1200
world2_high_600,600,400,600,375,52,14.639400,0.088600,2.429900,true,40,320,180,1200
world2_high_600,600,400,600,375,53,18.590300,0.092400,2.468300,true,40,320,180,1200
world2_high_600,600,400,600,375,54,13.720400,0.096500,2.394000,true,40,320,180,1200
world2_high_600,600,400,600,375,55,14.579600,0.106300,2.361300,true,40,320,180,1200
world2_high_600,600,400,600,375,56,14.448100,0.092900,2.347500,true,40,320,180,1200
world2_high_600,600,400,600,375,57,13.802200,0.082500,2.466900,true,40,320,180,1200
world2_high_600,600,400,600,375,58,12.935600,0.083600,2.369600,true,40,320,180,1200
world2_high_600,600,400,600,375,59,13.342400,0.090600,2.236300,true,40,320,180,1200
world2_high_600,600,400,600,375,60,13.544700,0.097200,2.456200,true,40,320,180,1200
world2_high_600,600,400,600,375,61,12.872000,0.150600,2.632000,true,40,320,180,1200
world2_high_600,600,400,600,375,62,13.518700,0.226800,2.442300,true,40,320,180,1200
world2_high_600,600,400,600,375,63,13.301000,0.097500,2.438500,true,40,320,180,1200
world2_high_600,600,400,600,375,64,13.292800,0.102000,2.251900,true,40,320,180,1200
world2_high_600,600,400,600,375,65,13.771600,0.093900,2.483500,true,40,320,180,1200
world2_high_600,600,400,600,375,66,14.083800,0.102300,2.545000,true,40,320,180,1200
world2_high_600,600,400,600,375,67,14.957400,0.093400,2.358800,true,40,320,180,1200
world2_high_600,600,400,600,375,68,14.173100,0.111300,2.251100,true,40,320,180,1200
world2_high_600,600,400,600,375,69,13.397300,0.132200,3.233700,true,40,320,180,1200
world2_high_600,600,400,600,375,70,13.323100,0.086900,2.523200,true,40,320,180,1200
world2_high_600,600,400,600,375,71,13.292000,0.081500,2.240200,true,40,320,180,1200
world2_high_600,600,400,600,375,72,13.252600,0.118900,3.691900,true,40,320,180,1200
world2_high_600,600,400,600,375,73,13.212100,0.082900,2.695400,true,40,320,180,1200
world2_high_600,600,400,600,375,74,13.119100,0.084900,2.362700,true,40,320,180,1200
world2_high_600,600,400,600,375,75,14.058100,0.090600,2.236300,true,40,320,180,1200
world2_high_600,600,400,600,375,76,13.367300,0.089800,2.499900,true,40,320,180,1200
world2_high_600,600,400,600,375,77,13.386800,0.076500,2.230400,true,40,320,180,1200
world2_high_600,600,400,600,375,78,13.293800,0.090800,2.351600,true,40,320,180,1200
world2_high_600,600,400,600,375,79,12.772400,0.085500,2.267300,true,40,320,180,1200
world2_high_600,600,400,600,375,80,13.778500,0.083600,2.217900,true,40,320,180,1200
world2_high_600,600,400,600,375,81,12.907100,0.099800,2.426400,true,40,320,180,1200
world2_high_600,600,400,600,375,82,13.483700,0.081500,2.402700,true,40,320,180,1200
world2_high_600,600,400,600,375,83,13.081200,0.100900,2.464300,true,40,320,180,1200
world2_high_600,600,400,600,375,84,13.598000,0.084600,2.417000,true,40,320,180,1200
world2_high_600,600,400,600,375,85,13.362100,0.086700,2.422600,true,40,320,180,1200
world2_high_600,600,400,600,375,86,14.257800,0.086800,2.261500,true,40,320,180,1200
world2_high_600,600,400,600,375,87,13.250900,0.088600,2.505100,true,40,320,180,1200
world2_high_600,600,400,600,375,88,14.876500,0.096400,2.826300,true,40,320,180,1200
world2_high_600,600,400,600,375,89,13.758900,0.089800,2.438900,true,40,320,180,1200
world2_high_600,600,400,600,375,90,14.415100,0.093200,2.256900,true,40,320,180,1200
world2_high_600,600,400,600,375,91,14.521100,0.120800,2.966700,true,40,320,180,1200
world2_high_600,600,400,600,375,92,14.333500,0.094700,2.336500,true,40,320,180,1200
world2_high_600,600,400,600,375,93,15.151400,0.110400,3.367700,true,40,320,180,1200
world2_high_600,600,400,600,375,94,14.070000,0.106200,3.743500,true,40,320,180,1200
world2_high_600,600,400,600,375,95,15.261000,0.091500,2.694700,true,40,320,180,1200
world2_high_600,600,400,600,375,96,14.148500,0.081800,2.526300,true,40,320,180,1200
world2_high_600,600,400,600,375,97,14.140600,0.113800,2.295600,true,40,320,180,1200
world2_high_600,600,400,600,375,98,14.748900,0.084300,2.238100,true,40,320,180,1200
world2_high_600,600,400,600,375,99,15.053500,0.133500,2.695000,true,40,320,180,1200
world2_high_600,600,400,600,375,100,13.823800,0.096900,2.243700,true,40,320,180,1200
world2_high_600,600,400,600,375,101,14.637200,0.095600,3.104900,true,40,320,180,1200
world2_high_600,600,400,600,375,102,14.976700,0.080500,2.259800,true,40,320,180,1200
world2_high_600,600,400,600,375,103,14.320400,0.082600,2.412600,true,40,320,180,1200
world2_high_600,600,400,600,375,104,14.396800,0.110400,2.484000,true,40,320,180,1200
world2_high_1280,1280,800,1280,800,0,13.797300,0.092300,9.981500,true,40,320,180,1200
world2_high_1280,1280,800,1280,800,1,13.361700,0.104800,10.397700,true,40,320,180,1200
world2_high_1280,1280,800,1280,800,2,14.395100,0.101500,10.974700,true,40,320,180,1200
world2_high_1280,1280,800,1280,800,3,14.425900,0.171200,11.134600,true,40,320,180,1200
world2_high_1280,1280,800,1280,800,4,13.693900,0.107100,10.187900,true,40,320,180,1200
world2_high_1280,1280,800,1280,800,5,12.971600,0.078000,10.014200,true,40,320,180,1200
world2_high_1280,1280,800,1280,800,6,18.807900,0.089500,10.750500,true,40,320,180,1200
world2_high_1280,1280,800,1280,800,7,14.449500,0.087900,10.601600,true,40,320,180,1200
world2_high_1280,1280,800,1280,800,8,13.606100,0.118200,10.858700,true,40,320,180,1200
world2_high_1280,1280,800,1280,800,9,13.096700,0.123500,12.561600,true,40,320,180,1200
world2_high_1280,1280,800,1280,800,10,13.534000,0.085200,9.917800,true,40,320,180,1200
world2_high_1280,1280,800,1280,800,11,13.721300,0.089000,9.920100,true,40,320,180,1200
world2_high_1280,1280,800,1280,800,12,14.093200,0.090300,10.783000,true,40,320,180,1200
world2_high_1280,1280,800,1280,800,13,13.845700,0.083300,10.324000,true,40,320,180,1200
world2_high_1280,1280,800,1280,800,14,14.776800,0.083000,9.935800,true,40,320,180,1200
world2_high_1280,1280,800,1280,800,15,13.309000,0.075900,9.954400,true,40,320,180,1200
world2_high_1280,1280,800,1280,800,16,13.059700,0.076700,9.868400,true,40,320,180,1200
world2_high_1280,1280,800,1280,800,17,14.347000,0.092700,9.847300,true,40,320,180,1200
world2_high_1280,1280,800,1280,800,18,13.040300,0.083400,10.830500,true,40,320,180,1200
world2_high_1280,1280,800,1280,800,19,14.039800,0.106600,10.253100,true,40,320,180,1200
world2_high_1280,1280,800,1280,800,20,13.909800,0.085800,10.043900,true,40,320,180,1200
world2_high_1280,1280,800,1280,800,21,18.539700,0.093200,9.946800,true,40,320,180,1200
world2_high_1280,1280,800,1280,800,22,14.562600,0.090900,10.234300,true,40,320,180,1200
world2_high_1280,1280,800,1280,800,23,13.167900,0.092800,10.343300,true,40,320,180,1200
world2_high_1280,1280,800,1280,800,24,21.240600,0.096900,13.668000,true,40,320,180,1200
world2_high_1280,1280,800,1280,800,25,13.719400,0.111500,10.648300,true,40,320,180,1200
world2_high_1280,1280,800,1280,800,26,16.763400,0.101100,12.134300,true,40,320,180,1200
world2_high_1280,1280,800,1280,800,27,14.513900,0.115300,11.132800,true,40,320,180,1200
world2_high_1280,1280,800,1280,800,28,14.217300,0.121400,11.876100,true,40,320,180,1200
world2_high_1280,1280,800,1280,800,29,13.681500,0.074200,9.931700,true,40,320,180,1200
world2_high_1280,1280,800,1280,800,30,14.232700,0.079500,10.013400,true,40,320,180,1200
world2_high_1280,1280,800,1280,800,31,13.591100,0.113800,9.824900,true,40,320,180,1200
world2_high_1280,1280,800,1280,800,32,14.084700,0.087700,12.401200,true,40,320,180,1200
world2_high_1280,1280,800,1280,800,33,15.378500,0.099700,11.255500,true,40,320,180,1200
world2_high_1280,1280,800,1280,800,34,14.290300,0.084700,10.541600,true,40,320,180,1200
world2_high_1280,1280,800,1280,800,35,15.426200,0.108500,10.941300,true,40,320,180,1200
world2_high_1280,1280,800,1280,800,36,15.476100,0.118600,12.043900,true,40,320,180,1200
world2_high_1280,1280,800,1280,800,37,15.717500,0.088900,11.585100,true,40,320,180,1200
world2_high_1280,1280,800,1280,800,38,15.919900,0.141100,13.127200,true,40,320,180,1200
world2_high_1280,1280,800,1280,800,39,15.880100,0.144000,12.863800,true,40,320,180,1200
world2_high_1280,1280,800,1280,800,40,15.837100,0.075000,12.166400,true,40,320,180,1200
world2_high_1280,1280,800,1280,800,41,16.387200,0.125300,12.745800,true,40,320,180,1200
world2_high_1280,1280,800,1280,800,42,16.228800,0.089700,11.749000,true,40,320,180,1200
world2_high_1280,1280,800,1280,800,43,14.625600,0.096200,10.311700,true,40,320,180,1200
world2_high_1280,1280,800,1280,800,44,15.858700,0.119100,12.971800,true,40,320,180,1200
world2_high_1280,1280,800,1280,800,45,16.211600,0.102600,12.106100,true,40,320,180,1200
world2_high_1280,1280,800,1280,800,46,16.590600,0.095500,12.226700,true,40,320,180,1200
world2_high_1280,1280,800,1280,800,47,17.096300,0.134800,12.904400,true,40,320,180,1200
world2_high_1280,1280,800,1280,800,48,16.848100,0.100700,11.043100,true,40,320,180,1200
world2_high_1280,1280,800,1280,800,49,16.291100,0.113300,13.297700,true,40,320,180,1200
world2_high_1280,1280,800,1280,800,50,16.929800,0.117100,10.920700,true,40,320,180,1200
world2_high_1280,1280,800,1280,800,51,17.510100,0.104300,10.776100,true,40,320,180,1200
world2_high_1280,1280,800,1280,800,52,15.155000,0.102900,12.880800,true,40,320,180,1200
world2_high_1280,1280,800,1280,800,53,17.431200,0.101800,11.141300,true,40,320,180,1200
world2_high_1280,1280,800,1280,800,54,17.009700,0.091300,12.761500,true,40,320,180,1200
world2_high_1280,1280,800,1280,800,55,16.240700,0.082500,10.287600,true,40,320,180,1200
world2_high_1280,1280,800,1280,800,56,13.268600,0.096200,10.159300,true,40,320,180,1200
world2_high_1280,1280,800,1280,800,57,13.466000,0.080500,9.947900,true,40,320,180,1200
world2_high_1280,1280,800,1280,800,58,13.699200,0.088800,10.070900,true,40,320,180,1200
world2_high_1280,1280,800,1280,800,59,13.000900,0.102400,9.992900,true,40,320,180,1200
world2_high_1280,1280,800,1280,800,60,13.684900,0.089600,10.098400,true,40,320,180,1200
world2_high_1280,1280,800,1280,800,61,17.159000,0.119000,10.245700,true,40,320,180,1200
world2_high_1280,1280,800,1280,800,62,13.693400,0.093200,10.024600,true,40,320,180,1200
world2_high_1280,1280,800,1280,800,63,13.811200,0.168600,13.201600,true,40,320,180,1200
world2_high_1280,1280,800,1280,800,64,14.515500,0.086600,9.964400,true,40,320,180,1200
world2_high_1280,1280,800,1280,800,65,14.661900,0.083900,11.114200,true,40,320,180,1200
world2_high_1280,1280,800,1280,800,66,15.032400,0.092200,10.358700,true,40,320,180,1200
world4_normal_960,960,600,960,600,0,8.813800,0.070500,1.247000,true,6,32,12,120
world4_normal_960,960,600,960,600,1,9.326300,0.075200,1.825700,true,6,32,12,120
world4_normal_960,960,600,960,600,2,8.642700,0.085600,1.783300,true,6,32,12,120
world4_normal_960,960,600,960,600,3,8.796900,0.066800,1.339300,true,6,32,12,120
world4_normal_960,960,600,960,600,4,8.892500,0.085400,1.730000,true,6,32,12,120
world4_normal_960,960,600,960,600,5,8.497500,0.084200,1.785300,true,6,32,12,120
world4_normal_960,960,600,960,600,6,8.952900,0.084700,1.737700,true,6,32,12,120
world4_normal_960,960,600,960,600,7,8.339300,0.084500,1.407500,true,6,32,12,120
world4_normal_960,960,600,960,600,8,8.644800,0.077600,1.228100,true,6,32,12,120
world4_normal_960,960,600,960,600,9,8.942600,0.070100,1.382200,true,6,32,12,120
world4_normal_960,960,600,960,600,10,8.748000,0.069200,1.696500,true,6,32,12,120
world4_normal_960,960,600,960,600,11,8.714800,0.071400,1.215600,true,6,32,12,120
world4_normal_960,960,600,960,600,12,8.677900,0.077500,1.386700,true,6,32,12,120
world4_normal_960,960,600,960,600,13,8.618900,0.090600,1.346000,true,6,32,12,120
world4_normal_960,960,600,960,600,14,9.455300,0.091700,1.353600,true,6,32,12,120
world4_normal_960,960,600,960,600,15,9.249800,0.098800,1.402200,true,6,32,12,120
world4_normal_960,960,600,960,600,16,9.376000,0.091100,1.340900,true,6,32,12,120
world4_normal_960,960,600,960,600,17,8.513000,0.087900,1.434800,true,6,32,12,120
world4_normal_960,960,600,960,600,18,9.445500,0.101200,1.669400,true,6,32,12,120
world4_normal_960,960,600,960,600,19,9.092200,0.077600,1.495900,true,6,32,12,120
world4_normal_960,960,600,960,600,20,8.674500,0.106900,1.612000,true,6,32,12,120
world4_normal_960,960,600,960,600,21,8.707400,0.086300,1.307200,true,6,32,12,120
world4_normal_960,960,600,960,600,22,8.994100,0.064900,1.234100,true,6,32,12,120
world4_normal_960,960,600,960,600,23,9.233300,0.110500,1.337600,true,6,32,12,120
world4_normal_960,960,600,960,600,24,8.639500,0.077200,1.180200,true,6,32,12,120
world4_normal_960,960,600,960,600,25,8.523800,0.109000,1.407900,true,6,32,12,120
world4_normal_960,960,600,960,600,26,8.685800,0.066300,1.224700,true,6,32,12,120
world4_normal_960,960,600,960,600,27,8.526900,0.063600,1.221300,true,6,32,12,120
world4_normal_960,960,600,960,600,28,8.880300,0.071000,1.727600,true,6,32,12,120
world4_normal_960,960,600,960,600,29,8.969800,0.071400,1.204700,true,6,32,12,120
world4_normal_960,960,600,960,600,30,8.929600,0.083800,1.568200,true,6,32,12,120
world4_normal_960,960,600,960,600,31,8.537800,0.069300,1.427900,true,6,32,12,120
world4_normal_960,960,600,960,600,32,8.731000,0.076100,1.392400,true,6,32,12,120
world4_normal_960,960,600,960,600,33,8.745100,0.101200,1.371300,true,6,32,12,120
world4_normal_960,960,600,960,600,34,8.943500,0.070400,1.673600,true,6,32,12,120
world4_normal_960,960,600,960,600,35,8.605400,0.072800,1.378200,true,6,32,12,120
world4_normal_960,960,600,960,600,36,9.188300,0.074900,1.399600,true,6,32,12,120
world4_normal_960,960,600,960,600,37,9.196700,0.088200,1.735300,true,6,32,12,120
world4_normal_960,960,600,960,600,38,8.727300,0.069600,1.386400,true,6,32,12,120
world4_normal_960,960,600,960,600,39,8.580300,0.073300,1.349100,true,6,32,12,120
world4_normal_960,960,600,960,600,40,8.906400,0.070300,1.243800,true,6,32,12,120
world4_normal_960,960,600,960,600,41,8.835700,0.059900,1.206800,true,6,32,12,120
world4_normal_960,960,600,960,600,42,8.832500,0.067600,1.446100,true,7,32,12,120
world4_normal_960,960,600,960,600,43,8.698800,0.067100,1.438000,true,6,32,12,120
world4_normal_960,960,600,960,600,44,8.805300,0.101600,1.376800,true,6,32,12,120
world4_normal_960,960,600,960,600,45,8.645200,0.082900,1.777000,true,6,32,13,120
world4_normal_960,960,600,960,600,46,8.785100,0.087400,1.335700,true,6,32,12,120
world4_normal_960,960,600,960,600,47,9.410100,0.075000,1.218600,true,6,32,12,120
world4_normal_960,960,600,960,600,48,8.814600,0.061500,1.245000,true,6,32,12,120
world4_normal_960,960,600,960,600,49,8.584600,0.062300,1.190500,true,6,32,13,120
world4_normal_960,960,600,960,600,50,8.866000,0.071500,1.199100,true,6,32,12,120
world4_normal_960,960,600,960,600,51,8.855100,0.075400,1.355300,true,6,32,12,120
world4_normal_960,960,600,960,600,52,8.560600,0.062400,1.740800,true,6,32,12,120
world4_normal_960,960,600,960,600,53,8.536100,0.064400,1.205400,true,6,32,12,120
world4_normal_960,960,600,960,600,54,8.961600,0.062100,1.232200,true,6,32,12,120
world4_normal_960,960,600,960,600,55,8.451800,0.066500,1.227300,true,6,32,12,120
world4_normal_960,960,600,960,600,56,9.129500,0.072100,1.595300,true,6,32,12,120
world4_normal_960,960,600,960,600,57,8.439200,0.099800,1.632700,true,6,32,12,120
world4_normal_960,960,600,960,600,58,9.167800,0.066200,1.313400,true,6,32,12,120
world4_normal_960,960,600,960,600,59,8.643100,0.076000,1.316600,true,6,32,12,120
world4_normal_960,960,600,960,600,60,8.544400,0.076200,1.375500,true,6,32,12,120
world4_normal_960,960,600,960,600,61,11.298300,0.101100,1.318300,true,6,32,12,120
world4_normal_960,960,600,960,600,62,8.748700,0.079800,1.327200,true,6,32,12,120
world4_normal_960,960,600,960,600,63,8.482800,0.065200,1.345000,true,6,32,12,120
world4_normal_960,960,600,960,600,64,8.805800,0.066100,1.310600,true,6,32,12,120
world4_normal_960,960,600,960,600,65,8.803300,0.061900,1.188800,true,6,32,12,120
world4_normal_960,960,600,960,600,66,9.102000,0.059400,1.206300,true,6,32,12,120
world4_normal_960,960,600,960,600,67,8.654100,0.072600,1.219600,true,6,32,12,120
world4_normal_960,960,600,960,600,68,8.572400,0.073300,1.287100,true,6,32,12,120
world4_normal_960,960,600,960,600,69,8.429000,0.062900,1.178000,true,6,32,12,120
world4_normal_960,960,600,960,600,70,8.873200,0.080800,1.287400,true,6,32,12,120
world4_normal_960,960,600,960,600,71,8.559000,0.059600,1.200100,true,6,32,12,120
world4_normal_960,960,600,960,600,72,8.860000,0.073600,1.402000,true,6,32,12,120
world4_normal_960,960,600,960,600,73,8.349800,0.069000,1.207100,true,6,32,12,120
world4_normal_960,960,600,960,600,74,8.593100,0.071200,1.706600,true,6,32,12,120
world4_normal_960,960,600,960,600,75,9.694500,0.090300,1.324700,true,6,32,12,120
world4_normal_960,960,600,960,600,76,9.078100,0.083200,1.461000,true,6,32,12,120
world4_normal_960,960,600,960,600,77,8.402300,0.103300,1.475900,true,6,32,13,120
world4_normal_960,960,600,960,600,78,8.570000,0.091900,1.388600,true,6,32,12,120
world4_normal_960,960,600,960,600,79,8.770000,0.073300,1.355600,true,6,32,12,120
world4_normal_960,960,600,960,600,80,9.150000,0.086200,1.242800,true,6,32,12,120
world4_normal_960,960,600,960,600,81,8.777500,0.056200,1.200100,true,6,32,12,120
world4_normal_960,960,600,960,600,82,8.751100,0.072900,1.254900,true,6,32,12,120
world4_normal_960,960,600,960,600,83,8.372400,0.078200,1.474700,true,6,32,12,120
world4_normal_960,960,600,960,600,84,9.172400,0.059000,1.208500,true,6,32,12,120
world4_normal_960,960,600,960,600,85,8.324400,0.066800,1.365300,true,6,32,12,120
world4_normal_960,960,600,960,600,86,9.545300,0.074800,1.236200,true,6,32,12,120
world4_normal_960,960,600,960,600,87,8.292900,0.059900,1.216300,true,6,32,12,120
world4_normal_960,960,600,960,600,88,8.482300,0.071900,1.288900,true,6,32,12,120
world4_normal_960,960,600,960,600,89,8.932500,0.067200,1.455200,true,6,32,12,120
world4_normal_960,960,600,960,600,90,8.592400,0.058100,1.212700,true,6,32,12,120
world4_normal_960,960,600,960,600,91,8.591800,0.057400,1.177900,true,6,32,12,120
world4_normal_960,960,600,960,600,92,8.485200,0.072300,1.491900,true,6,32,12,120
world4_normal_960,960,600,960,600,93,8.723600,0.063600,1.201900,true,6,32,12,120
world4_normal_960,960,600,960,600,94,8.798000,0.065300,1.250500,true,6,32,12,120
world4_normal_960,960,600,960,600,95,8.301100,0.076900,1.476000,true,6,32,12,120
world4_normal_960,960,600,960,600,96,8.940700,0.069300,1.364800,true,6,32,12,120
world4_normal_960,960,600,960,600,97,8.788200,0.075000,1.308900,true,6,32,12,120
world4_normal_960,960,600,960,600,98,9.223100,0.067300,1.212100,true,6,32,12,120
world4_normal_960,960,600,960,600,99,8.284500,0.065000,1.194700,true,6,32,12,120
world4_normal_960,960,600,960,600,100,8.484500,0.069900,1.313900,true,6,32,12,120
world4_normal_960,960,600,960,600,101,8.680800,0.079300,1.236500,true,6,32,12,120
world4_normal_960,960,600,960,600,102,8.759200,0.057900,1.199400,true,6,32,12,120
world4_normal_960,960,600,960,600,103,8.474300,0.072100,1.330800,true,6,32,12,120
world4_normal_960,960,600,960,600,104,8.821700,0.079100,1.491700,true,6,32,12,120
world4_normal_960,960,600,960,600,105,8.469900,0.085900,1.729700,true,6,32,12,120
world4_normal_960,960,600,960,600,106,8.648800,0.074700,1.362400,true,6,32,12,120
world4_normal_960,960,600,960,600,107,8.786000,0.095000,1.313700,true,6,32,12,120
world4_normal_960,960,600,960,600,108,9.107400,0.086500,1.425900,true,6,32,12,120
world4_normal_960,960,600,960,600,109,19.010300,0.089300,1.211500,true,6,32,12,120
world4_normal_960,960,600,960,600,110,10.423100,0.082200,1.441400,true,6,32,12,120
world4_normal_960,960,600,960,600,111,9.848200,0.091500,1.219800,true,6,32,12,120
world4_normal_960,960,600,960,600,112,10.546300,0.073900,1.256400,true,6,32,12,120
world4_normal_960,960,600,960,600,113,10.668100,0.086800,1.239600,true,6,32,12,120
world4_normal_960,960,600,960,600,114,9.715500,0.078900,1.535400,true,6,32,12,120
world4_normal_960,960,600,960,600,115,9.666100,0.069100,1.474900,true,6,32,12,120
world4_normal_960,960,600,960,600,116,9.700900,0.075600,1.549400,true,6,32,12,120
world4_normal_960,960,600,960,600,117,9.695800,0.074500,1.482600,true,6,32,12,120
world4_normal_960,960,600,960,600,118,9.942500,0.080100,1.388600,true,6,32,12,120
world4_normal_960,960,600,960,600,119,9.602100,0.073500,1.452000,true,6,32,12,120
world4_normal_960,960,600,960,600,120,9.895000,0.078100,1.233800,true,7,32,12,120
world4_normal_960,960,600,960,600,121,9.750500,0.080800,1.306900,true,6,32,12,120
world4_normal_960,960,600,960,600,122,9.584400,0.073800,1.500500,true,6,32,12,120
world4_normal_960,960,600,960,600,123,9.462100,0.076700,1.496300,true,6,32,12,120
world4_normal_960,960,600,960,600,124,11.015800,0.087600,1.342200,true,6,32,12,120
world4_normal_960,960,600,960,600,125,9.701300,0.093300,1.486300,true,6,32,12,120
world4_normal_960,960,600,960,600,126,9.937100,0.093800,1.378700,true,6,32,12,120
world4_normal_960,960,600,960,600,127,9.627500,0.067700,1.262100,true,6,32,12,120
world4_normal_960,960,600,960,600,128,9.719000,0.078500,1.224200,true,6,32,12,120
world4_normal_960,960,600,960,600,129,10.756300,0.075400,1.227500,true,6,32,12,120
world4_normal_960,960,600,960,600,130,11.611900,0.071600,1.231500,true,6,32,12,120
world4_normal_960,960,600,960,600,131,10.447000,0.083600,1.249400,true,6,32,12,120
world4_normal_960,960,600,960,600,132,11.229000,0.081500,1.224100,true,6,32,12,120
world4_normal_960,960,600,960,600,133,10.104000,0.076700,1.227800,true,6,32,12,120
world4_normal_960,960,600,960,600,134,10.596000,0.074300,1.246900,true,6,32,12,120
world4_normal_960,960,600,960,600,135,11.431400,0.097000,1.450400,true,6,32,12,120
world4_normal_960,960,600,960,600,136,10.319300,0.070400,1.245600,true,6,32,12,120
world4_normal_960,960,600,960,600,137,10.453900,0.075500,1.325900,true,6,32,12,120
world4_normal_960,960,600,960,600,138,10.158800,0.083300,1.430300,true,6,32,12,120
world4_normal_960,960,600,960,600,139,9.741000,0.081300,1.605300,true,6,32,12,120
world4_normal_960,960,600,960,600,140,10.015100,0.082800,1.435000,true,6,32,12,120
world4_normal_960,960,600,960,600,141,9.832800,0.072400,1.520900,true,6,32,12,120
world4_normal_960,960,600,960,600,142,12.585400,0.075000,1.245000,true,6,32,12,120
world4_normal_960,960,600,960,600,143,10.402500,0.080900,1.271000,true,6,32,12,120
world4_normal_960,960,600,960,600,144,11.483900,0.089400,1.251500,true,6,32,12,120
world4_normal_960,960,600,960,600,145,10.829100,0.073400,1.228800,true,6,32,12,120
world4_normal_960,960,600,960,600,146,10.708100,0.087300,1.478300,true,6,32,12,120
world4_normal_960,960,600,960,600,147,10.577200,0.092000,1.277000,true,6,32,12,120
world4_normal_960,960,600,960,600,148,10.507200,0.083800,1.530600,true,6,32,12,120
world4_normal_960,960,600,960,600,149,11.087900,0.072500,1.224400,true,6,32,12,120
world4_normal_960,960,600,960,600,150,12.618800,0.072500,1.362600,true,6,32,12,120
world4_normal_960,960,600,960,600,151,10.647300,0.069100,1.233700,true,6,32,12,120
world4_normal_960,960,600,960,600,152,11.105700,0.077300,1.256900,true,6,32,12,120
world4_normal_960,960,600,960,600,153,12.137800,0.083900,1.386000,true,6,32,12,120
world4_normal_960,960,600,960,600,154,10.832200,0.084700,1.277700,true,6,32,12,120
world4_normal_960,960,600,960,600,155,8.743200,0.063900,1.198500,true,6,32,13,120
world4_normal_960,960,600,960,600,156,8.856600,0.064300,1.422500,true,6,32,12,120
world4_normal_960,960,600,960,600,157,8.396900,0.070500,1.269300,true,6,32,12,120
world4_normal_960,960,600,960,600,158,8.599600,0.071200,1.413900,true,6,32,12,120
world4_normal_960,960,600,960,600,159,8.707900,0.095400,1.387200,true,6,32,13,120
world4_normal_960,960,600,960,600,160,9.147900,0.097900,1.469100,true,6,32,12,120
world4_normal_960,960,600,960,600,161,8.489800,0.060200,1.194900,true,6,32,12,120
world4_normal_600,600,400,600,375,0,9.137400,0.071900,2.209200,true,6,32,12,120
world4_normal_600,600,400,600,375,1,9.481300,0.073800,2.206100,true,6,32,12,120
world4_normal_600,600,400,600,375,2,8.900300,0.090900,2.474000,true,6,32,12,120
world4_normal_600,600,400,600,375,3,9.304100,0.089100,2.239900,true,6,32,12,120
world4_normal_600,600,400,600,375,4,8.955500,0.085600,2.700000,true,6,32,12,120
world4_normal_600,600,400,600,375,5,10.416500,0.084800,2.204700,true,6,32,12,120
world4_normal_600,600,400,600,375,6,8.976200,0.105500,2.250000,true,6,32,12,120
world4_normal_600,600,400,600,375,7,9.678700,0.098800,2.328300,true,6,32,12,120
world4_normal_600,600,400,600,375,8,8.811800,0.084700,2.374300,true,6,32,12,120
world4_normal_600,600,400,600,375,9,9.007000,0.092700,2.471200,true,6,32,12,120
world4_normal_600,600,400,600,375,10,8.806400,0.081200,2.360600,true,6,32,12,120
world4_normal_600,600,400,600,375,11,9.257200,0.069600,2.391100,true,6,32,12,120
world4_normal_600,600,400,600,375,12,9.902200,0.080600,2.442700,true,6,32,12,120
world4_normal_600,600,400,600,375,13,9.101600,0.074200,2.485000,true,6,32,12,120
world4_normal_600,600,400,600,375,14,8.617500,0.072900,2.358800,true,6,32,12,120
world4_normal_600,600,400,600,375,15,9.347400,0.078500,2.211500,true,6,32,12,120
world4_normal_600,600,400,600,375,16,8.938200,0.066000,2.188900,true,6,32,12,120
world4_normal_600,600,400,600,375,17,9.207500,0.076300,2.189600,true,6,32,12,120
world4_normal_600,600,400,600,375,18,8.705100,0.079300,2.457000,true,6,32,12,120
world4_normal_600,600,400,600,375,19,9.096700,0.085400,2.427700,true,6,32,12,120
world4_normal_600,600,400,600,375,20,8.942800,0.072300,2.451500,true,6,32,12,120
world4_normal_600,600,400,600,375,21,9.485000,0.097100,2.434600,true,6,32,12,120
world4_normal_600,600,400,600,375,22,9.036400,0.062200,2.667400,true,6,32,12,120
world4_normal_600,600,400,600,375,23,9.034100,0.068600,2.344900,true,6,32,12,120
world4_normal_600,600,400,600,375,24,8.707200,0.081000,2.319200,true,6,32,12,120
world4_normal_600,600,400,600,375,25,9.388400,0.088900,2.340500,true,6,32,12,120
world4_normal_600,600,400,600,375,26,9.009800,0.069100,2.242200,true,6,32,12,120
world4_normal_600,600,400,600,375,27,8.990000,0.084100,2.366000,true,6,32,12,120
world4_normal_600,600,400,600,375,28,8.919700,0.089200,2.296600,true,6,32,12,120
world4_normal_600,600,400,600,375,29,9.245500,0.084900,2.196000,true,6,32,12,120
world4_normal_600,600,400,600,375,30,8.376400,0.090600,2.455600,true,6,32,12,120
world4_normal_600,600,400,600,375,31,8.920900,0.081700,2.337100,true,6,32,12,120
world4_normal_600,600,400,600,375,32,8.552100,0.073600,2.620000,true,6,32,12,120
world4_normal_600,600,400,600,375,33,8.962200,0.068500,2.385900,true,6,32,12,120
world4_normal_600,600,400,600,375,34,8.789700,0.084600,2.371200,true,6,32,12,120
world4_normal_600,600,400,600,375,35,9.281200,0.088000,2.399000,true,6,32,12,120
world4_normal_600,600,400,600,375,36,8.881900,0.075500,2.330200,true,6,32,12,120
world4_normal_600,600,400,600,375,37,9.267000,0.076900,2.232300,true,6,32,12,120
world4_normal_600,600,400,600,375,38,8.512300,0.069600,2.396200,true,6,32,12,120
world4_normal_600,600,400,600,375,39,9.353000,0.079800,2.711800,true,6,32,12,120
world4_normal_600,600,400,600,375,40,8.661700,0.077700,2.315200,true,6,32,12,120
world4_normal_600,600,400,600,375,41,9.120600,0.071300,2.194500,true,6,32,12,120
world4_normal_600,600,400,600,375,42,8.780800,0.087400,2.405600,true,6,32,12,120
world4_normal_600,600,400,600,375,43,9.203100,0.080000,2.211600,true,6,32,12,120
world4_normal_600,600,400,600,375,44,9.028600,0.091900,2.378000,true,7,32,12,120
world4_normal_600,600,400,600,375,45,9.131300,0.078300,2.283800,true,6,32,12,120
world4_normal_600,600,400,600,375,46,8.516000,0.079400,2.282300,true,6,32,12,120
world4_normal_600,600,400,600,375,47,8.891300,0.089100,2.436000,true,6,32,13,120
world4_normal_600,600,400,600,375,48,8.619500,0.073500,2.389100,true,6,32,12,120
world4_normal_600,600,400,600,375,49,8.974600,0.075100,2.350100,true,6,32,12,120
world4_normal_600,600,400,600,375,50,9.497400,0.081600,2.282400,true,6,32,12,120
world4_normal_600,600,400,600,375,51,9.215900,0.079600,2.387900,true,6,32,13,120
world4_normal_600,600,400,600,375,52,8.744600,0.082400,2.332700,true,6,32,12,120
world4_normal_600,600,400,600,375,53,9.129600,0.072500,2.649000,true,6,32,12,120
world4_normal_600,600,400,600,375,54,9.031600,0.080100,2.445500,true,6,32,12,120
world4_normal_600,600,400,600,375,55,8.851900,0.077200,2.163100,true,6,32,12,120
world4_normal_600,600,400,600,375,56,8.423100,0.072100,2.660700,true,6,32,12,120
world4_normal_600,600,400,600,375,57,8.790200,0.089600,2.368200,true,6,32,12,120
world4_normal_600,600,400,600,375,58,8.840000,0.070500,2.661800,true,6,32,12,120
world4_normal_600,600,400,600,375,59,8.923200,0.087900,2.328900,true,6,32,12,120
world4_normal_600,600,400,600,375,60,8.423500,0.069800,2.153600,true,6,32,12,120
world4_normal_600,600,400,600,375,61,9.333600,0.073600,2.230900,true,6,32,12,120
world4_normal_600,600,400,600,375,62,8.550600,0.088500,2.266100,true,6,32,12,120
world4_normal_600,600,400,600,375,63,8.968400,0.095800,2.207900,true,6,32,12,120
world4_normal_600,600,400,600,375,64,8.663300,0.100900,2.427900,true,6,32,12,120
world4_normal_600,600,400,600,375,65,9.118800,0.089400,2.484400,true,6,32,12,120
world4_normal_600,600,400,600,375,66,9.044400,0.082900,2.343500,true,6,32,12,120
world4_normal_600,600,400,600,375,67,9.339700,0.097500,2.408900,true,6,32,12,120
world4_normal_600,600,400,600,375,68,9.296300,0.088900,2.444600,true,6,32,12,120
world4_normal_600,600,400,600,375,69,10.243600,0.096500,2.499000,true,6,32,12,120
world4_normal_600,600,400,600,375,70,8.855300,0.081000,2.391900,true,6,32,12,120
world4_normal_600,600,400,600,375,71,9.271600,0.080600,2.409600,true,6,32,12,120
world4_normal_600,600,400,600,375,72,8.735400,0.070300,2.225500,true,6,32,12,120
world4_normal_600,600,400,600,375,73,9.008400,0.084400,2.525700,true,6,32,12,120
world4_normal_600,600,400,600,375,74,8.596200,0.078400,2.183900,true,6,32,12,120
world4_normal_600,600,400,600,375,75,9.169000,0.084100,2.212000,true,6,32,12,120
world4_normal_600,600,400,600,375,76,9.074100,0.084700,2.329400,true,6,32,12,120
world4_normal_600,600,400,600,375,77,9.442100,0.098700,2.342200,true,6,32,12,120
world4_normal_600,600,400,600,375,78,8.672000,0.090100,2.471500,true,6,32,12,120
world4_normal_600,600,400,600,375,79,9.143300,0.078900,2.353500,true,6,32,13,120
world4_normal_600,600,400,600,375,80,8.811900,0.071200,2.462600,true,6,32,12,120
world4_normal_600,600,400,600,375,81,9.197600,0.073100,2.303600,true,6,32,12,120
world4_normal_600,600,400,600,375,82,9.222700,0.066200,2.182100,true,6,32,12,120
world4_normal_600,600,400,600,375,83,9.428300,0.064600,2.645900,true,6,32,12,120
world4_normal_600,600,400,600,375,84,8.968800,0.072700,2.184300,true,6,32,12,120
world4_normal_600,600,400,600,375,85,9.341300,0.079500,2.393000,true,6,32,12,120
world4_normal_600,600,400,600,375,86,8.659700,0.076300,2.233500,true,6,32,12,120
world4_normal_600,600,400,600,375,87,8.943800,0.095400,2.307900,true,6,32,12,120
world4_normal_600,600,400,600,375,88,9.929500,0.105800,2.431500,true,6,32,12,120
world4_normal_600,600,400,600,375,89,9.052500,0.090500,2.311400,true,6,32,12,120
world4_normal_600,600,400,600,375,90,8.645800,0.070100,2.280600,true,6,32,12,120
world4_normal_600,600,400,600,375,91,8.973100,0.091200,2.432600,true,6,32,12,120
world4_normal_600,600,400,600,375,92,8.617700,0.078000,2.367000,true,6,32,12,120
world4_normal_600,600,400,600,375,93,9.224400,0.086100,2.468000,true,6,32,12,120
world4_normal_600,600,400,600,375,94,8.511100,0.076200,2.451300,true,6,32,12,120
world4_normal_600,600,400,600,375,95,8.744100,0.090600,2.368600,true,6,32,12,120
world4_normal_600,600,400,600,375,96,8.601400,0.105200,2.358300,true,6,32,12,120
world4_normal_600,600,400,600,375,97,9.193200,0.085200,2.459300,true,6,32,12,120
world4_normal_600,600,400,600,375,98,8.552100,0.093200,2.434700,true,6,32,12,120
world4_normal_600,600,400,600,375,99,8.863900,0.094300,2.782200,true,6,32,12,120
world4_normal_600,600,400,600,375,100,8.246400,0.101300,2.677100,true,6,32,12,120
world4_normal_600,600,400,600,375,101,9.144500,0.088800,2.155100,true,6,32,12,120
world4_normal_600,600,400,600,375,102,8.755500,0.063600,2.291100,true,6,32,12,120
world4_normal_600,600,400,600,375,103,8.744300,0.086200,2.228100,true,6,32,12,120
world4_normal_600,600,400,600,375,104,8.962700,0.078300,2.390300,true,6,32,12,120
world4_normal_600,600,400,600,375,105,9.262300,0.102600,2.664000,true,6,32,12,120
world4_normal_600,600,400,600,375,106,8.597300,0.089100,2.360000,true,6,32,12,120
world4_normal_600,600,400,600,375,107,9.395600,0.096000,2.411000,true,6,32,12,120
world4_normal_600,600,400,600,375,108,9.876200,0.093700,2.294900,true,6,32,12,120
world4_normal_600,600,400,600,375,109,9.365700,0.087600,2.349600,true,6,32,12,120
world4_normal_600,600,400,600,375,110,8.571600,0.079700,2.393500,true,6,32,12,120
world4_normal_600,600,400,600,375,111,9.560900,0.081000,2.318100,true,6,32,12,120
world4_normal_600,600,400,600,375,112,9.779900,0.081700,2.692400,true,6,32,12,120
world4_normal_600,600,400,600,375,113,9.354500,0.083700,2.659100,true,6,32,12,120
world4_normal_600,600,400,600,375,114,8.541000,0.092200,2.353200,true,6,32,12,120
world4_normal_600,600,400,600,375,115,8.929400,0.085700,2.296500,true,6,32,12,120
world4_normal_600,600,400,600,375,116,8.788400,0.070100,2.200000,true,6,32,12,120
world4_normal_600,600,400,600,375,117,9.216600,0.080500,2.365100,true,6,32,12,120
world4_normal_600,600,400,600,375,118,9.214000,0.096900,2.655600,true,6,32,12,120
world4_normal_600,600,400,600,375,119,9.170000,0.082900,2.209100,true,6,32,12,120
world4_normal_600,600,400,600,375,120,8.368800,0.070100,2.681300,true,6,32,12,120
world4_normal_600,600,400,600,375,121,8.878100,0.066500,2.670800,true,6,32,12,120
world4_normal_600,600,400,600,375,122,8.546400,0.074500,2.660500,true,7,32,12,120
world4_normal_600,600,400,600,375,123,10.433900,0.073200,2.432900,true,6,32,12,120
world4_normal_600,600,400,600,375,124,8.552700,0.075200,2.373300,true,6,32,12,120
world4_normal_600,600,400,600,375,125,8.894100,0.089600,2.359300,true,6,32,12,120
world4_normal_600,600,400,600,375,126,8.669500,0.068000,2.198500,true,6,32,12,120
world4_normal_600,600,400,600,375,127,9.658400,0.075800,2.282700,true,6,32,12,120
world4_normal_600,600,400,600,375,128,8.768900,0.073100,2.372000,true,6,32,12,120
world4_normal_600,600,400,600,375,129,10.022200,0.102500,2.384100,true,6,32,12,120
world4_normal_600,600,400,600,375,130,9.016100,0.095500,2.282100,true,6,32,12,120
world4_normal_600,600,400,600,375,131,9.019400,0.083900,2.420700,true,6,32,12,120
world4_normal_600,600,400,600,375,132,8.601900,0.083900,2.374900,true,6,32,12,120
world4_normal_600,600,400,600,375,133,9.372700,0.087400,2.389100,true,6,32,12,120
world4_normal_600,600,400,600,375,134,8.713700,0.088300,2.358400,true,6,32,12,120
world4_normal_600,600,400,600,375,135,9.219500,0.093400,2.390400,true,6,32,12,120
world4_normal_600,600,400,600,375,136,8.681900,0.073000,2.341800,true,6,32,12,120
world4_normal_600,600,400,600,375,137,9.114700,0.075900,2.170000,true,6,32,12,120
world4_normal_600,600,400,600,375,138,8.616200,0.087400,2.330600,true,6,32,12,120
world4_normal_600,600,400,600,375,139,8.931000,0.083400,2.420100,true,6,32,12,120
world4_normal_600,600,400,600,375,140,9.004600,0.073100,2.300400,true,6,32,12,120
world4_normal_600,600,400,600,375,141,9.185900,0.089900,2.445900,true,6,32,12,120
world4_normal_600,600,400,600,375,142,8.539200,0.087800,2.395600,true,6,32,12,120
world4_normal_600,600,400,600,375,143,8.900000,0.088000,2.705200,true,6,32,12,120
world4_normal_600,600,400,600,375,144,8.504300,0.084600,2.431300,true,6,32,12,120
world4_normal_600,600,400,600,375,145,8.933400,0.074100,2.181200,true,6,32,12,120
world4_normal_600,600,400,600,375,146,8.945000,0.072300,2.479600,true,6,32,12,120
world4_normal_600,600,400,600,375,147,8.927700,0.082700,2.196300,true,6,32,12,120
world4_normal_600,600,400,600,375,148,9.159200,0.082100,2.290300,true,6,32,12,120
world4_normal_600,600,400,600,375,149,9.160400,0.071800,2.376300,true,6,32,12,120
world4_normal_600,600,400,600,375,150,8.589200,0.074500,2.380400,true,6,32,12,120
world4_normal_600,600,400,600,375,151,9.055400,0.068200,2.681700,true,6,32,12,120
world4_normal_1280,1280,800,1280,800,0,8.370900,0.075100,9.727800,true,6,32,12,120
world4_normal_1280,1280,800,1280,800,1,8.264400,0.091800,10.043100,true,6,32,12,120
world4_normal_1280,1280,800,1280,800,2,8.187000,0.093600,9.762800,true,6,32,12,120
world4_normal_1280,1280,800,1280,800,3,8.167900,0.090600,9.784200,true,6,32,12,120
world4_normal_1280,1280,800,1280,800,4,9.727000,0.084600,10.093200,true,6,32,12,120
world4_normal_1280,1280,800,1280,800,5,8.441900,0.105700,9.794600,true,6,32,12,120
world4_normal_1280,1280,800,1280,800,6,8.149200,0.095900,9.813100,true,6,32,12,120
world4_normal_1280,1280,800,1280,800,7,8.253800,0.071600,9.978200,true,6,32,12,120
world4_normal_1280,1280,800,1280,800,8,8.486300,0.073400,9.819900,true,6,32,12,120
world4_normal_1280,1280,800,1280,800,9,8.235400,0.074600,9.821200,true,6,32,12,120
world4_normal_1280,1280,800,1280,800,10,8.097500,0.101000,9.801900,true,6,32,12,120
world4_normal_1280,1280,800,1280,800,11,8.814200,0.106000,9.819600,true,6,32,12,120
world4_normal_1280,1280,800,1280,800,12,8.257900,0.069700,9.983500,true,6,32,12,120
world4_normal_1280,1280,800,1280,800,13,8.291000,0.081200,9.716200,true,6,32,12,120
world4_normal_1280,1280,800,1280,800,14,8.208100,0.095200,9.830700,true,7,32,12,120
world4_normal_1280,1280,800,1280,800,15,8.803600,0.075500,9.547300,true,6,32,12,120
world4_normal_1280,1280,800,1280,800,16,8.212500,0.077900,9.659800,true,6,32,12,120
world4_normal_1280,1280,800,1280,800,17,8.288900,0.083800,9.672800,true,6,32,12,120
world4_normal_1280,1280,800,1280,800,18,8.259100,0.077000,9.676000,true,6,32,12,120
world4_normal_1280,1280,800,1280,800,19,8.477800,0.078500,9.853300,true,6,32,12,120
world4_normal_1280,1280,800,1280,800,20,8.845800,0.072500,9.782300,true,6,32,12,120
world4_normal_1280,1280,800,1280,800,21,8.408300,0.071800,10.457700,true,6,32,12,120
world4_normal_1280,1280,800,1280,800,22,8.247900,0.070600,9.521900,true,6,32,12,120
world4_normal_1280,1280,800,1280,800,23,8.448000,0.068600,10.219100,true,6,32,12,120
world4_normal_1280,1280,800,1280,800,24,8.346800,0.074500,9.640500,true,6,32,12,120
world4_normal_1280,1280,800,1280,800,25,8.199400,0.076000,9.635700,true,6,32,12,120
world4_normal_1280,1280,800,1280,800,26,8.241300,0.088000,9.742800,true,6,32,12,120
world4_normal_1280,1280,800,1280,800,27,8.412100,0.072300,9.645300,true,6,32,12,120
world4_normal_1280,1280,800,1280,800,28,8.787800,0.090000,9.753000,true,6,32,12,120
world4_normal_1280,1280,800,1280,800,29,8.267500,0.072300,9.828600,true,6,32,12,120
world4_normal_1280,1280,800,1280,800,30,8.584800,0.064100,10.685200,true,6,32,12,120
world4_normal_1280,1280,800,1280,800,31,8.468300,0.084800,9.828900,true,6,32,12,120
world4_normal_1280,1280,800,1280,800,32,8.770100,0.077500,10.106400,true,6,32,12,120
world4_normal_1280,1280,800,1280,800,33,8.183600,0.093800,9.877700,true,6,32,12,120
world4_normal_1280,1280,800,1280,800,34,8.283700,0.100400,9.852900,true,6,32,12,120
world4_normal_1280,1280,800,1280,800,35,8.119300,0.100100,9.844800,true,6,32,12,120
world4_normal_1280,1280,800,1280,800,36,8.315700,0.087100,9.931300,true,6,32,12,120
world4_normal_1280,1280,800,1280,800,37,8.942900,0.074000,9.802200,true,6,32,12,120
world4_normal_1280,1280,800,1280,800,38,8.157400,0.095400,9.760000,true,6,32,12,120
world4_normal_1280,1280,800,1280,800,39,8.713300,0.088200,9.615500,true,6,32,12,120
world4_normal_1280,1280,800,1280,800,40,8.196600,0.119600,9.780800,true,6,32,12,120
world4_normal_1280,1280,800,1280,800,41,8.362000,0.083000,10.006300,true,6,32,12,120
world4_normal_1280,1280,800,1280,800,42,8.577200,0.097300,9.725500,true,6,32,12,120
world4_normal_1280,1280,800,1280,800,43,8.488300,0.079000,9.746800,true,6,32,12,120
world4_normal_1280,1280,800,1280,800,44,8.314700,0.069700,9.575600,true,6,32,12,120
world4_normal_1280,1280,800,1280,800,45,8.378700,0.080600,9.597900,true,6,32,12,120
world4_normal_1280,1280,800,1280,800,46,8.264700,0.074600,9.800000,true,6,32,12,120
world4_normal_1280,1280,800,1280,800,47,9.402500,0.093200,9.552400,true,6,32,12,120
world4_normal_1280,1280,800,1280,800,48,9.517600,0.092800,9.747500,true,6,32,12,120
world4_normal_1280,1280,800,1280,800,49,8.442500,0.094300,9.855100,true,6,32,12,120
world4_normal_1280,1280,800,1280,800,50,8.279000,0.073300,11.033800,true,6,32,12,120
world4_normal_1280,1280,800,1280,800,51,8.559200,0.072300,9.969700,true,6,32,12,120
world4_normal_1280,1280,800,1280,800,52,8.439500,0.071700,9.932900,true,6,32,12,120
world4_normal_1280,1280,800,1280,800,53,8.367900,0.131700,9.907500,true,6,32,12,120
world4_normal_1280,1280,800,1280,800,54,8.382200,0.122500,9.981000,true,6,32,12,120
world4_normal_1280,1280,800,1280,800,55,8.451200,0.132300,10.160800,true,6,32,12,120
world4_normal_1280,1280,800,1280,800,56,8.661400,0.175100,10.215200,true,6,32,12,120
world4_normal_1280,1280,800,1280,800,57,8.632500,0.095700,10.190700,true,6,32,12,120
world4_normal_1280,1280,800,1280,800,58,8.551100,0.089800,9.856600,true,6,32,12,120
world4_normal_1280,1280,800,1280,800,59,8.766000,0.082200,9.684100,true,6,32,12,120
world4_normal_1280,1280,800,1280,800,60,8.926200,0.070400,9.771700,true,6,32,12,120
world4_normal_1280,1280,800,1280,800,61,9.405800,0.061600,10.022200,true,6,32,12,120
world4_normal_1280,1280,800,1280,800,62,8.253500,0.062400,9.869400,true,6,32,12,120
world4_normal_1280,1280,800,1280,800,63,9.258300,0.093900,9.890000,true,6,32,12,120
world4_normal_1280,1280,800,1280,800,64,9.029300,0.063300,9.586500,true,6,32,12,120
world4_normal_1280,1280,800,1280,800,65,8.525800,0.067200,9.798900,true,6,32,12,120
world4_normal_1280,1280,800,1280,800,66,8.327500,0.069700,9.566200,true,6,32,12,120
world4_normal_1280,1280,800,1280,800,67,9.945300,0.084600,9.921400,true,6,32,12,120
world4_normal_1280,1280,800,1280,800,68,8.552200,0.063400,9.747500,true,6,32,12,120
world4_normal_1280,1280,800,1280,800,69,8.666900,0.073600,9.860400,true,7,32,12,120
world4_normal_1280,1280,800,1280,800,70,9.525600,0.103700,9.777000,true,6,32,12,120
world4_normal_1280,1280,800,1280,800,71,8.931300,0.086200,9.875700,true,6,32,12,120
world4_normal_1280,1280,800,1280,800,72,8.527600,0.081800,10.623100,true,6,32,13,120
world4_normal_1280,1280,800,1280,800,73,8.605000,0.110500,9.665000,true,6,32,12,120
world4_normal_1280,1280,800,1280,800,74,9.385600,0.079300,10.057100,true,6,32,12,120
world4_normal_1280,1280,800,1280,800,75,8.195600,0.064100,9.698800,true,6,32,12,120
world4_normal_1280,1280,800,1280,800,76,8.196800,0.076700,10.197400,true,6,32,13,120
world4_normal_1280,1280,800,1280,800,77,8.782500,0.063300,10.667200,true,6,32,12,120
world4_normal_1280,1280,800,1280,800,78,8.373200,0.064000,9.891600,true,6,32,12,120
world4_normal_1280,1280,800,1280,800,79,8.314300,0.075800,10.512100,true,6,32,12,120
world4_normal_1280,1280,800,1280,800,80,8.449000,0.088300,9.730000,true,6,32,12,120
world4_normal_1280,1280,800,1280,800,81,8.437400,0.075400,9.882100,true,6,32,12,120
world4_normal_1280,1280,800,1280,800,82,8.045600,0.074900,9.714300,true,6,32,12,120
world4_normal_1280,1280,800,1280,800,83,8.333200,0.075500,9.745300,true,6,32,12,120
world4_normal_1280,1280,800,1280,800,84,8.607200,0.105300,9.730600,true,6,32,12,120
world4_normal_1280,1280,800,1280,800,85,8.461300,0.088900,9.748800,true,6,32,12,120
world4_normal_1280,1280,800,1280,800,86,9.115400,0.060700,9.937900,true,6,32,12,120
world4_normal_1280,1280,800,1280,800,87,8.779600,0.069100,9.638200,true,6,32,12,120
world4_normal_1280,1280,800,1280,800,88,8.358200,0.068300,10.326300,true,6,32,12,120
world4_normal_1280,1280,800,1280,800,89,8.232300,0.065000,10.788400,true,6,32,12,120
world4_normal_1280,1280,800,1280,800,90,8.538400,0.068600,10.150800,true,6,32,12,120
world4_normal_1280,1280,800,1280,800,91,9.066800,0.053000,9.930500,true,6,32,12,120
world4_normal_1280,1280,800,1280,800,92,8.289500,0.068300,9.732700,true,6,32,12,120
world4_normal_1280,1280,800,1280,800,93,8.326900,0.082400,9.803500,true,6,32,12,120
world4_normal_1280,1280,800,1280,800,94,8.282800,0.068900,10.009400,true,6,32,12,120
world4_high_960,960,600,960,600,0,14.761800,0.097300,1.380600,true,40,320,180,1200
world4_high_960,960,600,960,600,1,17.194200,0.079800,1.239700,true,40,320,180,1200
world4_high_960,960,600,960,600,2,16.197300,0.086200,1.297000,true,40,320,180,1200
world4_high_960,960,600,960,600,3,17.233000,0.085500,1.303800,true,40,320,180,1200
world4_high_960,960,600,960,600,4,15.735400,0.095400,1.525700,true,40,320,180,1200
world4_high_960,960,600,960,600,5,15.442900,0.084500,1.416600,true,40,320,180,1200
world4_high_960,960,600,960,600,6,15.368200,0.082700,1.449100,true,40,320,180,1200
world4_high_960,960,600,960,600,7,16.627700,0.093800,1.358500,true,40,320,180,1200
world4_high_960,960,600,960,600,8,16.184700,0.088200,1.441600,true,40,320,180,1200
world4_high_960,960,600,960,600,9,16.338100,0.085500,1.489800,true,40,320,180,1200
world4_high_960,960,600,960,600,10,15.911300,0.088500,1.279900,true,40,320,180,1200
world4_high_960,960,600,960,600,11,18.422300,0.092900,1.451900,true,40,320,180,1200
world4_high_960,960,600,960,600,12,16.228400,0.086000,1.421600,true,40,320,180,1200
world4_high_960,960,600,960,600,13,20.193000,0.094900,1.329700,true,40,320,180,1200
world4_high_960,960,600,960,600,14,16.045300,0.106300,1.499900,true,40,320,180,1200
world4_high_960,960,600,960,600,15,16.172400,0.092400,1.368200,true,40,320,180,1200
world4_high_960,960,600,960,600,16,16.063900,0.099400,1.773500,true,40,320,180,1200
world4_high_960,960,600,960,600,17,15.789500,0.108900,1.353000,true,40,320,180,1200
world4_high_960,960,600,960,600,18,15.523900,0.083100,1.478000,true,40,320,180,1200
world4_high_960,960,600,960,600,19,16.354700,0.082600,1.565700,true,40,320,180,1200
world4_high_960,960,600,960,600,20,14.969700,0.082100,1.363100,true,40,320,180,1200
world4_high_960,960,600,960,600,21,15.655900,0.099900,1.510900,true,40,320,180,1200
world4_high_960,960,600,960,600,22,15.608400,0.079200,1.528100,true,40,320,180,1200
world4_high_960,960,600,960,600,23,17.020000,0.091100,1.335000,true,40,320,180,1200
world4_high_960,960,600,960,600,24,15.842800,0.096100,1.579800,true,40,320,180,1200
world4_high_960,960,600,960,600,25,16.002800,0.090300,1.328700,true,40,320,180,1200
world4_high_960,960,600,960,600,26,15.253700,0.091100,1.381700,true,40,320,180,1200
world4_high_960,960,600,960,600,27,15.455200,0.088800,1.349500,true,40,320,180,1200
world4_high_960,960,600,960,600,28,15.557900,0.090300,1.342300,true,40,320,180,1200
world4_high_960,960,600,960,600,29,15.446800,0.084200,1.278400,true,40,320,180,1200
world4_high_960,960,600,960,600,30,14.950900,0.093600,1.333400,true,40,320,180,1200
world4_high_960,960,600,960,600,31,15.215200,0.090400,1.363900,true,40,320,180,1200
world4_high_960,960,600,960,600,32,15.161600,0.078400,1.238300,true,40,320,180,1200
world4_high_960,960,600,960,600,33,15.935800,0.083700,1.250900,true,40,320,180,1200
world4_high_960,960,600,960,600,34,15.761000,0.076400,1.246700,true,40,320,180,1200
world4_high_960,960,600,960,600,35,17.992300,0.078300,1.436900,true,40,320,180,1200
world4_high_960,960,600,960,600,36,18.641400,0.093200,1.400600,true,40,320,180,1200
world4_high_960,960,600,960,600,37,15.911700,0.078700,1.431600,true,40,320,180,1200
world4_high_960,960,600,960,600,38,15.147100,0.080500,1.286400,true,40,320,180,1200
world4_high_960,960,600,960,600,39,17.315600,0.106400,1.266700,true,40,320,180,1200
world4_high_960,960,600,960,600,40,15.658500,0.080300,1.333000,true,40,320,180,1200
world4_high_960,960,600,960,600,41,16.140200,0.088500,1.275000,true,40,320,180,1200
world4_high_960,960,600,960,600,42,18.554900,0.086600,1.641700,true,40,320,180,1200
world4_high_960,960,600,960,600,43,16.854700,0.085000,1.494100,true,40,320,180,1200
world4_high_960,960,600,960,600,44,17.344800,0.108900,1.804600,true,40,320,180,1200
world4_high_960,960,600,960,600,45,17.923500,0.113700,1.603800,true,40,320,180,1200
world4_high_960,960,600,960,600,46,16.852700,0.123400,1.556400,true,40,320,180,1200
world4_high_960,960,600,960,600,47,16.996900,0.084300,1.640900,true,40,320,180,1200
world4_high_960,960,600,960,600,48,17.216200,0.081900,1.360500,true,40,320,180,1200
world4_high_960,960,600,960,600,49,16.559200,0.078100,1.327200,true,40,320,180,1200
world4_high_960,960,600,960,600,50,16.984400,0.081600,1.505000,true,40,320,180,1200
world4_high_960,960,600,960,600,51,17.571900,0.093300,1.435000,true,40,320,180,1200
world4_high_960,960,600,960,600,52,16.320000,0.091100,1.445800,true,40,320,180,1200
world4_high_960,960,600,960,600,53,17.388300,0.094200,1.459000,true,40,320,180,1200
world4_high_960,960,600,960,600,54,18.443000,0.096700,1.878400,true,40,320,180,1200
world4_high_960,960,600,960,600,55,16.039400,0.082200,1.358600,true,40,320,180,1200
world4_high_960,960,600,960,600,56,15.936800,0.294800,1.409400,true,40,320,180,1200
world4_high_960,960,600,960,600,57,17.555800,0.096500,1.504800,true,40,320,180,1200
world4_high_960,960,600,960,600,58,15.469800,0.082200,1.650400,true,40,320,180,1200
world4_high_960,960,600,960,600,59,15.408000,0.080300,1.555400,true,40,320,180,1200
world4_high_960,960,600,960,600,60,15.351800,0.081700,1.502600,true,40,320,180,1200
world4_high_960,960,600,960,600,61,15.575000,0.096000,1.297600,true,40,320,180,1200
world4_high_960,960,600,960,600,62,16.477600,0.081300,1.523300,true,40,320,180,1200
world4_high_960,960,600,960,600,63,16.715300,0.095600,1.337000,true,40,320,180,1200
world4_high_960,960,600,960,600,64,15.658400,0.095100,1.412000,true,40,320,180,1200
world4_high_960,960,600,960,600,65,16.148600,0.095100,1.753100,true,40,320,180,1200
world4_high_960,960,600,960,600,66,15.830300,0.085900,1.338700,true,40,320,180,1200
world4_high_960,960,600,960,600,67,16.007200,0.107800,1.740400,true,40,320,180,1200
world4_high_960,960,600,960,600,68,15.779700,0.094800,1.730700,true,40,320,180,1200
world4_high_960,960,600,960,600,69,15.638500,0.091400,1.633400,true,40,320,180,1200
world4_high_960,960,600,960,600,70,16.078200,0.084600,1.590100,true,40,320,180,1200
world4_high_960,960,600,960,600,71,15.776300,0.087500,1.478000,true,40,320,180,1200
world4_high_960,960,600,960,600,72,16.064100,0.077000,1.338400,true,40,320,180,1200
world4_high_960,960,600,960,600,73,15.919000,0.087200,1.491100,true,40,320,180,1200
world4_high_960,960,600,960,600,74,16.741000,0.082500,1.394000,true,40,320,180,1200
world4_high_960,960,600,960,600,75,15.902200,0.085700,1.505600,true,40,320,180,1200
world4_high_960,960,600,960,600,76,16.670300,0.094200,1.456500,true,40,320,180,1200
world4_high_960,960,600,960,600,77,15.764800,0.086100,1.359900,true,40,320,180,1200
world4_high_960,960,600,960,600,78,16.645300,0.097300,1.320500,true,40,320,180,1200
world4_high_960,960,600,960,600,79,16.671300,0.092000,1.350700,true,40,320,180,1200
world4_high_960,960,600,960,600,80,15.512100,0.095600,1.329800,true,40,320,180,1200
world4_high_960,960,600,960,600,81,16.518300,0.113300,1.358200,true,40,320,180,1200
world4_high_960,960,600,960,600,82,15.904300,0.111700,1.485300,true,40,320,180,1200
world4_high_960,960,600,960,600,83,16.126800,0.087700,1.556700,true,40,320,180,1200
world4_high_960,960,600,960,600,84,15.537400,0.083200,1.527000,true,40,320,180,1200
world4_high_960,960,600,960,600,85,16.127300,0.083200,1.515000,true,40,320,180,1200
world4_high_960,960,600,960,600,86,16.098000,0.074900,1.267700,true,40,320,180,1200
world4_high_960,960,600,960,600,87,16.791700,0.078900,1.537600,true,40,320,180,1200
world4_high_960,960,600,960,600,88,16.237300,0.078000,1.363200,true,40,320,180,1200
world4_high_960,960,600,960,600,89,16.171500,0.083200,1.272400,true,40,320,180,1200
world4_high_960,960,600,960,600,90,17.103100,0.080800,1.589000,true,40,320,180,1200
world4_high_960,960,600,960,600,91,17.452600,0.092100,1.509700,true,40,320,180,1200
world4_high_960,960,600,960,600,92,17.330700,0.088800,1.467200,true,40,320,180,1200
world4_high_960,960,600,960,600,93,16.683100,0.100000,1.329800,true,40,320,180,1200
world4_high_960,960,600,960,600,94,15.857800,0.092500,1.549600,true,40,320,180,1200
world4_high_960,960,600,960,600,95,15.997900,0.124800,1.733100,true,40,320,180,1200
world4_high_960,960,600,960,600,96,16.300400,0.119600,1.414200,true,40,320,180,1200
world4_high_960,960,600,960,600,97,16.887400,0.126500,1.947600,true,40,320,180,1200
world4_high_600,600,400,600,375,0,16.607100,0.104700,2.574200,true,40,320,180,1200
world4_high_600,600,400,600,375,1,15.128000,0.089500,2.703000,true,40,320,180,1200
world4_high_600,600,400,600,375,2,20.280900,0.080700,2.284500,true,40,320,180,1200
world4_high_600,600,400,600,375,3,16.240800,0.094400,2.475800,true,40,320,180,1200
world4_high_600,600,400,600,375,4,16.384600,0.084100,2.518700,true,40,320,180,1200
world4_high_600,600,400,600,375,5,17.594500,0.101400,2.608300,true,40,320,180,1200
world4_high_600,600,400,600,375,6,17.445500,0.080800,2.369700,true,40,320,180,1200
world4_high_600,600,400,600,375,7,15.194500,0.098800,2.261500,true,40,320,180,1200
world4_high_600,600,400,600,375,8,15.689100,0.082700,2.252500,true,40,320,180,1200
world4_high_600,600,400,600,375,9,16.184400,0.086600,2.285700,true,40,320,180,1200
world4_high_600,600,400,600,375,10,16.491800,0.098500,2.447800,true,40,320,180,1200
world4_high_600,600,400,600,375,11,15.842400,0.085400,2.427200,true,40,320,180,1200
world4_high_600,600,400,600,375,12,16.432800,0.075200,2.492200,true,40,320,180,1200
world4_high_600,600,400,600,375,13,15.771900,0.079400,3.309800,true,40,320,180,1200
world4_high_600,600,400,600,375,14,16.497100,0.111000,2.558300,true,40,320,180,1200
world4_high_600,600,400,600,375,15,15.595200,0.100200,2.375500,true,40,320,180,1200
world4_high_600,600,400,600,375,16,17.314100,0.117600,2.403300,true,40,320,180,1200
world4_high_600,600,400,600,375,17,17.189900,0.083300,2.718800,true,40,320,180,1200
world4_high_600,600,400,600,375,18,16.462000,0.110500,2.297900,true,40,320,180,1200
world4_high_600,600,400,600,375,19,15.780600,0.082000,2.434600,true,40,320,180,1200
world4_high_600,600,400,600,375,20,16.301100,0.093700,2.514300,true,40,320,180,1200
world4_high_600,600,400,600,375,21,15.388900,0.097500,2.685600,true,40,320,180,1200
world4_high_600,600,400,600,375,22,15.496800,0.119000,2.618900,true,40,320,180,1200
world4_high_600,600,400,600,375,23,15.043900,0.108400,2.450700,true,40,320,180,1200
world4_high_600,600,400,600,375,24,15.266200,0.096700,2.391400,true,40,320,180,1200
world4_high_600,600,400,600,375,25,15.081600,0.079900,2.478700,true,40,320,180,1200
world4_high_600,600,400,600,375,26,15.789000,0.074400,2.376000,true,40,320,180,1200
world4_high_600,600,400,600,375,27,16.095500,0.102100,3.282200,true,40,320,180,1200
world4_high_600,600,400,600,375,28,15.308500,0.099300,2.282100,true,40,320,180,1200
world4_high_600,600,400,600,375,29,15.400400,0.103600,2.394800,true,40,320,180,1200
world4_high_600,600,400,600,375,30,15.743400,0.092300,2.312500,true,40,320,180,1200
world4_high_600,600,400,600,375,31,15.768000,0.103200,2.492700,true,40,320,180,1200
world4_high_600,600,400,600,375,32,15.108900,0.094100,2.319900,true,40,320,180,1200
world4_high_600,600,400,600,375,33,15.579600,0.101400,2.752600,true,40,320,180,1200
world4_high_600,600,400,600,375,34,15.804400,0.102800,3.855400,true,40,320,180,1200
world4_high_600,600,400,600,375,35,17.096100,0.088000,2.477600,true,40,320,180,1200
world4_high_600,600,400,600,375,36,15.678500,0.074800,2.417100,true,40,320,180,1200
world4_high_600,600,400,600,375,37,17.218000,0.076900,2.407200,true,40,320,180,1200
world4_high_600,600,400,600,375,38,16.169300,0.084400,2.357600,true,40,320,180,1200
world4_high_600,600,400,600,375,39,15.485300,0.089200,2.356900,true,40,320,180,1200
world4_high_600,600,400,600,375,40,17.927200,0.076500,2.438800,true,40,320,180,1200
world4_high_600,600,400,600,375,41,14.784400,0.089000,2.223300,true,40,320,180,1200
world4_high_600,600,400,600,375,42,16.601800,0.083000,2.224600,true,40,320,180,1200
world4_high_600,600,400,600,375,43,15.501400,0.087700,2.475300,true,40,320,180,1200
world4_high_600,600,400,600,375,44,16.265300,0.088300,2.283800,true,40,320,180,1200
world4_high_600,600,400,600,375,45,16.607500,0.093900,2.589500,true,40,320,180,1200
world4_high_600,600,400,600,375,46,17.164000,0.084400,3.501200,true,40,320,180,1200
world4_high_600,600,400,600,375,47,16.469100,0.083700,2.335900,true,40,320,180,1200
world4_high_600,600,400,600,375,48,16.879700,0.078300,2.243300,true,40,320,180,1200
world4_high_600,600,400,600,375,49,15.678000,0.078900,2.581000,true,40,320,180,1200
world4_high_600,600,400,600,375,50,15.854100,0.075100,2.450400,true,40,320,180,1200
world4_high_600,600,400,600,375,51,15.910000,0.077800,2.281700,true,40,320,180,1200
world4_high_600,600,400,600,375,52,15.572100,0.090600,2.542600,true,40,320,180,1200
world4_high_600,600,400,600,375,53,19.855900,0.107900,2.309200,true,40,320,180,1200
world4_high_600,600,400,600,375,54,15.764700,0.075400,2.234800,true,40,320,180,1200
world4_high_600,600,400,600,375,55,16.010100,0.096000,2.619500,true,40,320,180,1200
world4_high_600,600,400,600,375,56,15.744000,0.088400,2.415500,true,40,320,180,1200
world4_high_600,600,400,600,375,57,15.653900,0.089200,2.230200,true,40,320,180,1200
world4_high_600,600,400,600,375,58,16.944400,0.086100,2.310200,true,40,320,180,1200
world4_high_600,600,400,600,375,59,16.176300,0.085400,2.380700,true,40,320,180,1200
world4_high_600,600,400,600,375,60,16.191700,0.083900,2.413800,true,40,320,180,1200
world4_high_600,600,400,600,375,61,15.496700,0.080500,2.538800,true,40,320,180,1200
world4_high_600,600,400,600,375,62,15.800200,0.084700,2.221700,true,40,320,180,1200
world4_high_600,600,400,600,375,63,16.072400,0.082100,2.733200,true,40,320,180,1200
world4_high_600,600,400,600,375,64,16.006300,0.077100,2.373400,true,40,320,180,1200
world4_high_600,600,400,600,375,65,17.057200,0.095100,2.205100,true,40,320,180,1200
world4_high_600,600,400,600,375,66,17.848900,0.084400,2.469600,true,40,320,180,1200
world4_high_600,600,400,600,375,67,16.479100,0.081800,2.522900,true,40,320,180,1200
world4_high_600,600,400,600,375,68,18.143000,0.092400,2.328900,true,40,320,180,1200
world4_high_600,600,400,600,375,69,18.094100,0.119000,2.294200,true,40,320,180,1200
world4_high_600,600,400,600,375,70,15.535300,0.085500,2.352500,true,40,320,180,1200
world4_high_600,600,400,600,375,71,17.001000,0.079400,2.657900,true,40,320,180,1200
world4_high_600,600,400,600,375,72,16.707200,0.233500,2.425400,true,40,320,180,1200
world4_high_600,600,400,600,375,73,17.885100,0.075100,2.452200,true,40,320,180,1200
world4_high_600,600,400,600,375,74,16.252500,0.083500,2.285100,true,40,320,180,1200
world4_high_600,600,400,600,375,75,16.017300,0.074200,2.199700,true,40,320,180,1200
world4_high_600,600,400,600,375,76,16.138300,0.098300,2.504800,true,40,320,180,1200
world4_high_600,600,400,600,375,77,16.202600,0.096200,2.340500,true,40,320,180,1200
world4_high_600,600,400,600,375,78,15.479100,0.081600,2.239700,true,40,320,180,1200
world4_high_600,600,400,600,375,79,16.168800,0.086500,2.465200,true,40,320,180,1200
world4_high_600,600,400,600,375,80,15.610400,0.083500,2.367800,true,40,320,180,1200
world4_high_600,600,400,600,375,81,16.344900,0.076300,2.782900,true,40,320,180,1200
world4_high_600,600,400,600,375,82,15.988000,0.108200,2.670700,true,40,320,180,1200
world4_high_600,600,400,600,375,83,15.746100,0.132200,2.385000,true,40,320,180,1200
world4_high_600,600,400,600,375,84,16.316700,0.255100,2.211200,true,40,320,180,1200
world4_high_600,600,400,600,375,85,15.047700,0.099000,2.240800,true,40,320,180,1200
world4_high_600,600,400,600,375,86,16.795200,0.076900,2.572600,true,40,320,180,1200
world4_high_600,600,400,600,375,87,15.493300,0.081500,2.332800,true,40,320,180,1200
world4_high_600,600,400,600,375,88,15.011300,0.084400,2.354700,true,40,320,180,1200
world4_high_600,600,400,600,375,89,15.306700,0.087400,2.393200,true,40,320,180,1200
world4_high_600,600,400,600,375,90,15.712000,0.101700,2.621000,true,40,320,180,1200
world4_high_600,600,400,600,375,91,17.264300,0.085300,2.425300,true,40,320,180,1200
world4_high_600,600,400,600,375,92,15.477700,0.089900,2.473200,true,40,320,180,1200
world4_high_1280,1280,800,1280,800,0,15.192100,0.082600,10.121000,true,40,320,180,1200
world4_high_1280,1280,800,1280,800,1,14.711200,0.085500,10.059200,true,40,320,180,1200
world4_high_1280,1280,800,1280,800,2,15.268800,0.077500,10.909300,true,40,320,180,1200
world4_high_1280,1280,800,1280,800,3,15.333300,0.080000,9.605900,true,40,320,180,1200
world4_high_1280,1280,800,1280,800,4,15.114700,0.098700,10.689300,true,40,320,180,1200
world4_high_1280,1280,800,1280,800,5,14.756400,0.080600,9.995400,true,40,320,180,1200
world4_high_1280,1280,800,1280,800,6,14.739900,0.084200,9.929500,true,40,320,180,1200
world4_high_1280,1280,800,1280,800,7,15.302800,0.089900,9.899800,true,40,320,180,1200
world4_high_1280,1280,800,1280,800,8,16.411800,0.070100,10.593700,true,40,320,180,1200
world4_high_1280,1280,800,1280,800,9,14.977400,0.070900,9.985000,true,40,320,180,1200
world4_high_1280,1280,800,1280,800,10,15.642300,0.078100,9.721200,true,40,320,180,1200
world4_high_1280,1280,800,1280,800,11,15.914500,0.075100,9.530400,true,40,320,180,1200
world4_high_1280,1280,800,1280,800,12,15.026300,0.085600,9.752500,true,40,320,180,1200
world4_high_1280,1280,800,1280,800,13,14.925000,0.088200,9.665000,true,40,320,180,1200
world4_high_1280,1280,800,1280,800,14,15.667900,0.102100,9.994300,true,40,320,180,1200
world4_high_1280,1280,800,1280,800,15,16.730500,0.077300,9.784400,true,40,320,180,1200
world4_high_1280,1280,800,1280,800,16,14.821900,0.076300,9.902200,true,40,320,180,1200
world4_high_1280,1280,800,1280,800,17,14.870100,0.071700,9.725300,true,40,320,180,1200
world4_high_1280,1280,800,1280,800,18,15.755000,0.080200,10.931300,true,40,320,180,1200
world4_high_1280,1280,800,1280,800,19,14.454100,0.074700,9.931800,true,40,320,180,1200
world4_high_1280,1280,800,1280,800,20,14.682900,0.077000,10.142800,true,40,320,180,1200
world4_high_1280,1280,800,1280,800,21,14.421900,0.105000,10.610400,true,40,320,180,1200
world4_high_1280,1280,800,1280,800,22,15.169400,0.087800,9.606500,true,40,320,180,1200
world4_high_1280,1280,800,1280,800,23,15.607400,0.082900,9.580100,true,40,320,180,1200
world4_high_1280,1280,800,1280,800,24,16.211500,0.081400,10.284900,true,40,320,180,1200
world4_high_1280,1280,800,1280,800,25,14.660800,0.079100,10.554400,true,40,320,180,1200
world4_high_1280,1280,800,1280,800,26,16.296800,0.231600,9.607800,true,40,320,180,1200
world4_high_1280,1280,800,1280,800,27,15.964500,0.085000,10.177300,true,40,320,180,1200
world4_high_1280,1280,800,1280,800,28,17.352700,0.089300,9.610200,true,40,320,180,1200
world4_high_1280,1280,800,1280,800,29,15.133700,0.074300,9.567200,true,40,320,180,1200
world4_high_1280,1280,800,1280,800,30,15.219500,0.075200,9.671400,true,40,320,180,1200
world4_high_1280,1280,800,1280,800,31,14.801400,0.083800,10.252400,true,40,320,180,1200
world4_high_1280,1280,800,1280,800,32,16.567000,0.103500,9.907900,true,40,320,180,1200
world4_high_1280,1280,800,1280,800,33,14.767000,0.104000,9.792300,true,40,320,180,1200
world4_high_1280,1280,800,1280,800,34,15.296500,0.081400,9.629600,true,40,320,180,1200
world4_high_1280,1280,800,1280,800,35,14.882600,0.087200,9.642900,true,40,320,180,1200
world4_high_1280,1280,800,1280,800,36,16.785200,0.083000,9.846200,true,40,320,180,1200
world4_high_1280,1280,800,1280,800,37,15.289800,0.080000,9.942100,true,40,320,180,1200
world4_high_1280,1280,800,1280,800,38,16.083100,0.083000,10.588600,true,40,320,180,1200
world4_high_1280,1280,800,1280,800,39,15.766400,0.076400,9.854000,true,40,320,180,1200
world4_high_1280,1280,800,1280,800,40,15.495000,0.083900,9.981000,true,40,320,180,1200
world4_high_1280,1280,800,1280,800,41,15.837100,0.095400,9.840200,true,40,320,180,1200
world4_high_1280,1280,800,1280,800,42,15.119900,0.083500,9.648700,true,40,320,180,1200
world4_high_1280,1280,800,1280,800,43,15.011400,0.083300,10.705400,true,40,320,180,1200
world4_high_1280,1280,800,1280,800,44,15.258400,0.082000,9.912000,true,40,320,180,1200
world4_high_1280,1280,800,1280,800,45,16.879400,0.085600,9.655800,true,40,320,180,1200
world4_high_1280,1280,800,1280,800,46,15.070100,0.075600,9.769400,true,40,320,180,1200
world4_high_1280,1280,800,1280,800,47,14.914900,0.097700,9.889300,true,40,320,180,1200
world4_high_1280,1280,800,1280,800,48,14.841200,0.077800,9.988500,true,40,320,180,1200
world4_high_1280,1280,800,1280,800,49,15.124800,0.081000,10.628800,true,40,320,180,1200
world4_high_1280,1280,800,1280,800,50,15.256800,0.080900,9.838800,true,40,320,180,1200
world4_high_1280,1280,800,1280,800,51,14.997500,0.096000,9.621800,true,40,320,180,1200
world4_high_1280,1280,800,1280,800,52,15.471300,0.076400,11.065500,true,40,320,180,1200
world4_high_1280,1280,800,1280,800,53,14.970400,0.079000,11.245600,true,40,320,180,1200
world4_high_1280,1280,800,1280,800,54,15.264200,0.081700,9.791100,true,40,320,180,1200
world4_high_1280,1280,800,1280,800,55,15.633300,0.081700,9.641100,true,40,320,180,1200
world4_high_1280,1280,800,1280,800,56,15.511500,0.076900,10.070900,true,40,320,180,1200
world4_high_1280,1280,800,1280,800,57,15.600300,0.088600,10.294400,true,40,320,180,1200
world4_high_1280,1280,800,1280,800,58,15.610100,0.100800,9.853500,true,40,320,180,1200
world4_high_1280,1280,800,1280,800,59,15.006300,0.083700,10.382500,true,40,320,180,1200
world4_high_1280,1280,800,1280,800,60,15.436600,0.111300,9.763600,true,40,320,180,1200
world4_high_1280,1280,800,1280,800,61,15.044400,0.081000,10.059000,true,40,320,180,1200
world4_high_1280,1280,800,1280,800,62,15.087300,0.080300,9.970000,true,40,320,180,1200
world4_high_1280,1280,800,1280,800,63,17.977400,0.097700,10.771300,true,40,320,180,1200
world4_high_1280,1280,800,1280,800,64,15.513800,0.094400,10.131300,true,40,320,180,1200
world4_high_1280,1280,800,1280,800,65,15.493900,0.088000,9.935900,true,40,320,180,1200
world4_high_1280,1280,800,1280,800,66,16.445100,0.090800,9.697300,true,40,320,180,1200
world4_high_1280,1280,800,1280,800,67,16.251500,0.079300,10.382200,true,40,320,180,1200
world4_high_1280,1280,800,1280,800,68,15.650500,0.148900,10.251900,true,40,320,180,1200
