case,width,height,draw_width,draw_height,index,simulation_publish_ms,edt_dispatch_ms,edt_paint_ms,published,enemies,player_bullets,enemy_bullets,particles
world2_normal_960,960,600,960,600,0,10.497500,0.106900,2.431200,true,6,32,12,120
world2_normal_960,960,600,960,600,1,9.903200,0.100600,1.504600,true,6,32,12,120
world2_normal_960,960,600,960,600,2,9.263600,0.112200,1.656300,true,6,32,12,120
world2_normal_960,960,600,960,600,3,7.781400,0.129500,1.305700,true,6,32,12,120
world2_normal_960,960,600,960,600,4,8.370200,0.095200,1.431100,true,6,32,12,120
world2_normal_960,960,600,960,600,5,8.589000,0.099500,1.267100,true,6,32,12,120
world2_normal_960,960,600,960,600,6,9.122500,0.158400,1.460300,true,6,32,12,120
world2_normal_960,960,600,960,600,7,7.540900,0.098300,1.237700,true,6,32,12,120
world2_normal_960,960,600,960,600,8,8.234200,0.106700,1.245200,true,6,32,12,120
world2_normal_960,960,600,960,600,9,7.518800,0.097300,1.580500,true,6,32,12,120
world2_normal_960,960,600,960,600,10,8.844200,0.099000,1.299100,true,6,32,12,120
world2_normal_960,960,600,960,600,11,7.790100,0.112800,1.366400,true,6,32,12,120
world2_normal_960,960,600,960,600,12,7.978500,0.114300,1.384700,true,6,32,12,120
world2_normal_960,960,600,960,600,13,8.160900,0.108900,1.252900,true,6,32,12,120
world2_normal_960,960,600,960,600,14,7.916900,0.095300,1.470500,true,6,32,12,120
world2_normal_960,960,600,960,600,15,7.512900,0.138300,1.255000,true,6,32,12,120
world2_normal_960,960,600,960,600,16,7.960000,0.159600,1.483400,true,6,32,12,120
world2_normal_960,960,600,960,600,17,7.577000,0.102800,1.288000,true,6,32,12,120
world2_normal_960,960,600,960,600,18,8.345200,0.173800,1.449400,true,6,32,12,120
world2_normal_960,960,600,960,600,19,11.866300,0.102700,1.241800,true,6,32,12,120
world2_normal_960,960,600,960,600,20,8.368700,0.099800,1.396600,true,6,32,12,120
world2_normal_960,960,600,960,600,21,7.883100,0.106000,1.452600,true,6,32,12,120
world2_normal_960,960,600,960,600,22,8.039300,0.107800,1.321500,true,6,32,12,120
world2_normal_960,960,600,960,600,23,7.504900,0.106300,1.463100,true,6,32,12,120
world2_normal_960,960,600,960,600,24,7.997400,0.144700,1.285200,true,6,32,12,120
world2_normal_960,960,600,960,600,25,7.821400,0.137200,1.492400,true,6,32,12,120
world2_normal_960,960,600,960,600,26,9.635600,0.127100,1.484800,true,6,32,12,120
world2_normal_960,960,600,960,600,27,8.406300,0.134400,1.436800,true,6,32,12,120
world2_normal_960,960,600,960,600,28,9.943400,0.164400,1.331700,true,6,32,12,120
world2_normal_960,960,600,960,600,29,7.606500,0.097400,1.449400,true,6,32,12,120
world2_normal_960,960,600,960,600,30,8.320300,0.118700,1.434900,true,6,32,12,120
world2_normal_960,960,600,960,600,31,8.310000,0.111100,1.584200,true,6,32,12,120
world2_normal_960,960,600,960,600,32,8.687300,0.103300,1.367500,true,6,32,12,120
world2_normal_960,960,600,960,600,33,8.178500,0.138500,1.434500,true,6,32,12,120
world2_normal_960,960,600,960,600,34,7.967000,0.109700,1.528300,true,6,32,12,120
world2_normal_960,960,600,960,600,35,8.300800,0.110600,1.430300,true,6,32,12,120
world2_normal_960,960,600,960,600,36,9.294500,0.136800,1.428000,true,6,32,12,120
world2_normal_960,960,600,960,600,37,7.419500,0.123400,1.531300,true,6,32,12,120
world2_normal_960,960,600,960,600,38,8.234800,0.108700,1.446200,true,6,32,12,120
world2_normal_960,960,600,960,600,39,7.407400,0.140200,1.573300,true,6,32,12,120
world2_normal_960,960,600,960,600,40,8.095600,0.129100,1.454400,true,6,32,12,120
world2_normal_960,960,600,960,600,41,7.394400,0.115600,1.423300,true,6,32,12,120
world2_normal_960,960,600,960,600,42,7.918500,0.103000,1.525700,true,6,32,12,120
world2_normal_960,960,600,960,600,43,7.669600,0.096800,1.448400,true,6,32,12,120
world2_normal_960,960,600,960,600,44,12.449700,0.125900,1.419500,true,6,32,12,120
world2_normal_960,960,600,960,600,45,7.692400,0.118600,1.258200,true,6,32,12,120
world2_normal_960,960,600,960,600,46,8.190800,0.094900,1.294500,true,6,32,12,120
world2_normal_960,960,600,960,600,47,7.451000,0.102000,1.545900,true,6,32,12,120
world2_normal_960,960,600,960,600,48,8.156200,0.108300,1.526700,true,6,32,12,120
world2_normal_960,960,600,960,600,49,7.373700,0.117300,1.491700,true,6,32,12,120
world2_normal_960,960,600,960,600,50,7.835500,0.177100,1.273700,true,6,32,12,120
world2_normal_960,960,600,960,600,51,8.734100,0.102100,1.495700,true,6,32,13,120
world2_normal_960,960,600,960,600,52,8.108000,0.096400,1.248500,true,6,32,12,120
world2_normal_960,960,600,960,600,53,7.556000,0.093700,1.250800,true,6,32,12,120
world2_normal_960,960,600,960,600,54,9.078300,0.227900,1.552900,true,6,32,12,120
world2_normal_960,960,600,960,600,55,8.337800,0.136800,1.254500,true,6,32,13,120
world2_normal_960,960,600,960,600,56,8.338100,0.104500,1.473600,true,6,32,12,120
world2_normal_960,960,600,960,600,57,10.992600,0.109300,1.523500,true,6,32,12,120
world2_normal_960,960,600,960,600,58,8.306700,0.095400,1.552300,true,6,32,12,120
world2_normal_960,960,600,960,600,59,8.580300,0.129900,1.308300,true,6,32,12,120
world2_normal_960,960,600,960,600,60,8.222100,0.148600,1.434500,true,6,32,12,120
world2_normal_960,960,600,960,600,61,9.138900,0.116900,1.250900,true,6,32,12,120
world2_normal_960,960,600,960,600,62,8.968000,0.133600,1.278200,true,6,32,12,120
world2_normal_960,960,600,960,600,63,8.203300,0.181300,1.528100,true,6,32,12,120
world2_normal_960,960,600,960,600,64,8.834400,0.089400,1.328900,true,6,32,12,120
world2_normal_960,960,600,960,600,65,7.305200,0.104500,1.384400,true,6,32,12,120
world2_normal_960,960,600,960,600,66,7.648900,0.105400,1.266400,true,6,32,12,120
world2_normal_960,960,600,960,600,67,7.111200,0.125100,1.331500,true,6,32,12,120
world2_normal_960,960,600,960,600,68,7.724800,0.093100,1.292100,true,6,32,12,120
world2_normal_960,960,600,960,600,69,7.597500,0.114000,1.297400,true,6,32,12,120
world2_normal_960,960,600,960,600,70,8.079800,0.104800,1.361500,true,6,32,12,120
world2_normal_960,960,600,960,600,71,9.261500,0.102000,1.287100,true,6,32,12,120
world2_normal_960,960,600,960,600,72,8.129600,0.112600,1.383400,true,6,32,12,120
world2_normal_960,960,600,960,600,73,8.250500,0.110900,1.344200,true,6,32,12,120
world2_normal_960,960,600,960,600,74,7.982500,0.098400,1.242000,true,6,32,12,120
world2_normal_960,960,600,960,600,75,7.339400,0.093900,1.425100,true,6,32,12,120
world2_normal_960,960,600,960,600,76,7.775500,0.125300,1.266200,true,6,32,12,120
world2_normal_960,960,600,960,600,77,7.330500,0.106600,1.485600,true,6,32,12,120
world2_normal_960,960,600,960,600,78,7.920400,0.095100,1.245800,true,6,32,12,120
world2_normal_960,960,600,960,600,79,7.290000,0.093400,1.462900,true,6,32,12,120
world2_normal_960,960,600,960,600,80,7.970300,0.100200,1.527300,true,6,32,12,120
world2_normal_960,960,600,960,600,81,7.669200,0.102400,1.455900,true,6,32,12,120
world2_normal_960,960,600,960,600,82,7.993900,0.095500,1.236300,true,6,32,12,120
world2_normal_960,960,600,960,600,83,7.312500,0.096800,1.410700,true,6,32,13,120
world2_normal_960,960,600,960,600,84,7.741900,0.108000,1.354500,true,6,32,12,120
world2_normal_960,960,600,960,600,85,7.297900,0.107100,1.367600,true,6,32,12,120
world2_normal_960,960,600,960,600,86,7.903200,0.105100,1.509200,true,6,32,12,120
world2_normal_960,960,600,960,600,87,7.104900,0.105900,1.558900,true,6,32,12,120
world2_normal_960,960,600,960,600,88,7.876100,0.103800,1.450900,true,6,32,12,120
world2_normal_960,960,600,960,600,89,7.393600,0.095300,1.275700,true,6,32,12,120
world2_normal_960,960,600,960,600,90,8.180500,0.097300,1.541900,true,6,32,12,120
world2_normal_960,960,600,960,600,91,7.227600,0.126800,1.341300,true,6,32,12,120
world2_normal_960,960,600,960,600,92,8.003500,0.105100,1.385400,true,6,32,12,120
world2_normal_960,960,600,960,600,93,7.545800,0.137100,1.350300,true,6,32,12,120
world2_normal_960,960,600,960,600,94,9.287800,0.092800,1.650100,true,6,32,12,120
world2_normal_960,960,600,960,600,95,7.242900,0.096700,1.287000,true,6,32,12,120
world2_normal_960,960,600,960,600,96,7.838800,0.104800,1.407600,true,6,32,12,120
world2_normal_960,960,600,960,600,97,10.906400,0.132500,1.561800,true,6,32,12,120
world2_normal_960,960,600,960,600,98,7.555400,0.102100,1.403900,true,6,32,12,120
world2_normal_960,960,600,960,600,99,7.317000,0.131300,1.346600,true,6,32,12,120
world2_normal_960,960,600,960,600,100,7.812100,0.107900,1.370800,true,6,32,12,120
world2_normal_960,960,600,960,600,101,7.461100,0.127000,1.517900,true,6,32,12,120
world2_normal_960,960,600,960,600,102,7.940900,0.115300,1.334900,true,6,32,12,120
world2_normal_960,960,600,960,600,103,7.888600,0.126600,1.392400,true,6,32,12,120
world2_normal_960,960,600,960,600,104,7.854300,0.106700,1.490600,true,6,32,12,120
world2_normal_960,960,600,960,600,105,7.416800,0.114200,1.457700,true,6,32,12,120
world2_normal_960,960,600,960,600,106,10.269500,0.231000,1.317200,true,6,32,12,120
world2_normal_960,960,600,960,600,107,7.137700,0.093600,1.262100,true,6,32,12,120
world2_normal_960,960,600,960,600,108,8.088400,0.117800,1.735000,true,6,32,12,120
world2_normal_960,960,600,960,600,109,7.378500,0.094200,1.664400,true,6,32,12,120
world2_normal_960,960,600,960,600,110,8.348500,0.135400,1.820600,true,6,32,12,120
world2_normal_960,960,600,960,600,111,9.676300,0.096800,1.562400,true,6,32,12,120
world2_normal_960,960,600,960,600,112,7.944500,0.100200,1.608500,true,6,32,12,120
world2_normal_960,960,600,960,600,113,7.113100,0.103600,1.475300,true,6,32,12,120
world2_normal_960,960,600,960,600,114,7.812000,0.099400,1.476500,true,6,32,12,120
world2_normal_960,960,600,960,600,115,7.145900,0.097700,1.513200,true,6,32,12,120
world2_normal_960,960,600,960,600,116,7.684800,0.117700,1.844500,true,6,32,12,120
world2_normal_960,960,600,960,600,117,7.536600,0.102000,1.308400,true,6,32,12,120
world2_normal_960,960,600,960,600,118,7.728000,0.130900,1.730200,true,6,32,12,120
world2_normal_960,960,600,960,600,119,8.159900,0.113200,1.452200,true,6,32,12,120
world2_normal_960,960,600,960,600,120,8.674100,0.108700,1.264500,true,6,32,12,120
world2_normal_960,960,600,960,600,121,7.672800,0.117200,1.566000,true,6,32,12,120
world2_normal_960,960,600,960,600,122,8.175600,0.100300,1.296700,true,6,32,12,120
world2_normal_960,960,600,960,600,123,7.181400,0.116800,2.216700,true,6,32,12,120
world2_normal_960,960,600,960,600,124,8.098300,0.108400,1.429300,true,6,32,12,120
world2_normal_960,960,600,960,600,125,8.088200,0.103300,1.369000,true,6,32,12,120
world2_normal_960,960,600,960,600,126,8.740600,0.125700,1.298000,true,6,32,12,120
world2_normal_960,960,600,960,600,127,7.720800,0.096600,1.334500,true,6,32,12,120
world2_normal_960,960,600,960,600,128,8.449200,0.131100,1.340300,true,6,32,12,120
world2_normal_960,960,600,960,600,129,7.025300,0.107500,1.301500,true,6,32,12,120
world2_normal_960,960,600,960,600,130,7.716300,0.116100,1.381900,true,6,32,12,120
world2_normal_960,960,600,960,600,131,8.314600,0.108900,1.462700,true,6,32,12,120
world2_normal_960,960,600,960,600,132,8.413200,0.114500,1.420500,true,6,32,12,120
world2_normal_960,960,600,960,600,133,7.227000,0.102900,1.466000,true,6,32,12,120
world2_normal_960,960,600,960,600,134,8.327700,0.100400,1.451400,true,6,32,12,120
world2_normal_960,960,600,960,600,135,7.397200,0.115700,2.019800,true,6,32,12,120
world2_normal_960,960,600,960,600,136,7.672300,0.097700,1.479300,true,6,32,12,120
world2_normal_960,960,600,960,600,137,7.609400,0.117800,1.274700,true,6,32,12,120
world2_normal_960,960,600,960,600,138,7.702600,0.130500,1.418500,true,6,32,12,120
world2_normal_960,960,600,960,600,139,7.349800,0.127000,2.422200,true,6,32,12,120
world2_normal_960,960,600,960,600,140,8.094400,0.104400,1.523200,true,6,32,12,120
world2_normal_960,960,600,960,600,141,8.450800,0.098900,1.381900,true,6,32,12,120
world2_normal_960,960,600,960,600,142,7.856300,0.113000,2.432400,true,6,32,12,120
world2_normal_960,960,600,960,600,143,7.244400,0.098900,1.563500,true,6,32,12,120
world2_normal_960,960,600,960,600,144,8.167700,0.103300,1.515900,true,6,32,12,120
world2_normal_960,960,600,960,600,145,7.759600,0.130500,1.586100,true,6,32,12,120
world2_normal_960,960,600,960,600,146,8.804700,0.146300,1.362500,true,6,32,12,120
world2_normal_960,960,600,960,600,147,9.128900,0.141400,1.349500,true,6,32,12,120
world2_normal_960,960,600,960,600,148,8.154400,0.152200,1.505400,true,6,32,12,120
world2_normal_960,960,600,960,600,149,7.672500,0.108600,1.441300,true,6,32,12,120
world2_normal_960,960,600,960,600,150,7.937300,0.104300,1.270300,true,6,32,12,120
world2_normal_960,960,600,960,600,151,7.585600,0.109700,1.381700,true,6,32,12,120
world2_normal_960,960,600,960,600,152,7.637200,0.111800,1.326100,true,6,32,12,120
world2_normal_960,960,600,960,600,153,7.203800,0.096200,1.382800,true,6,32,12,120
world2_normal_960,960,600,960,600,154,7.782800,0.107600,1.342700,true,6,32,12,120
world2_normal_960,960,600,960,600,155,7.490500,0.102900,1.514700,true,6,32,12,120
world2_normal_960,960,600,960,600,156,7.438300,0.109400,1.231300,true,6,32,12,120
world2_normal_960,960,600,960,600,157,7.463500,0.112700,1.335300,true,6,32,12,120
world2_normal_960,960,600,960,600,158,9.407600,0.106600,1.296900,true,6,32,12,120
world2_normal_960,960,600,960,600,159,7.705000,0.122100,1.437300,true,6,32,12,120
world2_normal_960,960,600,960,600,160,7.989700,0.107400,1.411400,true,6,32,12,120
world2_normal_960,960,600,960,600,161,7.030000,0.134800,2.014100,true,6,32,13,120
world2_normal_960,960,600,960,600,162,7.808300,0.094000,1.328400,true,6,32,12,120
world2_normal_960,960,600,960,600,163,7.414100,0.119500,1.556500,true,6,32,12,120
world2_normal_960,960,600,960,600,164,8.746100,0.107200,1.426100,true,6,32,12,120
world2_normal_960,960,600,960,600,165,8.544500,0.111800,1.394900,true,6,32,13,120
world2_normal_960,960,600,960,600,166,7.503300,0.224100,1.819700,true,6,32,12,120
world2_normal_960,960,600,960,600,167,7.204500,0.112500,1.381800,true,6,32,12,120
world2_normal_960,960,600,960,600,168,7.818700,0.120100,1.594800,true,6,32,12,120
world2_normal_960,960,600,960,600,169,7.300500,0.091800,1.454700,true,6,32,12,120
world2_normal_960,960,600,960,600,170,7.322000,0.108400,1.489700,true,6,32,12,120
world2_normal_960,960,600,960,600,171,6.691900,0.098900,1.422200,true,6,32,12,120
world2_normal_960,960,600,960,600,172,8.125800,0.102200,1.520100,true,6,32,12,120
world2_normal_960,960,600,960,600,173,6.835400,0.101700,1.408300,true,6,32,12,120
world2_normal_960,960,600,960,600,174,7.579800,0.103200,1.378700,true,6,32,12,120
world2_normal_960,960,600,960,600,175,6.909100,0.101100,1.301100,true,6,32,12,120
world2_normal_960,960,600,960,600,176,7.574300,0.091000,1.440800,true,6,32,12,120
world2_normal_960,960,600,960,600,177,10.576100,0.101300,1.450400,true,6,32,12,120
world2_normal_960,960,600,960,600,178,7.628800,0.106500,1.306600,true,6,32,12,120
world2_normal_960,960,600,960,600,179,7.345300,0.092100,1.288000,true,6,32,12,120
world2_normal_960,960,600,960,600,180,8.119200,0.114200,1.518900,true,6,32,12,120
world2_normal_600,600,400,600,375,0,7.262200,0.094500,2.354900,true,6,32,12,120
world2_normal_600,600,400,600,375,1,6.945800,0.079300,2.294000,true,6,32,12,120
world2_normal_600,600,400,600,375,2,7.173500,0.123400,2.353400,true,6,32,12,120
world2_normal_600,600,400,600,375,3,6.844700,0.088200,2.491200,true,6,32,12,120
world2_normal_600,600,400,600,375,4,6.705700,0.098700,2.392100,true,6,32,12,120
world2_normal_600,600,400,600,375,5,7.991400,0.234900,2.298100,true,6,32,12,120
world2_normal_600,600,400,600,375,6,6.697200,0.092800,2.694500,true,6,32,12,120
world2_normal_600,600,400,600,375,7,6.920300,0.083400,2.315600,true,6,32,12,120
world2_normal_600,600,400,600,375,8,6.433100,0.080800,2.325900,true,6,32,12,120
world2_normal_600,600,400,600,375,9,6.750600,0.078900,2.161000,true,6,32,12,120
world2_normal_600,600,400,600,375,10,6.943100,0.073000,2.468700,true,6,32,12,120
world2_normal_600,600,400,600,375,11,7.518700,0.099900,2.461700,true,6,32,12,120
world2_normal_600,600,400,600,375,12,8.083300,0.242600,2.479300,true,6,32,12,120
world2_normal_600,600,400,600,375,13,7.008700,0.123200,2.383000,true,6,32,12,120
world2_normal_600,600,400,600,375,14,7.630000,0.106900,2.346200,true,6,32,12,120
world2_normal_600,600,400,600,375,15,8.196500,0.097300,2.198700,true,6,32,12,120
world2_normal_600,600,400,600,375,16,6.806500,0.077100,2.257000,true,6,32,12,120
world2_normal_600,600,400,600,375,17,6.607600,0.081700,2.357300,true,6,32,12,120
world2_normal_600,600,400,600,375,18,6.716100,0.082800,2.372400,true,6,32,12,120
world2_normal_600,600,400,600,375,19,7.245300,0.093500,2.212400,true,6,32,12,120
world2_normal_600,600,400,600,375,20,6.766700,0.105300,2.384500,true,6,32,12,120
world2_normal_600,600,400,600,375,21,6.842800,0.084800,2.280900,true,6,32,12,120
world2_normal_600,600,400,600,375,22,7.007100,0.088700,2.443300,true,6,32,12,120
world2_normal_600,600,400,600,375,23,7.013900,0.089600,2.499600,true,6,32,12,120
world2_normal_600,600,400,600,375,24,6.751200,0.088400,2.425000,true,6,32,12,120
world2_normal_600,600,400,600,375,25,6.827600,0.091700,2.215900,true,6,32,12,120
world2_normal_600,600,400,600,375,26,6.948500,0.096500,2.416100,true,6,32,12,120
world2_normal_600,600,400,600,375,27,8.875600,0.137100,2.662600,true,6,32,12,120
world2_normal_600,600,400,600,375,28,7.171600,0.085600,2.424200,true,6,32,12,120
world2_normal_600,600,400,600,375,29,6.852000,0.080200,2.302700,true,6,32,12,120
world2_normal_600,600,400,600,375,30,6.943900,0.096500,2.476800,true,6,32,12,120
world2_normal_600,600,400,600,375,31,7.245400,0.087900,2.421500,true,6,32,12,120
world2_normal_600,600,400,600,375,32,7.049100,0.090000,2.221700,true,6,32,12,120
world2_normal_600,600,400,600,375,33,6.572400,0.083100,2.371600,true,6,32,12,120
world2_normal_600,600,400,600,375,34,7.888900,0.084600,2.199800,true,6,32,12,120
world2_normal_600,600,400,600,375,35,6.801100,0.089700,2.486000,true,6,32,13,120
world2_normal_600,600,400,600,375,36,6.733400,0.081100,2.189700,true,6,32,12,120
world2_normal_600,600,400,600,375,37,7.519700,0.117800,2.295700,true,6,32,12,120
world2_normal_600,600,400,600,375,38,7.178900,0.086400,2.466300,true,6,32,12,120
world2_normal_600,600,400,600,375,39,7.996100,0.092100,2.365500,true,6,32,13,120
world2_normal_600,600,400,600,375,40,6.881400,0.089200,2.575500,true,6,32,12,120
world2_normal_600,600,400,600,375,41,7.262200,0.113600,2.557500,true,6,32,12,120
world2_normal_600,600,400,600,375,42,6.529700,0.091800,2.220400,true,6,32,12,120
world2_normal_600,600,400,600,375,43,6.933300,0.087800,2.380800,true,6,32,12,120
world2_normal_600,600,400,600,375,44,6.682900,0.078800,2.439300,true,6,32,12,120
world2_normal_600,600,400,600,375,45,6.780000,0.092000,2.512900,true,6,32,12,120
world2_normal_600,600,400,600,375,46,7.579100,0.085600,2.229100,true,6,32,12,120
world2_normal_600,600,400,600,375,47,6.828000,0.130600,2.251000,true,6,32,12,120
world2_normal_600,600,400,600,375,48,6.733100,0.088500,2.358400,true,6,32,12,120
world2_normal_600,600,400,600,375,49,7.321800,0.106700,2.243400,true,6,32,12,120
world2_normal_600,600,400,600,375,50,7.307700,0.094600,3.011200,true,6,32,12,120
world2_normal_600,600,400,600,375,51,6.545100,0.078600,2.185600,true,6,32,12,120
world2_normal_600,600,400,600,375,52,6.500400,0.115400,2.216000,true,6,32,12,120
world2_normal_600,600,400,600,375,53,6.573700,0.163500,2.376600,true,6,32,12,120
world2_normal_600,600,400,600,375,54,7.145400,0.144700,2.454700,true,6,32,12,120
world2_normal_600,600,400,600,375,55,6.761000,0.106200,2.389000,true,6,32,12,120
world2_normal_600,600,400,600,375,56,6.948900,0.085300,2.676000,true,6,32,12,120
world2_normal_600,600,400,600,375,57,6.974300,0.066800,2.189200,true,6,32,12,120
world2_normal_600,600,400,600,375,58,8.202800,0.240100,2.218100,true,6,32,12,120
world2_normal_600,600,400,600,375,59,6.715600,0.071800,2.369700,true,6,32,12,120
world2_normal_600,600,400,600,375,60,6.437500,0.071000,2.243600,true,6,32,12,120
world2_normal_600,600,400,600,375,61,6.505700,0.073700,2.452800,true,6,32,12,120
world2_normal_600,600,400,600,375,62,6.680500,0.082000,2.297600,true,6,32,12,120
world2_normal_600,600,400,600,375,63,7.686400,0.088800,2.434000,true,6,32,12,120
world2_normal_600,600,400,600,375,64,6.699800,0.086200,2.478900,true,6,32,12,120
world2_normal_600,600,400,600,375,65,7.919700,0.072200,2.204400,true,6,32,12,120
world2_normal_600,600,400,600,375,66,7.799800,0.083200,2.439500,true,6,32,12,120
world2_normal_600,600,400,600,375,67,7.249900,0.072800,2.271900,true,6,32,13,120
world2_normal_600,600,400,600,375,68,6.620800,0.088400,2.296100,true,6,32,12,120
world2_normal_600,600,400,600,375,69,6.442200,0.077300,2.378400,true,6,32,12,120
world2_normal_600,600,400,600,375,70,6.532000,0.094500,2.492200,true,6,32,12,120
world2_normal_600,600,400,600,375,71,6.440600,0.065900,2.384500,true,6,32,12,120
world2_normal_600,600,400,600,375,72,7.675600,0.078400,2.355500,true,6,32,12,120
world2_normal_600,600,400,600,375,73,6.814800,0.074000,2.331600,true,6,32,12,120
world2_normal_600,600,400,600,375,74,6.563300,0.071900,2.225900,true,6,32,12,120
world2_normal_600,600,400,600,375,75,7.098100,0.069600,2.457400,true,6,32,12,120
world2_normal_600,600,400,600,375,76,6.788800,0.090300,2.236400,true,6,32,12,120
world2_normal_600,600,400,600,375,77,7.114400,0.066300,2.180100,true,6,32,12,120
world2_normal_600,600,400,600,375,78,7.685100,0.066700,2.253200,true,6,32,12,120
world2_normal_600,600,400,600,375,79,7.540700,0.072600,2.224800,true,6,32,12,120
world2_normal_600,600,400,600,375,80,7.172300,0.078600,2.376700,true,6,32,12,120
world2_normal_600,600,400,600,375,81,6.939200,0.074800,2.237800,true,6,32,12,120
world2_normal_600,600,400,600,375,82,6.629700,0.075900,2.517200,true,6,32,12,120
world2_normal_600,600,400,600,375,83,6.612800,0.073400,2.209300,true,6,32,12,120
world2_normal_600,600,400,600,375,84,6.870100,0.074200,2.410000,true,6,32,12,120
world2_normal_600,600,400,600,375,85,6.619600,0.077900,2.381000,true,6,32,12,120
world2_normal_600,600,400,600,375,86,6.762800,0.070500,2.362600,true,6,32,12,120
world2_normal_600,600,400,600,375,87,6.906100,0.072800,2.259500,true,6,32,12,120
world2_normal_600,600,400,600,375,88,6.746500,0.194500,2.542600,true,6,32,12,120
world2_normal_600,600,400,600,375,89,7.842500,0.080300,2.370300,true,6,32,12,120
world2_normal_600,600,400,600,375,90,6.783000,0.066100,2.214200,true,6,32,12,120
world2_normal_600,600,400,600,375,91,6.462200,0.083900,2.696900,true,6,32,12,120
world2_normal_600,600,400,600,375,92,7.526500,0.086900,2.380300,true,6,32,12,120
world2_normal_600,600,400,600,375,93,6.388100,0.098600,2.445600,true,6,32,12,120
world2_normal_600,600,400,600,375,94,6.651000,0.067500,2.175100,true,6,32,12,120
world2_normal_600,600,400,600,375,95,6.416800,0.073000,2.667100,true,6,32,12,120
world2_normal_600,600,400,600,375,96,8.080800,0.072700,2.687000,true,6,32,12,120
world2_normal_600,600,400,600,375,97,6.923200,0.065700,2.144300,true,6,32,12,120
world2_normal_600,600,400,600,375,98,6.611200,0.068700,2.343500,true,6,32,12,120
world2_normal_600,600,400,600,375,99,6.636100,0.076500,2.267200,true,6,32,12,120
world2_normal_600,600,400,600,375,100,6.831300,0.095200,2.690600,true,6,32,12,120
world2_normal_600,600,400,600,375,101,7.470500,0.074100,2.426300,true,6,32,12,120
world2_normal_600,600,400,600,375,102,6.363000,0.095700,2.294600,true,6,32,12,120
world2_normal_600,600,400,600,375,103,6.916700,0.075200,2.397500,true,6,32,12,120
world2_normal_600,600,400,600,375,104,7.747600,0.068500,2.373800,true,6,32,12,120
world2_normal_600,600,400,600,375,105,6.741900,0.067300,2.318100,true,6,32,12,120
world2_normal_600,600,400,600,375,106,6.611100,0.080600,2.322600,true,6,32,12,120
world2_normal_600,600,400,600,375,107,6.860300,0.087200,2.597700,true,6,32,12,120
world2_normal_600,600,400,600,375,108,7.531600,0.069800,2.164600,true,6,32,12,120
world2_normal_600,600,400,600,375,109,6.527800,0.071100,2.384100,true,6,32,12,120
world2_normal_600,600,400,600,375,110,6.568500,0.069100,2.382900,true,6,32,12,120
world2_normal_600,600,400,600,375,111,6.833500,0.090200,2.365200,true,6,32,12,120
world2_normal_600,600,400,600,375,112,6.883700,0.079100,2.294300,true,6,32,12,120
world2_normal_600,600,400,600,375,113,7.146400,0.085500,2.378900,true,6,32,12,120
world2_normal_600,600,400,600,375,114,7.112300,0.069100,2.240000,true,6,32,12,120
world2_normal_600,600,400,600,375,115,6.624300,0.145100,2.375400,true,6,32,12,120
world2_normal_600,600,400,600,375,116,7.873600,0.079200,2.383900,true,6,32,12,120
world2_normal_600,600,400,600,375,117,7.744600,0.070500,2.320400,true,6,32,12,120
world2_normal_600,600,400,600,375,118,7.516600,0.070200,2.219600,true,6,32,12,120
world2_normal_600,600,400,600,375,119,6.598900,0.064700,2.188400,true,6,32,12,120
world2_normal_600,600,400,600,375,120,6.961500,0.090300,3.589100,true,6,32,12,120
world2_normal_600,600,400,600,375,121,6.967800,0.076700,2.445800,true,6,32,12,120
world2_normal_600,600,400,600,375,122,7.101500,0.065100,2.396500,true,6,32,12,120
world2_normal_600,600,400,600,375,123,6.771600,0.091900,2.236800,true,6,32,12,120
world2_normal_600,600,400,600,375,124,6.910700,0.076900,2.519100,true,6,32,12,120
world2_normal_600,600,400,600,375,125,6.991800,0.070000,2.186000,true,6,32,12,120
world2_normal_600,600,400,600,375,126,6.666300,0.063600,2.796900,true,6,32,12,120
world2_normal_600,600,400,600,375,127,6.637900,0.069900,2.195200,true,6,32,12,120
world2_normal_600,600,400,600,375,128,6.759600,0.078000,2.489900,true,6,32,12,120
world2_normal_600,600,400,600,375,129,6.618000,0.075600,2.374300,true,6,32,12,120
world2_normal_600,600,400,600,375,130,6.489200,0.070600,2.407100,true,6,32,12,120
world2_normal_600,600,400,600,375,131,6.587600,0.075700,2.207900,true,6,32,12,120
world2_normal_600,600,400,600,375,132,6.934600,0.093300,2.727600,true,6,32,12,120
world2_normal_600,600,400,600,375,133,6.739600,0.078100,2.386300,true,6,32,12,120
world2_normal_600,600,400,600,375,134,7.961600,0.071100,2.192200,true,6,32,12,120
world2_normal_600,600,400,600,375,135,6.888900,0.088300,2.642500,true,6,32,12,120
world2_normal_600,600,400,600,375,136,6.529300,0.078600,2.401700,true,6,32,12,120
world2_normal_600,600,400,600,375,137,6.680700,0.077000,2.421400,true,6,32,12,120
world2_normal_600,600,400,600,375,138,6.894400,0.065800,2.336600,true,6,32,12,120
world2_normal_600,600,400,600,375,139,7.227100,0.084800,2.397900,true,6,32,12,120
world2_normal_600,600,400,600,375,140,7.269000,0.077300,2.398400,true,6,32,12,120
world2_normal_600,600,400,600,375,141,6.553100,0.076600,2.212800,true,6,32,12,120
world2_normal_600,600,400,600,375,142,6.655400,0.069000,2.367700,true,6,32,12,120
world2_normal_600,600,400,600,375,143,6.633700,0.101500,2.516800,true,6,32,12,120
world2_normal_600,600,400,600,375,144,6.710200,0.069600,2.291300,true,6,32,12,120
world2_normal_600,600,400,600,375,145,6.586800,0.074700,2.216700,true,6,32,13,120
world2_normal_600,600,400,600,375,146,6.755800,0.082300,2.524900,true,6,32,12,120
world2_normal_600,600,400,600,375,147,7.110200,0.069300,2.377500,true,6,32,12,120
world2_normal_600,600,400,600,375,148,6.978800,0.075100,2.537600,true,6,32,12,120
world2_normal_600,600,400,600,375,149,6.926900,0.064300,2.181500,true,6,32,13,120
world2_normal_600,600,400,600,375,150,6.769000,0.074800,2.346600,true,6,32,12,120
world2_normal_600,600,400,600,375,151,7.309000,0.072100,2.542300,true,6,32,12,120
world2_normal_600,600,400,600,375,152,6.624900,0.099200,2.221600,true,6,32,12,120
world2_normal_600,600,400,600,375,153,6.430100,0.065000,2.341800,true,6,32,12,120
world2_normal_600,600,400,600,375,154,6.610100,0.082600,2.400000,true,6,32,12,120
world2_normal_600,600,400,600,375,155,6.621200,0.090300,2.355100,true,6,32,12,120
world2_normal_600,600,400,600,375,156,7.447200,0.093600,2.222800,true,6,32,12,120
world2_normal_600,600,400,600,375,157,6.772800,0.077000,2.325900,true,6,32,12,120
world2_normal_600,600,400,600,375,158,8.836000,0.077800,2.479700,true,6,32,12,120
world2_normal_600,600,400,600,375,159,6.745600,0.132100,2.294700,true,6,32,12,120
world2_normal_600,600,400,600,375,160,6.883400,0.105200,2.300400,true,6,32,12,120
world2_normal_600,600,400,600,375,161,9.001300,0.075700,2.445800,true,6,32,12,120
world2_normal_600,600,400,600,375,162,9.543400,0.080200,2.451000,true,6,32,12,120
world2_normal_600,600,400,600,375,163,6.594700,0.086400,2.376000,true,6,32,12,120
world2_normal_600,600,400,600,375,164,6.959900,0.082500,2.539200,true,6,32,12,120
world2_normal_600,600,400,600,375,165,7.509300,0.077300,2.402100,true,6,32,12,120
world2_normal_600,600,400,600,375,166,6.892600,0.072600,2.357300,true,6,32,12,120
world2_normal_600,600,400,600,375,167,7.291000,0.081300,2.447900,true,6,32,12,120
world2_normal_600,600,400,600,375,168,7.082800,0.087000,2.211600,true,6,32,12,120
world2_normal_600,600,400,600,375,169,6.736800,0.074000,2.461200,true,6,32,12,120
world2_normal_600,600,400,600,375,170,8.307800,0.076700,2.477700,true,6,32,12,120
world2_normal_600,600,400,600,375,171,6.969300,0.076400,2.366500,true,6,32,12,120
world2_normal_600,600,400,600,375,172,7.057600,0.070000,2.656600,true,6,32,12,120
world2_normal_600,600,400,600,375,173,6.885900,0.066300,2.203100,true,6,32,12,120
world2_normal_600,600,400,600,375,174,7.187500,0.058100,2.396200,true,6,32,12,120
world2_normal_600,600,400,600,375,175,6.577800,0.070600,2.371800,true,6,32,12,120
world2_normal_600,600,400,600,375,176,6.432600,0.064600,2.344600,true,6,32,12,120
world2_normal_600,600,400,600,375,177,6.422600,0.081900,2.236600,true,6,32,12,120
world2_normal_600,600,400,600,375,178,6.665200,0.067500,2.653900,true,6,32,12,120
world2_normal_600,600,400,600,375,179,7.661600,0.071700,2.332300,true,6,32,12,120
world2_normal_600,600,400,600,375,180,6.721700,0.093300,2.323100,true,6,32,12,120
world2_normal_600,600,400,600,375,181,6.594300,0.107800,2.295500,true,6,32,12,120
world2_normal_600,600,400,600,375,182,6.711500,0.088000,2.858400,true,6,32,12,120
world2_normal_600,600,400,600,375,183,7.764400,0.086400,2.325500,true,6,32,12,120
world2_normal_1280,1280,800,1280,800,0,6.827300,0.092100,11.375700,true,6,32,12,120
world2_normal_1280,1280,800,1280,800,1,6.808600,0.081700,9.873600,true,6,32,12,120
world2_normal_1280,1280,800,1280,800,2,6.764600,0.089600,10.130500,true,6,32,12,120
world2_normal_1280,1280,800,1280,800,3,6.842200,0.073300,9.675100,true,6,32,12,120
world2_normal_1280,1280,800,1280,800,4,8.294800,0.080500,9.738400,true,6,32,12,120
world2_normal_1280,1280,800,1280,800,5,6.555300,0.080400,9.970700,true,6,32,12,120
world2_normal_1280,1280,800,1280,800,6,8.232900,0.073100,9.780900,true,6,32,12,120
world2_normal_1280,1280,800,1280,800,7,7.175000,0.091300,10.036100,true,6,32,12,120
world2_normal_1280,1280,800,1280,800,8,6.913800,0.073800,9.836300,true,6,32,12,120
world2_normal_1280,1280,800,1280,800,9,7.258400,0.072800,9.636600,true,6,32,12,120
world2_normal_1280,1280,800,1280,800,10,6.743100,0.068500,10.448400,true,6,32,12,120
world2_normal_1280,1280,800,1280,800,11,7.802200,0.065200,9.690600,true,6,32,12,120
world2_normal_1280,1280,800,1280,800,12,6.759600,0.065100,9.883800,true,6,32,12,120
world2_normal_1280,1280,800,1280,800,13,6.794100,0.108000,10.035700,true,6,32,12,120
world2_normal_1280,1280,800,1280,800,14,6.997700,0.089400,9.933600,true,6,32,12,120
world2_normal_1280,1280,800,1280,800,15,7.588400,0.089500,9.808900,true,6,32,12,120
world2_normal_1280,1280,800,1280,800,16,6.916700,0.070700,9.791900,true,6,32,12,120
world2_normal_1280,1280,800,1280,800,17,6.984600,0.085400,9.794400,true,6,32,12,120
world2_normal_1280,1280,800,1280,800,18,6.507200,0.080800,9.756200,true,6,32,12,120
world2_normal_1280,1280,800,1280,800,19,6.694200,0.070100,9.776600,true,6,32,12,120
world2_normal_1280,1280,800,1280,800,20,6.577500,0.066700,9.549600,true,6,32,12,120
world2_normal_1280,1280,800,1280,800,21,6.701500,0.069600,9.465100,true,6,32,12,120
world2_normal_1280,1280,800,1280,800,22,6.583900,0.074800,9.807600,true,6,32,12,120
world2_normal_1280,1280,800,1280,800,23,6.749900,0.077500,9.751600,true,6,32,12,120
world2_normal_1280,1280,800,1280,800,24,7.462600,0.067900,9.629000,true,6,32,12,120
world2_normal_1280,1280,800,1280,800,25,7.328200,0.288100,9.600300,true,6,32,12,120
world2_normal_1280,1280,800,1280,800,26,6.511400,0.105700,9.858000,true,6,32,12,120
world2_normal_1280,1280,800,1280,800,27,7.660700,0.083000,9.734800,true,6,32,12,120
world2_normal_1280,1280,800,1280,800,28,6.404400,0.089700,9.595200,true,6,32,12,120
world2_normal_1280,1280,800,1280,800,29,6.393800,0.079900,9.633600,true,6,32,12,120
world2_normal_1280,1280,800,1280,800,30,6.794400,0.095000,9.784100,true,6,32,12,120
world2_normal_1280,1280,800,1280,800,31,6.871100,0.079500,9.786000,true,6,32,12,120
world2_normal_1280,1280,800,1280,800,32,6.535100,0.083700,9.687900,true,6,32,12,120
world2_normal_1280,1280,800,1280,800,33,6.728800,0.073500,9.672000,true,6,32,12,120
world2_normal_1280,1280,800,1280,800,34,7.017400,0.122000,10.118500,true,6,32,12,120
world2_normal_1280,1280,800,1280,800,35,6.812500,0.063700,9.842700,true,6,32,12,120
world2_normal_1280,1280,800,1280,800,36,7.073100,0.066200,9.973600,true,6,32,12,120
world2_normal_1280,1280,800,1280,800,37,6.901200,0.060200,11.049200,true,6,32,12,120
world2_normal_1280,1280,800,1280,800,38,6.452400,0.077100,9.596900,true,6,32,12,120
world2_normal_1280,1280,800,1280,800,39,6.771900,0.090400,9.677300,true,6,32,12,120
world2_normal_1280,1280,800,1280,800,40,6.583000,0.079000,9.670500,true,6,32,12,120
world2_normal_1280,1280,800,1280,800,41,7.067100,0.069700,9.764400,true,6,32,12,120
world2_normal_1280,1280,800,1280,800,42,8.034900,0.078200,9.679600,true,6,32,12,120
world2_normal_1280,1280,800,1280,800,43,6.906500,0.066500,9.501800,true,6,32,12,120
world2_normal_1280,1280,800,1280,800,44,6.735100,0.085800,9.823800,true,6,32,12,120
world2_normal_1280,1280,800,1280,800,45,7.003400,0.086200,9.950800,true,6,32,12,120
world2_normal_1280,1280,800,1280,800,46,6.878600,0.087600,9.997900,true,6,32,12,120
world2_normal_1280,1280,800,1280,800,47,6.657700,0.066600,9.536800,true,6,32,12,120
world2_normal_1280,1280,800,1280,800,48,7.399100,0.075400,9.625000,true,6,32,12,120
world2_normal_1280,1280,800,1280,800,49,6.680600,0.078400,9.827700,true,6,32,12,120
world2_normal_1280,1280,800,1280,800,50,6.759200,0.070900,10.020900,true,6,32,12,120
world2_normal_1280,1280,800,1280,800,51,6.504600,0.076600,9.654200,true,6,32,12,120
world2_normal_1280,1280,800,1280,800,52,7.594600,0.077800,9.698700,true,6,32,12,120
world2_normal_1280,1280,800,1280,800,53,6.729600,0.087900,9.682000,true,6,32,12,120
world2_normal_1280,1280,800,1280,800,54,7.751200,0.088200,9.885000,true,6,32,12,120
world2_normal_1280,1280,800,1280,800,55,6.878500,0.072300,9.859900,true,6,32,12,120
world2_normal_1280,1280,800,1280,800,56,7.538700,0.085700,9.756200,true,6,32,12,120
world2_normal_1280,1280,800,1280,800,57,7.169200,0.095900,9.694600,true,6,32,12,120
world2_normal_1280,1280,800,1280,800,58,7.137900,0.075300,9.686900,true,6,32,12,120
world2_normal_1280,1280,800,1280,800,59,7.112700,0.089800,9.813400,true,6,32,12,120
world2_normal_1280,1280,800,1280,800,60,6.713200,0.077500,9.639000,true,6,32,12,120
world2_normal_1280,1280,800,1280,800,61,7.336900,0.073800,10.011000,true,6,32,12,120
world2_normal_1280,1280,800,1280,800,62,7.482800,0.074300,9.651000,true,6,32,12,120
world2_normal_1280,1280,800,1280,800,63,6.627900,0.074700,9.575100,true,6,32,12,120
world2_normal_1280,1280,800,1280,800,64,6.624900,0.073200,9.738100,true,6,32,12,120
world2_normal_1280,1280,800,1280,800,65,6.649100,0.069400,10.042000,true,6,32,12,120
world2_normal_1280,1280,800,1280,800,66,7.107300,0.069400,9.746100,true,6,32,12,120
world2_normal_1280,1280,800,1280,800,67,6.596700,0.066400,9.531100,true,6,32,12,120
world2_normal_1280,1280,800,1280,800,68,6.647800,0.070000,9.589700,true,6,32,12,120
world2_normal_1280,1280,800,1280,800,69,6.906200,0.066500,9.611300,true,6,32,13,120
world2_normal_1280,1280,800,1280,800,70,7.210200,0.074100,9.651400,true,6,32,12,120
world2_normal_1280,1280,800,1280,800,71,7.208100,0.068100,9.730700,true,6,32,12,120
world2_normal_1280,1280,800,1280,800,72,6.997100,0.072800,9.587000,true,6,32,12,120
world2_normal_1280,1280,800,1280,800,73,7.134400,0.086800,9.492600,true,6,32,13,120
world2_normal_1280,1280,800,1280,800,74,6.391500,0.068200,9.996700,true,6,32,12,120
world2_normal_1280,1280,800,1280,800,75,6.614300,0.069100,10.563800,true,6,32,12,120
world2_normal_1280,1280,800,1280,800,76,7.722500,0.067900,9.505900,true,6,32,12,120
world2_normal_1280,1280,800,1280,800,77,6.757700,0.089000,9.772600,true,6,32,12,120
world2_normal_1280,1280,800,1280,800,78,6.612100,0.096100,10.180800,true,6,32,12,120
world2_normal_1280,1280,800,1280,800,79,6.717700,0.082300,9.536200,true,6,32,12,120
world2_normal_1280,1280,800,1280,800,80,6.674300,0.075700,9.540400,true,6,32,12,120
world2_normal_1280,1280,800,1280,800,81,6.954400,0.102600,10.209200,true,6,32,12,120
world2_normal_1280,1280,800,1280,800,82,6.528200,0.098700,10.047300,true,6,32,12,120
world2_normal_1280,1280,800,1280,800,83,6.463900,0.108400,9.652200,true,6,32,12,120
world2_normal_1280,1280,800,1280,800,84,6.985400,0.078200,9.724800,true,6,32,12,120
world2_normal_1280,1280,800,1280,800,85,7.273200,0.097800,9.543800,true,6,32,12,120
world2_normal_1280,1280,800,1280,800,86,6.860800,0.074600,10.060800,true,6,32,12,120
world2_normal_1280,1280,800,1280,800,87,7.110600,0.076000,9.872800,true,6,32,12,120
world2_normal_1280,1280,800,1280,800,88,6.985300,0.075400,9.840000,true,6,32,12,120
world2_normal_1280,1280,800,1280,800,89,6.464400,0.070100,9.707400,true,6,32,12,120
world2_normal_1280,1280,800,1280,800,90,6.574900,0.099900,9.896400,true,6,32,12,120
world2_normal_1280,1280,800,1280,800,91,6.925200,0.100300,10.080300,true,6,32,12,120
world2_normal_1280,1280,800,1280,800,92,6.336400,0.093200,9.738700,true,6,32,12,120
world2_normal_1280,1280,800,1280,800,93,6.557900,0.068900,10.415500,true,6,32,12,120
world2_normal_1280,1280,800,1280,800,94,6.888800,0.100600,9.536300,true,6,32,12,120
world2_normal_1280,1280,800,1280,800,95,7.146200,0.070300,9.691300,true,6,32,12,120
world2_normal_1280,1280,800,1280,800,96,7.277700,0.071300,9.680000,true,6,32,12,120
world2_normal_1280,1280,800,1280,800,97,7.444400,0.076800,9.703400,true,6,32,12,120
world2_normal_1280,1280,800,1280,800,98,6.371800,0.073900,9.771400,true,6,32,12,120
world2_normal_1280,1280,800,1280,800,99,6.651600,0.075500,10.123900,true,6,32,12,120
world2_normal_1280,1280,800,1280,800,100,6.823600,0.070600,9.748000,true,6,32,12,120
world2_normal_1280,1280,800,1280,800,101,7.328000,0.090700,9.629500,true,6,32,13,120
world2_normal_1280,1280,800,1280,800,102,6.310900,0.088700,9.645800,true,6,32,12,120
world2_normal_1280,1280,800,1280,800,103,6.826400,0.102400,9.823000,true,6,32,12,120
world2_high_960,960,600,960,600,0,13.711700,0.087500,1.287500,true,40,320,180,1200
world2_high_960,960,600,960,600,1,14.717300,0.085900,1.306900,true,40,320,180,1200
world2_high_960,960,600,960,600,2,14.059900,0.095000,1.432800,true,40,320,180,1200
world2_high_960,960,600,960,600,3,13.935200,0.091500,1.354500,true,40,320,180,1200
world2_high_960,960,600,960,600,4,13.410000,0.100800,1.377300,true,40,320,180,1200
world2_high_960,960,600,960,600,5,15.383000,0.083400,1.366100,true,40,320,180,1200
world2_high_960,960,600,960,600,6,13.557600,0.132400,1.451400,true,40,320,180,1200
world2_high_960,960,600,960,600,7,14.506200,0.088600,1.321300,true,40,320,180,1200
world2_high_960,960,600,960,600,8,14.130100,0.092100,1.301800,true,40,320,180,1200
world2_high_960,960,600,960,600,9,13.926400,0.083500,1.344500,true,40,320,180,1200
world2_high_960,960,600,960,600,10,14.671200,0.087100,1.486600,true,40,320,180,1200
world2_high_960,960,600,960,600,11,13.684400,0.091300,1.557100,true,40,320,180,1200
world2_high_960,960,600,960,600,12,14.042900,0.095800,1.346600,true,40,320,180,1200
world2_high_960,960,600,960,600,13,14.195000,0.102900,1.496300,true,40,320,180,1200
world2_high_960,960,600,960,600,14,14.230500,0.094800,1.441600,true,40,320,180,1200
world2_high_960,960,600,960,600,15,14.881200,0.088300,1.454000,true,40,320,180,1200
world2_high_960,960,600,960,600,16,16.310500,0.086900,1.471500,true,40,320,180,1200
world2_high_960,960,600,960,600,17,14.169100,0.091300,1.339200,true,40,320,180,1200
world2_high_960,960,600,960,600,18,13.821100,0.087900,1.447300,true,40,320,180,1200
world2_high_960,960,600,960,600,19,14.150300,0.086000,1.488300,true,40,320,180,1200
world2_high_960,960,600,960,600,20,14.173900,0.114400,1.361500,true,40,320,180,1200
world2_high_960,960,600,960,600,21,13.944100,0.085600,1.260100,true,40,320,180,1200
world2_high_960,960,600,960,600,22,13.644400,0.103100,1.708400,true,40,320,180,1200
world2_high_960,960,600,960,600,23,14.263500,0.076100,1.227900,true,40,320,180,1200
world2_high_960,960,600,960,600,24,14.362600,0.090900,1.255200,true,40,320,180,1200
world2_high_960,960,600,960,600,25,14.307200,0.084600,1.484200,true,40,320,180,1200
world2_high_960,960,600,960,600,26,16.142700,0.086100,1.353200,true,40,320,180,1200
world2_high_960,960,600,960,600,27,14.292400,0.092300,1.422100,true,40,320,180,1200
world2_high_960,960,600,960,600,28,13.836600,0.090500,1.528500,true,40,320,180,1200
world2_high_960,960,600,960,600,29,13.353800,0.091500,1.311300,true,40,320,180,1200
world2_high_960,960,600,960,600,30,13.476300,0.094100,1.611200,true,40,320,180,1200
world2_high_960,960,600,960,600,31,13.553000,0.090100,1.466900,true,40,320,180,1200
world2_high_960,960,600,960,600,32,13.697300,0.122000,1.321500,true,40,320,180,1200
world2_high_960,960,600,960,600,33,13.758800,0.077000,1.271300,true,40,320,180,1200
world2_high_960,960,600,960,600,34,14.029300,0.084900,1.284100,true,40,320,180,1200
world2_high_960,960,600,960,600,35,13.489100,0.084900,1.487100,true,40,320,180,1200
world2_high_960,960,600,960,600,36,13.733900,0.089700,1.437500,true,40,320,180,1200
world2_high_960,960,600,960,600,37,13.421400,0.095500,1.378700,true,40,320,180,1200
world2_high_960,960,600,960,600,38,13.837300,0.100100,1.340300,true,40,320,180,1200
world2_high_960,960,600,960,600,39,14.103600,0.098100,1.410100,true,40,320,180,1200
world2_high_960,960,600,960,600,40,13.639400,0.086900,1.329900,true,40,320,180,1200
world2_high_960,960,600,960,600,41,13.255800,0.094300,1.443800,true,40,320,180,1200
world2_high_960,960,600,960,600,42,13.922100,0.090600,1.201700,true,40,320,180,1200
world2_high_960,960,600,960,600,43,14.507500,0.089800,1.316400,true,40,320,180,1200
world2_high_960,960,600,960,600,44,15.163000,0.074000,1.224000,true,40,320,180,1200
world2_high_960,960,600,960,600,45,13.948300,0.097700,1.541300,true,40,320,180,1200
world2_high_960,960,600,960,600,46,13.532800,0.103700,1.721700,true,40,320,180,1200
world2_high_960,960,600,960,600,47,13.583500,0.093000,1.240300,true,40,320,180,1200
world2_high_960,960,600,960,600,48,14.583600,0.086600,1.415600,true,40,320,180,1200
world2_high_960,960,600,960,600,49,13.399200,0.090000,1.228300,true,40,320,180,1200
world2_high_960,960,600,960,600,50,16.077800,0.083300,1.366800,true,40,320,180,1200
world2_high_960,960,600,960,600,51,14.051700,0.068200,1.188900,true,40,320,180,1200
world2_high_960,960,600,960,600,52,13.695700,0.080200,1.328300,true,40,320,180,1200
world2_high_960,960,600,960,600,53,13.228100,0.074700,1.198000,true,40,320,180,1200
world2_high_960,960,600,960,600,54,14.061200,0.078000,1.219700,true,40,320,180,1200
world2_high_960,960,600,960,600,55,13.849900,0.073300,1.247100,true,40,320,180,1200
world2_high_960,960,600,960,600,56,14.229900,0.085100,1.529700,true,40,320,180,1200
world2_high_960,960,600,960,600,57,13.263400,0.090800,1.321400,true,40,320,180,1200
world2_high_960,960,600,960,600,58,16.282700,0.082400,1.224600,true,40,320,180,1200
world2_high_960,960,600,960,600,59,14.015300,0.083300,1.448400,true,40,320,180,1200
world2_high_960,960,600,960,600,60,14.956300,0.084100,1.539000,true,40,320,180,1200
world2_high_960,960,600,960,600,61,14.235200,0.089600,1.439600,true,40,320,180,1200
world2_high_960,960,600,960,600,62,14.180100,0.091000,1.375400,true,40,320,180,1200
world2_high_960,960,600,960,600,63,13.502700,0.087000,1.513400,true,40,320,180,1200
world2_high_960,960,600,960,600,64,13.759000,0.077000,1.257100,true,40,320,180,1200
world2_high_960,960,600,960,600,65,13.799200,0.084000,1.551100,true,40,320,180,1200
world2_high_960,960,600,960,600,66,13.722000,0.083100,1.377500,true,40,320,180,1200
world2_high_960,960,600,960,600,67,15.319600,0.136100,1.244800,true,40,320,180,1200
world2_high_960,960,600,960,600,68,14.419900,0.080600,1.270900,true,40,320,180,1200
world2_high_960,960,600,960,600,69,13.199700,0.091500,1.518100,true,40,320,180,1200
world2_high_960,960,600,960,600,70,14.876400,0.106100,1.447100,true,40,320,180,1200
world2_high_960,960,600,960,600,71,13.421000,0.390100,1.301500,true,40,320,180,1200
world2_high_960,960,600,960,600,72,13.386600,0.087800,1.396200,true,40,320,180,1200
world2_high_960,960,600,960,600,73,12.971100,0.093500,1.209100,true,40,320,180,1200
world2_high_960,960,600,960,600,74,13.364400,0.091700,1.955500,true,40,320,180,1200
world2_high_960,960,600,960,600,75,14.476200,0.120800,1.581500,true,40,320,180,1200
world2_high_960,960,600,960,600,76,14.262200,0.077900,1.221100,true,40,320,180,1200
world2_high_960,960,600,960,600,77,13.677600,0.106200,1.433200,true,40,320,180,1200
world2_high_960,960,600,960,600,78,13.749200,0.085300,1.271100,true,40,320,180,1200
world2_high_960,960,600,960,600,79,13.614300,0.079800,1.738400,true,40,320,180,1200
world2_high_960,960,600,960,600,80,13.562600,0.072500,1.400500,true,40,320,180,1200
world2_high_960,960,600,960,600,81,13.284800,0.100900,1.501200,true,40,320,180,1200
world2_high_960,960,600,960,600,82,14.971700,0.094900,1.755100,true,40,320,180,1200
world2_high_960,960,600,960,600,83,14.014900,0.292400,1.481100,true,40,320,180,1200
world2_high_960,960,600,960,600,84,13.161900,0.077300,1.253100,true,40,320,180,1200
world2_high_960,960,600,960,600,85,13.311700,0.096800,1.505300,true,40,320,180,1200
world2_high_960,960,600,960,600,86,13.558900,0.076000,1.364800,true,40,320,180,1200
world2_high_960,960,600,960,600,87,14.578800,0.086600,1.382800,true,40,320,180,1200
world2_high_960,960,600,960,600,88,14.113800,0.082500,1.403100,true,40,320,180,1200
world2_high_960,960,600,960,600,89,13.426600,0.077300,1.250700,true,40,320,180,1200
world2_high_960,960,600,960,600,90,13.322200,0.080200,1.274700,true,40,320,180,1200
world2_high_960,960,600,960,600,91,13.404500,0.079500,1.320600,true,40,320,180,1200
world2_high_960,960,600,960,600,92,13.613900,0.081200,1.329800,true,40,320,180,1200
world2_high_960,960,600,960,600,93,14.272200,0.095700,1.223500,true,40,320,180,1200
world2_high_960,960,600,960,600,94,14.139000,0.085200,1.381800,true,40,320,180,1200
world2_high_960,960,600,960,600,95,13.421600,0.077600,1.243700,true,40,320,180,1200
world2_high_960,960,600,960,600,96,18.384400,0.104200,1.488000,true,40,320,180,1200
world2_high_960,960,600,960,600,97,14.625600,0.084600,1.251100,true,40,320,180,1200
world2_high_960,960,600,960,600,98,13.315700,0.082600,1.679500,true,40,320,180,1200
world2_high_960,960,600,960,600,99,13.644600,0.094400,1.418900,true,40,320,180,1200
world2_high_960,960,600,960,600,100,13.859400,0.090500,1.585800,true,40,320,180,1200
world2_high_960,960,600,960,600,101,13.451300,0.082500,1.286100,true,40,320,180,1200
world2_high_960,960,600,960,600,102,13.601900,0.088900,1.473800,true,40,320,180,1200
world2_high_960,960,600,960,600,103,13.502100,0.149200,1.400800,true,40,320,180,1200
world2_high_960,960,600,960,600,104,13.507000,0.083600,1.459500,true,40,320,180,1200
world2_high_960,960,600,960,600,105,13.327400,0.084500,1.235500,true,40,320,180,1200
world2_high_960,960,600,960,600,106,13.249100,0.100200,1.487500,true,40,320,180,1200
world2_high_960,960,600,960,600,107,13.192900,0.073800,1.332800,true,40,320,180,1200
world2_high_960,960,600,960,600,108,13.049800,0.086400,1.424500,true,40,320,180,1200
world2_high_960,960,600,960,600,109,13.158200,0.099400,1.502500,true,40,320,180,1200
world2_high_960,960,600,960,600,110,14.314500,0.081800,1.764500,true,40,320,180,1200
world2_high_960,960,600,960,600,111,13.344400,0.115200,1.424800,true,40,320,180,1200
world2_high_960,960,600,960,600,112,13.538500,0.087400,1.404300,true,40,320,180,1200
world2_high_600,600,400,600,375,0,12.945300,0.082300,2.399300,true,40,320,180,1200
world2_high_600,600,400,600,375,1,12.737500,0.099700,2.380900,true,40,320,180,1200
world2_high_600,600,400,600,375,2,13.436900,0.077400,2.347200,true,40,320,180,1200
world2_high_600,600,400,600,375,3,12.932900,0.082200,2.486600,true,40,320,180,1200
world2_high_600,600,400,600,375,4,13.648400,0.086000,2.497200,true,40,320,180,1200
world2_high_600,600,400,600,375,5,12.409800,0.101800,2.612800,true,40,320,180,1200
world2_high_600,600,400,600,375,6,12.739100,0.085000,2.337400,true,40,320,180,1200
world2_high_600,600,400,600,375,7,12.561000,0.082800,2.329200,true,40,320,180,1200
world2_high_600,600,400,600,375,8,12.772900,0.099600,2.696000,true,40,320,180,1200
world2_high_600,600,400,600,375,9,12.480500,0.097700,2.529500,true,40,320,180,1200
world2_high_600,600,400,600,375,10,14.376200,0.098400,2.206400,true,40,320,180,1200
world2_high_600,600,400,600,375,11,12.524000,0.095400,2.437900,true,40,320,180,1200
world2_high_600,600,400,600,375,12,13.129000,0.085200,2.402000,true,40,320,180,1200
world2_high_600,600,400,600,375,13,13.837100,0.090000,2.598600,true,40,320,180,1200
world2_high_600,600,400,600,375,14,12.966800,0.076800,2.386400,true,40,320,180,1200
world2_high_600,600,400,600,375,15,12.825000,0.098600,2.364000,true,40,320,180,1200
world2_high_600,600,400,600,375,16,15.081700,0.095600,3.092600,true,40,320,180,1200
world2_high_600,600,400,600,375,17,15.230400,0.086600,2.220000,true,40,320,180,1200
world2_high_600,600,400,600,375,18,13.005500,0.083900,2.254900,true,40,320,180,1200
world2_high_600,600,400,600,375,19,12.906700,0.110000,2.398800,true,40,320,180,1200
world2_high_600,600,400,600,375,20,13.054700,0.185500,2.450000,true,40,320,180,1200
world2_high_600,600,400,600,375,21,12.827700,0.084000,2.439200,true,40,320,180,1200
world2_high_600,600,400,600,375,22,13.301800,0.082000,2.440900,true,40,320,180,1200
world2_high_600,600,400,600,375,23,12.726000,0.084700,2.192300,true,40,320,180,1200
world2_high_600,600,400,600,375,24,12.817500,0.100300,2.513000,true,40,320,180,1200
world2_high_600,600,400,600,375,25,13.563700,0.093800,2.239500,true,40,320,180,1200
world2_high_600,600,400,600,375,26,13.007500,0.091100,2.806000,true,40,320,180,1200
world2_high_600,600,400,600,375,27,13.179900,0.080000,2.337000,true,40,320,180,1200
world2_high_600,600,400,600,375,28,12.830800,0.107600,2.450500,true,40,320,180,1200
world2_high_600,600,400,600,375,29,13.358200,0.085500,2.717500,true,40,320,180,1200
world2_high_600,600,400,600,375,30,13.761000,0.086100,2.213100,true,40,320,180,1200
world2_high_600,600,400,600,375,31,12.460700,0.098700,2.196600,true,40,320,180,1200
world2_high_600,600,400,600,375,32,12.649700,0.116000,2.366800,true,40,320,180,1200
world2_high_600,600,400,600,375,33,13.257600,0.103900,2.416600,true,40,320,180,1200
world2_high_600,600,400,600,375,34,12.777300,0.079100,2.164500,true,40,320,180,1200
world2_high_600,600,400,600,375,35,13.081400,0.100800,2.367300,true,40,320,180,1200
world2_high_600,600,400,600,375,36,12.769400,0.084600,2.425600,true,40,320,180,1200
world2_high_600,600,400,600,375,37,13.326400,0.088400,2.386600,true,40,320,180,1200
world2_high_600,600,400,600,375,38,12.816400,0.104600,2.369600,true,40,320,180,1200
world2_high_600,600,400,600,375,39,13.022900,0.102500,2.641200,true,40,320,180,1200
world2_high_600,600,400,600,375,40,12.986900,0.092900,2.178100,true,40,320,180,1200
world2_high_600,600,400,600,375,41,13.016800,0.093700,2.478700,true,40,320,180,1200
world2_high_600,600,400,600,375,42,12.587800,0.094300,2.368700,true,40,320,180,1200
world2_high_600,600,400,600,375,43,13.300600,0.097100,2.689700,true,40,320,180,1200
world2_high_600,600,400,600,375,44,12.690800,0.092600,2.214300,true,40,320,180,1200
world2_high_600,600,400,600,375,45,12.956100,0.099400,2.472000,true,40,320,180,1200
world2_high_600,600,400,600,375,46,12.914100,0.093600,2.305700,true,40,320,180,1200
world2_high_600,600,400,600,375,47,13.159900,0.091600,2.421400,true,40,320,180,1200
world2_high_600,600,400,600,375,48,13.009400,0.083300,2.295300,true,40,320,180,1200
world2_high_600,600,400,600,375,49,14.446200,0.085300,2.310100,true,40,320,180,1200
world2_high_600,600,400,600,375,50,14.715400,0.089300,2.215900,true,40,320,180,1200
world2_high_600,600,400,600,375,51,13.233800,0.099400,2.518000,true,40,320,180,1200
world2_high_600,600,400,600,375,52,14.363500,0.085100,2.211200,true,40,320,180,1200
world2_high_600,600,400,600,375,53,13.202300,0.086900,2.386600,true,40,320,180,1200
world2_high_600,600,400,600,375,54,13.482700,0.100600,2.681400,true,40,320,180,1200
world2_high_600,600,400,600,375,55,12.935300,0.091400,2.174100,true,40,320,180,1200
world2_high_600,600,400,600,375,56,12.886700,0.105000,2.452600,true,40,320,180,1200
world2_high_600,600,400,600,375,57,12.927400,0.086900,2.324100,true,40,320,180,1200
world2_high_600,600,400,600,375,58,12.793600,0.104200,2.846700,true,40,320,180,1200
world2_high_600,600,400,600,375,59,13.324400,0.096400,2.455700,true,40,320,180,1200
world2_high_600,600,400,600,375,60,12.819100,0.112500,2.335000,true,40,320,180,1200
world2_high_600,600,400,600,375,61,13.817300,0.081300,2.515400,true,40,320,180,1200
world2_high_600,600,400,600,375,62,13.325800,0.084200,2.408400,true,40,320,180,1200
world2_high_600,600,400,600,375,63,13.438900,0.100000,2.707800,true,40,320,180,1200
world2_high_600,600,400,600,375,64,12.702400,0.105300,2.187300,true,40,320,180,1200
world2_high_600,600,400,600,375,65,13.387100,0.078100,2.418900,true,40,320,180,1200
world2_high_600,600,400,600,375,66,13.798100,0.091600,2.336200,true,40,320,180,1200
world2_high_600,600,400,600,375,67,13.594700,0.084600,2.336100,true,40,320,180,1200
world2_high_600,600,400,600,375,68,13.821500,0.091200,2.963300,true,40,320,180,1200
world2_high_600,600,400,600,375,69,13.153900,0.084000,2.416100,true,40,320,180,1200
world2_high_600,600,400,600,375,70,12.772500,0.101000,2.343800,true,40,320,180,1200
world2_high_600,600,400,600,375,71,13.098000,0.097400,2.689600,true,40,320,180,1200
world2_high_600,600,400,600,375,72,12.703300,0.101900,2.391000,true,40,320,180,1200
world2_high_600,600,400,600,375,73,12.622800,0.094400,2.277500,true,40,320,180,1200
world2_high_600,600,400,600,375,74,13.053900,0.087500,2.200700,true,40,320,180,1200
world2_high_600,600,400,600,375,75,12.866500,0.082800,2.330800,true,40,320,180,1200
world2_high_600,600,400,600,375,76,12.765700,0.080900,2.180900,true,40,320,180,1200
world2_high_600,600,400,600,375,77,14.615800,0.100200,2.288600,true,40,320,180,1200
world2_high_600,600,400,600,375,78,13.345400,0.084600,2.374700,true,40,320,180,1200
world2_high_600,600,400,600,375,79,12.671400,0.110100,2.250000,true,40,320,180,1200
world2_high_600,600,400,600,375,80,12.768700,0.100700,2.754100,true,40,320,180,1200
world2_high_600,600,400,600,375,81,13.927300,0.095300,2.296600,true,40,320,180,1200
world2_high_600,600,400,600,375,82,12.900200,0.122700,2.417000,true,40,320,180,1200
world2_high_600,600,400,600,375,83,12.963500,0.098300,2.180400,true,40,320,180,1200
world2_high_600,600,400,600,375,84,14.181800,0.101900,2.429000,true,40,320,180,1200
world2_high_600,600,400,600,375,85,13.564000,0.095100,2.401500,true,40,320,180,1200
world2_high_600,600,400,600,375,86,14.379100,0.086700,2.429900,true,40,320,180,1200
world2_high_600,600,400,600,375,87,12.591900,0.087900,2.150900,true,40,320,180,1200
world2_high_600,600,400,600,375,88,15.250500,0.076200,2.159200,true,40,320,180,1200
world2_high_600,600,400,600,375,89,12.779300,0.087600,2.905000,true,40,320,180,1200
world2_high_600,600,400,600,375,90,13.050800,0.100500,2.388200,true,40,320,180,1200
world2_high_600,600,400,600,375,91,13.825300,0.091700,2.355900,true,40,320,180,1200
world2_high_600,600,400,600,375,92,13.844300,0.090000,2.935600,true,40,320,180,1200
world2_high_600,600,400,600,375,93,13.320100,0.082300,2.175800,true,40,320,180,1200
world2_high_600,600,400,600,375,94,12.685300,0.097800,2.393400,true,40,320,180,1200
world2_high_600,600,400,600,375,95,12.889500,0.098400,2.152400,true,40,320,180,1200
world2_high_600,600,400,600,375,96,13.077200,0.107600,2.469300,true,40,320,180,1200
world2_high_600,600,400,600,375,97,12.572100,0.087900,2.366600,true,40,320,180,1200
world2_high_600,600,400,600,375,98,12.617500,0.093100,2.692400,true,40,320,180,1200
world2_high_600,600,400,600,375,99,13.021100,0.098200,2.360400,true,40,320,180,1200
world2_high_600,600,400,600,375,100,12.772700,0.084700,2.490100,true,40,320,180,1200
world2_high_600,600,400,600,375,101,12.967300,0.071800,2.555900,true,40,320,180,1200
world2_high_600,600,400,600,375,102,13.950500,0.093300,2.748000,true,40,320,180,1200
world2_high_600,600,400,600,375,103,14.815900,0.074300,2.170600,true,40,320,180,1200
world2_high_600,600,400,600,375,104,13.890800,0.107300,2.368600,true,40,320,180,1200
world2_high_600,600,400,600,375,105,12.772800,0.097600,2.445000,true,40,320,180,1200
world2_high_600,600,400,600,375,106,12.588100,0.082600,2.568400,true,40,320,180,1200
world2_high_600,600,400,600,375,107,13.555500,0.097200,2.326600,true,40,320,180,1200
world2_high_600,600,400,600,375,108,13.399200,0.087700,2.338500,true,40,320,180,1200
world2_high_600,600,400,600,375,109,12.769000,0.099600,2.913800,true,40,320,180,1200
world2_high_600,600,400,600,375,110,12.817700,0.101900,2.403600,true,40,320,180,1200
world2_high_1280,1280,800,1280,800,0,14.319300,0.096700,10.232900,true,40,320,180,1200
world2_high_1280,1280,800,1280,800,1,13.817200,0.100900,9.870400,true,40,320,180,1200
world2_high_1280,1280,800,1280,800,2,12.969800,0.093700,9.585500,true,40,320,180,1200
world2_high_1280,1280,800,1280,800,3,12.595400,0.096200,9.686700,true,40,320,180,1200
world2_high_1280,1280,800,1280,800,4,12.639300,0.077100,9.638400,true,40,320,180,1200
world2_high_1280,1280,800,1280,800,5,13.041500,0.095000,9.907300,true,40,320,180,1200
world2_high_1280,1280,800,1280,800,6,13.710800,0.090300,9.819600,true,40,320,180,1200
world2_high_1280,1280,800,1280,800,7,13.421100,0.079700,9.887300,true,40,320,180,1200
world2_high_1280,1280,800,1280,800,8,13.599000,0.092100,9.985600,true,40,320,180,1200
world2_high_1280,1280,800,1280,800,9,12.734700,0.100200,9.875500,true,40,320,180,1200
world2_high_1280,1280,800,1280,800,10,12.780900,0.073900,9.878800,true,40,320,180,1200
world2_high_1280,1280,800,1280,800,11,13.521800,0.097600,10.128000,true,40,320,180,1200
world2_high_1280,1280,800,1280,800,12,13.548400,0.072000,9.521300,true,40,320,180,1200
world2_high_1280,1280,800,1280,800,13,13.251300,0.083400,9.613700,true,40,320,180,1200
world2_high_1280,1280,800,1280,800,14,14.639800,0.089500,9.841100,true,40,320,180,1200
world2_high_1280,1280,800,1280,800,15,12.511500,0.088300,9.752400,true,40,320,180,1200
world2_high_1280,1280,800,1280,800,16,12.900700,0.092000,11.286400,true,40,320,180,1200
world2_high_1280,1280,800,1280,800,17,13.420700,0.081500,10.306300,true,40,320,180,1200
world2_high_1280,1280,800,1280,800,18,12.975500,0.081600,9.815700,true,40,320,180,1200
world2_high_1280,1280,800,1280,800,19,12.933800,0.102800,9.984600,true,40,320,180,1200
world2_high_1280,1280,800,1280,800,20,13.637900,0.093200,9.534100,true,40,320,180,1200
world2_high_1280,1280,800,1280,800,21,13.468300,0.088000,9.715300,true,40,320,180,1200
world2_high_1280,1280,800,1280,800,22,12.950200,0.079200,10.367800,true,40,320,180,1200
world2_high_1280,1280,800,1280,800,23,14.275500,0.086000,9.835100,true,40,320,180,1200
world2_high_1280,1280,800,1280,800,24,13.142800,0.085900,10.228900,true,40,320,180,1200
world2_high_1280,1280,800,1280,800,25,12.717100,0.078300,9.984500,true,40,320,180,1200
world2_high_1280,1280,800,1280,800,26,12.603000,0.085300,9.779200,true,40,320,180,1200
world2_high_1280,1280,800,1280,800,27,13.887000,0.102200,9.593000,true,40,320,180,1200
world2_high_1280,1280,800,1280,800,28,13.848700,0.093200,10.381000,true,40,320,180,1200
world2_high_1280,1280,800,1280,800,29,12.625600,0.082900,9.720100,true,40,320,180,1200
world2_high_1280,1280,800,1280,800,30,13.713600,0.103200,9.755600,true,40,320,180,1200
world2_high_1280,1280,800,1280,800,31,12.889500,0.109400,9.724600,true,40,320,180,1200
world2_high_1280,1280,800,1280,800,32,12.764500,0.090700,9.553500,true,40,320,180,1200
world2_high_1280,1280,800,1280,800,33,12.615700,0.099000,9.644800,true,40,320,180,1200
world2_high_1280,1280,800,1280,800,34,13.404300,0.099300,9.842000,true,40,320,180,1200
world2_high_1280,1280,800,1280,800,35,13.324100,0.081700,9.714600,true,40,320,180,1200
world2_high_1280,1280,800,1280,800,36,12.677700,0.082300,9.992100,true,40,320,180,1200
world2_high_1280,1280,800,1280,800,37,12.691900,0.103000,9.867300,true,40,320,180,1200
world2_high_1280,1280,800,1280,800,38,14.769100,0.097900,9.677900,true,40,320,180,1200
world2_high_1280,1280,800,1280,800,39,12.556000,0.080000,9.712900,true,40,320,180,1200
world2_high_1280,1280,800,1280,800,40,13.004100,0.130800,9.824200,true,40,320,180,1200
world2_high_1280,1280,800,1280,800,41,13.325800,0.114600,10.332400,true,40,320,180,1200
world2_high_1280,1280,800,1280,800,42,14.764800,0.104100,9.716300,true,40,320,180,1200
world2_high_1280,1280,800,1280,800,43,13.013200,0.078900,9.784200,true,40,320,180,1200
world2_high_1280,1280,800,1280,800,44,12.817200,0.099900,10.333700,true,40,320,180,1200
world2_high_1280,1280,800,1280,800,45,13.002000,0.074200,9.857900,true,40,320,180,1200
world2_high_1280,1280,800,1280,800,46,12.761900,0.118700,9.601900,true,40,320,180,1200
world2_high_1280,1280,800,1280,800,47,12.667800,0.130100,10.035700,true,40,320,180,1200
world2_high_1280,1280,800,1280,800,48,13.099100,0.149100,10.171000,true,40,320,180,1200
world2_high_1280,1280,800,1280,800,49,12.622200,0.137300,9.667000,true,40,320,180,1200
world2_high_1280,1280,800,1280,800,50,13.450300,0.078200,9.634700,true,40,320,180,1200
world2_high_1280,1280,800,1280,800,51,13.060400,0.087900,9.599000,true,40,320,180,1200
world2_high_1280,1280,800,1280,800,52,13.413100,0.105100,9.786300,true,40,320,180,1200
world2_high_1280,1280,800,1280,800,53,12.884500,0.081100,10.643100,true,40,320,180,1200
world2_high_1280,1280,800,1280,800,54,12.736500,0.091900,10.546100,true,40,320,180,1200
world2_high_1280,1280,800,1280,800,55,12.539100,0.085400,10.192200,true,40,320,180,1200
world2_high_1280,1280,800,1280,800,56,12.760100,0.091400,9.798100,true,40,320,180,1200
world2_high_1280,1280,800,1280,800,57,13.014900,0.115200,10.080700,true,40,320,180,1200
world2_high_1280,1280,800,1280,800,58,13.430400,0.091400,9.703100,true,40,320,180,1200
world2_high_1280,1280,800,1280,800,59,12.892100,0.116400,9.797700,true,40,320,180,1200
world2_high_1280,1280,800,1280,800,60,14.288600,0.103100,9.855400,true,40,320,180,1200
world2_high_1280,1280,800,1280,800,61,12.793000,0.080600,9.667900,true,40,320,180,1200
world2_high_1280,1280,800,1280,800,62,14.564100,0.084200,10.053300,true,40,320,180,1200
world2_high_1280,1280,800,1280,800,63,12.602800,0.086500,11.463500,true,40,320,180,1200
world2_high_1280,1280,800,1280,800,64,15.024200,0.088400,10.412200,true,40,320,180,1200
world2_high_1280,1280,800,1280,800,65,13.243300,0.091000,9.979500,true,40,320,180,1200
world2_high_1280,1280,800,1280,800,66,12.920100,0.084600,10.414800,true,40,320,180,1200
world2_high_1280,1280,800,1280,800,67,13.633000,0.087800,10.386200,true,40,320,180,1200
world2_high_1280,1280,800,1280,800,68,13.234600,0.089800,10.067900,true,40,320,180,1200
world2_high_1280,1280,800,1280,800,69,13.419900,0.084700,10.528200,true,40,320,180,1200
world2_high_1280,1280,800,1280,800,70,13.148600,0.082900,10.705200,true,40,320,180,1200
world2_high_1280,1280,800,1280,800,71,13.052600,0.081600,10.280600,true,40,320,180,1200
world2_high_1280,1280,800,1280,800,72,13.079200,0.089800,10.358900,true,40,320,180,1200
world2_high_1280,1280,800,1280,800,73,13.705600,0.102700,9.659000,true,40,320,180,1200
world2_high_1280,1280,800,1280,800,74,13.199800,0.086700,9.807500,true,40,320,180,1200
world4_normal_960,960,600,960,600,0,12.012200,0.078200,1.708300,true,6,32,12,120
world4_normal_960,960,600,960,600,1,11.747300,0.084500,1.376900,true,6,32,12,120
world4_normal_960,960,600,960,600,2,12.234900,0.089400,1.484300,true,7,32,12,120
world4_normal_960,960,600,960,600,3,13.209100,0.086300,1.500600,true,6,32,12,120
world4_normal_960,960,600,960,600,4,12.383100,0.082400,1.601800,true,6,32,12,120
world4_normal_960,960,600,960,600,5,12.631900,0.086300,1.405500,true,6,32,12,120
world4_normal_960,960,600,960,600,6,12.414700,0.080100,1.424900,true,6,32,12,120
world4_normal_960,960,600,960,600,7,13.295400,0.085900,1.474900,true,6,32,12,120
world4_normal_960,960,600,960,600,8,13.030200,0.081700,1.535600,true,6,32,12,120
world4_normal_960,960,600,960,600,9,13.832300,0.078000,1.463800,true,6,32,12,120
world4_normal_960,960,600,960,600,10,12.534100,0.085200,1.406400,true,6,32,12,120
world4_normal_960,960,600,960,600,11,12.652600,0.095900,1.389300,true,6,32,12,120
world4_normal_960,960,600,960,600,12,12.633900,0.083200,1.339400,true,6,32,12,120
world4_normal_960,960,600,960,600,13,12.460600,0.092400,1.439200,true,6,32,12,120
world4_normal_960,960,600,960,600,14,12.143700,0.084800,1.627300,true,6,32,12,120
world4_normal_960,960,600,960,600,15,12.101200,0.087400,1.323000,true,6,32,12,120
world4_normal_960,960,600,960,600,16,13.840900,0.078000,1.394500,true,6,32,12,120
world4_normal_960,960,600,960,600,17,12.841700,0.123500,1.538900,true,6,32,12,120
world4_normal_960,960,600,960,600,18,12.831100,0.076600,1.294600,true,6,32,12,120
world4_normal_960,960,600,960,600,19,12.931400,0.088100,1.386000,true,6,32,12,120
world4_normal_960,960,600,960,600,20,13.511200,0.082000,1.343500,true,6,32,12,120
world4_normal_960,960,600,960,600,21,12.813500,0.089800,1.332300,true,6,32,12,120
world4_normal_960,960,600,960,600,22,12.904500,0.102700,1.337000,true,6,32,12,120
world4_normal_960,960,600,960,600,23,12.589000,0.087600,1.439100,true,6,32,12,120
world4_normal_960,960,600,960,600,24,13.560800,0.078500,1.292800,true,6,32,12,120
world4_normal_960,960,600,960,600,25,11.924000,0.083700,1.378500,true,6,32,12,120
world4_normal_960,960,600,960,600,26,12.636600,0.073100,1.248000,true,6,32,12,120
world4_normal_960,960,600,960,600,27,12.500100,0.077100,1.209200,true,6,32,12,120
world4_normal_960,960,600,960,600,28,12.238700,0.087300,1.447500,true,6,32,12,120
world4_normal_960,960,600,960,600,29,11.935600,0.092200,1.228400,true,6,32,12,120
world4_normal_960,960,600,960,600,30,12.626900,0.080400,1.222400,true,6,32,12,120
world4_normal_960,960,600,960,600,31,12.272800,0.087700,1.493800,true,6,32,12,120
world4_normal_960,960,600,960,600,32,14.796900,0.075600,1.218500,true,6,32,12,120
world4_normal_960,960,600,960,600,33,12.721000,0.072400,1.317700,true,6,32,12,120
world4_normal_960,960,600,960,600,34,12.159000,0.073600,1.263000,true,6,32,12,120
world4_normal_960,960,600,960,600,35,11.864400,0.075700,1.588700,true,6,32,12,120
world4_normal_960,960,600,960,600,36,12.262600,0.073300,1.222900,true,6,32,12,120
world4_normal_960,960,600,960,600,37,11.922300,0.094600,1.323100,true,6,32,12,120
world4_normal_960,960,600,960,600,38,12.476100,0.110900,1.377300,true,6,32,12,120
world4_normal_960,960,600,960,600,39,12.269100,0.088000,1.334000,true,6,32,12,120
world4_normal_960,960,600,960,600,40,12.101600,0.081700,1.324200,true,6,32,12,120
world4_normal_960,960,600,960,600,41,12.294300,0.075200,1.358700,true,6,32,12,120
world4_normal_960,960,600,960,600,42,13.555000,0.088500,1.562600,true,6,32,12,120
world4_normal_960,960,600,960,600,43,14.016300,0.074700,1.379300,true,6,32,12,120
world4_normal_960,960,600,960,600,44,12.192800,0.086600,1.509700,true,6,32,12,120
world4_normal_960,960,600,960,600,45,11.929400,0.072000,1.226800,true,6,32,12,120
world4_normal_960,960,600,960,600,46,14.132200,0.077900,2.002000,true,6,32,12,120
world4_normal_960,960,600,960,600,47,11.848800,0.072500,1.213800,true,6,32,12,120
world4_normal_960,960,600,960,600,48,12.104100,0.074600,1.315800,true,6,32,12,120
world4_normal_960,960,600,960,600,49,11.966700,0.096200,1.298000,true,6,32,12,120
world4_normal_960,960,600,960,600,50,12.487800,0.089700,1.373900,true,6,32,12,120
world4_normal_960,960,600,960,600,51,11.874200,0.100600,1.485000,true,6,32,12,120
world4_normal_960,960,600,960,600,52,12.012100,0.072900,1.248800,true,6,32,12,120
world4_normal_960,960,600,960,600,53,12.431100,0.087900,1.406700,true,6,32,12,120
world4_normal_960,960,600,960,600,54,12.262700,0.107200,1.431300,true,6,32,12,120
world4_normal_960,960,600,960,600,55,11.770800,0.102500,1.434000,true,6,32,12,120
world4_normal_960,960,600,960,600,56,11.783900,0.081500,1.706100,true,6,32,12,120
world4_normal_960,960,600,960,600,57,12.264400,0.082500,1.777900,true,7,32,12,120
world4_normal_960,960,600,960,600,58,13.370100,0.087900,1.546600,true,6,32,12,120
world4_normal_960,960,600,960,600,59,12.312500,0.091400,1.245900,true,6,32,12,120
world4_normal_960,960,600,960,600,60,12.440600,0.076900,1.540500,true,6,32,13,120
world4_normal_960,960,600,960,600,61,13.814100,0.085600,1.401200,true,6,32,12,120
world4_normal_960,960,600,960,600,62,13.088700,0.084100,1.781200,true,6,32,12,120
world4_normal_960,960,600,960,600,63,11.918500,0.095200,1.354100,true,6,32,12,120
world4_normal_960,960,600,960,600,64,13.256300,0.071700,1.401900,true,6,32,13,120
world4_normal_960,960,600,960,600,65,12.316400,0.087700,1.450100,true,6,32,12,120
world4_normal_960,960,600,960,600,66,12.881800,0.107500,1.310100,true,6,32,12,120
world4_normal_960,960,600,960,600,67,11.952000,0.094100,1.411100,true,6,32,12,120
world4_normal_960,960,600,960,600,68,12.159600,0.099200,1.213300,true,6,32,12,120
world4_normal_960,960,600,960,600,69,12.328400,0.073600,1.195300,true,6,32,12,120
world4_normal_960,960,600,960,600,70,12.315300,0.077100,1.275100,true,6,32,12,120
world4_normal_960,960,600,960,600,71,11.686800,0.085700,1.264200,true,6,32,12,120
world4_normal_960,960,600,960,600,72,13.184900,0.069500,1.221400,true,6,32,12,120
world4_normal_960,960,600,960,600,73,12.890300,0.087800,1.353700,true,6,32,12,120
world4_normal_960,960,600,960,600,74,12.042200,0.090500,1.409700,true,6,32,12,120
world4_normal_960,960,600,960,600,75,11.949300,0.075700,1.205800,true,6,32,12,120
world4_normal_960,960,600,960,600,76,12.374500,0.085800,1.522300,true,6,32,12,120
world4_normal_960,960,600,960,600,77,12.030300,0.092000,1.471600,true,6,32,12,120
world4_normal_960,960,600,960,600,78,12.891500,0.084000,1.331900,true,6,32,12,120
world4_normal_960,960,600,960,600,79,12.526600,0.079600,1.336300,true,6,32,12,120
world4_normal_960,960,600,960,600,80,12.487400,0.086800,1.359100,true,6,32,12,120
world4_normal_960,960,600,960,600,81,11.830500,0.080400,1.273900,true,6,32,12,120
world4_normal_960,960,600,960,600,82,12.859700,0.067900,1.205100,true,6,32,12,120
world4_normal_960,960,600,960,600,83,12.197700,0.079900,1.410800,true,6,32,12,120
world4_normal_960,960,600,960,600,84,11.966400,0.093800,1.509700,true,6,32,12,120
world4_normal_960,960,600,960,600,85,11.775000,0.086200,1.374600,true,6,32,12,120
world4_normal_960,960,600,960,600,86,12.402900,0.095100,1.426000,true,6,32,12,120
world4_normal_960,960,600,960,600,87,11.973100,0.082800,1.771600,true,6,32,12,120
world4_normal_960,960,600,960,600,88,11.699100,0.088900,1.440700,true,6,32,12,120
world4_normal_960,960,600,960,600,89,11.825300,0.077800,1.453800,true,6,32,12,120
world4_normal_960,960,600,960,600,90,11.755500,0.075600,1.211000,true,6,32,12,120
world4_normal_960,960,600,960,600,91,11.919700,0.091400,1.403800,true,6,32,12,120
world4_normal_960,960,600,960,600,92,12.003000,0.098700,1.827900,true,6,32,13,120
world4_normal_960,960,600,960,600,93,11.963200,0.086600,1.463900,true,6,32,12,120
world4_normal_960,960,600,960,600,94,11.888300,0.072200,1.214600,true,6,32,12,120
world4_normal_960,960,600,960,600,95,12.216800,0.091200,1.317900,true,6,32,12,120
world4_normal_960,960,600,960,600,96,12.666400,0.079100,1.320200,true,6,32,12,120
world4_normal_960,960,600,960,600,97,11.752600,0.103600,1.286500,true,6,32,12,120
world4_normal_960,960,600,960,600,98,11.959100,0.087100,1.395500,true,6,32,12,120
world4_normal_960,960,600,960,600,99,12.315500,0.081900,1.421100,true,6,32,12,120
world4_normal_960,960,600,960,600,100,11.969300,0.095500,1.419300,true,6,32,12,120
world4_normal_960,960,600,960,600,101,12.780500,0.095000,1.302300,true,6,32,12,120
world4_normal_960,960,600,960,600,102,12.119400,0.081600,1.210600,true,6,32,12,120
world4_normal_960,960,600,960,600,103,12.386100,0.072400,1.256500,true,6,32,12,120
world4_normal_960,960,600,960,600,104,11.920100,0.074800,1.221000,true,6,32,12,120
world4_normal_960,960,600,960,600,105,11.841500,0.083500,1.402800,true,6,32,12,120
world4_normal_960,960,600,960,600,106,12.416200,0.082900,1.240200,true,6,32,12,120
world4_normal_960,960,600,960,600,107,12.103500,0.070900,1.205100,true,6,32,12,120
world4_normal_960,960,600,960,600,108,12.331800,0.075600,1.212100,true,6,32,12,120
world4_normal_960,960,600,960,600,109,11.758200,0.089500,1.336000,true,6,32,12,120
world4_normal_960,960,600,960,600,110,11.824700,0.086600,1.210900,true,6,32,12,120
world4_normal_960,960,600,960,600,111,12.080900,0.081600,1.217500,true,6,32,12,120
world4_normal_960,960,600,960,600,112,12.106000,0.093500,1.269700,true,6,32,12,120
world4_normal_960,960,600,960,600,113,12.002500,0.092500,1.485700,true,6,32,12,120
world4_normal_960,960,600,960,600,114,12.008600,0.108200,1.286700,true,6,32,12,120
world4_normal_960,960,600,960,600,115,11.474700,0.084500,1.327000,true,6,32,12,120
world4_normal_960,960,600,960,600,116,12.049700,0.080400,1.465200,true,6,32,12,120
world4_normal_960,960,600,960,600,117,13.134400,0.086700,1.781400,true,6,32,12,120
world4_normal_960,960,600,960,600,118,13.570400,0.083400,1.428800,true,6,32,12,120
world4_normal_960,960,600,960,600,119,11.887800,0.094100,1.322800,true,6,32,12,120
world4_normal_960,960,600,960,600,120,12.281500,0.107400,1.397900,true,6,32,12,120
world4_normal_960,960,600,960,600,121,13.318200,0.087200,1.416000,true,6,32,12,120
world4_normal_960,960,600,960,600,122,11.972200,0.073600,1.297400,true,6,32,12,120
world4_normal_960,960,600,960,600,123,12.044700,0.077700,1.435000,true,6,32,12,120
world4_normal_960,960,600,960,600,124,21.727600,0.090300,1.377000,true,6,32,12,120
world4_normal_600,600,400,600,375,0,12.676300,0.079000,2.327700,true,6,32,12,120
world4_normal_600,600,400,600,375,1,12.741900,0.078900,2.645600,true,6,32,12,120
world4_normal_600,600,400,600,375,2,12.595900,0.073400,2.466200,true,6,32,12,120
world4_normal_600,600,400,600,375,3,12.469200,0.069600,2.163400,true,6,32,12,120
world4_normal_600,600,400,600,375,4,12.413300,0.096600,2.656000,true,6,32,12,120
world4_normal_600,600,400,600,375,5,12.770700,0.068300,2.321500,true,6,32,12,120
world4_normal_600,600,400,600,375,6,15.342700,0.120300,2.385100,true,6,32,12,120
world4_normal_600,600,400,600,375,7,12.716300,0.084600,2.672900,true,6,32,12,120
world4_normal_600,600,400,600,375,8,13.190400,0.076200,2.444100,true,7,32,12,120
world4_normal_600,600,400,600,375,9,12.547200,0.095700,2.411700,true,6,32,12,120
world4_normal_600,600,400,600,375,10,12.520500,0.082400,2.316300,true,6,32,12,120
world4_normal_600,600,400,600,375,11,13.583000,0.084300,2.334800,true,6,32,12,120
world4_normal_600,600,400,600,375,12,12.428100,0.070900,2.172200,true,6,32,12,120
world4_normal_600,600,400,600,375,13,12.600200,0.120600,2.363400,true,6,32,12,120
world4_normal_600,600,400,600,375,14,12.787500,0.099000,2.339800,true,6,32,12,120
world4_normal_600,600,400,600,375,15,12.344500,0.092000,2.402500,true,6,32,12,120
world4_normal_600,600,400,600,375,16,12.667600,0.075200,2.319200,true,6,32,12,120
world4_normal_600,600,400,600,375,17,12.613500,0.087000,2.622100,true,6,32,12,120
world4_normal_600,600,400,600,375,18,12.367300,0.084100,2.251800,true,6,32,12,120
world4_normal_600,600,400,600,375,19,12.504100,0.091700,2.337800,true,6,32,12,120
world4_normal_600,600,400,600,375,20,13.600100,0.094800,2.267800,true,6,32,12,120
world4_normal_600,600,400,600,375,21,13.669400,0.085900,2.296500,true,6,32,12,120
world4_normal_600,600,400,600,375,22,12.581800,0.099200,2.716300,true,6,32,12,120
world4_normal_600,600,400,600,375,23,12.394400,0.088100,2.403400,true,6,32,12,120
world4_normal_600,600,400,600,375,24,12.545500,0.100700,2.709900,true,6,32,12,120
world4_normal_600,600,400,600,375,25,13.921200,0.083000,2.672600,true,6,32,12,120
world4_normal_600,600,400,600,375,26,12.104700,0.083400,2.299300,true,6,32,12,120
world4_normal_600,600,400,600,375,27,12.653500,0.091000,2.731900,true,6,32,12,120
world4_normal_600,600,400,600,375,28,12.518800,0.093000,2.217300,true,6,32,12,120
world4_normal_600,600,400,600,375,29,12.623300,0.080500,2.422800,true,6,32,12,120
world4_normal_600,600,400,600,375,30,14.333600,0.079100,2.177000,true,6,32,12,120
world4_normal_600,600,400,600,375,31,12.367800,0.092700,2.341500,true,6,32,12,120
world4_normal_600,600,400,600,375,32,12.500600,0.082000,2.355500,true,6,32,12,120
world4_normal_600,600,400,600,375,33,12.742900,0.095000,2.808600,true,6,32,12,120
world4_normal_600,600,400,600,375,34,12.161600,0.097000,2.453700,true,6,32,12,120
world4_normal_600,600,400,600,375,35,13.416400,0.103700,2.519000,true,6,32,12,120
world4_normal_600,600,400,600,375,36,14.668500,0.096200,2.418700,true,6,32,12,120
world4_normal_600,600,400,600,375,37,14.386600,0.086300,2.176600,true,6,32,12,120
world4_normal_600,600,400,600,375,38,12.775600,0.086800,2.187500,true,6,32,12,120
world4_normal_600,600,400,600,375,39,12.477400,0.082100,2.621800,true,6,32,12,120
world4_normal_600,600,400,600,375,40,12.773700,0.085900,2.375500,true,6,32,12,120
world4_normal_600,600,400,600,375,41,12.435000,0.082700,2.806600,true,6,32,12,120
world4_normal_600,600,400,600,375,42,13.339200,0.076500,2.179200,true,6,32,12,120
world4_normal_600,600,400,600,375,43,12.691900,0.090600,2.604200,true,6,32,12,120
world4_normal_600,600,400,600,375,44,12.478600,0.109600,2.444700,true,6,32,12,120
world4_normal_600,600,400,600,375,45,12.701000,0.089800,2.585100,true,6,32,12,120
world4_normal_600,600,400,600,375,46,12.617900,0.087400,2.171200,true,6,32,12,120
world4_normal_600,600,400,600,375,47,12.758200,0.088800,2.368400,true,6,32,12,120
world4_normal_600,600,400,600,375,48,12.365400,0.094300,2.268500,true,6,32,12,120
world4_normal_600,600,400,600,375,49,12.572500,0.080300,2.433500,true,6,32,12,120
world4_normal_600,600,400,600,375,50,12.693700,0.086400,2.355700,true,6,32,12,120
world4_normal_600,600,400,600,375,51,12.422300,0.079700,2.354500,true,6,32,12,120
world4_normal_600,600,400,600,375,52,12.268100,0.088500,2.238800,true,6,32,12,120
world4_normal_600,600,400,600,375,53,13.774300,0.086200,2.438600,true,6,32,12,120
world4_normal_600,600,400,600,375,54,12.192500,0.092300,2.161900,true,6,32,12,120
world4_normal_600,600,400,600,375,55,14.990700,0.084000,2.239300,true,6,32,12,120
world4_normal_600,600,400,600,375,56,12.470600,0.085900,2.680300,true,6,32,12,120
world4_normal_600,600,400,600,375,57,12.496200,0.085700,2.437800,true,6,32,12,120
world4_normal_600,600,400,600,375,58,12.353100,0.077100,2.488200,true,6,32,12,120
world4_normal_600,600,400,600,375,59,12.875000,0.083200,2.341200,true,6,32,12,120
world4_normal_600,600,400,600,375,60,13.108700,0.103800,2.425600,true,6,32,12,120
world4_normal_600,600,400,600,375,61,12.503600,0.104000,2.449200,true,6,32,12,120
world4_normal_600,600,400,600,375,62,12.348100,0.092800,2.424600,true,6,32,12,120
world4_normal_600,600,400,600,375,63,12.758200,0.097300,2.198500,true,7,32,12,120
world4_normal_600,600,400,600,375,64,12.655200,0.087600,2.394700,true,6,32,12,120
world4_normal_600,600,400,600,375,65,12.834300,0.097100,2.188400,true,6,32,12,120
world4_normal_600,600,400,600,375,66,12.905100,0.084400,2.478300,true,6,32,13,120
world4_normal_600,600,400,600,375,67,12.621400,0.083600,2.203800,true,6,32,12,120
world4_normal_600,600,400,600,375,68,12.934600,0.086600,2.388500,true,6,32,12,120
world4_normal_600,600,400,600,375,69,12.992600,0.096400,2.230600,true,6,32,12,120
world4_normal_600,600,400,600,375,70,12.909300,0.085100,2.484400,true,6,32,13,120
world4_normal_600,600,400,600,375,71,12.780200,0.099100,2.376800,true,6,32,12,120
world4_normal_600,600,400,600,375,72,12.996300,0.101900,2.497200,true,6,32,12,120
world4_normal_600,600,400,600,375,73,12.744200,0.079400,2.394100,true,6,32,12,120
world4_normal_600,600,400,600,375,74,12.989800,0.129300,2.391100,true,6,32,12,120
world4_normal_600,600,400,600,375,75,12.841500,0.092400,2.410200,true,6,32,12,120
world4_normal_600,600,400,600,375,76,12.713400,0.101300,2.395900,true,6,32,12,120
world4_normal_600,600,400,600,375,77,12.293200,0.089100,2.219000,true,6,32,12,120
world4_normal_600,600,400,600,375,78,12.654300,0.099500,2.251500,true,6,32,12,120
world4_normal_600,600,400,600,375,79,12.914200,0.084500,2.427400,true,6,32,12,120
world4_normal_600,600,400,600,375,80,12.643000,0.095500,2.228300,true,6,32,12,120
world4_normal_600,600,400,600,375,81,12.417300,0.086300,2.347300,true,6,32,12,120
world4_normal_600,600,400,600,375,82,12.589800,0.099100,2.361000,true,6,32,12,120
world4_normal_600,600,400,600,375,83,13.492500,0.088200,2.333000,true,6,32,12,120
world4_normal_600,600,400,600,375,84,12.518000,0.094900,2.202900,true,6,32,12,120
world4_normal_600,600,400,600,375,85,13.292100,0.079900,2.521100,true,6,32,12,120
world4_normal_600,600,400,600,375,86,13.540300,0.089900,2.421200,true,6,32,12,120
world4_normal_600,600,400,600,375,87,12.507500,0.079400,2.688300,true,6,32,12,120
world4_normal_600,600,400,600,375,88,12.415600,0.077300,2.364700,true,6,32,12,120
world4_normal_600,600,400,600,375,89,12.976800,0.085800,2.521400,true,6,32,12,120
world4_normal_600,600,400,600,375,90,13.094700,0.082000,2.310800,true,6,32,12,120
world4_normal_600,600,400,600,375,91,12.712000,0.088000,2.318900,true,6,32,12,120
world4_normal_600,600,400,600,375,92,12.452000,0.083400,2.200700,true,6,32,12,120
world4_normal_600,600,400,600,375,93,12.593900,0.082600,2.585900,true,6,32,12,120
world4_normal_600,600,400,600,375,94,13.434200,0.088400,2.316900,true,6,32,12,120
world4_normal_600,600,400,600,375,95,12.651500,0.093700,2.337300,true,6,32,12,120
world4_normal_600,600,400,600,375,96,12.404900,0.076000,2.181900,true,6,32,12,120
world4_normal_600,600,400,600,375,97,12.671900,0.086700,2.649700,true,6,32,12,120
world4_normal_600,600,400,600,375,98,12.646800,0.073800,2.193500,true,6,32,13,120
world4_normal_600,600,400,600,375,99,12.526300,0.084800,2.322600,true,6,32,12,120
world4_normal_600,600,400,600,375,100,12.438000,0.090700,2.338700,true,6,32,12,120
world4_normal_600,600,400,600,375,101,12.622900,0.082000,2.564600,true,6,32,12,120
world4_normal_600,600,400,600,375,102,13.342800,0.089200,2.362500,true,6,32,12,120
world4_normal_600,600,400,600,375,103,13.175800,0.085000,2.411300,true,6,32,12,120
world4_normal_600,600,400,600,375,104,12.585100,0.072700,2.316800,true,6,32,12,120
world4_normal_600,600,400,600,375,105,12.505600,0.091700,2.208100,true,6,32,12,120
world4_normal_600,600,400,600,375,106,12.555800,0.078500,2.422600,true,6,32,12,120
world4_normal_600,600,400,600,375,107,12.985200,0.107200,2.241200,true,6,32,12,120
world4_normal_600,600,400,600,375,108,12.877100,0.090300,2.448400,true,6,32,12,120
world4_normal_600,600,400,600,375,109,12.540000,0.089200,2.398800,true,6,32,12,120
world4_normal_600,600,400,600,375,110,12.591600,0.077300,2.403400,true,6,32,12,120
world4_normal_600,600,400,600,375,111,12.874900,0.110300,2.278700,true,6,32,12,120
world4_normal_600,600,400,600,375,112,12.905100,0.080300,2.503500,true,6,32,12,120
world4_normal_600,600,400,600,375,113,12.829100,0.105700,2.703000,true,6,32,12,120
world4_normal_1280,1280,800,1280,800,0,11.610400,0.087300,9.641200,true,6,32,12,120
world4_normal_1280,1280,800,1280,800,1,11.693200,0.112800,9.591600,true,6,32,12,120
world4_normal_1280,1280,800,1280,800,2,12.021200,0.085200,10.000700,true,6,32,12,120
world4_normal_1280,1280,800,1280,800,3,12.111300,0.095000,9.708400,true,6,32,12,120
world4_normal_1280,1280,800,1280,800,4,12.961200,0.081000,9.681500,true,6,32,12,120
world4_normal_1280,1280,800,1280,800,5,11.877300,0.100500,9.656200,true,6,32,12,120
world4_normal_1280,1280,800,1280,800,6,12.195900,0.100500,9.655300,true,6,32,12,120
world4_normal_1280,1280,800,1280,800,7,11.673000,0.085500,10.634700,true,6,32,12,120
world4_normal_1280,1280,800,1280,800,8,11.696300,0.099000,9.910200,true,6,32,12,120
world4_normal_1280,1280,800,1280,800,9,11.620000,0.077200,9.590100,true,6,32,12,120
world4_normal_1280,1280,800,1280,800,10,12.241500,0.096800,9.710000,true,6,32,12,120
world4_normal_1280,1280,800,1280,800,11,13.233300,0.095800,9.785200,true,6,32,12,120
world4_normal_1280,1280,800,1280,800,12,13.033500,0.106600,9.738800,true,6,32,12,120
world4_normal_1280,1280,800,1280,800,13,11.605800,0.085600,9.662300,true,6,32,12,120
world4_normal_1280,1280,800,1280,800,14,12.012200,0.080700,10.648200,true,6,32,12,120
world4_normal_1280,1280,800,1280,800,15,12.468900,0.102800,9.638800,true,6,32,12,120
world4_normal_1280,1280,800,1280,800,16,11.793200,0.090600,9.485100,true,6,32,12,120
world4_normal_1280,1280,800,1280,800,17,11.655100,0.078900,10.585400,true,6,32,12,120
world4_normal_1280,1280,800,1280,800,18,13.168800,0.074400,9.986900,true,6,32,12,120
world4_normal_1280,1280,800,1280,800,19,11.992800,0.072800,9.410500,true,6,32,12,120
world4_normal_1280,1280,800,1280,800,20,11.768800,0.075400,9.869500,true,7,32,12,120
world4_normal_1280,1280,800,1280,800,21,12.349400,0.086000,10.033600,true,6,32,12,120
world4_normal_1280,1280,800,1280,800,22,12.012000,0.087700,9.731100,true,6,32,12,120
world4_normal_1280,1280,800,1280,800,23,12.112300,0.092900,10.000500,true,6,32,12,120
world4_normal_1280,1280,800,1280,800,24,13.048700,0.092500,9.930400,true,6,32,12,120
world4_normal_1280,1280,800,1280,800,25,13.043400,0.101800,9.746500,true,6,32,12,120
world4_normal_1280,1280,800,1280,800,26,11.670900,0.086400,10.341300,true,6,32,12,120
world4_normal_1280,1280,800,1280,800,27,11.868800,0.087900,10.105200,true,6,32,12,120
world4_normal_1280,1280,800,1280,800,28,11.713300,0.081200,9.644600,true,6,32,12,120
world4_normal_1280,1280,800,1280,800,29,11.931100,0.081100,10.046000,true,6,32,12,120
world4_normal_1280,1280,800,1280,800,30,12.244200,0.074700,9.898100,true,6,32,12,120
world4_normal_1280,1280,800,1280,800,31,12.176900,0.085100,9.429700,true,6,32,12,120
world4_normal_1280,1280,800,1280,800,32,11.667200,0.091100,9.664500,true,6,32,12,120
world4_normal_1280,1280,800,1280,800,33,11.708800,0.097300,10.721700,true,6,32,12,120
world4_normal_1280,1280,800,1280,800,34,11.661500,0.106300,9.636000,true,6,32,12,120
world4_normal_1280,1280,800,1280,800,35,12.842700,0.083200,9.955300,true,6,32,12,120
world4_normal_1280,1280,800,1280,800,36,13.348800,0.084200,9.629800,true,6,32,12,120
world4_normal_1280,1280,800,1280,800,37,11.802700,0.076700,10.376700,true,6,32,12,120
world4_normal_1280,1280,800,1280,800,38,11.788000,0.083100,9.706200,true,6,32,12,120
world4_normal_1280,1280,800,1280,800,39,12.541400,0.079600,9.915200,true,6,32,12,120
world4_normal_1280,1280,800,1280,800,40,11.581500,0.102000,9.674300,true,6,32,12,120
world4_normal_1280,1280,800,1280,800,41,13.709900,0.106000,9.639900,true,6,32,12,120
world4_normal_1280,1280,800,1280,800,42,12.042800,0.110700,9.668000,true,6,32,12,120
world4_normal_1280,1280,800,1280,800,43,11.928800,0.101800,9.716900,true,6,32,12,120
world4_normal_1280,1280,800,1280,800,44,12.252800,0.084100,9.648600,true,6,32,12,120
world4_normal_1280,1280,800,1280,800,45,12.924700,0.094500,9.897000,true,6,32,12,120
world4_normal_1280,1280,800,1280,800,46,12.188000,0.085600,9.632400,true,6,32,12,120
world4_normal_1280,1280,800,1280,800,47,12.146800,0.098700,9.801700,true,6,32,12,120
world4_normal_1280,1280,800,1280,800,48,12.824400,0.098400,9.507800,true,6,32,12,120
world4_normal_1280,1280,800,1280,800,49,12.599000,0.069600,9.708400,true,6,32,12,120
world4_normal_1280,1280,800,1280,800,50,11.892900,0.104900,9.917000,true,6,32,12,120
world4_normal_1280,1280,800,1280,800,51,12.072900,0.087200,10.094800,true,6,32,12,120
world4_normal_1280,1280,800,1280,800,52,11.725700,0.087500,9.545400,true,6,32,12,120
world4_normal_1280,1280,800,1280,800,53,11.754800,0.087300,9.711200,true,6,32,12,120
world4_normal_1280,1280,800,1280,800,54,12.063000,0.077900,10.451200,true,6,32,12,120
world4_normal_1280,1280,800,1280,800,55,12.487200,0.091200,9.525800,true,6,32,12,120
world4_normal_1280,1280,800,1280,800,56,12.064900,0.096500,10.073300,true,6,32,12,120
world4_normal_1280,1280,800,1280,800,57,11.914600,0.074800,9.560700,true,6,32,12,120
world4_normal_1280,1280,800,1280,800,58,11.961100,0.088500,9.715600,true,6,32,12,120
world4_normal_1280,1280,800,1280,800,59,13.066700,0.064800,9.425500,true,6,32,12,120
world4_normal_1280,1280,800,1280,800,60,11.780500,0.091200,9.687900,true,6,32,12,120
world4_normal_1280,1280,800,1280,800,61,12.837200,0.118000,10.654600,true,6,32,12,120
world4_normal_1280,1280,800,1280,800,62,11.934600,0.079700,9.777400,true,6,32,12,120
world4_normal_1280,1280,800,1280,800,63,12.711600,0.091800,10.028900,true,6,32,12,120
world4_normal_1280,1280,800,1280,800,64,11.907700,0.085100,9.578500,true,6,32,12,120
world4_normal_1280,1280,800,1280,800,65,12.002000,0.077000,10.496900,true,6,32,12,120
world4_normal_1280,1280,800,1280,800,66,11.957800,0.081400,9.727300,true,6,32,12,120
world4_normal_1280,1280,800,1280,800,67,11.808900,0.086200,9.536300,true,6,32,12,120
world4_normal_1280,1280,800,1280,800,68,11.834100,0.076400,9.745900,true,6,32,12,120
world4_normal_1280,1280,800,1280,800,69,13.249400,0.083200,9.672200,true,6,32,12,120
world4_normal_1280,1280,800,1280,800,70,11.749600,0.116600,9.835600,true,6,32,12,120
world4_normal_1280,1280,800,1280,800,71,11.763800,0.086300,9.657400,true,6,32,12,120
world4_normal_1280,1280,800,1280,800,72,12.786200,0.081400,9.559500,true,6,32,12,120
world4_normal_1280,1280,800,1280,800,73,12.043300,0.084700,9.873900,true,6,32,12,120
world4_normal_1280,1280,800,1280,800,74,12.178800,0.078200,10.029500,true,6,32,12,120
world4_normal_1280,1280,800,1280,800,75,11.627500,0.085400,10.195000,true,7,32,12,120
world4_normal_1280,1280,800,1280,800,76,12.184500,0.103300,9.855400,true,6,32,12,120
world4_normal_1280,1280,800,1280,800,77,12.002300,0.082300,10.568000,true,6,32,12,120
world4_normal_1280,1280,800,1280,800,78,12.167700,0.074300,9.735700,true,6,32,13,120
world4_high_960,960,600,960,600,0,17.941800,0.100300,1.546800,true,40,320,180,1200
world4_high_960,960,600,960,600,1,19.150000,0.099000,1.673400,true,40,320,180,1200
world4_high_960,960,600,960,600,2,19.644300,0.077600,1.208200,true,40,320,180,1200
world4_high_960,960,600,960,600,3,18.079600,0.079500,1.712900,true,40,320,180,1200
world4_high_960,960,600,960,600,4,21.207500,0.088300,1.687200,true,40,320,180,1200
world4_high_960,960,600,960,600,5,17.775000,0.099100,1.309600,true,40,320,180,1200
world4_high_960,960,600,960,600,6,18.267200,0.108300,1.367900,true,40,320,180,1200
world4_high_960,960,600,960,600,7,17.694300,0.092300,1.498200,true,40,320,180,1200
world4_high_960,960,600,960,600,8,17.967100,0.071900,1.203400,true,40,320,180,1200
world4_high_960,960,600,960,600,9,18.702700,0.082100,1.412700,true,40,320,180,1200
world4_high_960,960,600,960,600,10,17.530000,0.077700,1.382900,true,40,320,180,1200
world4_high_960,960,600,960,600,11,20.938500,0.100400,1.293600,true,40,320,180,1200
world4_high_960,960,600,960,600,12,18.452500,0.076200,1.200800,true,40,320,180,1200
world4_high_960,960,600,960,600,13,18.843800,0.081400,1.245400,true,40,320,180,1200
world4_high_960,960,600,960,600,14,17.534500,0.099400,1.319200,true,40,320,180,1200
world4_high_960,960,600,960,600,15,18.135500,0.089700,1.375200,true,40,320,180,1200
world4_high_960,960,600,960,600,16,18.345900,0.071500,1.204600,true,40,320,180,1200
world4_high_960,960,600,960,600,17,17.977100,0.085500,1.221000,true,40,320,180,1200
world4_high_960,960,600,960,600,18,18.316000,0.103900,1.428300,true,40,320,180,1200
world4_high_960,960,600,960,600,19,18.730300,0.091800,1.357400,true,40,320,180,1200
world4_high_960,960,600,960,600,20,18.133100,0.091400,1.515100,true,40,320,180,1200
world4_high_960,960,600,960,600,21,18.111200,0.105200,1.472800,true,40,320,180,1200
world4_high_960,960,600,960,600,22,19.521800,0.080800,1.451700,true,40,320,180,1200
world4_high_960,960,600,960,600,23,21.297300,0.074700,1.494700,true,40,320,180,1200
world4_high_960,960,600,960,600,24,18.806000,0.097600,1.351200,true,40,320,180,1200
world4_high_960,960,600,960,600,25,18.054400,0.079100,1.760900,true,40,320,180,1200
world4_high_960,960,600,960,600,26,17.802500,0.078400,1.240600,true,40,320,180,1200
world4_high_960,960,600,960,600,27,18.796100,0.088200,1.191200,true,40,320,180,1200
world4_high_960,960,600,960,600,28,18.184400,0.077800,1.555300,true,40,320,180,1200
world4_high_960,960,600,960,600,29,20.976500,0.083900,1.266400,true,40,320,180,1200
world4_high_960,960,600,960,600,30,18.726400,0.072400,1.338000,true,40,320,180,1200
world4_high_960,960,600,960,600,31,18.138100,0.078400,1.233900,true,40,320,180,1200
world4_high_960,960,600,960,600,32,19.177400,0.070000,1.268600,true,40,320,180,1200
world4_high_960,960,600,960,600,33,18.266200,0.085000,1.768200,true,40,320,180,1200
world4_high_960,960,600,960,600,34,18.116200,0.104200,1.463800,true,40,320,180,1200
world4_high_960,960,600,960,600,35,17.924100,0.092200,1.350400,true,40,320,180,1200
world4_high_960,960,600,960,600,36,19.091700,0.082000,1.425900,true,40,320,180,1200
world4_high_960,960,600,960,600,37,19.045900,0.091700,1.331300,true,40,320,180,1200
world4_high_960,960,600,960,600,38,18.021200,0.089000,1.414700,true,40,320,180,1200
world4_high_960,960,600,960,600,39,18.372300,0.076500,1.400800,true,40,320,180,1200
world4_high_960,960,600,960,600,40,18.262400,0.074500,1.834600,true,40,320,180,1200
world4_high_960,960,600,960,600,41,18.393100,0.075600,1.384700,true,40,320,180,1200
world4_high_960,960,600,960,600,42,19.198700,0.093700,1.436000,true,40,320,180,1200
world4_high_960,960,600,960,600,43,18.342700,0.097400,1.510900,true,40,320,180,1200
world4_high_960,960,600,960,600,44,18.117900,0.101500,1.293400,true,40,320,180,1200
world4_high_960,960,600,960,600,45,19.123000,0.101800,1.372200,true,40,320,180,1200
world4_high_960,960,600,960,600,46,18.572400,0.098100,1.409300,true,40,320,180,1200
world4_high_960,960,600,960,600,47,19.002100,0.089200,1.415100,true,40,320,180,1200
world4_high_960,960,600,960,600,48,18.352300,0.081800,1.699400,true,40,320,180,1200
world4_high_960,960,600,960,600,49,19.136600,0.100700,1.493900,true,40,320,180,1200
world4_high_960,960,600,960,600,50,18.174200,0.112400,1.201000,true,40,320,180,1200
world4_high_960,960,600,960,600,51,18.456800,0.080300,1.338100,true,40,320,180,1200
world4_high_960,960,600,960,600,52,18.533600,0.100800,1.412400,true,40,320,180,1200
world4_high_960,960,600,960,600,53,18.263900,0.110200,1.381600,true,40,320,180,1200
world4_high_960,960,600,960,600,54,20.190500,0.093900,1.415400,true,40,320,180,1200
world4_high_960,960,600,960,600,55,18.177400,0.111200,1.292400,true,40,320,180,1200
world4_high_960,960,600,960,600,56,19.258900,0.088400,1.192300,true,40,320,180,1200
world4_high_960,960,600,960,600,57,18.400500,0.091100,1.389400,true,40,320,180,1200
world4_high_960,960,600,960,600,58,18.342500,0.111200,1.622700,true,40,320,180,1200
world4_high_960,960,600,960,600,59,18.066300,0.083100,1.427500,true,40,320,180,1200
world4_high_960,960,600,960,600,60,18.518800,0.079800,1.403600,true,40,320,180,1200
world4_high_960,960,600,960,600,61,18.640300,0.083500,1.391500,true,40,320,180,1200
world4_high_960,960,600,960,600,62,18.198100,0.076700,1.201300,true,40,320,180,1200
world4_high_960,960,600,960,600,63,18.439100,0.078700,1.305600,true,40,320,180,1200
world4_high_960,960,600,960,600,64,19.510200,0.096900,1.543500,true,40,320,180,1200
world4_high_960,960,600,960,600,65,18.241000,0.087500,1.227700,true,40,320,180,1200
world4_high_960,960,600,960,600,66,20.285800,0.075600,1.583700,true,40,320,180,1200
world4_high_960,960,600,960,600,67,20.641300,0.093100,1.463700,true,40,320,180,1200
world4_high_960,960,600,960,600,68,19.831000,0.082900,1.339900,true,40,320,180,1200
world4_high_960,960,600,960,600,69,19.011000,0.097400,1.472600,true,40,320,180,1200
world4_high_960,960,600,960,600,70,18.507000,0.073200,1.702300,true,40,320,180,1200
world4_high_960,960,600,960,600,71,18.368500,0.079700,1.568000,true,40,320,180,1200
world4_high_960,960,600,960,600,72,19.996600,0.101000,1.724600,true,40,320,180,1200
world4_high_960,960,600,960,600,73,18.250500,0.086300,1.635100,true,40,320,180,1200
world4_high_960,960,600,960,600,74,19.563700,0.089100,1.365300,true,40,320,180,1200
world4_high_960,960,600,960,600,75,18.631900,0.110100,1.393600,true,40,320,180,1200
world4_high_960,960,600,960,600,76,17.957600,0.090000,1.226200,true,40,320,180,1200
world4_high_960,960,600,960,600,77,20.005100,0.081700,1.347900,true,40,320,180,1200
world4_high_960,960,600,960,600,78,20.536500,0.107700,1.357900,true,40,320,180,1200
world4_high_960,960,600,960,600,79,19.141700,0.094800,1.421000,true,40,320,180,1200
world4_high_960,960,600,960,600,80,19.178200,0.080000,1.196200,true,40,320,180,1200
world4_high_960,960,600,960,600,81,18.102100,0.071700,1.196700,true,40,320,180,1200
world4_high_960,960,600,960,600,82,18.310800,0.072100,1.187100,true,40,320,180,1200
world4_high_960,960,600,960,600,83,21.308500,0.086700,1.323900,true,40,320,180,1200
world4_high_960,960,600,960,600,84,18.717300,0.071700,1.211000,true,40,320,180,1200
world4_high_960,960,600,960,600,85,18.196000,0.109700,1.577400,true,40,320,180,1200
world4_high_600,600,400,600,375,0,17.514900,0.097000,2.498800,true,40,320,180,1200
world4_high_600,600,400,600,375,1,19.557600,0.084000,2.227700,true,40,320,180,1200
world4_high_600,600,400,600,375,2,18.522100,0.077800,2.794500,true,40,320,180,1200
world4_high_600,600,400,600,375,3,17.702500,0.092900,2.347500,true,40,320,180,1200
world4_high_600,600,400,600,375,4,19.222300,0.076600,2.332900,true,40,320,180,1200
world4_high_600,600,400,600,375,5,17.815600,0.094300,2.689100,true,40,320,180,1200
world4_high_600,600,400,600,375,6,17.697000,0.079900,2.239700,true,40,320,180,1200
world4_high_600,600,400,600,375,7,18.213200,0.092700,2.277000,true,40,320,180,1200
world4_high_600,600,400,600,375,8,17.526500,0.109700,2.322800,true,40,320,180,1200
world4_high_600,600,400,600,375,9,19.984900,0.099300,2.501600,true,40,320,180,1200
world4_high_600,600,400,600,375,10,18.029100,0.096400,2.439200,true,40,320,180,1200
world4_high_600,600,400,600,375,11,18.136300,0.093600,2.317700,true,40,320,180,1200
world4_high_600,600,400,600,375,12,17.894700,0.091100,2.682800,true,40,320,180,1200
world4_high_600,600,400,600,375,13,17.857400,0.074400,2.222300,true,40,320,180,1200
world4_high_600,600,400,600,375,14,17.862700,0.101700,2.272100,true,40,320,180,1200
world4_high_600,600,400,600,375,15,18.282300,0.108300,2.376700,true,40,320,180,1200
world4_high_600,600,400,600,375,16,17.863600,0.095500,2.441500,true,40,320,180,1200
world4_high_600,600,400,600,375,17,18.597500,0.085900,2.436300,true,40,320,180,1200
world4_high_600,600,400,600,375,18,18.522900,0.095800,2.414400,true,40,320,180,1200
world4_high_600,600,400,600,375,19,18.533500,0.101900,2.258000,true,40,320,180,1200
world4_high_600,600,400,600,375,20,18.101300,0.091400,2.262300,true,40,320,180,1200
world4_high_600,600,400,600,375,21,18.504400,0.080700,2.509500,true,40,320,180,1200
world4_high_600,600,400,600,375,22,18.264900,0.081500,2.308400,true,40,320,180,1200
world4_high_600,600,400,600,375,23,19.034200,0.088000,2.406300,true,40,320,180,1200
world4_high_600,600,400,600,375,24,17.985400,0.073100,2.360200,true,40,320,180,1200
world4_high_600,600,400,600,375,25,18.131000,0.099300,2.365100,true,40,320,180,1200
world4_high_600,600,400,600,375,26,19.245300,0.105100,2.414100,true,40,320,180,1200
world4_high_600,600,400,600,375,27,18.581900,0.081200,2.425600,true,40,320,180,1200
world4_high_600,600,400,600,375,28,17.711000,0.092100,2.374700,true,40,320,180,1200
world4_high_600,600,400,600,375,29,18.412100,0.082100,2.325000,true,40,320,180,1200
world4_high_600,600,400,600,375,30,18.828100,0.088100,2.433700,true,40,320,180,1200
world4_high_600,600,400,600,375,31,18.135700,0.074700,2.362700,true,40,320,180,1200
world4_high_600,600,400,600,375,32,18.368600,0.109000,2.178900,true,40,320,180,1200
world4_high_600,600,400,600,375,33,19.032000,0.075800,2.163500,true,40,320,180,1200
world4_high_600,600,400,600,375,34,18.040700,0.079100,2.675000,true,40,320,180,1200
world4_high_600,600,400,600,375,35,18.241200,0.077300,2.210500,true,40,320,180,1200
world4_high_600,600,400,600,375,36,18.578800,0.102000,2.464900,true,40,320,180,1200
world4_high_600,600,400,600,375,37,18.169300,0.073900,2.163400,true,40,320,180,1200
world4_high_600,600,400,600,375,38,17.950900,0.111400,2.401900,true,40,320,180,1200
world4_high_600,600,400,600,375,39,18.167200,0.104600,2.521600,true,40,320,180,1200
world4_high_600,600,400,600,375,40,17.780200,0.085900,2.359400,true,40,320,180,1200
world4_high_600,600,400,600,375,41,18.473700,0.076100,2.448800,true,40,320,180,1200
world4_high_600,600,400,600,375,42,17.997400,0.153500,2.315500,true,40,320,180,1200
world4_high_600,600,400,600,375,43,18.377700,0.090500,2.286400,true,40,320,180,1200
world4_high_600,600,400,600,375,44,18.223900,0.087300,2.393500,true,40,320,180,1200
world4_high_600,600,400,600,375,45,18.069000,0.073500,2.692200,true,40,320,180,1200
world4_high_600,600,400,600,375,46,18.148400,0.107300,2.477300,true,40,320,180,1200
world4_high_600,600,400,600,375,47,18.144200,0.072200,2.146500,true,40,320,180,1200
world4_high_600,600,400,600,375,48,18.368700,0.101500,2.382300,true,40,320,180,1200
world4_high_600,600,400,600,375,49,18.402100,0.072600,2.377300,true,40,320,180,1200
world4_high_600,600,400,600,375,50,17.832000,0.074100,2.614300,true,40,320,180,1200
world4_high_600,600,400,600,375,51,20.444800,0.096400,2.342600,true,40,320,180,1200
world4_high_600,600,400,600,375,52,18.774600,0.106400,2.256800,true,40,320,180,1200
world4_high_600,600,400,600,375,53,18.404200,0.126900,2.736300,true,40,320,180,1200
world4_high_600,600,400,600,375,54,18.333600,0.105900,2.214700,true,40,320,180,1200
world4_high_600,600,400,600,375,55,18.683400,0.091200,2.396400,true,40,320,180,1200
world4_high_600,600,400,600,375,56,19.020400,0.161000,2.689400,true,40,320,180,1200
world4_high_600,600,400,600,375,57,18.098900,0.099800,2.281600,true,40,320,180,1200
world4_high_600,600,400,600,375,58,20.164900,0.077100,2.245500,true,40,320,180,1200
world4_high_600,600,400,600,375,59,18.430000,0.081900,2.679200,true,40,320,180,1200
world4_high_600,600,400,600,375,60,20.040500,0.101900,2.410200,true,40,320,180,1200
world4_high_600,600,400,600,375,61,21.064400,0.091700,2.151900,true,40,320,180,1200
world4_high_600,600,400,600,375,62,18.030000,0.076300,2.430700,true,40,320,180,1200
world4_high_600,600,400,600,375,63,18.138000,0.082500,2.440600,true,40,320,180,1200
world4_high_600,600,400,600,375,64,18.773700,0.087300,2.459200,true,40,320,180,1200
world4_high_600,600,400,600,375,65,20.750800,0.101000,2.379300,true,40,320,180,1200
world4_high_600,600,400,600,375,66,18.196300,0.094800,2.670800,true,40,320,180,1200
world4_high_600,600,400,600,375,67,17.964000,0.090400,2.497600,true,40,320,180,1200
world4_high_600,600,400,600,375,68,18.130800,0.078400,2.366900,true,40,320,180,1200
world4_high_600,600,400,600,375,69,20.029600,0.075300,2.383100,true,40,320,180,1200
world4_high_600,600,400,600,375,70,17.937700,0.087700,2.669200,true,40,320,180,1200
world4_high_600,600,400,600,375,71,18.205800,0.095200,2.294500,true,40,320,180,1200
world4_high_600,600,400,600,375,72,19.006500,0.086800,2.466000,true,40,320,180,1200
world4_high_600,600,400,600,375,73,17.963500,0.086500,2.292600,true,40,320,180,1200
world4_high_600,600,400,600,375,74,18.274300,0.090300,2.381700,true,40,320,180,1200
world4_high_600,600,400,600,375,75,19.112200,0.083100,2.228000,true,40,320,180,1200
world4_high_600,600,400,600,375,76,18.411900,0.081900,2.303000,true,40,320,180,1200
world4_high_600,600,400,600,375,77,18.825500,0.099600,2.416500,true,40,320,180,1200
world4_high_600,600,400,600,375,78,18.172500,0.086600,2.343900,true,40,320,180,1200
world4_high_600,600,400,600,375,79,20.918200,0.083500,2.478000,true,40,320,180,1200
world4_high_600,600,400,600,375,80,19.469100,0.085700,2.205400,true,40,320,180,1200
world4_high_600,600,400,600,375,81,18.390000,0.075200,2.827500,true,40,320,180,1200
world4_high_600,600,400,600,375,82,18.083900,0.075700,2.178800,true,40,320,180,1200
world4_high_1280,1280,800,1280,800,0,19.298200,0.084200,10.149300,true,40,320,180,1200
world4_high_1280,1280,800,1280,800,1,18.627700,0.077600,9.743800,true,40,320,180,1200
world4_high_1280,1280,800,1280,800,2,18.111100,0.079500,10.607900,true,40,320,180,1200
world4_high_1280,1280,800,1280,800,3,21.417600,0.098400,14.564700,true,40,320,180,1200
world4_high_1280,1280,800,1280,800,4,25.630400,0.085300,12.803100,true,40,320,180,1200
world4_high_1280,1280,800,1280,800,5,26.410300,0.079500,11.060400,true,40,320,180,1200
world4_high_1280,1280,800,1280,800,6,19.169400,0.083100,10.064000,true,40,320,180,1200
world4_high_1280,1280,800,1280,800,7,19.143400,0.082100,11.490200,true,40,320,180,1200
world4_high_1280,1280,800,1280,800,8,19.774000,0.082100,9.898900,true,40,320,180,1200
world4_high_1280,1280,800,1280,800,9,19.164300,0.082200,9.873800,true,40,320,180,1200
world4_high_1280,1280,800,1280,800,10,18.271200,0.078000,10.161900,true,40,320,180,1200
world4_high_1280,1280,800,1280,800,11,18.548800,0.085100,9.823400,true,40,320,180,1200
world4_high_1280,1280,800,1280,800,12,18.310700,0.102700,9.881500,true,40,320,180,1200
world4_high_1280,1280,800,1280,800,13,18.779700,0.100600,9.872100,true,40,320,180,1200
world4_high_1280,1280,800,1280,800,14,18.909300,0.078700,9.842500,true,40,320,180,1200
world4_high_1280,1280,800,1280,800,15,18.525800,0.078700,9.687300,true,40,320,180,1200
world4_high_1280,1280,800,1280,800,16,18.098300,0.088800,10.299900,true,40,320,180,1200
world4_high_1280,1280,800,1280,800,17,18.280400,0.073200,9.816300,true,40,320,180,1200
world4_high_1280,1280,800,1280,800,18,17.913800,0.091700,9.883000,true,40,320,180,1200
world4_high_1280,1280,800,1280,800,19,19.093900,0.097800,9.800400,true,40,320,180,1200
world4_high_1280,1280,800,1280,800,20,18.277700,0.102300,9.795500,true,40,320,180,1200
world4_high_1280,1280,800,1280,800,21,18.172900,0.079200,9.749600,true,40,320,180,1200
world4_high_1280,1280,800,1280,800,22,20.621700,0.095700,10.002500,true,40,320,180,1200
world4_high_1280,1280,800,1280,800,23,18.549900,0.117000,10.081100,true,40,320,180,1200
world4_high_1280,1280,800,1280,800,24,18.780900,0.077900,9.842900,true,40,320,180,1200
world4_high_1280,1280,800,1280,800,25,18.209400,0.084400,10.445000,true,40,320,180,1200
world4_high_1280,1280,800,1280,800,26,21.050000,0.076400,9.834700,true,40,320,180,1200
world4_high_1280,1280,800,1280,800,27,18.427200,0.093900,10.211800,true,40,320,180,1200
world4_high_1280,1280,800,1280,800,28,18.199200,0.094000,9.726000,true,40,320,180,1200
world4_high_1280,1280,800,1280,800,29,18.579500,0.083300,10.078500,true,40,320,180,1200
world4_high_1280,1280,800,1280,800,30,17.990600,0.076500,9.588300,true,40,320,180,1200
world4_high_1280,1280,800,1280,800,31,17.910000,0.105100,9.958000,true,40,320,180,1200
world4_high_1280,1280,800,1280,800,32,18.234900,0.108500,9.757300,true,40,320,180,1200
world4_high_1280,1280,800,1280,800,33,19.056000,0.082000,9.777400,true,40,320,180,1200
world4_high_1280,1280,800,1280,800,34,18.041600,0.102300,9.786800,true,40,320,180,1200
world4_high_1280,1280,800,1280,800,35,20.765400,0.075000,11.097800,true,40,320,180,1200
world4_high_1280,1280,800,1280,800,36,18.775000,0.080800,10.487100,true,40,320,180,1200
world4_high_1280,1280,800,1280,800,37,18.063200,0.093100,9.788200,true,40,320,180,1200
world4_high_1280,1280,800,1280,800,38,18.897800,0.095900,9.664900,true,40,320,180,1200
world4_high_1280,1280,800,1280,800,39,20.213700,0.089900,9.662000,true,40,320,180,1200
world4_high_1280,1280,800,1280,800,40,19.297000,0.076900,9.693800,true,40,320,180,1200
world4_high_1280,1280,800,1280,800,41,18.043700,0.104300,9.566100,true,40,320,180,1200
world4_high_1280,1280,800,1280,800,42,18.362300,0.072900,9.690100,true,40,320,180,1200
world4_high_1280,1280,800,1280,800,43,19.235700,0.083700,9.497800,true,40,320,180,1200
world4_high_1280,1280,800,1280,800,44,18.182800,0.083700,10.155500,true,40,320,180,1200
world4_high_1280,1280,800,1280,800,45,21.661400,0.081200,9.679600,true,40,320,180,1200
world4_high_1280,1280,800,1280,800,46,20.325900,0.085200,9.753600,true,40,320,180,1200
world4_high_1280,1280,800,1280,800,47,19.233000,0.081100,9.603300,true,40,320,180,1200
world4_high_1280,1280,800,1280,800,48,18.525200,0.074800,9.836100,true,40,320,180,1200
world4_high_1280,1280,800,1280,800,49,20.905000,0.095000,9.875000,true,40,320,180,1200
world4_high_1280,1280,800,1280,800,50,18.778200,0.088600,9.618900,true,40,320,180,1200
world4_high_1280,1280,800,1280,800,51,20.741400,0.078400,9.700500,true,40,320,180,1200
world4_high_1280,1280,800,1280,800,52,18.104100,0.092200,9.756400,true,40,320,180,1200
world4_high_1280,1280,800,1280,800,53,18.148000,0.096000,9.570100,true,40,320,180,1200
world4_high_1280,1280,800,1280,800,54,18.530300,0.083500,9.695100,true,40,320,180,1200
world4_high_1280,1280,800,1280,800,55,19.913800,0.079800,10.310600,true,40,320,180,1200
world4_high_1280,1280,800,1280,800,56,18.275100,0.079900,9.756900,true,40,320,180,1200
world4_high_1280,1280,800,1280,800,57,20.193300,0.075800,10.288900,true,40,320,180,1200
world4_high_1280,1280,800,1280,800,58,17.962600,0.127000,10.109200,true,40,320,180,1200
world4_high_1280,1280,800,1280,800,59,18.270900,0.092600,9.722500,true,40,320,180,1200
