case,width,height,draw_width,draw_height,index,simulation_publish_ms,edt_dispatch_ms,edt_paint_ms,published,enemies,player_bullets,enemy_bullets,particles
world2_normal_960,960,600,960,600,0,8.924600,0.170300,1.292700,true,6,32,12,120
world2_normal_960,960,600,960,600,1,8.235500,0.103600,1.403100,true,6,32,12,120
world2_normal_960,960,600,960,600,2,9.998400,0.107800,1.484800,true,6,32,12,120
world2_normal_960,960,600,960,600,3,12.207700,0.121400,1.577100,true,6,32,12,120
world2_normal_960,960,600,960,600,4,8.361100,0.101300,1.298400,true,6,32,12,120
world2_normal_960,960,600,960,600,5,8.295200,0.097800,1.268900,true,6,32,12,120
world2_normal_960,960,600,960,600,6,8.874500,0.123300,1.515000,true,6,32,12,120
world2_normal_960,960,600,960,600,7,8.002500,0.100700,1.310400,true,6,32,12,120
world2_normal_960,960,600,960,600,8,7.734700,0.130700,1.373500,true,6,32,12,120
world2_normal_960,960,600,960,600,9,7.429400,0.107300,1.441800,true,6,32,12,120
world2_normal_960,960,600,960,600,10,7.798500,0.217900,1.355000,true,6,32,12,120
world2_normal_960,960,600,960,600,11,8.014300,0.118700,1.433200,true,6,32,12,120
world2_normal_960,960,600,960,600,12,11.390600,0.121100,1.480300,true,6,32,12,120
world2_normal_960,960,600,960,600,13,8.662100,0.109700,1.595400,true,6,32,12,120
world2_normal_960,960,600,960,600,14,8.973100,0.133200,1.396300,true,6,32,12,120
world2_normal_960,960,600,960,600,15,7.683400,0.140200,1.735900,true,6,32,12,120
world2_normal_960,960,600,960,600,16,7.623800,0.122600,1.380700,true,6,32,12,120
world2_normal_960,960,600,960,600,17,7.910400,0.120200,1.313900,true,6,32,12,120
world2_normal_960,960,600,960,600,18,7.672300,0.115200,1.265300,true,6,32,12,120
world2_normal_960,960,600,960,600,19,8.157700,0.151300,1.410600,true,6,32,12,120
world2_normal_960,960,600,960,600,20,7.691000,0.232600,1.291300,true,6,32,12,120
world2_normal_960,960,600,960,600,21,8.137200,0.103600,1.447000,true,6,32,12,120
world2_normal_960,960,600,960,600,22,7.663900,0.174400,1.705100,true,6,32,12,120
world2_normal_960,960,600,960,600,23,8.085100,0.105200,1.322000,true,6,32,12,120
world2_normal_960,960,600,960,600,24,8.477400,0.108700,1.293000,true,6,32,12,120
world2_normal_960,960,600,960,600,25,9.287400,0.123000,1.773500,true,6,32,12,120
world2_normal_960,960,600,960,600,26,7.524300,0.106300,1.384700,true,6,32,12,120
world2_normal_960,960,600,960,600,27,7.875700,0.132500,1.507600,true,6,32,12,120
world2_normal_960,960,600,960,600,28,7.428200,0.129800,1.540000,true,6,32,12,120
world2_normal_960,960,600,960,600,29,9.232800,0.116700,1.447400,true,6,32,12,120
world2_normal_960,960,600,960,600,30,7.585200,0.122400,2.397300,true,6,32,12,120
world2_normal_960,960,600,960,600,31,11.975500,0.126700,1.455500,true,6,32,12,120
world2_normal_960,960,600,960,600,32,9.300000,0.136800,1.295200,true,6,32,12,120
world2_normal_960,960,600,960,600,33,7.916400,0.100500,1.270600,true,6,32,12,120
world2_normal_960,960,600,960,600,34,8.237100,0.109700,1.290100,true,6,32,12,120
world2_normal_960,960,600,960,600,35,8.002400,0.112800,1.447700,true,6,32,12,120
world2_normal_960,960,600,960,600,36,8.517300,0.107700,2.058400,true,6,32,12,120
world2_normal_960,960,600,960,600,37,8.317900,0.104000,1.322700,true,6,32,12,120
world2_normal_960,960,600,960,600,38,11.051800,0.120600,1.578300,true,6,32,12,120
world2_normal_960,960,600,960,600,39,8.311800,0.116900,1.356000,true,6,32,12,120
world2_normal_960,960,600,960,600,40,8.371500,0.105500,1.536600,true,6,32,12,120
world2_normal_960,960,600,960,600,41,9.274500,0.130200,1.359700,true,6,32,12,120
world2_normal_960,960,600,960,600,42,8.288800,0.111400,1.360600,true,6,32,12,120
world2_normal_960,960,600,960,600,43,8.402600,0.129200,2.419800,true,6,32,12,120
world2_normal_960,960,600,960,600,44,7.899000,0.145500,1.506600,true,6,32,12,120
world2_normal_960,960,600,960,600,45,7.773800,0.130700,1.476900,true,6,32,12,120
world2_normal_960,960,600,960,600,46,8.596700,0.128400,2.444600,true,6,32,12,120
world2_normal_960,960,600,960,600,47,7.793800,0.107800,1.262700,true,6,32,12,120
world2_normal_960,960,600,960,600,48,7.740600,0.113300,1.387300,true,6,32,12,120
world2_normal_960,960,600,960,600,49,7.521800,0.105500,1.544800,true,6,32,12,120
world2_normal_960,960,600,960,600,50,7.827500,0.099600,1.415100,true,6,32,12,120
world2_normal_960,960,600,960,600,51,8.020300,0.103900,1.468800,true,6,32,12,120
world2_normal_960,960,600,960,600,52,8.173300,0.121900,1.380000,true,6,32,12,120
world2_normal_960,960,600,960,600,53,7.918400,0.186800,1.347500,true,6,32,12,120
world2_normal_960,960,600,960,600,54,7.509700,0.116700,1.390000,true,6,32,12,120
world2_normal_960,960,600,960,600,55,9.814600,0.099300,1.355700,true,6,32,13,120
world2_normal_960,960,600,960,600,56,7.974000,0.111700,2.527400,true,6,32,12,120
world2_normal_960,960,600,960,600,57,7.650600,0.107000,1.407300,true,6,32,12,120
world2_normal_960,960,600,960,600,58,10.632100,0.113100,1.535700,true,6,32,12,120
world2_normal_960,960,600,960,600,59,9.218600,0.113500,1.363100,true,6,32,13,120
world2_normal_960,960,600,960,600,60,7.561100,0.125600,1.343600,true,6,32,12,120
world2_normal_960,960,600,960,600,61,7.847500,0.098300,1.323400,true,6,32,12,120
world2_normal_960,960,600,960,600,62,8.257400,0.100300,1.382900,true,6,32,12,120
world2_normal_960,960,600,960,600,63,8.208600,0.161900,2.092700,true,6,32,12,120
world2_normal_960,960,600,960,600,64,8.458200,0.196400,1.513800,true,6,32,12,120
world2_normal_960,960,600,960,600,65,9.965300,0.125800,1.401800,true,6,32,12,120
world2_normal_960,960,600,960,600,66,10.350600,0.158100,1.543700,true,6,32,12,120
world2_normal_960,960,600,960,600,67,10.687800,0.124900,1.815700,true,6,32,12,120
world2_normal_960,960,600,960,600,68,9.270000,0.126300,1.522700,true,6,32,12,120
world2_normal_960,960,600,960,600,69,8.625800,0.127800,2.262600,true,6,32,12,120
world2_normal_960,960,600,960,600,70,7.872500,0.159600,2.236100,true,6,32,12,120
world2_normal_960,960,600,960,600,71,7.907000,0.107900,1.810700,true,6,32,12,120
world2_normal_960,960,600,960,600,72,8.847900,0.144200,1.554200,true,6,32,12,120
world2_normal_960,960,600,960,600,73,9.486900,0.126700,2.465700,true,6,32,12,120
world2_normal_960,960,600,960,600,74,11.130100,0.177800,1.579600,true,6,32,12,120
world2_normal_960,960,600,960,600,75,12.321600,0.134300,2.480200,true,6,32,12,120
world2_normal_960,960,600,960,600,76,8.806800,0.115500,1.642300,true,6,32,12,120
world2_normal_960,960,600,960,600,77,8.515000,0.098200,1.423300,true,6,32,12,120
world2_normal_960,960,600,960,600,78,8.298800,0.118600,1.464200,true,6,32,12,120
world2_normal_960,960,600,960,600,79,7.879500,0.096500,2.059000,true,6,32,12,120
world2_normal_960,960,600,960,600,80,8.721200,0.141400,1.327000,true,6,32,12,120
world2_normal_960,960,600,960,600,81,8.229200,0.148100,1.862400,true,6,32,12,120
world2_normal_960,960,600,960,600,82,8.353400,0.112500,1.322200,true,6,32,12,120
world2_normal_960,960,600,960,600,83,12.462100,0.128400,1.425400,true,6,32,12,120
world2_normal_960,960,600,960,600,84,8.712300,0.121400,2.467500,true,6,32,12,120
world2_normal_960,960,600,960,600,85,7.595600,0.110900,1.531700,true,6,32,12,120
world2_normal_960,960,600,960,600,86,7.928600,0.113300,1.347900,true,6,32,12,120
world2_normal_960,960,600,960,600,87,8.011300,0.113800,1.658500,true,6,32,13,120
world2_normal_960,960,600,960,600,88,8.252900,0.129400,2.290400,true,6,32,12,120
world2_normal_960,960,600,960,600,89,8.795100,0.107900,1.326000,true,6,32,12,120
world2_normal_960,960,600,960,600,90,7.957700,0.187400,2.234500,true,6,32,12,120
world2_normal_960,960,600,960,600,91,7.991700,0.138100,1.652500,true,6,32,12,120
world2_normal_960,960,600,960,600,92,7.318200,0.099700,1.439600,true,6,32,12,120
world2_normal_960,960,600,960,600,93,7.783300,0.104900,1.524100,true,6,32,12,120
world2_normal_960,960,600,960,600,94,8.087100,0.147200,1.365000,true,6,32,12,120
world2_normal_960,960,600,960,600,95,8.477600,0.137600,2.434600,true,6,32,12,120
world2_normal_960,960,600,960,600,96,7.517300,0.107000,1.534000,true,6,32,12,120
world2_normal_960,960,600,960,600,97,7.812800,0.101300,1.336400,true,6,32,12,120
world2_normal_960,960,600,960,600,98,7.987900,0.097500,1.731400,true,6,32,12,120
world2_normal_960,960,600,960,600,99,8.226700,0.104400,1.889700,true,6,32,12,120
world2_normal_960,960,600,960,600,100,7.714200,0.185700,1.378800,true,6,32,12,120
world2_normal_960,960,600,960,600,101,7.324800,0.102700,1.762900,true,6,32,12,120
world2_normal_960,960,600,960,600,102,7.991000,0.101200,1.342400,true,6,32,12,120
world2_normal_960,960,600,960,600,103,8.029000,0.113400,1.568800,true,6,32,12,120
world2_normal_960,960,600,960,600,104,8.620100,0.093700,1.337600,true,6,32,12,120
world2_normal_960,960,600,960,600,105,7.671800,0.150200,2.306500,true,6,32,12,120
world2_normal_960,960,600,960,600,106,7.778400,0.109500,1.579500,true,6,32,12,120
world2_normal_960,960,600,960,600,107,8.502300,0.133100,1.533300,true,6,32,12,120
world2_normal_960,960,600,960,600,108,7.767900,0.133000,1.863700,true,6,32,12,120
world2_normal_960,960,600,960,600,109,8.339600,0.099400,1.539800,true,6,32,12,120
world2_normal_960,960,600,960,600,110,8.160400,0.116000,2.407700,true,6,32,12,120
world2_normal_960,960,600,960,600,111,8.985300,0.129400,2.418900,true,6,32,12,120
world2_normal_960,960,600,960,600,112,8.867500,0.185100,1.897500,true,6,32,12,120
world2_normal_960,960,600,960,600,113,8.390900,0.130500,2.523700,true,6,32,12,120
world2_normal_960,960,600,960,600,114,7.493100,0.097700,1.574400,true,6,32,12,120
world2_normal_960,960,600,960,600,115,9.513800,0.118500,2.439400,true,6,32,12,120
world2_normal_960,960,600,960,600,116,7.786600,0.133700,2.252300,true,6,32,12,120
world2_normal_960,960,600,960,600,117,10.496500,0.125400,1.609600,true,6,32,12,120
world2_normal_960,960,600,960,600,118,7.718000,0.117200,1.712300,true,6,32,12,120
world2_normal_960,960,600,960,600,119,8.465400,0.138600,1.525100,true,6,32,12,120
world2_normal_960,960,600,960,600,120,8.561300,0.110200,1.412500,true,6,32,12,120
world2_normal_960,960,600,960,600,121,8.768600,0.113500,1.428900,true,6,32,12,120
world2_normal_960,960,600,960,600,122,7.970400,0.101800,1.401100,true,6,32,12,120
world2_normal_960,960,600,960,600,123,7.948900,0.120700,1.446600,true,6,32,12,120
world2_normal_960,960,600,960,600,124,7.321500,0.115000,1.506800,true,6,32,12,120
world2_normal_960,960,600,960,600,125,8.262700,0.108700,1.418600,true,6,32,12,120
world2_normal_960,960,600,960,600,126,8.843700,0.125000,1.820300,true,6,32,12,120
world2_normal_960,960,600,960,600,127,7.740800,0.106400,1.588600,true,6,32,12,120
world2_normal_960,960,600,960,600,128,11.316100,0.102800,1.527500,true,6,32,12,120
world2_normal_960,960,600,960,600,129,7.711700,0.097300,1.293800,true,6,32,12,120
world2_normal_960,960,600,960,600,130,7.741900,0.106800,1.828200,true,6,32,12,120
world2_normal_960,960,600,960,600,131,8.023700,0.105700,1.383400,true,6,32,12,120
world2_normal_960,960,600,960,600,132,8.563500,0.106600,1.315000,true,6,32,12,120
world2_normal_960,960,600,960,600,133,7.564900,0.112600,1.501900,true,6,32,12,120
world2_normal_960,960,600,960,600,134,7.778900,0.102700,1.960300,true,6,32,12,120
world2_normal_960,960,600,960,600,135,7.187000,0.090500,1.531500,true,6,32,12,120
world2_normal_960,960,600,960,600,136,8.554600,0.099200,1.487100,true,6,32,12,120
world2_normal_960,960,600,960,600,137,8.431000,0.132400,1.325900,true,6,32,12,120
world2_normal_960,960,600,960,600,138,7.740200,0.103300,1.626700,true,6,32,12,120
world2_normal_960,960,600,960,600,139,7.366400,0.137500,1.584900,true,6,32,12,120
world2_normal_960,960,600,960,600,140,7.302800,0.110900,1.390000,true,6,32,12,120
world2_normal_960,960,600,960,600,141,8.271200,0.096600,1.273600,true,6,32,12,120
world2_normal_960,960,600,960,600,142,7.571500,0.107800,1.995200,true,6,32,12,120
world2_normal_960,960,600,960,600,143,8.516100,0.101700,1.490800,true,6,32,12,120
world2_normal_960,960,600,960,600,144,8.163300,0.117700,2.408800,true,6,32,12,120
world2_normal_960,960,600,960,600,145,7.888900,0.136300,2.124700,true,6,32,12,120
world2_normal_960,960,600,960,600,146,7.254200,0.101600,1.532800,true,6,32,12,120
world2_normal_960,960,600,960,600,147,7.213900,0.106500,1.438200,true,6,32,12,120
world2_normal_960,960,600,960,600,148,7.041900,0.108800,1.411500,true,6,32,12,120
world2_normal_960,960,600,960,600,149,7.414600,0.169400,1.459400,true,6,32,12,120
world2_normal_960,960,600,960,600,150,7.328200,0.183800,1.382900,true,6,32,12,120
world2_normal_960,960,600,960,600,151,7.467400,0.146000,1.600300,true,6,32,12,120
world2_normal_960,960,600,960,600,152,8.009900,0.105500,1.313100,true,6,32,12,120
world2_normal_960,960,600,960,600,153,8.924400,0.116500,1.346800,true,6,32,12,120
world2_normal_960,960,600,960,600,154,7.473700,0.097500,1.481100,true,6,32,12,120
world2_normal_960,960,600,960,600,155,7.392700,0.105100,1.315500,true,6,32,12,120
world2_normal_960,960,600,960,600,156,7.540800,0.105100,1.896800,true,6,32,12,120
world2_normal_960,960,600,960,600,157,8.453100,0.127300,1.445400,true,6,32,12,120
world2_normal_960,960,600,960,600,158,8.362600,0.121600,1.464100,true,6,32,12,120
world2_normal_960,960,600,960,600,159,7.503600,0.106500,1.290500,true,6,32,12,120
world2_normal_960,960,600,960,600,160,7.206500,0.118200,1.350400,true,6,32,12,120
world2_normal_960,960,600,960,600,161,7.342000,0.100300,1.596400,true,6,32,12,120
world2_normal_960,960,600,960,600,162,7.608600,0.112800,1.705300,true,6,32,12,120
world2_normal_960,960,600,960,600,163,7.457600,0.110100,1.386200,true,6,32,12,120
world2_normal_960,960,600,960,600,164,7.640700,0.129300,1.310600,true,6,32,12,120
world2_normal_960,960,600,960,600,165,7.482400,0.102900,1.712900,true,6,32,13,120
world2_normal_960,960,600,960,600,166,10.364000,0.119700,1.345400,true,6,32,12,120
world2_normal_960,960,600,960,600,167,8.586600,0.120700,1.395400,true,6,32,12,120
world2_normal_960,960,600,960,600,168,8.021500,0.145900,1.330900,true,6,32,12,120
world2_normal_960,960,600,960,600,169,7.772600,0.111700,1.432700,true,6,32,13,120
world2_normal_960,960,600,960,600,170,7.233400,0.111000,1.704200,true,6,32,12,120
world2_normal_960,960,600,960,600,171,7.120700,0.096800,1.532900,true,6,32,12,120
world2_normal_960,960,600,960,600,172,8.587800,0.146200,2.458400,true,6,32,12,120
world2_normal_600,600,400,600,375,0,6.723300,0.088900,2.486000,true,6,32,12,120
world2_normal_600,600,400,600,375,1,6.719500,0.077300,2.176300,true,6,32,12,120
world2_normal_600,600,400,600,375,2,6.845200,0.093400,2.351900,true,6,32,12,120
world2_normal_600,600,400,600,375,3,7.159800,0.078300,2.403300,true,6,32,12,120
world2_normal_600,600,400,600,375,4,7.469900,0.084200,2.184700,true,6,32,12,120
world2_normal_600,600,400,600,375,5,7.084800,0.098600,2.324600,true,6,32,12,120
world2_normal_600,600,400,600,375,6,6.348900,0.095500,2.214500,true,6,32,12,120
world2_normal_600,600,400,600,375,7,6.722200,0.105800,2.338100,true,6,32,12,120
world2_normal_600,600,400,600,375,8,6.401200,0.099100,2.192700,true,6,32,12,120
world2_normal_600,600,400,600,375,9,6.735800,0.103800,2.367500,true,6,32,12,120
world2_normal_600,600,400,600,375,10,6.650800,0.103500,2.328400,true,6,32,12,120
world2_normal_600,600,400,600,375,11,7.027800,0.094400,2.715100,true,6,32,12,120
world2_normal_600,600,400,600,375,12,7.085100,0.088500,2.237000,true,6,32,12,120
world2_normal_600,600,400,600,375,13,6.673400,0.097400,2.698000,true,6,32,12,120
world2_normal_600,600,400,600,375,14,7.300800,0.104200,2.445600,true,6,32,12,120
world2_normal_600,600,400,600,375,15,6.628600,0.117600,2.393700,true,6,32,12,120
world2_normal_600,600,400,600,375,16,6.990800,0.085700,2.263600,true,6,32,12,120
world2_normal_600,600,400,600,375,17,6.908700,0.092500,2.248500,true,6,32,12,120
world2_normal_600,600,400,600,375,18,7.050900,0.100200,2.318600,true,6,32,12,120
world2_normal_600,600,400,600,375,19,6.882500,0.093300,2.350600,true,6,32,12,120
world2_normal_600,600,400,600,375,20,6.510900,0.089000,2.708100,true,6,32,12,120
world2_normal_600,600,400,600,375,21,6.720200,0.109600,2.341000,true,6,32,12,120
world2_normal_600,600,400,600,375,22,7.214600,0.089000,2.453500,true,6,32,12,120
world2_normal_600,600,400,600,375,23,7.145600,0.088300,2.663700,true,6,32,12,120
world2_normal_600,600,400,600,375,24,6.588900,0.101100,2.211900,true,6,32,12,120
world2_normal_600,600,400,600,375,25,6.459600,0.093100,2.408600,true,6,32,12,120
world2_normal_600,600,400,600,375,26,6.770500,0.108100,2.508400,true,6,32,12,120
world2_normal_600,600,400,600,375,27,6.479600,0.112000,2.292400,true,6,32,12,120
world2_normal_600,600,400,600,375,28,6.633400,0.102900,2.391100,true,6,32,12,120
world2_normal_600,600,400,600,375,29,6.600800,0.130700,2.729100,true,6,32,12,120
world2_normal_600,600,400,600,375,30,6.922800,0.109900,2.379100,true,6,32,12,120
world2_normal_600,600,400,600,375,31,6.892000,0.086100,2.674100,true,6,32,12,120
world2_normal_600,600,400,600,375,32,6.847900,0.092900,2.277700,true,6,32,12,120
world2_normal_600,600,400,600,375,33,6.690200,0.099300,2.306100,true,6,32,12,120
world2_normal_600,600,400,600,375,34,6.882900,0.081100,2.431500,true,6,32,12,120
world2_normal_600,600,400,600,375,35,6.751700,0.106200,2.272200,true,6,32,12,120
world2_normal_600,600,400,600,375,36,7.998800,0.080000,2.500500,true,6,32,12,120
world2_normal_600,600,400,600,375,37,6.614500,0.086500,2.235500,true,6,32,12,120
world2_normal_600,600,400,600,375,38,6.730700,0.082300,2.472000,true,6,32,12,120
world2_normal_600,600,400,600,375,39,6.819300,0.096100,2.351300,true,6,32,13,120
world2_normal_600,600,400,600,375,40,7.050400,0.090200,2.803500,true,6,32,12,120
world2_normal_600,600,400,600,375,41,6.861400,0.090700,2.509700,true,6,32,12,120
world2_normal_600,600,400,600,375,42,6.984500,0.108000,2.597600,true,6,32,12,120
world2_normal_600,600,400,600,375,43,7.122000,0.075000,2.674900,true,6,32,13,120
world2_normal_600,600,400,600,375,44,6.951800,0.095800,2.208000,true,6,32,12,120
world2_normal_600,600,400,600,375,45,7.925700,0.111800,2.287300,true,6,32,12,120
world2_normal_600,600,400,600,375,46,7.090100,0.081600,2.590100,true,6,32,12,120
world2_normal_600,600,400,600,375,47,6.924800,0.085900,2.262900,true,6,32,12,120
world2_normal_600,600,400,600,375,48,7.071800,0.082500,2.376700,true,6,32,12,120
world2_normal_600,600,400,600,375,49,7.223100,0.079500,2.221500,true,6,32,12,120
world2_normal_600,600,400,600,375,50,7.035100,0.126000,2.960700,true,6,32,12,120
world2_normal_600,600,400,600,375,51,6.835600,0.086000,2.440000,true,6,32,12,120
world2_normal_600,600,400,600,375,52,8.090500,0.107300,2.507900,true,6,32,12,120
world2_normal_600,600,400,600,375,53,6.761100,0.099100,2.400600,true,6,32,12,120
world2_normal_600,600,400,600,375,54,6.710200,0.078700,2.231300,true,6,32,12,120
world2_normal_600,600,400,600,375,55,6.723900,0.110400,2.403500,true,6,32,12,120
world2_normal_600,600,400,600,375,56,6.717300,0.087700,2.296400,true,6,32,12,120
world2_normal_600,600,400,600,375,57,6.893300,0.115100,2.542900,true,6,32,12,120
world2_normal_600,600,400,600,375,58,6.965000,0.092300,2.565200,true,6,32,12,120
world2_normal_600,600,400,600,375,59,7.825800,0.087100,2.217800,true,6,32,12,120
world2_normal_600,600,400,600,375,60,6.828900,0.089400,2.408700,true,6,32,12,120
world2_normal_600,600,400,600,375,61,6.786800,0.081000,2.262100,true,6,32,12,120
world2_normal_600,600,400,600,375,62,6.791400,0.091800,2.247400,true,6,32,12,120
world2_normal_600,600,400,600,375,63,6.836400,0.083200,2.596600,true,6,32,12,120
world2_normal_600,600,400,600,375,64,7.547600,0.112700,2.263000,true,6,32,12,120
world2_normal_600,600,400,600,375,65,7.295300,0.085600,2.720800,true,6,32,12,120
world2_normal_600,600,400,600,375,66,6.668800,0.079400,2.236700,true,6,32,12,120
world2_normal_600,600,400,600,375,67,8.487200,0.096500,2.249100,true,6,32,12,120
world2_normal_600,600,400,600,375,68,7.798300,0.118400,2.353600,true,6,32,12,120
world2_normal_600,600,400,600,375,69,7.829200,0.177400,2.380500,true,6,32,12,120
world2_normal_600,600,400,600,375,70,8.410400,0.134900,2.311800,true,6,32,12,120
world2_normal_600,600,400,600,375,71,6.954200,0.145100,3.192900,true,6,32,13,120
world2_normal_600,600,400,600,375,72,6.754700,0.074100,2.335000,true,6,32,12,120
world2_normal_600,600,400,600,375,73,7.257500,0.066100,2.439100,true,6,32,12,120
world2_normal_600,600,400,600,375,74,7.007800,0.066600,2.670800,true,6,32,12,120
world2_normal_600,600,400,600,375,75,6.635100,0.073200,2.404400,true,6,32,12,120
world2_normal_600,600,400,600,375,76,6.806900,0.071600,2.359700,true,6,32,12,120
world2_normal_600,600,400,600,375,77,6.802600,0.088300,2.236200,true,6,32,12,120
world2_normal_600,600,400,600,375,78,7.016500,0.092900,2.924300,true,6,32,12,120
world2_normal_600,600,400,600,375,79,6.550100,0.074900,2.557100,true,6,32,12,120
world2_normal_600,600,400,600,375,80,7.247300,0.081100,2.223400,true,6,32,12,120
world2_normal_600,600,400,600,375,81,6.893300,0.076000,2.460500,true,6,32,12,120
world2_normal_600,600,400,600,375,82,7.021600,0.072900,2.327600,true,6,32,12,120
world2_normal_600,600,400,600,375,83,6.740000,0.086000,2.570300,true,6,32,12,120
world2_normal_600,600,400,600,375,84,6.591000,0.063900,2.390700,true,6,32,12,120
world2_normal_600,600,400,600,375,85,6.514600,0.088500,2.434900,true,6,32,12,120
world2_normal_600,600,400,600,375,86,6.280800,0.094600,2.458900,true,6,32,12,120
world2_normal_600,600,400,600,375,87,6.676800,0.098400,2.502200,true,6,32,12,120
world2_normal_600,600,400,600,375,88,6.606800,0.081500,2.357100,true,6,32,12,120
world2_normal_600,600,400,600,375,89,6.695900,0.085000,2.284800,true,6,32,12,120
world2_normal_600,600,400,600,375,90,7.389500,0.070700,2.176600,true,6,32,12,120
world2_normal_600,600,400,600,375,91,6.545500,0.084000,2.525400,true,6,32,12,120
world2_normal_600,600,400,600,375,92,6.682300,0.099200,2.284600,true,6,32,12,120
world2_normal_600,600,400,600,375,93,6.841100,0.099900,2.438200,true,6,32,12,120
world2_normal_600,600,400,600,375,94,6.697400,0.072000,2.413700,true,6,32,12,120
world2_normal_600,600,400,600,375,95,6.546900,0.089900,2.223100,true,6,32,12,120
world2_normal_600,600,400,600,375,96,6.555100,0.108400,2.377400,true,6,32,12,120
world2_normal_600,600,400,600,375,97,6.463300,0.088300,2.243400,true,6,32,12,120
world2_normal_600,600,400,600,375,98,6.561700,0.071900,2.404100,true,6,32,12,120
world2_normal_600,600,400,600,375,99,7.278500,0.101600,2.376200,true,6,32,12,120
world2_normal_600,600,400,600,375,100,6.652100,0.089000,2.449400,true,6,32,12,120
world2_normal_600,600,400,600,375,101,6.402000,0.083500,2.215900,true,6,32,12,120
world2_normal_600,600,400,600,375,102,6.619600,0.073300,2.422000,true,6,32,12,120
world2_normal_600,600,400,600,375,103,6.725100,0.095600,2.383200,true,6,32,12,120
world2_normal_600,600,400,600,375,104,6.535200,0.095800,2.413600,true,6,32,12,120
world2_normal_600,600,400,600,375,105,6.952000,0.079000,2.589900,true,6,32,12,120
world2_normal_600,600,400,600,375,106,6.674200,0.077100,2.416600,true,6,32,12,120
world2_normal_600,600,400,600,375,107,6.899900,0.069500,2.315500,true,6,32,12,120
world2_normal_600,600,400,600,375,108,6.925000,0.076000,2.437700,true,6,32,12,120
world2_normal_600,600,400,600,375,109,6.492300,0.070400,2.234500,true,6,32,12,120
world2_normal_600,600,400,600,375,110,6.646100,0.090600,2.672300,true,6,32,12,120
world2_normal_600,600,400,600,375,111,7.411400,0.063300,2.670800,true,6,32,12,120
world2_normal_600,600,400,600,375,112,6.624200,0.091000,2.338500,true,6,32,12,120
world2_normal_600,600,400,600,375,113,6.720800,0.075500,2.812600,true,6,32,12,120
world2_normal_600,600,400,600,375,114,6.879900,0.075100,2.440300,true,6,32,12,120
world2_normal_600,600,400,600,375,115,6.555900,0.071400,2.284800,true,6,32,12,120
world2_normal_600,600,400,600,375,116,6.393100,0.077900,2.348800,true,6,32,12,120
world2_normal_600,600,400,600,375,117,6.939100,0.086100,2.726500,true,6,32,12,120
world2_normal_600,600,400,600,375,118,6.407700,0.073100,2.337700,true,6,32,12,120
world2_normal_600,600,400,600,375,119,7.349800,0.090500,2.466300,true,6,32,12,120
world2_normal_600,600,400,600,375,120,6.408600,0.092600,2.464600,true,6,32,12,120
world2_normal_600,600,400,600,375,121,6.493000,0.088900,2.439200,true,6,32,12,120
world2_normal_600,600,400,600,375,122,6.501300,0.093000,2.427500,true,6,32,12,120
world2_normal_600,600,400,600,375,123,8.019300,0.105800,2.820800,true,6,32,12,120
world2_normal_600,600,400,600,375,124,6.734800,0.064400,2.195500,true,6,32,12,120
world2_normal_600,600,400,600,375,125,6.679000,0.079100,2.396500,true,6,32,12,120
world2_normal_600,600,400,600,375,126,7.065200,0.070500,2.465400,true,6,32,12,120
world2_normal_600,600,400,600,375,127,6.762200,0.084500,2.197900,true,6,32,12,120
world2_normal_600,600,400,600,375,128,6.598900,0.075700,2.468900,true,6,32,12,120
world2_normal_600,600,400,600,375,129,7.899800,0.087400,2.298500,true,6,32,12,120
world2_normal_600,600,400,600,375,130,6.707800,0.080200,2.310400,true,6,32,12,120
world2_normal_600,600,400,600,375,131,7.160000,0.107000,2.409100,true,6,32,12,120
world2_normal_600,600,400,600,375,132,8.002500,0.069600,2.444200,true,6,32,12,120
world2_normal_600,600,400,600,375,133,7.111000,0.098700,2.346400,true,6,32,12,120
world2_normal_600,600,400,600,375,134,7.160500,0.095000,2.415300,true,6,32,12,120
world2_normal_600,600,400,600,375,135,8.565400,0.074200,2.238300,true,6,32,12,120
world2_normal_600,600,400,600,375,136,7.224300,0.079900,2.722800,true,6,32,12,120
world2_normal_600,600,400,600,375,137,6.485100,0.071100,2.431700,true,6,32,12,120
world2_normal_600,600,400,600,375,138,7.014500,0.079500,2.224300,true,6,32,12,120
world2_normal_600,600,400,600,375,139,6.972500,0.080000,2.518000,true,6,32,12,120
world2_normal_600,600,400,600,375,140,6.773700,0.070700,2.490000,true,6,32,12,120
world2_normal_600,600,400,600,375,141,6.899500,0.077100,2.526100,true,6,32,12,120
world2_normal_600,600,400,600,375,142,6.654400,0.064300,2.210700,true,6,32,12,120
world2_normal_600,600,400,600,375,143,6.663200,0.075000,2.411800,true,6,32,12,120
world2_normal_600,600,400,600,375,144,6.527200,0.110400,2.369500,true,6,32,12,120
world2_normal_600,600,400,600,375,145,7.641600,0.095600,2.459300,true,6,32,12,120
world2_normal_600,600,400,600,375,146,6.534900,0.091000,2.475600,true,6,32,12,120
world2_normal_600,600,400,600,375,147,6.840900,0.106200,2.296600,true,6,32,12,120
world2_normal_600,600,400,600,375,148,6.810800,0.090900,2.342100,true,6,32,12,120
world2_normal_600,600,400,600,375,149,6.728000,0.073900,2.663900,true,6,32,13,120
world2_normal_600,600,400,600,375,150,6.740700,0.086400,2.423800,true,6,32,12,120
world2_normal_600,600,400,600,375,151,7.934900,0.091300,2.282600,true,6,32,12,120
world2_normal_600,600,400,600,375,152,6.649800,0.085200,2.730700,true,6,32,12,120
world2_normal_600,600,400,600,375,153,7.051300,0.063600,2.378100,true,6,32,13,120
world2_normal_600,600,400,600,375,154,7.295100,0.098800,2.253500,true,6,32,12,120
world2_normal_600,600,400,600,375,155,7.834300,0.075000,2.349900,true,6,32,12,120
world2_normal_600,600,400,600,375,156,6.418900,0.080700,2.362600,true,6,32,12,120
world2_normal_600,600,400,600,375,157,7.045700,0.082300,2.215900,true,6,32,12,120
world2_normal_600,600,400,600,375,158,7.730600,0.074300,2.413100,true,6,32,12,120
world2_normal_600,600,400,600,375,159,7.390200,0.064300,2.203400,true,6,32,12,120
world2_normal_600,600,400,600,375,160,6.763500,0.069900,2.441700,true,6,32,12,120
world2_normal_600,600,400,600,375,161,6.643900,0.073300,2.228100,true,6,32,12,120
world2_normal_600,600,400,600,375,162,7.444200,0.080200,2.463700,true,6,32,12,120
world2_normal_600,600,400,600,375,163,6.527500,0.069200,2.385800,true,6,32,12,120
world2_normal_600,600,400,600,375,164,6.503500,0.068600,2.473900,true,6,32,12,120
world2_normal_600,600,400,600,375,165,8.725800,0.067100,2.367100,true,6,32,12,120
world2_normal_600,600,400,600,375,166,6.607500,0.080400,2.392100,true,6,32,12,120
world2_normal_600,600,400,600,375,167,6.677600,0.067800,2.293500,true,6,32,12,120
world2_normal_600,600,400,600,375,168,6.570600,0.067700,2.190600,true,6,32,12,120
world2_normal_600,600,400,600,375,169,6.621900,0.071200,2.373700,true,6,32,12,120
world2_normal_600,600,400,600,375,170,6.612700,0.070700,2.431700,true,6,32,12,120
world2_normal_600,600,400,600,375,171,6.699500,0.068100,2.465200,true,6,32,12,120
world2_normal_600,600,400,600,375,172,6.603000,0.074400,2.196200,true,6,32,12,120
world2_normal_600,600,400,600,375,173,6.698500,0.068900,2.448600,true,6,32,12,120
world2_normal_600,600,400,600,375,174,6.693800,0.069400,2.192700,true,6,32,12,120
world2_normal_600,600,400,600,375,175,6.828000,0.077200,2.368700,true,6,32,12,120
world2_normal_600,600,400,600,375,176,6.769900,0.104100,2.190000,true,6,32,12,120
world2_normal_600,600,400,600,375,177,6.706100,0.062400,2.591600,true,6,32,12,120
world2_normal_600,600,400,600,375,178,6.747500,0.081600,2.598900,true,6,32,12,120
world2_normal_600,600,400,600,375,179,6.871300,0.068500,2.227000,true,6,32,12,120
world2_normal_600,600,400,600,375,180,6.483900,0.070400,2.328100,true,6,32,12,120
world2_normal_600,600,400,600,375,181,6.591200,0.070300,2.319200,true,6,32,12,120
world2_normal_600,600,400,600,375,182,6.834500,0.069100,2.157500,true,6,32,12,120
world2_normal_600,600,400,600,375,183,6.649800,0.090400,2.479600,true,6,32,12,120
world2_normal_600,600,400,600,375,184,7.900200,0.100700,2.378200,true,6,32,12,120
world2_normal_1280,1280,800,1280,800,0,7.152000,0.064700,9.876200,true,6,32,12,120
world2_normal_1280,1280,800,1280,800,1,6.940200,0.084600,9.847600,true,6,32,12,120
world2_normal_1280,1280,800,1280,800,2,6.788500,0.073600,9.810000,true,6,32,12,120
world2_normal_1280,1280,800,1280,800,3,6.749100,0.109300,9.961300,true,6,32,12,120
world2_normal_1280,1280,800,1280,800,4,7.704700,0.087100,10.550100,true,6,32,12,120
world2_normal_1280,1280,800,1280,800,5,7.773800,0.106100,9.913000,true,6,32,12,120
world2_normal_1280,1280,800,1280,800,6,6.771400,0.068300,9.849700,true,6,32,12,120
world2_normal_1280,1280,800,1280,800,7,6.950700,0.075400,9.790300,true,6,32,12,120
world2_normal_1280,1280,800,1280,800,8,6.335900,0.076400,9.610100,true,6,32,12,120
world2_normal_1280,1280,800,1280,800,9,6.481000,0.074200,9.813700,true,6,32,12,120
world2_normal_1280,1280,800,1280,800,10,6.506000,0.102400,9.871000,true,6,32,12,120
world2_normal_1280,1280,800,1280,800,11,7.753500,0.076400,9.954600,true,6,32,12,120
world2_normal_1280,1280,800,1280,800,12,6.275300,0.076200,10.195700,true,6,32,12,120
world2_normal_1280,1280,800,1280,800,13,6.793900,0.079300,11.051000,true,6,32,12,120
world2_normal_1280,1280,800,1280,800,14,8.793200,0.074100,9.800900,true,6,32,12,120
world2_normal_1280,1280,800,1280,800,15,6.573500,0.088000,9.699300,true,6,32,12,120
world2_normal_1280,1280,800,1280,800,16,6.657400,0.080500,9.925900,true,6,32,12,120
world2_normal_1280,1280,800,1280,800,17,6.789900,0.079800,9.878300,true,6,32,12,120
world2_normal_1280,1280,800,1280,800,18,6.606200,0.080400,10.706600,true,6,32,12,120
world2_normal_1280,1280,800,1280,800,19,7.118900,0.081300,9.632700,true,6,32,12,120
world2_normal_1280,1280,800,1280,800,20,8.269400,0.081900,9.735800,true,6,32,12,120
world2_normal_1280,1280,800,1280,800,21,7.824300,0.077200,9.806100,true,6,32,12,120
world2_normal_1280,1280,800,1280,800,22,6.541400,0.087300,10.779300,true,6,32,12,120
world2_normal_1280,1280,800,1280,800,23,6.757900,0.264200,10.995600,true,6,32,12,120
world2_normal_1280,1280,800,1280,800,24,6.436100,0.077400,9.921000,true,6,32,12,120
world2_normal_1280,1280,800,1280,800,25,6.598100,0.083500,9.792700,true,6,32,12,120
world2_normal_1280,1280,800,1280,800,26,7.464100,0.086100,9.969400,true,6,32,12,120
world2_normal_1280,1280,800,1280,800,27,7.675300,0.102000,9.986900,true,6,32,12,120
world2_normal_1280,1280,800,1280,800,28,6.906000,0.107600,10.770400,true,6,32,12,120
world2_normal_1280,1280,800,1280,800,29,6.947900,0.073200,9.594100,true,6,32,12,120
world2_normal_1280,1280,800,1280,800,30,6.775100,0.080200,9.839700,true,6,32,12,120
world2_normal_1280,1280,800,1280,800,31,6.463800,0.081600,9.715600,true,6,32,12,120
world2_normal_1280,1280,800,1280,800,32,7.048600,0.087400,9.720900,true,6,32,12,120
world2_normal_1280,1280,800,1280,800,33,7.458600,0.075400,9.614700,true,6,32,12,120
world2_normal_1280,1280,800,1280,800,34,6.496400,0.085600,9.923200,true,6,32,12,120
world2_normal_1280,1280,800,1280,800,35,6.954200,0.073700,9.806800,true,6,32,12,120
world2_normal_1280,1280,800,1280,800,36,7.920000,0.090600,9.894000,true,6,32,12,120
world2_normal_1280,1280,800,1280,800,37,6.800000,0.066700,10.175600,true,6,32,12,120
world2_normal_1280,1280,800,1280,800,38,6.175200,0.120500,9.748000,true,6,32,12,120
world2_normal_1280,1280,800,1280,800,39,6.951000,0.074100,10.533800,true,6,32,12,120
world2_normal_1280,1280,800,1280,800,40,6.448000,0.067600,10.679300,true,6,32,12,120
world2_normal_1280,1280,800,1280,800,41,6.903400,0.065800,9.612900,true,6,32,12,120
world2_normal_1280,1280,800,1280,800,42,6.886800,0.082200,9.613500,true,6,32,12,120
world2_normal_1280,1280,800,1280,800,43,6.498200,0.089200,9.688100,true,6,32,12,120
world2_normal_1280,1280,800,1280,800,44,6.402100,0.087600,10.155700,true,6,32,12,120
world2_normal_1280,1280,800,1280,800,45,6.462800,0.081500,9.892400,true,6,32,12,120
world2_normal_1280,1280,800,1280,800,46,6.325800,0.100500,9.894000,true,6,32,12,120
world2_normal_1280,1280,800,1280,800,47,6.542300,0.089400,9.874200,true,6,32,12,120
world2_normal_1280,1280,800,1280,800,48,6.397300,0.100000,10.171000,true,6,32,12,120
world2_normal_1280,1280,800,1280,800,49,6.511600,0.067900,9.695100,true,6,32,12,120
world2_normal_1280,1280,800,1280,800,50,6.595100,0.077800,10.736500,true,6,32,12,120
world2_normal_1280,1280,800,1280,800,51,6.612400,0.114900,9.799700,true,6,32,12,120
world2_normal_1280,1280,800,1280,800,52,6.425000,0.099300,10.150000,true,6,32,12,120
world2_normal_1280,1280,800,1280,800,53,6.611000,0.069300,9.671400,true,6,32,12,120
world2_normal_1280,1280,800,1280,800,54,6.779200,0.099100,9.767400,true,6,32,12,120
world2_normal_1280,1280,800,1280,800,55,6.544900,0.087100,9.912500,true,6,32,12,120
world2_normal_1280,1280,800,1280,800,56,7.862100,0.089000,9.775900,true,6,32,12,120
world2_normal_1280,1280,800,1280,800,57,6.413800,0.088200,10.108100,true,6,32,12,120
world2_normal_1280,1280,800,1280,800,58,7.308300,0.083200,9.754900,true,6,32,12,120
world2_normal_1280,1280,800,1280,800,59,6.464100,0.070500,9.961400,true,6,32,12,120
world2_normal_1280,1280,800,1280,800,60,6.609800,0.110700,9.764700,true,6,32,12,120
world2_normal_1280,1280,800,1280,800,61,6.534800,0.065600,9.548900,true,6,32,12,120
world2_normal_1280,1280,800,1280,800,62,7.155400,0.064800,9.493700,true,6,32,12,120
world2_normal_1280,1280,800,1280,800,63,6.864000,0.091800,9.897800,true,6,32,12,120
world2_normal_1280,1280,800,1280,800,64,6.429600,0.102200,9.691300,true,6,32,12,120
world2_normal_1280,1280,800,1280,800,65,6.485400,0.082900,9.769200,true,6,32,12,120
world2_normal_1280,1280,800,1280,800,66,6.394200,0.068300,9.701400,true,6,32,12,120
world2_normal_1280,1280,800,1280,800,67,6.605000,0.087100,9.571600,true,6,32,12,120
world2_normal_1280,1280,800,1280,800,68,6.986200,0.071600,9.708500,true,6,32,13,120
world2_normal_1280,1280,800,1280,800,69,6.342200,0.079200,9.993400,true,6,32,12,120
world2_normal_1280,1280,800,1280,800,70,6.403800,0.081900,9.632400,true,6,32,12,120
world2_normal_1280,1280,800,1280,800,71,6.763300,0.077900,10.519600,true,6,32,12,120
world2_normal_1280,1280,800,1280,800,72,6.584900,0.096800,10.142100,true,6,32,13,120
world2_normal_1280,1280,800,1280,800,73,6.935900,0.064600,9.882800,true,6,32,12,120
world2_normal_1280,1280,800,1280,800,74,7.121300,0.083600,9.799500,true,6,32,12,120
world2_normal_1280,1280,800,1280,800,75,7.157400,0.071600,10.464600,true,6,32,12,120
world2_normal_1280,1280,800,1280,800,76,6.657800,0.077700,9.755900,true,6,32,12,120
world2_normal_1280,1280,800,1280,800,77,6.596700,0.087600,10.169200,true,6,32,12,120
world2_normal_1280,1280,800,1280,800,78,6.494500,0.090200,9.660000,true,6,32,12,120
world2_normal_1280,1280,800,1280,800,79,6.677200,0.090600,9.825300,true,6,32,12,120
world2_normal_1280,1280,800,1280,800,80,6.439900,0.100400,9.790500,true,6,32,12,120
world2_normal_1280,1280,800,1280,800,81,6.360200,0.083400,10.051800,true,6,32,12,120
world2_normal_1280,1280,800,1280,800,82,6.680800,0.066800,10.205300,true,6,32,12,120
world2_normal_1280,1280,800,1280,800,83,6.361500,0.083700,9.697700,true,6,32,12,120
world2_normal_1280,1280,800,1280,800,84,6.691700,0.092300,9.742200,true,6,32,12,120
world2_normal_1280,1280,800,1280,800,85,7.714800,0.081900,11.502700,true,6,32,12,120
world2_normal_1280,1280,800,1280,800,86,6.746600,0.073400,9.820000,true,6,32,12,120
world2_normal_1280,1280,800,1280,800,87,6.655400,0.072900,9.768900,true,6,32,12,120
world2_normal_1280,1280,800,1280,800,88,6.599100,0.077800,10.128900,true,6,32,12,120
world2_normal_1280,1280,800,1280,800,89,7.035000,0.074900,10.231400,true,6,32,12,120
world2_normal_1280,1280,800,1280,800,90,6.496000,0.111000,9.694300,true,6,32,12,120
world2_normal_1280,1280,800,1280,800,91,6.328400,0.094300,10.025000,true,6,32,12,120
world2_normal_1280,1280,800,1280,800,92,6.867200,0.085500,10.002900,true,6,32,12,120
world2_normal_1280,1280,800,1280,800,93,6.515400,0.074400,10.131300,true,6,32,12,120
world2_normal_1280,1280,800,1280,800,94,6.403700,0.096700,9.710400,true,6,32,12,120
world2_normal_1280,1280,800,1280,800,95,6.463400,0.070900,9.582900,true,6,32,12,120
world2_normal_1280,1280,800,1280,800,96,6.818900,0.088300,9.777100,true,6,32,12,120
world2_normal_1280,1280,800,1280,800,97,6.827700,0.118800,9.655600,true,6,32,12,120
world2_normal_1280,1280,800,1280,800,98,6.369500,0.112200,9.774400,true,6,32,12,120
world2_normal_1280,1280,800,1280,800,99,6.955000,0.088600,9.985600,true,6,32,12,120
world2_normal_1280,1280,800,1280,800,100,6.752300,0.069300,10.540300,true,6,32,13,120
world2_normal_1280,1280,800,1280,800,101,6.482700,0.089500,10.011000,true,6,32,12,120
world2_normal_1280,1280,800,1280,800,102,7.072700,0.076900,9.720300,true,6,32,12,120
world2_normal_1280,1280,800,1280,800,103,6.721700,0.084700,10.769800,true,6,32,12,120
world2_high_960,960,600,960,600,0,13.651900,0.079600,1.551000,true,40,320,180,1200
world2_high_960,960,600,960,600,1,13.567800,0.073900,1.269200,true,40,320,180,1200
world2_high_960,960,600,960,600,2,13.243300,0.086500,1.582500,true,40,320,180,1200
world2_high_960,960,600,960,600,3,13.872300,0.101400,1.261100,true,40,320,180,1200
world2_high_960,960,600,960,600,4,14.347400,0.081100,1.610700,true,40,320,180,1200
world2_high_960,960,600,960,600,5,13.858900,0.077400,1.405800,true,40,320,180,1200
world2_high_960,960,600,960,600,6,14.422500,0.099100,1.718200,true,40,320,180,1200
world2_high_960,960,600,960,600,7,13.006400,0.104200,1.454300,true,40,320,180,1200
world2_high_960,960,600,960,600,8,15.381300,0.075900,1.424600,true,40,320,180,1200
world2_high_960,960,600,960,600,9,12.945700,0.075800,1.254000,true,40,320,180,1200
world2_high_960,960,600,960,600,10,13.958600,0.074300,1.719900,true,40,320,180,1200
world2_high_960,960,600,960,600,11,13.002100,0.068800,1.333300,true,40,320,180,1200
world2_high_960,960,600,960,600,12,15.018700,0.077100,1.420300,true,40,320,180,1200
world2_high_960,960,600,960,600,13,13.227400,0.080700,1.611200,true,40,320,180,1200
world2_high_960,960,600,960,600,14,12.948100,0.082500,1.334900,true,40,320,180,1200
world2_high_960,960,600,960,600,15,13.146600,0.077800,1.435600,true,40,320,180,1200
world2_high_960,960,600,960,600,16,14.196100,0.070600,1.448900,true,40,320,180,1200
world2_high_960,960,600,960,600,17,14.802900,0.084800,1.275200,true,40,320,180,1200
world2_high_960,960,600,960,600,18,14.320300,0.081300,1.436600,true,40,320,180,1200
world2_high_960,960,600,960,600,19,13.419200,0.071800,1.461300,true,40,320,180,1200
world2_high_960,960,600,960,600,20,14.598800,0.082000,1.468600,true,40,320,180,1200
world2_high_960,960,600,960,600,21,14.007000,0.079100,1.491300,true,40,320,180,1200
world2_high_960,960,600,960,600,22,14.403000,0.102800,1.273400,true,40,320,180,1200
world2_high_960,960,600,960,600,23,13.953200,0.077700,1.390600,true,40,320,180,1200
world2_high_960,960,600,960,600,24,14.965200,0.071000,1.357300,true,40,320,180,1200
world2_high_960,960,600,960,600,25,13.262200,0.072000,1.372500,true,40,320,180,1200
world2_high_960,960,600,960,600,26,14.327400,0.070700,1.459000,true,40,320,180,1200
world2_high_960,960,600,960,600,27,13.228100,0.079800,1.643200,true,40,320,180,1200
world2_high_960,960,600,960,600,28,13.805100,0.069200,1.311200,true,40,320,180,1200
world2_high_960,960,600,960,600,29,13.221600,0.100800,1.854800,true,40,320,180,1200
world2_high_960,960,600,960,600,30,13.454900,0.104700,1.352700,true,40,320,180,1200
world2_high_960,960,600,960,600,31,14.643700,0.121500,1.397200,true,40,320,180,1200
world2_high_960,960,600,960,600,32,13.221600,0.075800,1.465700,true,40,320,180,1200
world2_high_960,960,600,960,600,33,13.515200,0.143700,1.740400,true,40,320,180,1200
world2_high_960,960,600,960,600,34,13.285700,0.076300,1.425400,true,40,320,180,1200
world2_high_960,960,600,960,600,35,12.975100,0.078900,1.271300,true,40,320,180,1200
world2_high_960,960,600,960,600,36,13.660300,0.075800,1.499000,true,40,320,180,1200
world2_high_960,960,600,960,600,37,12.876600,0.079100,1.477000,true,40,320,180,1200
world2_high_960,960,600,960,600,38,13.220600,0.084600,1.453800,true,40,320,180,1200
world2_high_960,960,600,960,600,39,12.754100,0.074600,1.344100,true,40,320,180,1200
world2_high_960,960,600,960,600,40,14.279100,0.072700,1.233300,true,40,320,180,1200
world2_high_960,960,600,960,600,41,13.447600,0.068900,1.247200,true,40,320,180,1200
world2_high_960,960,600,960,600,42,14.908900,0.072000,1.436200,true,40,320,180,1200
world2_high_960,960,600,960,600,43,13.686600,0.160700,1.536000,true,40,320,180,1200
world2_high_960,960,600,960,600,44,13.345200,0.085900,1.495900,true,40,320,180,1200
world2_high_960,960,600,960,600,45,14.433800,0.069900,1.253200,true,40,320,180,1200
world2_high_960,960,600,960,600,46,14.066200,0.081100,1.399500,true,40,320,180,1200
world2_high_960,960,600,960,600,47,14.388400,0.086800,1.414400,true,40,320,180,1200
world2_high_960,960,600,960,600,48,13.184200,0.070800,1.488000,true,40,320,180,1200
world2_high_960,960,600,960,600,49,13.776600,0.092200,1.408600,true,40,320,180,1200
world2_high_960,960,600,960,600,50,13.196800,0.076700,1.424700,true,40,320,180,1200
world2_high_960,960,600,960,600,51,14.418400,0.068700,1.454800,true,40,320,180,1200
world2_high_960,960,600,960,600,52,13.153600,0.105800,1.485700,true,40,320,180,1200
world2_high_960,960,600,960,600,53,14.256700,0.081900,1.287300,true,40,320,180,1200
world2_high_960,960,600,960,600,54,13.369600,0.109400,2.069900,true,40,320,180,1200
world2_high_960,960,600,960,600,55,13.593100,0.083700,1.384600,true,40,320,180,1200
world2_high_960,960,600,960,600,56,13.815000,0.102800,1.528700,true,40,320,180,1200
world2_high_960,960,600,960,600,57,13.435300,0.087600,1.352400,true,40,320,180,1200
world2_high_960,960,600,960,600,58,14.757800,0.075500,1.367700,true,40,320,180,1200
world2_high_960,960,600,960,600,59,14.529800,0.084000,2.273700,true,40,320,180,1200
world2_high_960,960,600,960,600,60,13.040700,0.078000,1.291500,true,40,320,180,1200
world2_high_960,960,600,960,600,61,13.206100,0.080900,1.525900,true,40,320,180,1200
world2_high_960,960,600,960,600,62,12.624700,0.073200,1.366400,true,40,320,180,1200
world2_high_960,960,600,960,600,63,15.665000,0.085700,1.344200,true,40,320,180,1200
world2_high_960,960,600,960,600,64,12.790300,0.082700,1.694400,true,40,320,180,1200
world2_high_960,960,600,960,600,65,14.294900,0.100600,1.436700,true,40,320,180,1200
world2_high_960,960,600,960,600,66,13.005200,0.075500,1.302700,true,40,320,180,1200
world2_high_960,960,600,960,600,67,13.135500,0.096700,1.420000,true,40,320,180,1200
world2_high_960,960,600,960,600,68,13.651000,0.079700,1.375700,true,40,320,180,1200
world2_high_960,960,600,960,600,69,13.654900,0.088800,1.346400,true,40,320,180,1200
world2_high_960,960,600,960,600,70,12.704500,0.069000,1.706200,true,40,320,180,1200
world2_high_960,960,600,960,600,71,13.188600,0.076900,1.427800,true,40,320,180,1200
world2_high_960,960,600,960,600,72,12.945800,0.085700,1.368600,true,40,320,180,1200
world2_high_960,960,600,960,600,73,13.002700,0.095900,1.747000,true,40,320,180,1200
world2_high_960,960,600,960,600,74,12.824900,0.083900,1.376400,true,40,320,180,1200
world2_high_960,960,600,960,600,75,12.714800,0.081600,1.742000,true,40,320,180,1200
world2_high_960,960,600,960,600,76,12.736100,0.079500,1.390200,true,40,320,180,1200
world2_high_960,960,600,960,600,77,13.032300,0.099800,1.460400,true,40,320,180,1200
world2_high_960,960,600,960,600,78,14.656100,0.092000,1.460700,true,40,320,180,1200
world2_high_960,960,600,960,600,79,12.593000,0.076600,1.405700,true,40,320,180,1200
world2_high_960,960,600,960,600,80,12.698900,0.066900,1.203500,true,40,320,180,1200
world2_high_960,960,600,960,600,81,14.652400,0.079700,1.325100,true,40,320,180,1200
world2_high_960,960,600,960,600,82,13.742700,0.075300,1.273400,true,40,320,180,1200
world2_high_960,960,600,960,600,83,14.209300,0.071400,1.214200,true,40,320,180,1200
world2_high_960,960,600,960,600,84,12.985100,0.069000,1.215500,true,40,320,180,1200
world2_high_960,960,600,960,600,85,14.324200,0.077300,1.224400,true,40,320,180,1200
world2_high_960,960,600,960,600,86,14.186100,0.065500,1.434300,true,40,320,180,1200
world2_high_960,960,600,960,600,87,14.067300,0.068500,1.217500,true,40,320,180,1200
world2_high_960,960,600,960,600,88,13.238700,0.078200,1.452900,true,40,320,180,1200
world2_high_960,960,600,960,600,89,13.653200,0.070100,1.249100,true,40,320,180,1200
world2_high_960,960,600,960,600,90,12.726800,0.068400,1.212800,true,40,320,180,1200
world2_high_960,960,600,960,600,91,14.399800,0.079000,1.419100,true,40,320,180,1200
world2_high_960,960,600,960,600,92,13.003000,0.081100,1.778200,true,40,320,180,1200
world2_high_960,960,600,960,600,93,13.890600,0.104700,1.319900,true,40,320,180,1200
world2_high_960,960,600,960,600,94,12.808800,0.097200,1.697700,true,40,320,180,1200
world2_high_960,960,600,960,600,95,12.751700,0.113400,1.355000,true,40,320,180,1200
world2_high_960,960,600,960,600,96,12.770500,0.103400,1.463000,true,40,320,180,1200
world2_high_960,960,600,960,600,97,14.786300,0.071800,1.254100,true,40,320,180,1200
world2_high_960,960,600,960,600,98,13.969200,0.091100,1.366300,true,40,320,180,1200
world2_high_960,960,600,960,600,99,12.929200,0.099000,1.277400,true,40,320,180,1200
world2_high_960,960,600,960,600,100,12.687800,0.067700,1.211900,true,40,320,180,1200
world2_high_960,960,600,960,600,101,12.796200,0.071000,1.218000,true,40,320,180,1200
world2_high_960,960,600,960,600,102,12.815900,0.074400,1.230600,true,40,320,180,1200
world2_high_960,960,600,960,600,103,12.871400,0.070400,1.504400,true,40,320,180,1200
world2_high_960,960,600,960,600,104,14.658100,0.082900,1.440600,true,40,320,180,1200
world2_high_960,960,600,960,600,105,15.053300,0.086700,1.373000,true,40,320,180,1200
world2_high_960,960,600,960,600,106,13.681200,0.086800,1.501300,true,40,320,180,1200
world2_high_960,960,600,960,600,107,12.994400,0.079400,1.439500,true,40,320,180,1200
world2_high_960,960,600,960,600,108,13.961400,0.087100,1.453600,true,40,320,180,1200
world2_high_960,960,600,960,600,109,13.113100,0.108300,1.427200,true,40,320,180,1200
world2_high_960,960,600,960,600,110,13.140000,0.071800,1.276700,true,40,320,180,1200
world2_high_960,960,600,960,600,111,14.457700,0.098300,1.434000,true,40,320,180,1200
world2_high_960,960,600,960,600,112,13.800000,0.076600,1.350900,true,40,320,180,1200
world2_high_960,960,600,960,600,113,12.951800,0.078000,1.477500,true,40,320,180,1200
world2_high_960,960,600,960,600,114,12.862400,0.093900,1.451000,true,40,320,180,1200
world2_high_600,600,400,600,375,0,13.584600,0.076000,2.358700,true,40,320,180,1200
world2_high_600,600,400,600,375,1,13.889600,0.072500,2.367100,true,40,320,180,1200
world2_high_600,600,400,600,375,2,12.867000,0.088700,2.425700,true,40,320,180,1200
world2_high_600,600,400,600,375,3,12.436600,0.087000,2.348600,true,40,320,180,1200
world2_high_600,600,400,600,375,4,12.854900,0.076300,2.764600,true,40,320,180,1200
world2_high_600,600,400,600,375,5,12.405900,0.073900,2.213000,true,40,320,180,1200
world2_high_600,600,400,600,375,6,13.068100,0.074700,2.369900,true,40,320,180,1200
world2_high_600,600,400,600,375,7,13.050500,0.095200,2.287500,true,40,320,180,1200
world2_high_600,600,400,600,375,8,12.792700,0.075600,2.455300,true,40,320,180,1200
world2_high_600,600,400,600,375,9,12.496300,0.073200,2.410600,true,40,320,180,1200
world2_high_600,600,400,600,375,10,14.499300,0.082200,2.426200,true,40,320,180,1200
world2_high_600,600,400,600,375,11,12.520500,0.090900,2.440400,true,40,320,180,1200
world2_high_600,600,400,600,375,12,12.809800,0.071200,2.513500,true,40,320,180,1200
world2_high_600,600,400,600,375,13,13.610900,0.084400,2.318800,true,40,320,180,1200
world2_high_600,600,400,600,375,14,13.039800,0.087700,2.416200,true,40,320,180,1200
world2_high_600,600,400,600,375,15,12.555700,0.091000,2.212100,true,40,320,180,1200
world2_high_600,600,400,600,375,16,13.658200,0.104300,2.392300,true,40,320,180,1200
world2_high_600,600,400,600,375,17,14.666200,0.082300,2.357300,true,40,320,180,1200
world2_high_600,600,400,600,375,18,12.736600,0.077000,2.198900,true,40,320,180,1200
world2_high_600,600,400,600,375,19,13.405700,0.088400,2.380300,true,40,320,180,1200
world2_high_600,600,400,600,375,20,12.964200,0.083900,2.431000,true,40,320,180,1200
world2_high_600,600,400,600,375,21,12.775200,0.071300,2.395200,true,40,320,180,1200
world2_high_600,600,400,600,375,22,12.630000,0.087500,2.245900,true,40,320,180,1200
world2_high_600,600,400,600,375,23,13.372900,0.092600,2.414300,true,40,320,180,1200
world2_high_600,600,400,600,375,24,13.733900,0.081700,2.655800,true,40,320,180,1200
world2_high_600,600,400,600,375,25,14.813200,0.067400,2.219100,true,40,320,180,1200
world2_high_600,600,400,600,375,26,13.704800,0.096600,2.393300,true,40,320,180,1200
world2_high_600,600,400,600,375,27,13.232600,0.105100,3.710800,true,40,320,180,1200
world2_high_600,600,400,600,375,28,13.131600,0.104900,2.542100,true,40,320,180,1200
world2_high_600,600,400,600,375,29,12.672400,0.075000,2.193200,true,40,320,180,1200
world2_high_600,600,400,600,375,30,14.012200,0.077800,2.490900,true,40,320,180,1200
world2_high_600,600,400,600,375,31,12.742500,0.076500,2.383600,true,40,320,180,1200
world2_high_600,600,400,600,375,32,12.379300,0.078600,2.456400,true,40,320,180,1200
world2_high_600,600,400,600,375,33,14.045700,0.073400,2.289800,true,40,320,180,1200
world2_high_600,600,400,600,375,34,14.021500,0.072900,2.370500,true,40,320,180,1200
world2_high_600,600,400,600,375,35,13.974200,0.100500,2.205300,true,40,320,180,1200
world2_high_600,600,400,600,375,36,12.605200,0.079800,2.312900,true,40,320,180,1200
world2_high_600,600,400,600,375,37,14.004900,0.083400,2.260600,true,40,320,180,1200
world2_high_600,600,400,600,375,38,12.558800,0.096300,2.713500,true,40,320,180,1200
world2_high_600,600,400,600,375,39,12.554000,0.097600,2.343800,true,40,320,180,1200
world2_high_600,600,400,600,375,40,12.962700,0.094500,2.520600,true,40,320,180,1200
world2_high_600,600,400,600,375,41,12.636100,0.074100,2.378700,true,40,320,180,1200
world2_high_600,600,400,600,375,42,12.478700,0.074200,2.473200,true,40,320,180,1200
world2_high_600,600,400,600,375,43,13.776400,0.073000,2.340600,true,40,320,180,1200
world2_high_600,600,400,600,375,44,13.471800,0.071400,2.170800,true,40,320,180,1200
world2_high_600,600,400,600,375,45,13.627300,0.084100,2.360500,true,40,320,180,1200
world2_high_600,600,400,600,375,46,12.533400,0.098400,2.335400,true,40,320,180,1200
world2_high_600,600,400,600,375,47,13.331200,0.101100,2.374200,true,40,320,180,1200
world2_high_600,600,400,600,375,48,12.597300,0.081400,2.363600,true,40,320,180,1200
world2_high_600,600,400,600,375,49,12.776700,0.093600,2.309600,true,40,320,180,1200
world2_high_600,600,400,600,375,50,13.973800,0.090500,2.672100,true,40,320,180,1200
world2_high_600,600,400,600,375,51,12.593000,0.083100,2.562900,true,40,320,180,1200
world2_high_600,600,400,600,375,52,12.828800,0.087800,2.687100,true,40,320,180,1200
world2_high_600,600,400,600,375,53,13.283600,0.070400,2.386600,true,40,320,180,1200
world2_high_600,600,400,600,375,54,12.681400,0.101300,2.640000,true,40,320,180,1200
world2_high_600,600,400,600,375,55,12.749900,0.076500,2.686300,true,40,320,180,1200
world2_high_600,600,400,600,375,56,12.858400,0.084200,2.339900,true,40,320,180,1200
world2_high_600,600,400,600,375,57,12.397400,0.075400,2.313100,true,40,320,180,1200
world2_high_600,600,400,600,375,58,14.031000,0.069400,2.342600,true,40,320,180,1200
world2_high_600,600,400,600,375,59,12.471700,0.093400,2.794500,true,40,320,180,1200
world2_high_600,600,400,600,375,60,12.426200,0.075200,2.354300,true,40,320,180,1200
world2_high_600,600,400,600,375,61,12.372400,0.093600,2.457600,true,40,320,180,1200
world2_high_600,600,400,600,375,62,13.865000,0.078900,2.310400,true,40,320,180,1200
world2_high_600,600,400,600,375,63,12.852700,0.097200,2.276100,true,40,320,180,1200
world2_high_600,600,400,600,375,64,13.040700,0.090800,2.384000,true,40,320,180,1200
world2_high_600,600,400,600,375,65,12.661000,0.090000,2.207600,true,40,320,180,1200
world2_high_600,600,400,600,375,66,12.878400,0.092000,2.744400,true,40,320,180,1200
world2_high_600,600,400,600,375,67,13.508100,0.113700,2.400100,true,40,320,180,1200
world2_high_600,600,400,600,375,68,13.920200,0.125400,2.326400,true,40,320,180,1200
world2_high_600,600,400,600,375,69,13.267600,0.082800,2.462200,true,40,320,180,1200
world2_high_600,600,400,600,375,70,13.015000,0.078200,2.317800,true,40,320,180,1200
world2_high_600,600,400,600,375,71,12.506800,0.091000,2.686300,true,40,320,180,1200
world2_high_600,600,400,600,375,72,12.525600,0.074200,2.197500,true,40,320,180,1200
world2_high_600,600,400,600,375,73,13.919000,0.085700,2.508800,true,40,320,180,1200
world2_high_600,600,400,600,375,74,12.448000,0.074600,2.153600,true,40,320,180,1200
world2_high_600,600,400,600,375,75,13.082900,0.111200,2.605700,true,40,320,180,1200
world2_high_600,600,400,600,375,76,14.052400,0.093700,2.705800,true,40,320,180,1200
world2_high_600,600,400,600,375,77,12.614700,0.079600,2.349400,true,40,320,180,1200
world2_high_600,600,400,600,375,78,12.885100,0.093100,2.304900,true,40,320,180,1200
world2_high_600,600,400,600,375,79,13.914700,0.096300,2.465100,true,40,320,180,1200
world2_high_600,600,400,600,375,80,13.859600,0.098700,2.334700,true,40,320,180,1200
world2_high_600,600,400,600,375,81,12.753400,0.081300,2.731700,true,40,320,180,1200
world2_high_600,600,400,600,375,82,14.758900,0.105600,2.336000,true,40,320,180,1200
world2_high_600,600,400,600,375,83,12.542900,0.076500,2.176200,true,40,320,180,1200
world2_high_600,600,400,600,375,84,14.497700,0.108800,2.382700,true,40,320,180,1200
world2_high_600,600,400,600,375,85,13.955100,0.077300,2.651800,true,40,320,180,1200
world2_high_600,600,400,600,375,86,12.818100,0.081200,2.194200,true,40,320,180,1200
world2_high_600,600,400,600,375,87,12.470200,0.092000,2.383800,true,40,320,180,1200
world2_high_600,600,400,600,375,88,12.690800,0.071700,2.359100,true,40,320,180,1200
world2_high_600,600,400,600,375,89,12.945900,0.073500,2.272600,true,40,320,180,1200
world2_high_600,600,400,600,375,90,13.327800,0.067500,2.310900,true,40,320,180,1200
world2_high_600,600,400,600,375,91,15.334100,0.073200,2.340400,true,40,320,180,1200
world2_high_600,600,400,600,375,92,12.407900,0.077800,2.403100,true,40,320,180,1200
world2_high_600,600,400,600,375,93,12.552900,0.076400,2.188000,true,40,320,180,1200
world2_high_600,600,400,600,375,94,13.725400,0.076700,2.404300,true,40,320,180,1200
world2_high_600,600,400,600,375,95,12.384100,0.090500,2.370200,true,40,320,180,1200
world2_high_600,600,400,600,375,96,12.527600,0.098500,2.454800,true,40,320,180,1200
world2_high_600,600,400,600,375,97,13.989200,0.086200,2.723200,true,40,320,180,1200
world2_high_600,600,400,600,375,98,12.479800,0.145400,2.300100,true,40,320,180,1200
world2_high_600,600,400,600,375,99,12.790700,0.081900,2.357300,true,40,320,180,1200
world2_high_600,600,400,600,375,100,14.871700,0.099200,2.740500,true,40,320,180,1200
world2_high_600,600,400,600,375,101,15.124700,0.098500,2.270600,true,40,320,180,1200
world2_high_600,600,400,600,375,102,14.405100,0.099800,2.296000,true,40,320,180,1200
world2_high_600,600,400,600,375,103,12.957600,0.085200,2.432800,true,40,320,180,1200
world2_high_600,600,400,600,375,104,13.039300,0.105000,2.311800,true,40,320,180,1200
world2_high_600,600,400,600,375,105,12.517100,0.102300,2.555400,true,40,320,180,1200
world2_high_600,600,400,600,375,106,12.597800,0.078700,2.681100,true,40,320,180,1200
world2_high_600,600,400,600,375,107,13.948000,0.101400,2.285800,true,40,320,180,1200
world2_high_600,600,400,600,375,108,14.271300,0.075600,2.363000,true,40,320,180,1200
world2_high_600,600,400,600,375,109,12.911200,0.099000,2.283000,true,40,320,180,1200
world2_high_600,600,400,600,375,110,13.088100,0.074400,2.193000,true,40,320,180,1200
world2_high_1280,1280,800,1280,800,0,12.213000,0.072900,9.838600,true,40,320,180,1200
world2_high_1280,1280,800,1280,800,1,14.000400,0.091100,9.839400,true,40,320,180,1200
world2_high_1280,1280,800,1280,800,2,13.257700,0.104600,9.811600,true,40,320,180,1200
world2_high_1280,1280,800,1280,800,3,12.577600,0.071200,9.754700,true,40,320,180,1200
world2_high_1280,1280,800,1280,800,4,13.112700,0.077900,9.887500,true,40,320,180,1200
world2_high_1280,1280,800,1280,800,5,12.943200,0.081300,10.164900,true,40,320,180,1200
world2_high_1280,1280,800,1280,800,6,14.283200,0.089700,11.973000,true,40,320,180,1200
world2_high_1280,1280,800,1280,800,7,13.557900,0.076500,9.861600,true,40,320,180,1200
world2_high_1280,1280,800,1280,800,8,13.405000,0.093000,9.999200,true,40,320,180,1200
world2_high_1280,1280,800,1280,800,9,12.732200,0.095500,10.387000,true,40,320,180,1200
world2_high_1280,1280,800,1280,800,10,14.140200,0.088200,10.042100,true,40,320,180,1200
world2_high_1280,1280,800,1280,800,11,12.681200,0.092800,10.161800,true,40,320,180,1200
world2_high_1280,1280,800,1280,800,12,14.205600,0.074500,9.886800,true,40,320,180,1200
world2_high_1280,1280,800,1280,800,13,12.546800,0.080200,9.870700,true,40,320,180,1200
world2_high_1280,1280,800,1280,800,14,14.369000,0.098200,9.825400,true,40,320,180,1200
world2_high_1280,1280,800,1280,800,15,12.482600,0.080800,9.852700,true,40,320,180,1200
world2_high_1280,1280,800,1280,800,16,15.283300,0.085600,9.837600,true,40,320,180,1200
world2_high_1280,1280,800,1280,800,17,12.976700,0.073500,9.840600,true,40,320,180,1200
world2_high_1280,1280,800,1280,800,18,12.696000,0.081100,9.865200,true,40,320,180,1200
world2_high_1280,1280,800,1280,800,19,13.538200,0.090500,9.978100,true,40,320,180,1200
world2_high_1280,1280,800,1280,800,20,12.591000,0.092600,9.850900,true,40,320,180,1200
world2_high_1280,1280,800,1280,800,21,14.303100,0.095800,9.858900,true,40,320,180,1200
world2_high_1280,1280,800,1280,800,22,13.837500,0.092800,9.833000,true,40,320,180,1200
world2_high_1280,1280,800,1280,800,23,14.132300,0.108600,9.769100,true,40,320,180,1200
world2_high_1280,1280,800,1280,800,24,12.967200,0.074600,10.389900,true,40,320,180,1200
world2_high_1280,1280,800,1280,800,25,12.478700,0.086500,9.829300,true,40,320,180,1200
world2_high_1280,1280,800,1280,800,26,13.039100,0.075500,9.879800,true,40,320,180,1200
world2_high_1280,1280,800,1280,800,27,12.554700,0.072100,10.045900,true,40,320,180,1200
world2_high_1280,1280,800,1280,800,28,15.063500,0.115300,11.448800,true,40,320,180,1200
world2_high_1280,1280,800,1280,800,29,13.655800,0.078400,9.662500,true,40,320,180,1200
world2_high_1280,1280,800,1280,800,30,15.086200,0.080300,10.884300,true,40,320,180,1200
world2_high_1280,1280,800,1280,800,31,12.714400,0.083100,13.995300,true,40,320,180,1200
world2_high_1280,1280,800,1280,800,32,13.937800,0.077100,10.062800,true,40,320,180,1200
world2_high_1280,1280,800,1280,800,33,12.557400,0.092900,9.712900,true,40,320,180,1200
world2_high_1280,1280,800,1280,800,34,12.792100,0.089100,9.774800,true,40,320,180,1200
world2_high_1280,1280,800,1280,800,35,14.116800,0.093600,9.811400,true,40,320,180,1200
world2_high_1280,1280,800,1280,800,36,12.890200,0.083600,9.763200,true,40,320,180,1200
world2_high_1280,1280,800,1280,800,37,14.255600,0.086900,9.820800,true,40,320,180,1200
world2_high_1280,1280,800,1280,800,38,12.381400,0.089000,10.123200,true,40,320,180,1200
world2_high_1280,1280,800,1280,800,39,14.581400,0.086700,9.950800,true,40,320,180,1200
world2_high_1280,1280,800,1280,800,40,12.486200,0.077300,9.784200,true,40,320,180,1200
world2_high_1280,1280,800,1280,800,41,14.169700,0.073500,9.839400,true,40,320,180,1200
world2_high_1280,1280,800,1280,800,42,12.476700,0.088300,9.685600,true,40,320,180,1200
world2_high_1280,1280,800,1280,800,43,13.923200,0.070800,9.600600,true,40,320,180,1200
world2_high_1280,1280,800,1280,800,44,12.650800,0.122600,9.870900,true,40,320,180,1200
world2_high_1280,1280,800,1280,800,45,12.836500,0.076400,9.754100,true,40,320,180,1200
world2_high_1280,1280,800,1280,800,46,13.732300,0.081300,9.773000,true,40,320,180,1200
world2_high_1280,1280,800,1280,800,47,13.248900,0.076100,9.817700,true,40,320,180,1200
world2_high_1280,1280,800,1280,800,48,14.002100,0.083200,9.795600,true,40,320,180,1200
world2_high_1280,1280,800,1280,800,49,13.136700,0.072500,9.988200,true,40,320,180,1200
world2_high_1280,1280,800,1280,800,50,15.204800,0.107000,9.940000,true,40,320,180,1200
world2_high_1280,1280,800,1280,800,51,12.166500,0.102500,9.567100,true,40,320,180,1200
world2_high_1280,1280,800,1280,800,52,12.786800,0.096900,10.101200,true,40,320,180,1200
world2_high_1280,1280,800,1280,800,53,12.863000,0.084000,10.039300,true,40,320,180,1200
world2_high_1280,1280,800,1280,800,54,12.412700,0.093300,9.691600,true,40,320,180,1200
world2_high_1280,1280,800,1280,800,55,13.775300,0.086200,9.731300,true,40,320,180,1200
world2_high_1280,1280,800,1280,800,56,14.190900,0.070300,9.603600,true,40,320,180,1200
world2_high_1280,1280,800,1280,800,57,12.701900,0.151100,9.727200,true,40,320,180,1200
world2_high_1280,1280,800,1280,800,58,12.465200,0.155000,9.969100,true,40,320,180,1200
world2_high_1280,1280,800,1280,800,59,12.556300,0.120500,10.014900,true,40,320,180,1200
world2_high_1280,1280,800,1280,800,60,12.538900,0.087500,9.684200,true,40,320,180,1200
world2_high_1280,1280,800,1280,800,61,12.577700,0.108500,10.035600,true,40,320,180,1200
world2_high_1280,1280,800,1280,800,62,13.052600,0.094800,9.796400,true,40,320,180,1200
world2_high_1280,1280,800,1280,800,63,14.642500,0.093300,10.120000,true,40,320,180,1200
world2_high_1280,1280,800,1280,800,64,12.643400,0.096200,10.119400,true,40,320,180,1200
world2_high_1280,1280,800,1280,800,65,13.940900,0.095800,10.059600,true,40,320,180,1200
world2_high_1280,1280,800,1280,800,66,12.696500,0.081800,10.039500,true,40,320,180,1200
world2_high_1280,1280,800,1280,800,67,12.343900,0.090900,9.717500,true,40,320,180,1200
world2_high_1280,1280,800,1280,800,68,12.613400,0.092800,10.069200,true,40,320,180,1200
world2_high_1280,1280,800,1280,800,69,12.654200,0.100800,9.873200,true,40,320,180,1200
world2_high_1280,1280,800,1280,800,70,12.938500,0.072500,9.660000,true,40,320,180,1200
world2_high_1280,1280,800,1280,800,71,12.497000,0.086700,9.751400,true,40,320,180,1200
world2_high_1280,1280,800,1280,800,72,14.141300,0.094900,9.598900,true,40,320,180,1200
world2_high_1280,1280,800,1280,800,73,12.911000,0.077000,9.930800,true,40,320,180,1200
world2_high_1280,1280,800,1280,800,74,12.839500,0.091400,10.098300,true,40,320,180,1200
world4_normal_960,960,600,960,600,0,8.477400,0.076900,1.665500,true,6,32,12,120
world4_normal_960,960,600,960,600,1,8.142300,0.070300,1.398200,true,6,32,12,120
world4_normal_960,960,600,960,600,2,9.029200,0.088000,1.408500,true,6,32,12,120
world4_normal_960,960,600,960,600,3,8.147600,0.080500,1.304700,true,6,32,12,120
world4_normal_960,960,600,960,600,4,8.360300,0.072700,1.324500,true,6,32,12,120
world4_normal_960,960,600,960,600,5,8.528700,0.087700,1.194000,true,6,32,12,120
world4_normal_960,960,600,960,600,6,9.240200,0.085000,1.267300,true,6,32,12,120
world4_normal_960,960,600,960,600,7,8.718400,0.070100,1.519900,true,6,32,12,120
world4_normal_960,960,600,960,600,8,8.622700,0.090000,1.349900,true,6,32,12,120
world4_normal_960,960,600,960,600,9,9.858800,0.067800,1.190600,true,6,32,12,120
world4_normal_960,960,600,960,600,10,8.162400,0.060200,1.236300,true,6,32,12,120
world4_normal_960,960,600,960,600,11,8.467600,0.069000,1.456300,true,6,32,12,120
world4_normal_960,960,600,960,600,12,8.348500,0.069700,1.226200,true,6,32,12,120
world4_normal_960,960,600,960,600,13,9.082000,0.071500,1.299900,true,6,32,12,120
world4_normal_960,960,600,960,600,14,8.297500,0.070200,1.409200,true,6,32,12,120
world4_normal_960,960,600,960,600,15,8.164800,0.080800,1.356200,true,6,32,12,120
world4_normal_960,960,600,960,600,16,8.363900,0.063700,1.250600,true,6,32,12,120
world4_normal_960,960,600,960,600,17,8.727500,0.062800,1.249300,true,6,32,12,120
world4_normal_960,960,600,960,600,18,9.089800,0.076000,1.270900,true,6,32,12,120
world4_normal_960,960,600,960,600,19,9.560200,0.072400,1.717200,true,6,32,12,120
world4_normal_960,960,600,960,600,20,8.992800,0.087400,1.760600,true,6,32,12,120
world4_normal_960,960,600,960,600,21,9.759100,0.073100,1.356100,true,6,32,12,120
world4_normal_960,960,600,960,600,22,8.751800,0.076500,1.241700,true,6,32,12,120
world4_normal_960,960,600,960,600,23,8.380100,0.071300,1.330500,true,6,32,12,120
world4_normal_960,960,600,960,600,24,9.139000,0.072200,1.462000,true,6,32,12,120
world4_normal_960,960,600,960,600,25,8.562100,0.072500,1.459400,true,6,32,12,120
world4_normal_960,960,600,960,600,26,8.462100,0.084700,1.478100,true,6,32,12,120
world4_normal_960,960,600,960,600,27,8.522700,0.067900,1.438000,true,6,32,12,120
world4_normal_960,960,600,960,600,28,8.416700,0.072000,1.291800,true,6,32,12,120
world4_normal_960,960,600,960,600,29,8.876300,0.080100,1.395400,true,6,32,12,120
world4_normal_960,960,600,960,600,30,8.619600,0.076600,1.348100,true,6,32,12,120
world4_normal_960,960,600,960,600,31,8.795300,0.075400,1.325000,true,6,32,12,120
world4_normal_960,960,600,960,600,32,8.457100,0.079100,1.344700,true,6,32,12,120
world4_normal_960,960,600,960,600,33,9.352200,0.074300,1.482600,true,6,32,12,120
world4_normal_960,960,600,960,600,34,8.530700,0.077100,1.343900,true,6,32,12,120
world4_normal_960,960,600,960,600,35,8.577200,0.084200,1.730200,true,6,32,12,120
world4_normal_960,960,600,960,600,36,8.488600,0.076700,1.488400,true,7,32,12,120
world4_normal_960,960,600,960,600,37,8.408100,0.080400,1.706300,true,6,32,12,120
world4_normal_960,960,600,960,600,38,8.202600,0.098800,1.279400,true,6,32,12,120
world4_normal_960,960,600,960,600,39,8.469600,0.071300,1.781600,true,6,32,13,120
world4_normal_960,960,600,960,600,40,9.308100,0.082300,1.458600,true,6,32,12,120
world4_normal_960,960,600,960,600,41,8.347800,0.075800,1.359300,true,6,32,12,120
world4_normal_960,960,600,960,600,42,8.371600,0.073700,1.509600,true,6,32,12,120
world4_normal_960,960,600,960,600,43,8.806700,0.095400,1.415300,true,6,32,13,120
world4_normal_960,960,600,960,600,44,8.306500,0.072400,1.272800,true,6,32,12,120
world4_normal_960,960,600,960,600,45,8.345500,0.074500,1.528700,true,6,32,12,120
world4_normal_960,960,600,960,600,46,10.354500,0.075900,1.449000,true,6,32,12,120
world4_normal_960,960,600,960,600,47,9.892500,0.069300,1.429000,true,6,32,12,120
world4_normal_960,960,600,960,600,48,8.459800,0.072900,1.686200,true,6,32,12,120
world4_normal_960,960,600,960,600,49,8.671300,0.072800,1.367300,true,6,32,12,120
world4_normal_960,960,600,960,600,50,9.969300,0.060300,1.509000,true,6,32,12,120
world4_normal_960,960,600,960,600,51,8.392800,0.070200,1.456500,true,6,32,12,120
world4_normal_960,960,600,960,600,52,8.671900,0.062300,1.218200,true,6,32,12,120
world4_normal_960,960,600,960,600,53,9.546800,0.078800,1.483300,true,6,32,12,120
world4_normal_960,960,600,960,600,54,8.312800,0.071400,1.780200,true,6,32,12,120
world4_normal_960,960,600,960,600,55,8.378800,0.068400,1.422300,true,6,32,12,120
world4_normal_960,960,600,960,600,56,8.263600,0.106800,1.477200,true,6,32,12,120
world4_normal_960,960,600,960,600,57,8.948300,0.071400,1.484400,true,6,32,12,120
world4_normal_960,960,600,960,600,58,8.502600,0.071100,1.332000,true,6,32,12,120
world4_normal_960,960,600,960,600,59,8.574100,0.108700,1.742500,true,6,32,12,120
world4_normal_960,960,600,960,600,60,8.575100,0.084700,1.455500,true,6,32,12,120
world4_normal_960,960,600,960,600,61,9.001300,0.092300,1.314400,true,6,32,12,120
world4_normal_960,960,600,960,600,62,8.502700,0.075200,1.331800,true,6,32,12,120
world4_normal_960,960,600,960,600,63,8.113500,0.074700,1.375000,true,6,32,12,120
world4_normal_960,960,600,960,600,64,8.358100,0.091100,1.250700,true,6,32,12,120
world4_normal_960,960,600,960,600,65,8.226900,0.084600,1.399100,true,6,32,12,120
world4_normal_960,960,600,960,600,66,8.104400,0.071900,1.397500,true,6,32,12,120
world4_normal_960,960,600,960,600,67,8.175300,0.075900,1.406700,true,6,32,12,120
world4_normal_960,960,600,960,600,68,8.283500,0.080800,1.502300,true,6,32,12,120
world4_normal_960,960,600,960,600,69,8.619500,0.064200,1.216400,true,6,32,12,120
world4_normal_960,960,600,960,600,70,8.288000,0.103900,1.772000,true,6,32,12,120
world4_normal_960,960,600,960,600,71,8.402900,0.080400,1.736400,true,6,32,13,120
world4_normal_960,960,600,960,600,72,8.949000,0.085900,1.312400,true,6,32,12,120
world4_normal_960,960,600,960,600,73,8.770200,0.068500,1.201500,true,6,32,12,120
world4_normal_960,960,600,960,600,74,8.820600,0.082500,1.744900,true,6,32,12,120
world4_normal_960,960,600,960,600,75,8.413900,0.074200,1.407900,true,6,32,12,120
world4_normal_960,960,600,960,600,76,8.329100,0.069000,1.201100,true,6,32,12,120
world4_normal_960,960,600,960,600,77,8.180700,0.070000,1.364600,true,6,32,12,120
world4_normal_960,960,600,960,600,78,8.380900,0.070100,1.410700,true,6,32,12,120
world4_normal_960,960,600,960,600,79,8.710700,0.106200,1.339200,true,6,32,12,120
world4_normal_960,960,600,960,600,80,8.840400,0.078000,1.468600,true,6,32,12,120
world4_normal_960,960,600,960,600,81,8.309900,0.066900,1.735200,true,6,32,12,120
world4_normal_960,960,600,960,600,82,8.211900,0.080700,1.213700,true,6,32,12,120
world4_normal_960,960,600,960,600,83,8.639700,0.068100,1.758600,true,6,32,12,120
world4_normal_960,960,600,960,600,84,8.767900,0.071300,1.364500,true,6,32,12,120
world4_normal_960,960,600,960,600,85,9.725100,0.101700,1.328500,true,6,32,12,120
world4_normal_960,960,600,960,600,86,8.503800,0.084000,1.380900,true,6,32,12,120
world4_normal_960,960,600,960,600,87,8.900900,0.073000,1.800900,true,6,32,12,120
world4_normal_960,960,600,960,600,88,8.752100,0.068600,1.187200,true,6,32,12,120
world4_normal_960,960,600,960,600,89,8.590600,0.102900,1.375800,true,6,32,12,120
world4_normal_960,960,600,960,600,90,9.031100,0.233000,1.448200,true,6,32,12,120
world4_normal_960,960,600,960,600,91,9.155700,0.063900,1.486900,true,6,32,12,120
world4_normal_960,960,600,960,600,92,8.581100,0.075900,1.203200,true,6,32,12,120
world4_normal_960,960,600,960,600,93,8.348100,0.100400,1.355600,true,6,32,12,120
world4_normal_960,960,600,960,600,94,8.117800,0.071200,1.384900,true,6,32,12,120
world4_normal_960,960,600,960,600,95,8.193400,0.082400,1.490800,true,6,32,12,120
world4_normal_960,960,600,960,600,96,9.351400,0.072500,1.520500,true,6,32,12,120
world4_normal_960,960,600,960,600,97,8.153600,0.068100,1.226600,true,6,32,12,120
world4_normal_960,960,600,960,600,98,8.602300,0.070900,1.328100,true,6,32,12,120
world4_normal_960,960,600,960,600,99,8.256000,0.073100,1.554900,true,6,32,12,120
world4_normal_960,960,600,960,600,100,8.670200,0.076600,1.326900,true,6,32,12,120
world4_normal_960,960,600,960,600,101,8.519900,0.074700,1.434800,true,6,32,12,120
world4_normal_960,960,600,960,600,102,8.177100,0.072000,1.424500,true,6,32,12,120
world4_normal_960,960,600,960,600,103,13.074500,0.081800,1.228200,true,6,32,12,120
world4_normal_960,960,600,960,600,104,11.718600,0.062600,1.232700,true,6,32,12,120
world4_normal_960,960,600,960,600,105,10.843900,0.071500,1.439700,true,6,32,12,120
world4_normal_960,960,600,960,600,106,10.171000,0.074700,1.265900,true,6,32,12,120
world4_normal_960,960,600,960,600,107,10.308100,0.075000,1.216500,true,6,32,12,120
world4_normal_960,960,600,960,600,108,10.946700,0.069600,1.272700,true,6,32,12,120
world4_normal_960,960,600,960,600,109,10.622400,0.074900,1.220100,true,6,32,12,120
world4_normal_960,960,600,960,600,110,11.275000,0.064100,1.239100,true,6,32,12,120
world4_normal_960,960,600,960,600,111,11.081600,0.073400,1.239300,true,6,32,12,120
world4_normal_960,960,600,960,600,112,10.506800,0.066100,1.293400,true,6,32,12,120
world4_normal_960,960,600,960,600,113,10.826900,0.067500,1.252100,true,6,32,12,120
world4_normal_960,960,600,960,600,114,10.725200,0.078500,1.214600,true,7,32,12,120
world4_normal_960,960,600,960,600,115,10.635600,0.069800,1.218800,true,6,32,12,120
world4_normal_960,960,600,960,600,116,11.883900,0.066100,1.516500,true,6,32,12,120
world4_normal_960,960,600,960,600,117,10.393800,0.094100,1.353600,true,6,32,12,120
world4_normal_960,960,600,960,600,118,12.074900,0.091000,1.398100,true,6,32,12,120
world4_normal_960,960,600,960,600,119,10.737600,0.071000,1.434600,true,6,32,12,120
world4_normal_960,960,600,960,600,120,8.880000,0.095700,1.467800,true,6,32,12,120
world4_normal_960,960,600,960,600,121,9.474200,0.129900,1.461100,true,6,32,12,120
world4_normal_960,960,600,960,600,122,9.601900,0.081600,1.428800,true,6,32,12,120
world4_normal_960,960,600,960,600,123,9.485300,0.079300,1.472200,true,6,32,12,120
world4_normal_960,960,600,960,600,124,8.834900,0.069900,1.511700,true,6,32,12,120
world4_normal_960,960,600,960,600,125,9.014400,0.072200,1.379300,true,6,32,12,120
world4_normal_960,960,600,960,600,126,8.800000,0.077000,1.242100,true,6,32,12,120
world4_normal_960,960,600,960,600,127,9.984200,0.071000,1.374400,true,6,32,12,120
world4_normal_960,960,600,960,600,128,8.285800,0.073700,1.742500,true,6,32,12,120
world4_normal_960,960,600,960,600,129,8.677000,0.069600,1.396200,true,6,32,12,120
world4_normal_960,960,600,960,600,130,8.406400,0.092100,1.446600,true,6,32,12,120
world4_normal_960,960,600,960,600,131,8.546800,0.063900,1.393300,true,6,32,12,120
world4_normal_960,960,600,960,600,132,8.682200,0.077400,1.367200,true,6,32,12,120
world4_normal_960,960,600,960,600,133,8.780500,0.081900,1.410300,true,6,32,12,120
world4_normal_960,960,600,960,600,134,8.644000,0.081300,1.808900,true,6,32,12,120
world4_normal_960,960,600,960,600,135,8.600000,0.091900,1.370000,true,6,32,12,120
world4_normal_960,960,600,960,600,136,8.781200,0.084500,1.244500,true,6,32,12,120
world4_normal_960,960,600,960,600,137,8.521300,0.069200,1.212900,true,6,32,12,120
world4_normal_960,960,600,960,600,138,8.634100,0.071200,1.385500,true,6,32,12,120
world4_normal_960,960,600,960,600,139,9.617000,0.074200,1.325000,true,6,32,12,120
world4_normal_960,960,600,960,600,140,9.980600,0.077400,1.262100,true,6,32,12,120
world4_normal_960,960,600,960,600,141,8.616200,0.062600,1.424500,true,6,32,12,120
world4_normal_960,960,600,960,600,142,8.530700,0.069500,1.442600,true,6,32,12,120
world4_normal_960,960,600,960,600,143,8.369900,0.094900,1.456500,true,6,32,12,120
world4_normal_960,960,600,960,600,144,8.860700,0.086600,1.355500,true,6,32,12,120
world4_normal_960,960,600,960,600,145,8.645100,0.074100,1.317700,true,6,32,12,120
world4_normal_960,960,600,960,600,146,9.522700,0.079700,1.334400,true,6,32,12,120
world4_normal_960,960,600,960,600,147,8.388600,0.078200,1.400400,true,6,32,12,120
world4_normal_960,960,600,960,600,148,8.502000,0.072700,1.359800,true,6,32,12,120
world4_normal_960,960,600,960,600,149,8.841700,0.071600,1.211600,true,6,32,13,120
world4_normal_960,960,600,960,600,150,8.817100,0.073400,1.543600,true,6,32,12,120
world4_normal_960,960,600,960,600,151,8.462400,0.080500,1.470300,true,6,32,12,120
world4_normal_960,960,600,960,600,152,9.088200,0.064700,1.342000,true,6,32,12,120
world4_normal_960,960,600,960,600,153,8.999400,0.082100,1.230100,true,6,32,13,120
world4_normal_960,960,600,960,600,154,8.432800,0.072600,1.294200,true,6,32,12,120
world4_normal_960,960,600,960,600,155,8.534700,0.078100,1.222300,true,6,32,12,120
world4_normal_960,960,600,960,600,156,8.187900,0.074500,1.380800,true,6,32,12,120
world4_normal_960,960,600,960,600,157,8.483000,0.071200,1.218700,true,6,32,12,120
world4_normal_960,960,600,960,600,158,8.455000,0.082500,1.372700,true,6,32,12,120
world4_normal_960,960,600,960,600,159,8.360100,0.074600,1.763800,true,6,32,12,120
world4_normal_960,960,600,960,600,160,9.033500,0.066400,1.815800,true,6,32,12,120
world4_normal_960,960,600,960,600,161,8.573900,0.083000,1.226800,true,6,32,12,120
world4_normal_960,960,600,960,600,162,8.304400,0.105500,1.503500,true,6,32,12,120
world4_normal_960,960,600,960,600,163,8.423300,0.072200,1.205000,true,6,32,12,120
world4_normal_960,960,600,960,600,164,9.604800,0.061400,1.666600,true,6,32,12,120
world4_normal_960,960,600,960,600,165,8.615700,0.071700,1.636700,true,6,32,12,120
world4_normal_960,960,600,960,600,166,8.706200,0.094600,1.375800,true,6,32,12,120
world4_normal_960,960,600,960,600,167,8.818000,0.089000,1.468600,true,6,32,12,120
world4_normal_600,600,400,600,375,0,8.265800,0.093500,2.463800,true,6,32,12,120
world4_normal_600,600,400,600,375,1,8.149800,0.069400,2.246800,true,6,32,12,120
world4_normal_600,600,400,600,375,2,8.388500,0.073700,2.245700,true,6,32,12,120
world4_normal_600,600,400,600,375,3,8.071600,0.077300,2.179300,true,6,32,12,120
world4_normal_600,600,400,600,375,4,8.386700,0.072500,2.359400,true,6,32,12,120
world4_normal_600,600,400,600,375,5,10.033500,0.092500,2.428600,true,6,32,12,120
world4_normal_600,600,400,600,375,6,9.462200,0.094300,2.460300,true,6,32,12,120
world4_normal_600,600,400,600,375,7,8.119300,0.070800,2.580000,true,6,32,12,120
world4_normal_600,600,400,600,375,8,8.253900,0.099600,2.277300,true,6,32,12,120
world4_normal_600,600,400,600,375,9,8.543800,0.070600,2.140800,true,6,32,12,120
world4_normal_600,600,400,600,375,10,8.357800,0.082300,2.580600,true,6,32,12,120
world4_normal_600,600,400,600,375,11,10.994900,0.075000,2.715200,true,6,32,12,120
world4_normal_600,600,400,600,375,12,9.603600,0.073400,2.392400,true,6,32,12,120
world4_normal_600,600,400,600,375,13,8.221900,0.088400,2.253500,true,6,32,12,120
world4_normal_600,600,400,600,375,14,8.118700,0.097400,2.383300,true,6,32,12,120
world4_normal_600,600,400,600,375,15,8.412400,0.079300,2.554600,true,6,32,12,120
world4_normal_600,600,400,600,375,16,8.097300,0.074600,2.437900,true,6,32,12,120
world4_normal_600,600,400,600,375,17,8.328100,0.083200,2.368900,true,6,32,12,120
world4_normal_600,600,400,600,375,18,8.362600,0.115300,2.469900,true,6,32,12,120
world4_normal_600,600,400,600,375,19,8.221900,0.072900,2.306700,true,6,32,12,120
world4_normal_600,600,400,600,375,20,8.419900,0.071100,2.880300,true,6,32,12,120
world4_normal_600,600,400,600,375,21,9.511900,0.077000,2.408400,true,6,32,12,120
world4_normal_600,600,400,600,375,22,8.368400,0.071200,2.461800,true,6,32,12,120
world4_normal_600,600,400,600,375,23,8.577400,0.071600,2.378700,true,6,32,12,120
world4_normal_600,600,400,600,375,24,8.399400,0.083600,2.217700,true,6,32,12,120
world4_normal_600,600,400,600,375,25,8.475200,0.090500,2.451400,true,6,32,12,120
world4_normal_600,600,400,600,375,26,8.487000,0.075900,2.556100,true,6,32,12,120
world4_normal_600,600,400,600,375,27,8.353900,0.073600,2.675700,true,6,32,12,120
world4_normal_600,600,400,600,375,28,9.095400,0.087300,2.350300,true,6,32,12,120
world4_normal_600,600,400,600,375,29,8.713500,0.072500,2.460800,true,6,32,12,120
world4_normal_600,600,400,600,375,30,10.221100,0.089600,2.402900,true,6,32,12,120
world4_normal_600,600,400,600,375,31,8.597800,0.077200,2.297100,true,6,32,12,120
world4_normal_600,600,400,600,375,32,8.535800,0.073900,2.325400,true,6,32,12,120
world4_normal_600,600,400,600,375,33,9.463400,0.093000,2.219600,true,6,32,12,120
world4_normal_600,600,400,600,375,34,8.602900,0.082700,2.787100,true,6,32,12,120
world4_normal_600,600,400,600,375,35,8.337100,0.071800,2.541300,true,6,32,12,120
world4_normal_600,600,400,600,375,36,9.826700,0.076100,2.445800,true,6,32,12,120
world4_normal_600,600,400,600,375,37,9.565100,0.073800,2.446000,true,6,32,12,120
world4_normal_600,600,400,600,375,38,9.779900,0.086800,2.512600,true,6,32,12,120
world4_normal_600,600,400,600,375,39,8.679000,0.083900,2.490400,true,6,32,12,120
world4_normal_600,600,400,600,375,40,9.254900,0.066500,2.883800,true,6,32,12,120
world4_normal_600,600,400,600,375,41,9.203400,0.072800,2.413000,true,6,32,12,120
world4_normal_600,600,400,600,375,42,9.125300,0.079500,2.864700,true,6,32,12,120
world4_normal_600,600,400,600,375,43,9.169100,0.073400,2.680200,true,7,32,12,120
world4_normal_600,600,400,600,375,44,8.319900,0.071800,2.803200,true,6,32,12,120
world4_normal_600,600,400,600,375,45,8.416700,0.071600,2.161600,true,6,32,12,120
world4_normal_600,600,400,600,375,46,8.346400,0.089900,2.200100,true,6,32,13,120
world4_normal_600,600,400,600,375,47,8.396100,0.092200,2.322800,true,6,32,12,120
world4_normal_600,600,400,600,375,48,8.197200,0.070700,2.509200,true,6,32,12,120
world4_normal_600,600,400,600,375,49,8.234500,0.073600,2.502700,true,6,32,12,120
world4_normal_600,600,400,600,375,50,8.468800,0.089600,2.433000,true,6,32,13,120
world4_normal_600,600,400,600,375,51,8.221100,0.078700,2.181100,true,6,32,12,120
world4_normal_600,600,400,600,375,52,8.366800,0.086000,2.554300,true,6,32,12,120
world4_normal_600,600,400,600,375,53,8.260500,0.074400,2.617600,true,6,32,12,120
world4_normal_600,600,400,600,375,54,9.521400,0.079500,2.695700,true,6,32,12,120
world4_normal_600,600,400,600,375,55,8.176500,0.074300,2.816000,true,6,32,12,120
world4_normal_600,600,400,600,375,56,8.439300,0.069500,2.374200,true,6,32,12,120
world4_normal_600,600,400,600,375,57,8.231300,0.110000,2.210900,true,6,32,12,120
world4_normal_600,600,400,600,375,58,8.358000,0.111700,2.300200,true,6,32,12,120
world4_normal_600,600,400,600,375,59,9.782200,0.076500,2.271000,true,6,32,12,120
world4_normal_600,600,400,600,375,60,8.385800,0.071200,2.442300,true,6,32,12,120
world4_normal_600,600,400,600,375,61,9.615200,0.082600,2.821100,true,6,32,12,120
world4_normal_600,600,400,600,375,62,8.499400,0.085100,2.374800,true,6,32,12,120
world4_normal_600,600,400,600,375,63,8.822400,0.090300,2.275400,true,6,32,12,120
world4_normal_600,600,400,600,375,64,8.663100,0.084900,2.296200,true,6,32,12,120
world4_normal_600,600,400,600,375,65,8.673000,0.087500,2.174400,true,6,32,12,120
world4_normal_600,600,400,600,375,66,9.363300,0.100100,2.223800,true,6,32,12,120
world4_normal_600,600,400,600,375,67,8.361400,0.067200,2.363700,true,6,32,12,120
world4_normal_600,600,400,600,375,68,8.304500,0.067400,2.879200,true,6,32,12,120
world4_normal_600,600,400,600,375,69,8.961700,0.068900,2.287700,true,6,32,12,120
world4_normal_600,600,400,600,375,70,8.369800,0.074900,2.361800,true,6,32,12,120
world4_normal_600,600,400,600,375,71,8.439800,0.073800,2.189900,true,6,32,12,120
world4_normal_600,600,400,600,375,72,8.674300,0.094800,2.360600,true,6,32,12,120
world4_normal_600,600,400,600,375,73,9.458900,0.088100,2.372900,true,6,32,12,120
world4_normal_600,600,400,600,375,74,8.380900,0.072800,2.604800,true,6,32,12,120
world4_normal_600,600,400,600,375,75,8.176500,0.073300,2.604900,true,6,32,12,120
world4_normal_600,600,400,600,375,76,8.344400,0.077500,2.185000,true,6,32,12,120
world4_normal_600,600,400,600,375,77,8.204400,0.077900,2.305300,true,6,32,12,120
world4_normal_600,600,400,600,375,78,8.620800,0.075400,2.407400,true,6,32,13,120
world4_normal_600,600,400,600,375,79,8.492000,0.069500,2.505400,true,6,32,12,120
world4_normal_600,600,400,600,375,80,8.496700,0.078500,2.952000,true,6,32,12,120
world4_normal_600,600,400,600,375,81,8.191300,0.070600,2.241700,true,6,32,12,120
world4_normal_600,600,400,600,375,82,8.350500,0.083100,2.284400,true,6,32,12,120
world4_normal_600,600,400,600,375,83,8.992200,0.107600,2.221900,true,6,32,12,120
world4_normal_600,600,400,600,375,84,8.329700,0.085900,2.318600,true,6,32,12,120
world4_normal_600,600,400,600,375,85,9.251700,0.074800,2.359700,true,6,32,12,120
world4_normal_600,600,400,600,375,86,8.203800,0.069800,2.538600,true,6,32,12,120
world4_normal_600,600,400,600,375,87,8.406100,0.066800,2.156400,true,6,32,12,120
world4_normal_600,600,400,600,375,88,8.476600,0.079600,2.166900,true,6,32,12,120
world4_normal_600,600,400,600,375,89,8.164600,0.110800,2.366100,true,6,32,12,120
world4_normal_600,600,400,600,375,90,8.311400,0.071800,2.367900,true,6,32,12,120
world4_normal_600,600,400,600,375,91,8.272700,0.077800,2.220500,true,6,32,12,120
world4_normal_600,600,400,600,375,92,8.643500,0.071500,2.158500,true,6,32,12,120
world4_normal_600,600,400,600,375,93,8.540500,0.078500,2.535700,true,6,32,12,120
world4_normal_600,600,400,600,375,94,8.173500,0.068400,2.343600,true,6,32,12,120
world4_normal_600,600,400,600,375,95,9.274100,0.072300,2.406100,true,6,32,12,120
world4_normal_600,600,400,600,375,96,9.283300,0.072100,2.696600,true,6,32,12,120
world4_normal_600,600,400,600,375,97,8.190500,0.072800,2.632400,true,6,32,12,120
world4_normal_600,600,400,600,375,98,8.625800,0.070700,2.362300,true,6,32,12,120
world4_normal_600,600,400,600,375,99,8.454800,0.073200,2.351200,true,6,32,12,120
world4_normal_600,600,400,600,375,100,8.118600,0.077200,2.280400,true,6,32,12,120
world4_normal_600,600,400,600,375,101,8.122100,0.073000,2.681100,true,6,32,12,120
world4_normal_600,600,400,600,375,102,8.105800,0.078800,2.505800,true,6,32,12,120
world4_normal_600,600,400,600,375,103,8.417600,0.078300,2.429000,true,6,32,12,120
world4_normal_600,600,400,600,375,104,8.116800,0.098200,2.363100,true,6,32,12,120
world4_normal_600,600,400,600,375,105,8.148700,0.078800,2.717700,true,6,32,12,120
world4_normal_600,600,400,600,375,106,8.063700,0.072400,2.317500,true,6,32,12,120
world4_normal_600,600,400,600,375,107,8.294800,0.074000,2.434100,true,6,32,12,120
world4_normal_600,600,400,600,375,108,8.298500,0.072000,2.445900,true,6,32,12,120
world4_normal_600,600,400,600,375,109,8.155100,0.084000,2.302200,true,6,32,12,120
world4_normal_600,600,400,600,375,110,8.859400,0.090800,2.505400,true,6,32,12,120
world4_normal_600,600,400,600,375,111,8.424900,0.076800,2.875800,true,6,32,12,120
world4_normal_600,600,400,600,375,112,8.191000,0.071400,2.528400,true,6,32,12,120
world4_normal_600,600,400,600,375,113,8.504500,0.072100,2.385800,true,6,32,12,120
world4_normal_600,600,400,600,375,114,8.377800,0.073700,2.234100,true,6,32,12,120
world4_normal_600,600,400,600,375,115,8.261600,0.077800,2.287700,true,6,32,12,120
world4_normal_600,600,400,600,375,116,8.618900,0.065100,2.262200,true,6,32,12,120
world4_normal_600,600,400,600,375,117,8.198900,0.070600,2.362500,true,6,32,12,120
world4_normal_600,600,400,600,375,118,8.422000,0.090900,2.402700,true,6,32,12,120
world4_normal_600,600,400,600,375,119,9.864100,0.071400,2.345100,true,6,32,12,120
world4_normal_600,600,400,600,375,120,9.974900,0.069500,2.688100,true,6,32,12,120
world4_normal_600,600,400,600,375,121,8.377900,0.073500,2.333100,true,7,32,12,120
world4_normal_600,600,400,600,375,122,8.391400,0.080200,2.271600,true,6,32,12,120
world4_normal_600,600,400,600,375,123,8.265400,0.072700,2.547900,true,6,32,12,120
world4_normal_600,600,400,600,375,124,8.528800,0.069700,2.492000,true,6,32,12,120
world4_normal_600,600,400,600,375,125,8.957800,0.083400,2.497000,true,6,32,12,120
world4_normal_600,600,400,600,375,126,8.577500,0.068700,2.334300,true,6,32,12,120
world4_normal_600,600,400,600,375,127,8.625100,0.071500,2.229000,true,6,32,12,120
world4_normal_600,600,400,600,375,128,8.148000,0.089400,2.462200,true,6,32,12,120
world4_normal_600,600,400,600,375,129,8.445500,0.073700,2.718700,true,6,32,12,120
world4_normal_600,600,400,600,375,130,9.372600,0.075400,2.413100,true,6,32,12,120
world4_normal_600,600,400,600,375,131,8.594700,0.070600,2.571900,true,6,32,12,120
world4_normal_600,600,400,600,375,132,8.612700,0.068500,2.297800,true,6,32,12,120
world4_normal_600,600,400,600,375,133,8.884000,0.084000,2.446300,true,6,32,12,120
world4_normal_600,600,400,600,375,134,8.567600,0.078800,2.187200,true,6,32,12,120
world4_normal_600,600,400,600,375,135,8.455000,0.103700,2.438400,true,6,32,12,120
world4_normal_600,600,400,600,375,136,8.661600,0.071600,2.465900,true,6,32,12,120
world4_normal_600,600,400,600,375,137,8.665300,0.199000,2.398000,true,6,32,12,120
world4_normal_600,600,400,600,375,138,8.469700,0.074200,2.343800,true,6,32,12,120
world4_normal_600,600,400,600,375,139,8.700600,0.075900,2.352400,true,6,32,12,120
world4_normal_600,600,400,600,375,140,8.654300,0.090100,2.332400,true,6,32,12,120
world4_normal_600,600,400,600,375,141,8.760600,0.083600,2.329200,true,6,32,12,120
world4_normal_600,600,400,600,375,142,8.311900,0.071400,2.580600,true,6,32,12,120
world4_normal_600,600,400,600,375,143,8.201600,0.070400,2.576100,true,6,32,12,120
world4_normal_600,600,400,600,375,144,8.383500,0.075800,2.192300,true,6,32,12,120
world4_normal_600,600,400,600,375,145,9.817000,0.083500,2.361000,true,6,32,12,120
world4_normal_600,600,400,600,375,146,9.926200,0.071800,2.782100,true,6,32,12,120
world4_normal_600,600,400,600,375,147,8.744900,0.076900,2.174500,true,6,32,12,120
world4_normal_600,600,400,600,375,148,8.843800,0.088100,2.517800,true,6,32,12,120
world4_normal_600,600,400,600,375,149,8.676600,0.085600,2.439800,true,6,32,12,120
world4_normal_600,600,400,600,375,150,8.407500,0.091900,2.462600,true,6,32,12,120
world4_normal_600,600,400,600,375,151,9.405200,0.080400,2.503900,true,6,32,12,120
world4_normal_600,600,400,600,375,152,8.781000,0.073600,2.378700,true,6,32,12,120
world4_normal_600,600,400,600,375,153,8.980000,0.065600,2.881400,true,6,32,12,120
world4_normal_600,600,400,600,375,154,8.314200,0.067800,2.764300,true,6,32,12,120
world4_normal_600,600,400,600,375,155,8.436600,0.072200,2.366900,true,6,32,12,120
world4_normal_600,600,400,600,375,156,8.491000,0.086200,2.538200,true,6,32,13,120
world4_normal_1280,1280,800,1280,800,0,8.007700,0.069800,9.629500,true,6,32,12,120
world4_normal_1280,1280,800,1280,800,1,9.092900,0.072700,10.028200,true,6,32,12,120
world4_normal_1280,1280,800,1280,800,2,8.361300,0.081800,9.865500,true,6,32,12,120
world4_normal_1280,1280,800,1280,800,3,8.314500,0.077200,9.848600,true,6,32,12,120
world4_normal_1280,1280,800,1280,800,4,8.208000,0.067900,9.971800,true,6,32,12,120
world4_normal_1280,1280,800,1280,800,5,8.265000,0.070400,10.120700,true,6,32,12,120
world4_normal_1280,1280,800,1280,800,6,9.476600,0.079700,9.630000,true,6,32,12,120
world4_normal_1280,1280,800,1280,800,7,8.144300,0.075600,10.228200,true,6,32,12,120
world4_normal_1280,1280,800,1280,800,8,8.448300,0.083500,9.736000,true,6,32,12,120
world4_normal_1280,1280,800,1280,800,9,8.204900,0.079600,9.642300,true,6,32,12,120
world4_normal_1280,1280,800,1280,800,10,8.389600,0.079100,9.655300,true,6,32,12,120
world4_normal_1280,1280,800,1280,800,11,8.254900,0.087100,9.520600,true,6,32,12,120
world4_normal_1280,1280,800,1280,800,12,8.328500,0.091300,10.527700,true,6,32,12,120
world4_normal_1280,1280,800,1280,800,13,8.288800,0.089600,9.626500,true,6,32,12,120
world4_normal_1280,1280,800,1280,800,14,8.337500,0.107900,9.812200,true,7,32,12,120
world4_normal_1280,1280,800,1280,800,15,8.277900,0.075800,10.534000,true,6,32,12,120
world4_normal_1280,1280,800,1280,800,16,8.228700,0.078000,9.756100,true,6,32,12,120
world4_normal_1280,1280,800,1280,800,17,9.048600,0.077500,10.206900,true,6,32,12,120
world4_normal_1280,1280,800,1280,800,18,8.100900,0.073500,10.847400,true,6,32,12,120
world4_normal_1280,1280,800,1280,800,19,8.266400,0.090100,9.591100,true,6,32,12,120
world4_normal_1280,1280,800,1280,800,20,8.265200,0.070500,9.776400,true,6,32,12,120
world4_normal_1280,1280,800,1280,800,21,8.339800,0.076100,9.822300,true,6,32,12,120
world4_normal_1280,1280,800,1280,800,22,9.030800,0.075600,10.106600,true,6,32,12,120
world4_normal_1280,1280,800,1280,800,23,8.125700,0.078300,9.843900,true,6,32,12,120
world4_normal_1280,1280,800,1280,800,24,8.768000,0.080200,9.744000,true,6,32,12,120
world4_normal_1280,1280,800,1280,800,25,8.132300,0.083300,9.770400,true,6,32,12,120
world4_normal_1280,1280,800,1280,800,26,8.167100,0.096200,10.149200,true,6,32,12,120
world4_normal_1280,1280,800,1280,800,27,8.571000,0.079800,9.634600,true,6,32,12,120
world4_normal_1280,1280,800,1280,800,28,8.361500,0.096300,9.739600,true,6,32,12,120
world4_normal_1280,1280,800,1280,800,29,8.241700,0.083600,9.733800,true,6,32,12,120
world4_normal_1280,1280,800,1280,800,30,8.162800,0.091700,9.743000,true,6,32,12,120
world4_normal_1280,1280,800,1280,800,31,8.765300,0.596000,9.809200,true,6,32,12,120
world4_normal_1280,1280,800,1280,800,32,8.289400,0.083700,9.594900,true,6,32,12,120
world4_normal_1280,1280,800,1280,800,33,8.355600,0.076800,9.590800,true,6,32,12,120
world4_normal_1280,1280,800,1280,800,34,8.538600,0.076000,10.269900,true,6,32,12,120
world4_normal_1280,1280,800,1280,800,35,8.273800,0.081100,9.946300,true,6,32,12,120
world4_normal_1280,1280,800,1280,800,36,8.344100,0.073600,10.002200,true,6,32,12,120
world4_normal_1280,1280,800,1280,800,37,8.276500,0.078000,10.082700,true,6,32,12,120
world4_normal_1280,1280,800,1280,800,38,8.304300,0.073000,10.000000,true,6,32,12,120
world4_normal_1280,1280,800,1280,800,39,8.166900,0.077400,9.657800,true,6,32,12,120
world4_normal_1280,1280,800,1280,800,40,8.299000,0.075300,9.805600,true,6,32,12,120
world4_normal_1280,1280,800,1280,800,41,8.714800,0.074900,10.513300,true,6,32,12,120
world4_normal_1280,1280,800,1280,800,42,8.217200,0.064300,10.517500,true,6,32,12,120
world4_normal_1280,1280,800,1280,800,43,8.264900,0.070800,10.139300,true,6,32,12,120
world4_normal_1280,1280,800,1280,800,44,8.580400,0.085800,10.095300,true,6,32,12,120
world4_normal_1280,1280,800,1280,800,45,8.911700,0.092500,9.667600,true,6,32,12,120
world4_normal_1280,1280,800,1280,800,46,8.225000,0.091200,9.716600,true,6,32,12,120
world4_normal_1280,1280,800,1280,800,47,8.884600,0.103600,9.685000,true,6,32,12,120
world4_normal_1280,1280,800,1280,800,48,8.274500,0.084000,10.272500,true,6,32,12,120
world4_normal_1280,1280,800,1280,800,49,8.727000,0.081800,10.650400,true,6,32,12,120
world4_normal_1280,1280,800,1280,800,50,8.256400,0.113100,9.859100,true,6,32,12,120
world4_normal_1280,1280,800,1280,800,51,9.084400,0.069500,10.289800,true,6,32,12,120
world4_normal_1280,1280,800,1280,800,52,9.259700,0.071400,10.585200,true,6,32,12,120
world4_normal_1280,1280,800,1280,800,53,8.304200,0.102300,9.870500,true,6,32,12,120
world4_normal_1280,1280,800,1280,800,54,8.100000,0.090000,9.714200,true,6,32,12,120
world4_normal_1280,1280,800,1280,800,55,8.122200,0.079100,9.757800,true,6,32,12,120
world4_normal_1280,1280,800,1280,800,56,8.215900,0.073500,9.799000,true,6,32,12,120
world4_normal_1280,1280,800,1280,800,57,8.785100,0.082900,9.841500,true,6,32,12,120
world4_normal_1280,1280,800,1280,800,58,9.366100,0.082800,9.647600,true,6,32,12,120
world4_normal_1280,1280,800,1280,800,59,8.695300,0.077200,9.706800,true,6,32,12,120
world4_normal_1280,1280,800,1280,800,60,9.447300,0.073000,10.960500,true,6,32,12,120
world4_normal_1280,1280,800,1280,800,61,8.382200,0.076100,10.446200,true,6,32,12,120
world4_normal_1280,1280,800,1280,800,62,9.676300,0.076300,9.755200,true,6,32,12,120
world4_normal_1280,1280,800,1280,800,63,8.561900,0.086300,9.684800,true,6,32,12,120
world4_normal_1280,1280,800,1280,800,64,8.366400,0.085200,9.778100,true,6,32,12,120
world4_normal_1280,1280,800,1280,800,65,8.283100,0.090500,9.757500,true,6,32,12,120
world4_normal_1280,1280,800,1280,800,66,8.286800,0.082000,9.757500,true,6,32,12,120
world4_normal_1280,1280,800,1280,800,67,8.601500,0.077100,9.625100,true,6,32,12,120
world4_normal_1280,1280,800,1280,800,68,8.420000,0.092800,9.640100,true,6,32,12,120
world4_normal_1280,1280,800,1280,800,69,8.358000,0.080400,9.734400,true,7,32,12,120
world4_normal_1280,1280,800,1280,800,70,8.197200,0.088900,10.177000,true,6,32,12,120
world4_normal_1280,1280,800,1280,800,71,8.532100,0.092000,9.729400,true,6,32,12,120
world4_normal_1280,1280,800,1280,800,72,8.392000,0.074200,10.133300,true,6,32,13,120
world4_normal_1280,1280,800,1280,800,73,8.452300,0.073400,9.562100,true,6,32,12,120
world4_normal_1280,1280,800,1280,800,74,8.340000,0.072200,9.543200,true,6,32,12,120
world4_normal_1280,1280,800,1280,800,75,8.261700,0.079700,9.653400,true,6,32,12,120
world4_normal_1280,1280,800,1280,800,76,9.602000,0.068700,9.775500,true,6,32,13,120
world4_normal_1280,1280,800,1280,800,77,8.960100,0.072100,9.782700,true,6,32,12,120
world4_normal_1280,1280,800,1280,800,78,8.508600,0.068900,10.394900,true,6,32,12,120
world4_normal_1280,1280,800,1280,800,79,8.146900,0.070300,9.860800,true,6,32,12,120
world4_normal_1280,1280,800,1280,800,80,8.083200,0.074000,9.872900,true,6,32,12,120
world4_normal_1280,1280,800,1280,800,81,8.088100,0.073700,9.786600,true,6,32,12,120
world4_normal_1280,1280,800,1280,800,82,8.326900,0.076900,10.110300,true,6,32,12,120
world4_normal_1280,1280,800,1280,800,83,8.388700,0.072300,10.001200,true,6,32,12,120
world4_normal_1280,1280,800,1280,800,84,8.234100,0.071200,10.094300,true,6,32,12,120
world4_normal_1280,1280,800,1280,800,85,8.626900,0.069300,9.975800,true,6,32,12,120
world4_normal_1280,1280,800,1280,800,86,8.361700,0.078700,10.217700,true,6,32,12,120
world4_normal_1280,1280,800,1280,800,87,8.029300,0.107200,9.731600,true,6,32,12,120
world4_normal_1280,1280,800,1280,800,88,8.173100,0.097000,10.764900,true,6,32,12,120
world4_normal_1280,1280,800,1280,800,89,8.182400,0.091700,10.647900,true,6,32,12,120
world4_normal_1280,1280,800,1280,800,90,8.832700,0.073300,9.849000,true,6,32,12,120
world4_normal_1280,1280,800,1280,800,91,8.381400,0.077000,9.534800,true,6,32,12,120
world4_normal_1280,1280,800,1280,800,92,9.894600,0.073900,10.065900,true,6,32,12,120
world4_normal_1280,1280,800,1280,800,93,8.218500,0.071500,9.881200,true,6,32,12,120
world4_normal_1280,1280,800,1280,800,94,8.121000,0.076000,9.866200,true,6,32,12,120
world4_high_960,960,600,960,600,0,15.022300,0.081800,1.262100,true,40,320,180,1200
world4_high_960,960,600,960,600,1,14.862500,0.080000,1.416700,true,40,320,180,1200
world4_high_960,960,600,960,600,2,17.596000,0.076400,2.843700,true,40,320,180,1200
world4_high_960,960,600,960,600,3,16.394900,0.072500,1.488000,true,40,320,180,1200
world4_high_960,960,600,960,600,4,14.984800,0.075300,1.234600,true,40,320,180,1200
world4_high_960,960,600,960,600,5,15.087300,0.083700,1.472800,true,40,320,180,1200
world4_high_960,960,600,960,600,6,14.725600,0.071100,1.426400,true,40,320,180,1200
world4_high_960,960,600,960,600,7,15.571100,0.074200,1.383500,true,40,320,180,1200
world4_high_960,960,600,960,600,8,15.198400,0.072400,1.399700,true,40,320,180,1200
world4_high_960,960,600,960,600,9,14.697000,0.095500,1.450800,true,40,320,180,1200
world4_high_960,960,600,960,600,10,14.905200,0.098900,1.758000,true,40,320,180,1200
world4_high_960,960,600,960,600,11,16.430800,0.075300,1.426900,true,40,320,180,1200
world4_high_960,960,600,960,600,12,14.748100,0.075300,1.359000,true,40,320,180,1200
world4_high_960,960,600,960,600,13,15.695500,0.071400,1.320700,true,40,320,180,1200
world4_high_960,960,600,960,600,14,15.454600,0.092900,1.292600,true,40,320,180,1200
world4_high_960,960,600,960,600,15,15.257100,0.075600,1.461900,true,40,320,180,1200
world4_high_960,960,600,960,600,16,16.641700,0.077100,1.510700,true,40,320,180,1200
world4_high_960,960,600,960,600,17,16.359500,0.067700,1.355800,true,40,320,180,1200
world4_high_960,960,600,960,600,18,14.651800,0.075900,1.328000,true,40,320,180,1200
world4_high_960,960,600,960,600,19,15.122600,0.084600,1.429300,true,40,320,180,1200
world4_high_960,960,600,960,600,20,14.562400,0.077400,1.294400,true,40,320,180,1200
world4_high_960,960,600,960,600,21,14.677300,0.083800,1.359600,true,40,320,180,1200
world4_high_960,960,600,960,600,22,15.217700,0.072500,1.444800,true,40,320,180,1200
world4_high_960,960,600,960,600,23,14.758500,0.095900,1.568400,true,40,320,180,1200
world4_high_960,960,600,960,600,24,15.113500,0.085500,1.406800,true,40,320,180,1200
world4_high_960,960,600,960,600,25,14.885500,0.072800,1.203200,true,40,320,180,1200
world4_high_960,960,600,960,600,26,14.782200,0.081100,1.207400,true,40,320,180,1200
world4_high_960,960,600,960,600,27,14.879300,0.073900,1.728500,true,40,320,180,1200
world4_high_960,960,600,960,600,28,14.692200,0.083300,1.345000,true,40,320,180,1200
world4_high_960,960,600,960,600,29,15.081900,0.073000,1.388100,true,40,320,180,1200
world4_high_960,960,600,960,600,30,14.623300,0.081100,1.421700,true,40,320,180,1200
world4_high_960,960,600,960,600,31,14.682300,0.072200,1.348400,true,40,320,180,1200
world4_high_960,960,600,960,600,32,15.056600,0.106500,1.658400,true,40,320,180,1200
world4_high_960,960,600,960,600,33,15.322100,0.086900,1.420700,true,40,320,180,1200
world4_high_960,960,600,960,600,34,14.520500,0.088400,1.467100,true,40,320,180,1200
world4_high_960,960,600,960,600,35,14.811400,0.078100,1.327100,true,40,320,180,1200
world4_high_960,960,600,960,600,36,16.926700,0.073400,1.690300,true,40,320,180,1200
world4_high_960,960,600,960,600,37,14.799100,0.076700,1.320000,true,40,320,180,1200
world4_high_960,960,600,960,600,38,15.160700,0.089800,1.419600,true,40,320,180,1200
world4_high_960,960,600,960,600,39,16.722600,0.102200,1.341100,true,40,320,180,1200
world4_high_960,960,600,960,600,40,14.880000,0.095200,1.722200,true,40,320,180,1200
world4_high_960,960,600,960,600,41,14.660800,0.090700,1.360400,true,40,320,180,1200
world4_high_960,960,600,960,600,42,15.163300,0.071500,1.410200,true,40,320,180,1200
world4_high_960,960,600,960,600,43,14.794700,0.122500,1.366100,true,40,320,180,1200
world4_high_960,960,600,960,600,44,14.789400,0.086500,1.575500,true,40,320,180,1200
world4_high_960,960,600,960,600,45,15.317700,0.081600,1.371700,true,40,320,180,1200
world4_high_960,960,600,960,600,46,15.066600,0.088000,1.373500,true,40,320,180,1200
world4_high_960,960,600,960,600,47,15.203200,0.090000,1.520500,true,40,320,180,1200
world4_high_960,960,600,960,600,48,14.854700,0.088000,1.500200,true,40,320,180,1200
world4_high_960,960,600,960,600,49,14.876800,0.076800,1.403900,true,40,320,180,1200
world4_high_960,960,600,960,600,50,15.015900,0.072400,1.190100,true,40,320,180,1200
world4_high_960,960,600,960,600,51,15.465100,0.077700,1.432200,true,40,320,180,1200
world4_high_960,960,600,960,600,52,16.029400,0.086100,1.455300,true,40,320,180,1200
world4_high_960,960,600,960,600,53,14.848700,0.074100,1.228600,true,40,320,180,1200
world4_high_960,960,600,960,600,54,15.186800,0.074100,1.229700,true,40,320,180,1200
world4_high_960,960,600,960,600,55,15.042800,0.079400,1.252500,true,40,320,180,1200
world4_high_960,960,600,960,600,56,14.632200,0.076000,1.468700,true,40,320,180,1200
world4_high_960,960,600,960,600,57,14.666700,0.089100,1.364400,true,40,320,180,1200
world4_high_960,960,600,960,600,58,15.453000,0.079300,1.490500,true,40,320,180,1200
world4_high_960,960,600,960,600,59,15.198400,0.074800,1.578800,true,40,320,180,1200
world4_high_960,960,600,960,600,60,14.744800,0.072400,1.328400,true,40,320,180,1200
world4_high_960,960,600,960,600,61,15.114200,0.077600,1.406300,true,40,320,180,1200
world4_high_960,960,600,960,600,62,15.085200,0.071500,1.210300,true,40,320,180,1200
world4_high_960,960,600,960,600,63,15.982000,0.079200,1.382400,true,40,320,180,1200
world4_high_960,960,600,960,600,64,15.091000,0.083300,1.367600,true,40,320,180,1200
world4_high_960,960,600,960,600,65,16.443200,0.133100,1.401300,true,40,320,180,1200
world4_high_960,960,600,960,600,66,15.233100,0.076400,1.406300,true,40,320,180,1200
world4_high_960,960,600,960,600,67,15.529500,0.074400,1.236500,true,40,320,180,1200
world4_high_960,960,600,960,600,68,15.403000,0.080300,1.252100,true,40,320,180,1200
world4_high_960,960,600,960,600,69,16.988000,0.076700,1.498100,true,40,320,180,1200
world4_high_960,960,600,960,600,70,16.093800,0.089400,1.525200,true,40,320,180,1200
world4_high_960,960,600,960,600,71,15.266100,0.089400,1.703200,true,40,320,180,1200
world4_high_960,960,600,960,600,72,15.648500,0.083100,1.482800,true,40,320,180,1200
world4_high_960,960,600,960,600,73,15.167900,0.077500,1.794000,true,40,320,180,1200
world4_high_960,960,600,960,600,74,16.392400,0.076700,1.587600,true,40,320,180,1200
world4_high_960,960,600,960,600,75,15.286500,0.075500,1.435900,true,40,320,180,1200
world4_high_960,960,600,960,600,76,15.327800,0.076800,1.506200,true,40,320,180,1200
world4_high_960,960,600,960,600,77,15.498700,0.072500,1.270900,true,40,320,180,1200
world4_high_960,960,600,960,600,78,17.075300,0.210400,1.427000,true,40,320,180,1200
world4_high_960,960,600,960,600,79,15.115800,0.076200,1.380300,true,40,320,180,1200
world4_high_960,960,600,960,600,80,15.149100,0.084700,1.621200,true,40,320,180,1200
world4_high_960,960,600,960,600,81,14.810000,0.075700,1.252300,true,40,320,180,1200
world4_high_960,960,600,960,600,82,14.940300,0.076500,1.417500,true,40,320,180,1200
world4_high_960,960,600,960,600,83,16.302300,0.078100,1.453700,true,40,320,180,1200
world4_high_960,960,600,960,600,84,15.457700,0.106400,1.506700,true,40,320,180,1200
world4_high_960,960,600,960,600,85,15.441500,0.063100,1.500300,true,40,320,180,1200
world4_high_960,960,600,960,600,86,14.971800,0.066500,1.355200,true,40,320,180,1200
world4_high_960,960,600,960,600,87,15.345700,0.082400,1.248700,true,40,320,180,1200
world4_high_960,960,600,960,600,88,15.842200,0.077200,1.276600,true,40,320,180,1200
world4_high_960,960,600,960,600,89,15.085500,0.087600,1.553100,true,40,320,180,1200
world4_high_960,960,600,960,600,90,15.236500,0.067400,1.532000,true,40,320,180,1200
world4_high_960,960,600,960,600,91,15.505800,0.069400,1.420700,true,40,320,180,1200
world4_high_960,960,600,960,600,92,15.316000,0.072800,1.316500,true,40,320,180,1200
world4_high_960,960,600,960,600,93,14.852700,0.092600,1.381200,true,40,320,180,1200
world4_high_960,960,600,960,600,94,15.070100,0.106400,1.620900,true,40,320,180,1200
world4_high_960,960,600,960,600,95,15.239200,0.068700,1.411700,true,40,320,180,1200
world4_high_960,960,600,960,600,96,15.293400,0.070700,1.318800,true,40,320,180,1200
world4_high_960,960,600,960,600,97,15.024400,0.075700,1.233500,true,40,320,180,1200
world4_high_960,960,600,960,600,98,15.661700,0.078300,1.413100,true,40,320,180,1200
world4_high_960,960,600,960,600,99,15.184900,0.078800,1.511000,true,40,320,180,1200
world4_high_960,960,600,960,600,100,15.091200,0.075300,1.313800,true,40,320,180,1200
world4_high_960,960,600,960,600,101,14.737700,0.079100,1.212300,true,40,320,180,1200
world4_high_960,960,600,960,600,102,16.728000,0.074200,1.434900,true,40,320,180,1200
world4_high_960,960,600,960,600,103,15.071300,0.074500,1.372800,true,40,320,180,1200
world4_high_600,600,400,600,375,0,14.748800,0.070800,2.409900,true,40,320,180,1200
world4_high_600,600,400,600,375,1,14.632900,0.087300,2.604500,true,40,320,180,1200
world4_high_600,600,400,600,375,2,16.207800,0.258600,2.691900,true,40,320,180,1200
world4_high_600,600,400,600,375,3,14.759400,0.074400,2.692700,true,40,320,180,1200
world4_high_600,600,400,600,375,4,14.548300,0.076400,2.470900,true,40,320,180,1200
world4_high_600,600,400,600,375,5,15.182900,0.076800,2.610600,true,40,320,180,1200
world4_high_600,600,400,600,375,6,16.160200,0.081900,2.637200,true,40,320,180,1200
world4_high_600,600,400,600,375,7,14.496000,0.081400,2.675200,true,40,320,180,1200
world4_high_600,600,400,600,375,8,15.494600,0.086300,2.268500,true,40,320,180,1200
world4_high_600,600,400,600,375,9,15.552200,0.072900,2.405800,true,40,320,180,1200
world4_high_600,600,400,600,375,10,14.602700,0.083300,2.470600,true,40,320,180,1200
world4_high_600,600,400,600,375,11,14.698500,0.096400,2.401900,true,40,320,180,1200
world4_high_600,600,400,600,375,12,14.881500,0.086900,2.321000,true,40,320,180,1200
world4_high_600,600,400,600,375,13,15.161300,0.094000,2.422100,true,40,320,180,1200
world4_high_600,600,400,600,375,14,14.694300,0.083700,2.358100,true,40,320,180,1200
world4_high_600,600,400,600,375,15,17.520400,0.066600,2.181100,true,40,320,180,1200
world4_high_600,600,400,600,375,16,14.455300,0.077500,2.230200,true,40,320,180,1200
world4_high_600,600,400,600,375,17,14.686500,0.074400,2.443700,true,40,320,180,1200
world4_high_600,600,400,600,375,18,14.593800,0.075800,2.493000,true,40,320,180,1200
world4_high_600,600,400,600,375,19,14.905600,0.075000,2.460400,true,40,320,180,1200
world4_high_600,600,400,600,375,20,14.989100,0.089800,2.313900,true,40,320,180,1200
world4_high_600,600,400,600,375,21,16.395300,0.073500,2.396300,true,40,320,180,1200
world4_high_600,600,400,600,375,22,18.135900,0.080600,2.261700,true,40,320,180,1200
world4_high_600,600,400,600,375,23,15.077100,0.087900,2.419800,true,40,320,180,1200
world4_high_600,600,400,600,375,24,14.717100,0.079500,2.408100,true,40,320,180,1200
world4_high_600,600,400,600,375,25,14.819100,0.072400,2.289600,true,40,320,180,1200
world4_high_600,600,400,600,375,26,14.879400,0.071000,2.283200,true,40,320,180,1200
world4_high_600,600,400,600,375,27,14.884800,0.074800,2.380300,true,40,320,180,1200
world4_high_600,600,400,600,375,28,14.863300,0.077900,2.306900,true,40,320,180,1200
world4_high_600,600,400,600,375,29,15.149400,0.073600,2.433800,true,40,320,180,1200
world4_high_600,600,400,600,375,30,16.540800,0.088300,2.200600,true,40,320,180,1200
world4_high_600,600,400,600,375,31,16.556700,0.069000,2.368500,true,40,320,180,1200
world4_high_600,600,400,600,375,32,14.963500,0.072300,2.462600,true,40,320,180,1200
world4_high_600,600,400,600,375,33,15.029600,0.074500,2.334600,true,40,320,180,1200
world4_high_600,600,400,600,375,34,16.578300,0.063600,2.139600,true,40,320,180,1200
world4_high_600,600,400,600,375,35,16.375800,0.085200,2.348400,true,40,320,180,1200
world4_high_600,600,400,600,375,36,14.841100,0.069700,2.373100,true,40,320,180,1200
world4_high_600,600,400,600,375,37,14.800400,0.077800,2.333200,true,40,320,180,1200
world4_high_600,600,400,600,375,38,15.246800,0.090900,2.460800,true,40,320,180,1200
world4_high_600,600,400,600,375,39,14.901200,0.102100,2.336800,true,40,320,180,1200
world4_high_600,600,400,600,375,40,15.301800,0.079900,2.364200,true,40,320,180,1200
world4_high_600,600,400,600,375,41,14.942300,0.081000,2.457100,true,40,320,180,1200
world4_high_600,600,400,600,375,42,15.138000,0.070700,2.361400,true,40,320,180,1200
world4_high_600,600,400,600,375,43,15.088800,0.071800,2.389000,true,40,320,180,1200
world4_high_600,600,400,600,375,44,14.992000,0.074400,2.377500,true,40,320,180,1200
world4_high_600,600,400,600,375,45,16.545100,0.069400,2.526500,true,40,320,180,1200
world4_high_600,600,400,600,375,46,15.271500,0.072800,2.447000,true,40,320,180,1200
world4_high_600,600,400,600,375,47,17.248700,0.079900,2.368900,true,40,320,180,1200
world4_high_600,600,400,600,375,48,15.045100,0.083400,2.481400,true,40,320,180,1200
world4_high_600,600,400,600,375,49,15.190000,0.068900,2.494800,true,40,320,180,1200
world4_high_600,600,400,600,375,50,15.158600,0.075500,2.534800,true,40,320,180,1200
world4_high_600,600,400,600,375,51,14.911200,0.080200,2.596200,true,40,320,180,1200
world4_high_600,600,400,600,375,52,14.940100,0.073000,2.846600,true,40,320,180,1200
world4_high_600,600,400,600,375,53,14.959000,0.069800,2.400500,true,40,320,180,1200
world4_high_600,600,400,600,375,54,15.014900,0.078100,2.345600,true,40,320,180,1200
world4_high_600,600,400,600,375,55,15.971900,0.085300,2.707400,true,40,320,180,1200
world4_high_600,600,400,600,375,56,15.293200,0.067500,2.789300,true,40,320,180,1200
world4_high_600,600,400,600,375,57,14.891600,0.076300,2.305500,true,40,320,180,1200
world4_high_600,600,400,600,375,58,15.138100,0.073100,2.381300,true,40,320,180,1200
world4_high_600,600,400,600,375,59,14.939800,0.069500,2.149600,true,40,320,180,1200
world4_high_600,600,400,600,375,60,16.005100,0.069200,2.372800,true,40,320,180,1200
world4_high_600,600,400,600,375,61,14.970600,0.076400,2.360400,true,40,320,180,1200
world4_high_600,600,400,600,375,62,14.957200,0.091200,2.330800,true,40,320,180,1200
world4_high_600,600,400,600,375,63,16.472300,0.081400,2.302100,true,40,320,180,1200
world4_high_600,600,400,600,375,64,16.296800,0.070300,2.323800,true,40,320,180,1200
world4_high_600,600,400,600,375,65,15.300600,0.088100,2.186900,true,40,320,180,1200
world4_high_600,600,400,600,375,66,15.020200,0.080200,2.710500,true,40,320,180,1200
world4_high_600,600,400,600,375,67,14.873000,0.092300,2.366000,true,40,320,180,1200
world4_high_600,600,400,600,375,68,14.929700,0.073700,2.781300,true,40,320,180,1200
world4_high_600,600,400,600,375,69,15.740500,0.078800,2.369100,true,40,320,180,1200
world4_high_600,600,400,600,375,70,17.562400,0.072700,2.336500,true,40,320,180,1200
world4_high_600,600,400,600,375,71,15.230100,0.077700,2.415000,true,40,320,180,1200
world4_high_600,600,400,600,375,72,14.975600,0.089400,2.316100,true,40,320,180,1200
world4_high_600,600,400,600,375,73,15.061700,0.083600,2.694400,true,40,320,180,1200
world4_high_600,600,400,600,375,74,14.646400,0.073700,2.382800,true,40,320,180,1200
world4_high_600,600,400,600,375,75,14.918100,0.076000,2.349100,true,40,320,180,1200
world4_high_600,600,400,600,375,76,14.886200,0.073600,2.192200,true,40,320,180,1200
world4_high_600,600,400,600,375,77,16.929900,0.072900,2.546100,true,40,320,180,1200
world4_high_600,600,400,600,375,78,15.098200,0.073800,2.570200,true,40,320,180,1200
world4_high_600,600,400,600,375,79,14.978400,0.072100,2.581000,true,40,320,180,1200
world4_high_600,600,400,600,375,80,14.755600,0.071900,2.290300,true,40,320,180,1200
world4_high_600,600,400,600,375,81,15.152400,0.080800,2.405100,true,40,320,180,1200
world4_high_600,600,400,600,375,82,14.961900,0.076200,2.295900,true,40,320,180,1200
world4_high_600,600,400,600,375,83,17.608600,0.075300,2.368500,true,40,320,180,1200
world4_high_600,600,400,600,375,84,16.108200,0.077000,2.769700,true,40,320,180,1200
world4_high_600,600,400,600,375,85,15.027000,0.074500,2.622600,true,40,320,180,1200
world4_high_600,600,400,600,375,86,14.890200,0.086400,2.688100,true,40,320,180,1200
world4_high_600,600,400,600,375,87,15.073000,0.078400,2.438200,true,40,320,180,1200
world4_high_600,600,400,600,375,88,14.760000,0.076400,2.204200,true,40,320,180,1200
world4_high_600,600,400,600,375,89,14.952300,0.082900,2.414400,true,40,320,180,1200
world4_high_600,600,400,600,375,90,17.350400,0.077600,2.518600,true,40,320,180,1200
world4_high_600,600,400,600,375,91,15.049800,0.083100,2.550900,true,40,320,180,1200
world4_high_600,600,400,600,375,92,15.052200,0.071800,2.301200,true,40,320,180,1200
world4_high_600,600,400,600,375,93,14.976700,0.077500,2.444600,true,40,320,180,1200
world4_high_600,600,400,600,375,94,15.369000,0.072500,2.496400,true,40,320,180,1200
world4_high_600,600,400,600,375,95,14.917400,0.083400,2.219300,true,40,320,180,1200
world4_high_600,600,400,600,375,96,17.072000,0.070600,2.450300,true,40,320,180,1200
world4_high_600,600,400,600,375,97,15.309400,0.086200,2.473100,true,40,320,180,1200
world4_high_1280,1280,800,1280,800,0,14.729400,0.085400,9.810200,true,40,320,180,1200
world4_high_1280,1280,800,1280,800,1,14.702700,0.072400,10.666100,true,40,320,180,1200
world4_high_1280,1280,800,1280,800,2,14.565700,0.073700,10.067300,true,40,320,180,1200
world4_high_1280,1280,800,1280,800,3,14.515300,0.072700,9.825600,true,40,320,180,1200
world4_high_1280,1280,800,1280,800,4,15.322100,0.078600,9.920400,true,40,320,180,1200
world4_high_1280,1280,800,1280,800,5,15.018100,0.079600,9.580400,true,40,320,180,1200
world4_high_1280,1280,800,1280,800,6,16.139900,0.079900,10.079700,true,40,320,180,1200
world4_high_1280,1280,800,1280,800,7,14.496700,0.064000,10.375500,true,40,320,180,1200
world4_high_1280,1280,800,1280,800,8,15.532100,0.073600,10.104500,true,40,320,180,1200
world4_high_1280,1280,800,1280,800,9,14.598300,0.093200,10.635100,true,40,320,180,1200
world4_high_1280,1280,800,1280,800,10,14.669500,0.076200,9.785300,true,40,320,180,1200
world4_high_1280,1280,800,1280,800,11,14.814900,0.077000,9.797500,true,40,320,180,1200
world4_high_1280,1280,800,1280,800,12,14.598800,0.072600,9.642200,true,40,320,180,1200
world4_high_1280,1280,800,1280,800,13,14.540300,0.070300,9.691000,true,40,320,180,1200
world4_high_1280,1280,800,1280,800,14,14.514700,0.071300,9.929600,true,40,320,180,1200
world4_high_1280,1280,800,1280,800,15,14.720300,0.071000,10.373100,true,40,320,180,1200
world4_high_1280,1280,800,1280,800,16,14.552200,0.074400,9.983600,true,40,320,180,1200
world4_high_1280,1280,800,1280,800,17,14.349200,0.073100,10.008400,true,40,320,180,1200
world4_high_1280,1280,800,1280,800,18,15.327800,0.086300,9.718500,true,40,320,180,1200
world4_high_1280,1280,800,1280,800,19,16.047700,0.074400,9.544500,true,40,320,180,1200
world4_high_1280,1280,800,1280,800,20,15.047700,0.072000,9.735200,true,40,320,180,1200
world4_high_1280,1280,800,1280,800,21,14.905200,0.068200,9.716400,true,40,320,180,1200
world4_high_1280,1280,800,1280,800,22,14.583900,0.076000,10.059000,true,40,320,180,1200
world4_high_1280,1280,800,1280,800,23,16.319900,0.075700,10.270800,true,40,320,180,1200
world4_high_1280,1280,800,1280,800,24,14.575000,0.072400,10.137800,true,40,320,180,1200
world4_high_1280,1280,800,1280,800,25,14.596800,0.094400,9.884100,true,40,320,180,1200
world4_high_1280,1280,800,1280,800,26,14.574600,0.100200,10.090900,true,40,320,180,1200
world4_high_1280,1280,800,1280,800,27,14.752100,0.093100,9.504500,true,40,320,180,1200
world4_high_1280,1280,800,1280,800,28,15.251200,0.069500,9.536400,true,40,320,180,1200
world4_high_1280,1280,800,1280,800,29,14.857100,0.073200,9.581600,true,40,320,180,1200
world4_high_1280,1280,800,1280,800,30,15.410300,0.072100,9.576600,true,40,320,180,1200
world4_high_1280,1280,800,1280,800,31,14.689600,0.074100,10.475200,true,40,320,180,1200
world4_high_1280,1280,800,1280,800,32,14.581000,0.076300,9.931600,true,40,320,180,1200
world4_high_1280,1280,800,1280,800,33,14.725200,0.071300,10.004000,true,40,320,180,1200
world4_high_1280,1280,800,1280,800,34,14.974300,0.076000,9.837300,true,40,320,180,1200
world4_high_1280,1280,800,1280,800,35,14.672300,0.085100,9.911200,true,40,320,180,1200
world4_high_1280,1280,800,1280,800,36,15.065200,0.075700,10.441900,true,40,320,180,1200
world4_high_1280,1280,800,1280,800,37,15.063600,0.074500,9.689500,true,40,320,180,1200
world4_high_1280,1280,800,1280,800,38,15.869500,0.084800,10.004700,true,40,320,180,1200
world4_high_1280,1280,800,1280,800,39,14.810500,0.080900,9.968000,true,40,320,180,1200
world4_high_1280,1280,800,1280,800,40,14.859600,0.075700,9.753200,true,40,320,180,1200
world4_high_1280,1280,800,1280,800,41,14.895600,0.095300,9.946700,true,40,320,180,1200
world4_high_1280,1280,800,1280,800,42,17.953000,0.071900,10.310600,true,40,320,180,1200
world4_high_1280,1280,800,1280,800,43,15.288400,0.075400,9.835500,true,40,320,180,1200
world4_high_1280,1280,800,1280,800,44,17.117600,0.070500,9.753100,true,40,320,180,1200
world4_high_1280,1280,800,1280,800,45,14.998800,0.066300,9.644800,true,40,320,180,1200
world4_high_1280,1280,800,1280,800,46,14.546300,0.078300,10.130300,true,40,320,180,1200
world4_high_1280,1280,800,1280,800,47,14.854700,0.105600,10.126700,true,40,320,180,1200
world4_high_1280,1280,800,1280,800,48,15.127300,0.077000,10.154000,true,40,320,180,1200
world4_high_1280,1280,800,1280,800,49,14.617200,0.087300,9.841900,true,40,320,180,1200
world4_high_1280,1280,800,1280,800,50,16.370600,0.074600,9.507700,true,40,320,180,1200
world4_high_1280,1280,800,1280,800,51,15.879200,0.069000,10.091000,true,40,320,180,1200
world4_high_1280,1280,800,1280,800,52,14.828900,0.073200,9.958000,true,40,320,180,1200
world4_high_1280,1280,800,1280,800,53,14.690800,0.074900,9.989300,true,40,320,180,1200
world4_high_1280,1280,800,1280,800,54,14.759100,0.080000,9.821900,true,40,320,180,1200
world4_high_1280,1280,800,1280,800,55,16.517800,0.069500,9.691800,true,40,320,180,1200
world4_high_1280,1280,800,1280,800,56,14.980800,0.077000,9.496100,true,40,320,180,1200
world4_high_1280,1280,800,1280,800,57,14.916400,0.077600,9.840400,true,40,320,180,1200
world4_high_1280,1280,800,1280,800,58,14.920400,0.067200,10.093500,true,40,320,180,1200
world4_high_1280,1280,800,1280,800,59,15.955800,0.073400,10.228100,true,40,320,180,1200
world4_high_1280,1280,800,1280,800,60,14.606400,0.079700,10.260100,true,40,320,180,1200
world4_high_1280,1280,800,1280,800,61,14.983400,0.077900,10.164600,true,40,320,180,1200
world4_high_1280,1280,800,1280,800,62,15.011700,0.073900,11.196100,true,40,320,180,1200
world4_high_1280,1280,800,1280,800,63,14.611800,0.072600,10.109100,true,40,320,180,1200
world4_high_1280,1280,800,1280,800,64,15.089800,0.078400,10.804300,true,40,320,180,1200
world4_high_1280,1280,800,1280,800,65,15.716200,0.084000,9.598000,true,40,320,180,1200
world4_high_1280,1280,800,1280,800,66,15.118300,0.074700,10.077800,true,40,320,180,1200
world4_high_1280,1280,800,1280,800,67,14.905500,0.068100,9.707600,true,40,320,180,1200
world4_high_1280,1280,800,1280,800,68,15.084700,0.073800,9.971600,true,40,320,180,1200
world4_high_1280,1280,800,1280,800,69,14.744000,0.074900,10.708600,true,40,320,180,1200
world5_normal_960,960,600,960,600,0,6.387700,0.074100,1.388700,true,6,32,12,120
world5_normal_960,960,600,960,600,1,6.776400,0.069300,1.320800,true,6,32,12,120
world5_normal_960,960,600,960,600,2,7.114700,0.074300,1.187500,true,6,32,12,120
world5_normal_960,960,600,960,600,3,6.937800,0.066300,1.412400,true,6,32,12,120
world5_normal_960,960,600,960,600,4,6.577800,0.079600,1.517800,true,6,32,12,120
world5_normal_960,960,600,960,600,5,6.462100,0.084100,1.204400,true,6,32,12,120
world5_normal_960,960,600,960,600,6,6.387100,0.070400,1.667600,true,6,32,12,120
world5_normal_960,960,600,960,600,7,6.968200,0.089800,1.328100,true,6,32,12,120
world5_normal_960,960,600,960,600,8,6.594000,0.065800,1.199700,true,6,32,12,120
world5_normal_960,960,600,960,600,9,6.991600,0.067400,1.412700,true,6,32,12,120
world5_normal_960,960,600,960,600,10,6.453800,0.083900,1.473100,true,6,32,12,120
world5_normal_960,960,600,960,600,11,6.504800,0.082700,1.261700,true,6,32,12,120
world5_normal_960,960,600,960,600,12,6.579500,0.066800,1.287300,true,6,32,12,120
world5_normal_960,960,600,960,600,13,6.615400,0.079400,1.461500,true,6,32,12,120
world5_normal_960,960,600,960,600,14,6.656900,0.067800,1.250200,true,6,32,12,120
world5_normal_960,960,600,960,600,15,6.594200,0.068000,1.406800,true,6,32,12,120
world5_normal_960,960,600,960,600,16,6.493200,0.084700,1.412700,true,6,32,12,120
world5_normal_960,960,600,960,600,17,6.490500,0.066400,1.215200,true,6,32,12,120
world5_normal_960,960,600,960,600,18,7.502200,0.068400,1.514700,true,6,32,12,120
world5_normal_960,960,600,960,600,19,7.264500,0.063400,1.202600,true,6,32,12,120
world5_normal_960,960,600,960,600,20,6.930500,0.070200,1.407000,true,7,32,12,120
world5_normal_960,960,600,960,600,21,6.451500,0.074600,1.491500,true,6,32,13,120
world5_normal_960,960,600,960,600,22,6.432700,0.071200,1.212500,true,6,32,12,120
world5_normal_960,960,600,960,600,23,6.450700,0.074700,1.450900,true,6,32,12,120
world5_normal_960,960,600,960,600,24,6.493200,0.070900,1.697200,true,6,32,12,120
world5_normal_960,960,600,960,600,25,6.567200,0.070400,1.209800,true,6,32,13,120
world5_normal_960,960,600,960,600,26,6.550500,0.070500,1.230300,true,6,32,12,120
world5_normal_960,960,600,960,600,27,6.671400,0.066000,1.449600,true,6,32,12,120
world5_normal_960,960,600,960,600,28,6.663700,0.074500,1.420400,true,6,32,12,120
world5_normal_960,960,600,960,600,29,6.763400,0.076800,1.521800,true,6,32,12,120
world5_normal_960,960,600,960,600,30,6.680600,0.090200,1.536300,true,6,32,12,120
world5_normal_960,960,600,960,600,31,6.635000,0.069500,1.329300,true,6,32,12,120
world5_normal_960,960,600,960,600,32,7.084900,0.075300,1.353100,true,6,32,12,120
world5_normal_960,960,600,960,600,33,6.833800,0.098500,1.588000,true,6,32,12,120
world5_normal_960,960,600,960,600,34,6.754800,0.066700,1.373800,true,6,32,12,120
world5_normal_960,960,600,960,600,35,6.715800,0.068200,1.516500,true,6,32,12,120
world5_normal_960,960,600,960,600,36,6.524700,0.075100,1.262100,true,6,32,12,120
world5_normal_960,960,600,960,600,37,6.539900,0.083900,1.563700,true,6,32,12,120
world5_normal_960,960,600,960,600,38,6.662500,0.083200,1.428500,true,6,32,12,120
world5_normal_960,960,600,960,600,39,6.779400,0.075700,1.276900,true,6,32,12,120
world5_normal_960,960,600,960,600,40,6.622000,0.072500,1.355200,true,6,32,12,120
world5_normal_960,960,600,960,600,41,6.791300,0.077400,1.550100,true,6,32,12,120
world5_normal_960,960,600,960,600,42,6.862100,0.066500,1.419700,true,6,32,12,120
world5_normal_960,960,600,960,600,43,6.844400,0.073200,1.444500,true,6,32,12,120
world5_normal_960,960,600,960,600,44,7.534300,0.073200,1.333400,true,6,32,12,120
world5_normal_960,960,600,960,600,45,7.107300,0.067600,1.421700,true,6,32,12,120
world5_normal_960,960,600,960,600,46,7.096000,0.071600,1.480300,true,6,32,12,120
world5_normal_960,960,600,960,600,47,6.591400,0.077000,1.440900,true,6,32,12,120
world5_normal_960,960,600,960,600,48,6.684400,0.068400,1.394600,true,6,32,12,120
world5_normal_960,960,600,960,600,49,7.270300,0.066100,1.224900,true,6,32,12,120
world5_normal_960,960,600,960,600,50,6.462000,0.085700,1.329400,true,6,32,12,120
world5_normal_960,960,600,960,600,51,6.620700,0.068900,1.461100,true,6,32,12,120
world5_normal_960,960,600,960,600,52,7.544200,0.072200,1.455100,true,6,32,12,120
world5_normal_960,960,600,960,600,53,6.721000,0.068200,1.400000,true,6,32,13,120
world5_normal_960,960,600,960,600,54,6.531800,0.077000,1.254300,true,6,32,12,120
world5_normal_960,960,600,960,600,55,6.692200,0.076600,1.274400,true,6,32,12,120
world5_normal_960,960,600,960,600,56,7.151300,0.069800,1.583400,true,6,32,12,120
world5_normal_960,960,600,960,600,57,6.753600,0.075000,1.266900,true,6,32,12,120
world5_normal_960,960,600,960,600,58,6.530200,0.075300,1.404700,true,6,32,12,120
world5_normal_960,960,600,960,600,59,6.728600,0.077400,1.395200,true,6,32,12,120
world5_normal_960,960,600,960,600,60,6.502500,0.074400,1.363700,true,6,32,12,120
world5_normal_960,960,600,960,600,61,6.492200,0.066800,1.363100,true,6,32,12,120
world5_normal_960,960,600,960,600,62,6.726700,0.067800,1.345900,true,6,32,12,120
world5_normal_960,960,600,960,600,63,7.088700,0.069300,1.266700,true,6,32,12,120
world5_normal_960,960,600,960,600,64,7.184200,0.065400,1.504600,true,6,32,12,120
world5_normal_960,960,600,960,600,65,7.246200,0.087000,1.225700,true,6,32,12,120
world5_normal_960,960,600,960,600,66,6.809100,0.068800,1.313800,true,6,32,12,120
world5_normal_960,960,600,960,600,67,6.729200,0.071800,1.304600,true,6,32,12,120
world5_normal_960,960,600,960,600,68,6.832000,0.115400,1.315300,true,6,32,12,120
world5_normal_960,960,600,960,600,69,7.333800,0.063400,1.228100,true,6,32,12,120
world5_normal_960,960,600,960,600,70,6.733600,0.081700,1.349100,true,7,32,12,120
world5_normal_960,960,600,960,600,71,6.915700,0.073900,1.343300,true,6,32,12,120
world5_normal_960,960,600,960,600,72,7.158900,0.084800,1.876600,true,6,32,12,120
world5_normal_960,960,600,960,600,73,7.988800,0.084800,1.433700,true,6,32,12,120
world5_normal_960,960,600,960,600,74,7.199400,0.089400,1.404800,true,6,32,12,120
world5_normal_960,960,600,960,600,75,6.879100,0.076400,1.318500,true,6,32,12,120
world5_normal_960,960,600,960,600,76,6.972800,0.073600,1.377300,true,6,32,12,120
world5_normal_960,960,600,960,600,77,7.572500,0.073900,1.235100,true,6,32,12,120
world5_normal_960,960,600,960,600,78,6.796400,0.087000,1.411700,true,6,32,12,120
world5_normal_960,960,600,960,600,79,6.781200,0.072400,1.598600,true,6,32,12,120
world5_normal_960,960,600,960,600,80,6.828800,0.077300,1.450600,true,6,32,12,120
world5_normal_960,960,600,960,600,81,7.668400,0.073900,1.531700,true,6,32,12,120
world5_normal_960,960,600,960,600,82,7.377300,0.085000,1.542100,true,6,32,12,120
world5_normal_960,960,600,960,600,83,6.786500,0.072100,1.500400,true,6,32,12,120
world5_normal_960,960,600,960,600,84,6.892900,0.077900,1.239900,true,6,32,12,120
world5_normal_960,960,600,960,600,85,6.937700,0.068900,1.435800,true,6,32,12,120
world5_normal_960,960,600,960,600,86,6.825100,0.083900,1.470400,true,6,32,12,120
world5_normal_960,960,600,960,600,87,6.761400,0.078500,1.560500,true,6,32,12,120
world5_normal_960,960,600,960,600,88,6.983800,0.068400,1.436400,true,7,32,12,120
world5_normal_960,960,600,960,600,89,6.966100,0.082700,1.490700,true,6,32,12,120
world5_normal_960,960,600,960,600,90,7.501000,0.087500,1.431700,true,6,32,12,120
world5_normal_960,960,600,960,600,91,6.883500,0.103600,1.386100,true,6,32,12,120
world5_normal_960,960,600,960,600,92,7.022700,0.077900,1.484800,true,6,32,12,120
world5_normal_960,960,600,960,600,93,6.863200,0.081500,1.560900,true,6,32,12,120
world5_normal_960,960,600,960,600,94,6.673000,0.080400,1.255900,true,6,32,12,120
world5_normal_960,960,600,960,600,95,6.832700,0.064400,1.426800,true,6,32,12,120
world5_normal_960,960,600,960,600,96,6.604800,0.079000,1.452000,true,6,32,12,120
world5_normal_960,960,600,960,600,97,6.734000,0.083900,1.250200,true,6,32,12,120
world5_normal_960,960,600,960,600,98,6.816900,0.067300,1.491500,true,6,32,12,120
world5_normal_960,960,600,960,600,99,6.665600,0.078100,1.475300,true,6,32,12,120
world5_normal_960,960,600,960,600,100,7.103800,0.077500,1.492500,true,6,32,12,120
world5_normal_960,960,600,960,600,101,6.685900,0.075400,1.382500,true,6,32,12,120
world5_normal_960,960,600,960,600,102,6.601400,0.081700,1.266600,true,6,32,12,120
world5_normal_960,960,600,960,600,103,6.413100,0.064000,1.455000,true,6,32,12,120
world5_normal_960,960,600,960,600,104,6.621400,0.067600,1.662200,true,6,32,12,120
world5_normal_960,960,600,960,600,105,6.680700,0.078700,1.276300,true,6,32,12,120
world5_normal_960,960,600,960,600,106,7.184900,0.076200,1.476800,true,6,32,12,120
world5_normal_960,960,600,960,600,107,7.239600,0.084300,1.313100,true,6,32,12,120
world5_normal_960,960,600,960,600,108,6.800900,0.069300,1.260200,true,6,32,12,120
world5_normal_960,960,600,960,600,109,7.158800,0.073000,1.342100,true,6,32,12,120
world5_normal_960,960,600,960,600,110,6.862000,0.084100,1.584000,true,6,32,12,120
world5_normal_960,960,600,960,600,111,7.871300,0.065100,1.776000,true,6,32,12,120
world5_normal_960,960,600,960,600,112,7.992800,0.073500,1.391300,true,6,32,12,120
world5_normal_960,960,600,960,600,113,8.104900,0.084000,1.282800,true,6,32,12,120
world5_normal_960,960,600,960,600,114,6.832400,0.082400,1.545800,true,6,32,12,120
world5_normal_960,960,600,960,600,115,7.789300,0.084000,1.339100,true,6,32,12,120
world5_normal_960,960,600,960,600,116,9.895000,0.079800,1.514700,true,6,32,12,120
world5_normal_960,960,600,960,600,117,7.708600,0.069500,1.253600,true,6,32,12,120
world5_normal_960,960,600,960,600,118,7.039400,0.071200,1.492800,true,6,32,12,120
world5_normal_960,960,600,960,600,119,7.819700,0.071600,1.257500,true,6,32,12,120
world5_normal_960,960,600,960,600,120,7.458400,0.070100,1.477500,true,6,32,12,120
world5_normal_960,960,600,960,600,121,9.216600,0.078500,1.358500,true,6,32,12,120
world5_normal_960,960,600,960,600,122,7.485500,0.093100,1.879100,true,6,32,12,120
world5_normal_960,960,600,960,600,123,6.917600,0.068800,1.396100,true,6,32,12,120
world5_normal_960,960,600,960,600,124,7.167700,0.092000,2.289800,true,6,32,12,120
world5_normal_960,960,600,960,600,125,6.809400,0.064400,1.242800,true,6,32,12,120
world5_normal_960,960,600,960,600,126,6.943400,0.074400,1.636300,true,6,32,12,120
world5_normal_960,960,600,960,600,127,6.886300,0.090100,1.482400,true,6,32,12,120
world5_normal_960,960,600,960,600,128,6.908800,0.071300,1.467300,true,6,32,12,120
world5_normal_960,960,600,960,600,129,6.870800,0.082900,1.213600,true,6,32,12,120
world5_normal_960,960,600,960,600,130,7.017300,0.078700,1.282800,true,6,32,12,120
world5_normal_960,960,600,960,600,131,7.659200,0.079400,1.293600,true,6,32,13,120
world5_normal_960,960,600,960,600,132,6.910800,0.079400,1.422500,true,6,32,12,120
world5_normal_960,960,600,960,600,133,6.709500,0.072200,1.528900,true,6,32,12,120
world5_normal_960,960,600,960,600,134,6.712200,0.082500,1.302100,true,6,32,12,120
world5_normal_960,960,600,960,600,135,6.748800,0.078300,1.259900,true,6,32,13,120
world5_normal_960,960,600,960,600,136,6.741300,0.090700,1.386200,true,6,32,12,120
world5_normal_960,960,600,960,600,137,6.978100,0.078200,1.286600,true,6,32,12,120
world5_normal_960,960,600,960,600,138,6.766100,0.068900,1.504200,true,6,32,12,120
world5_normal_960,960,600,960,600,139,6.824100,0.084400,1.285100,true,6,32,12,120
world5_normal_960,960,600,960,600,140,7.224200,0.076100,1.530100,true,6,32,12,120
world5_normal_960,960,600,960,600,141,7.274900,0.092700,1.488900,true,6,32,12,120
world5_normal_960,960,600,960,600,142,6.649200,0.075300,1.482400,true,6,32,12,120
world5_normal_960,960,600,960,600,143,7.203500,0.066700,1.564500,true,6,32,12,120
world5_normal_960,960,600,960,600,144,6.686000,0.075600,1.405500,true,6,32,12,120
world5_normal_960,960,600,960,600,145,6.707900,0.071900,1.376000,true,6,32,12,120
world5_normal_960,960,600,960,600,146,6.746400,0.073100,1.477000,true,6,32,12,120
world5_normal_960,960,600,960,600,147,6.981900,0.079800,1.250800,true,6,32,12,120
world5_normal_960,960,600,960,600,148,7.096700,0.069700,1.335200,true,6,32,12,120
world5_normal_960,960,600,960,600,149,6.993600,0.093300,1.328700,true,6,32,12,120
world5_normal_960,960,600,960,600,150,7.830600,0.076300,1.227800,true,6,32,12,120
world5_normal_960,960,600,960,600,151,6.719200,0.105200,1.633100,true,6,32,12,120
world5_normal_960,960,600,960,600,152,6.798700,0.072400,1.469400,true,6,32,12,120
world5_normal_960,960,600,960,600,153,6.754600,0.071400,1.524300,true,6,32,12,120
world5_normal_960,960,600,960,600,154,7.111000,0.075900,1.408700,true,6,32,12,120
world5_normal_960,960,600,960,600,155,6.685700,0.071000,1.215200,true,6,32,12,120
world5_normal_960,960,600,960,600,156,6.593700,0.070600,1.482600,true,6,32,12,120
world5_normal_960,960,600,960,600,157,8.168300,0.065100,1.260000,true,6,32,12,120
world5_normal_960,960,600,960,600,158,6.955900,0.068500,1.452500,true,6,32,12,120
world5_normal_960,960,600,960,600,159,7.117600,0.070400,1.328100,true,6,32,12,120
world5_normal_960,960,600,960,600,160,7.459500,0.065000,2.011600,true,6,32,12,120
world5_normal_960,960,600,960,600,161,7.176000,0.070900,1.286500,true,6,32,12,120
world5_normal_960,960,600,960,600,162,6.906500,0.067900,1.399000,true,6,32,12,120
world5_normal_960,960,600,960,600,163,6.942800,0.077000,1.302100,true,6,32,12,120
world5_normal_960,960,600,960,600,164,7.089600,0.067800,1.408000,true,6,32,12,120
world5_normal_960,960,600,960,600,165,6.816400,0.070600,1.333900,true,6,32,12,120
world5_normal_960,960,600,960,600,166,6.608400,0.080100,1.350900,true,6,32,12,120
world5_normal_960,960,600,960,600,167,6.544600,0.068900,1.337800,true,6,32,12,120
world5_normal_960,960,600,960,600,168,6.636400,0.077700,1.321700,true,6,32,12,120
world5_normal_960,960,600,960,600,169,7.221300,0.065400,1.267300,true,6,32,12,120
world5_normal_960,960,600,960,600,170,6.665300,0.070200,1.371200,true,6,32,12,120
world5_normal_960,960,600,960,600,171,6.749300,0.069500,1.413900,true,6,32,12,120
world5_normal_960,960,600,960,600,172,8.687200,0.077700,1.462200,true,6,32,12,120
world5_normal_960,960,600,960,600,173,7.056600,0.091800,1.406600,true,6,32,12,120
world5_normal_960,960,600,960,600,174,6.659700,0.078600,1.400500,true,6,32,12,120
world5_normal_960,960,600,960,600,175,7.091400,0.078300,1.491700,true,6,32,12,120
world5_normal_960,960,600,960,600,176,6.773100,0.073200,1.583500,true,6,32,12,120
world5_normal_960,960,600,960,600,177,7.077500,0.071600,1.410600,true,6,32,12,120
world5_normal_960,960,600,960,600,178,7.121100,0.085700,1.288400,true,6,32,12,120
world5_normal_960,960,600,960,600,179,6.662600,0.068100,1.388500,true,6,32,12,120
world5_normal_960,960,600,960,600,180,6.623500,0.067700,1.743900,true,6,32,12,120
world5_normal_960,960,600,960,600,181,7.720900,0.075800,1.379600,true,6,32,12,120
world5_normal_960,960,600,960,600,182,7.399200,0.073800,1.359700,true,6,32,12,120
world5_normal_960,960,600,960,600,183,6.763800,0.080800,1.280500,true,6,32,12,120
world5_normal_960,960,600,960,600,184,8.248800,0.075600,1.409200,true,6,32,12,120
world5_normal_960,960,600,960,600,185,6.651400,0.113300,2.550700,true,6,32,12,120
world5_normal_960,960,600,960,600,186,7.249700,0.068600,1.475300,true,6,32,12,120
world5_normal_960,960,600,960,600,187,7.026600,0.090900,1.259300,true,6,32,12,120
world5_normal_960,960,600,960,600,188,6.714900,0.068100,1.412200,true,6,32,12,120
world5_normal_960,960,600,960,600,189,7.080300,0.083300,1.469500,true,6,32,12,120
world5_normal_960,960,600,960,600,190,6.654000,0.072000,1.265900,true,6,32,12,120
world5_normal_960,960,600,960,600,191,6.668300,0.106000,1.381400,true,6,32,12,120
world5_normal_960,960,600,960,600,192,6.503300,0.080100,1.479300,true,6,32,12,120
world5_normal_960,960,600,960,600,193,6.887400,0.077700,1.550200,true,6,32,12,120
world5_normal_960,960,600,960,600,194,6.765400,0.069400,1.334800,true,6,32,12,120
world5_normal_960,960,600,960,600,195,7.389500,0.082900,1.265000,true,6,32,12,120
world5_normal_960,960,600,960,600,196,6.633700,0.083100,1.527500,true,6,32,12,120
world5_normal_960,960,600,960,600,197,6.656100,0.073800,1.459400,true,6,32,12,120
world5_normal_960,960,600,960,600,198,11.118300,0.082400,1.512700,true,6,32,12,120
world5_normal_960,960,600,960,600,199,6.836600,0.069600,1.268500,true,6,32,12,120
world5_normal_960,960,600,960,600,200,6.708700,0.072900,1.450300,true,6,32,12,120
world5_normal_960,960,600,960,600,201,6.866800,0.089900,1.294600,true,6,32,12,120
world5_normal_960,960,600,960,600,202,6.492300,0.078800,1.319600,true,6,32,12,120
world5_normal_960,960,600,960,600,203,6.564500,0.069400,1.343600,true,6,32,12,120
world5_normal_960,960,600,960,600,204,8.024500,0.071500,1.272100,true,6,32,12,120
world5_normal_960,960,600,960,600,205,6.823700,0.070100,1.223200,true,6,32,12,120
world5_normal_600,600,400,600,375,0,6.606700,0.079400,2.198000,true,6,32,12,120
world5_normal_600,600,400,600,375,1,6.612300,0.074200,2.638100,true,6,32,12,120
world5_normal_600,600,400,600,375,2,6.425000,0.086400,2.196700,true,6,32,12,120
world5_normal_600,600,400,600,375,3,6.814700,0.075100,2.259900,true,6,32,12,120
world5_normal_600,600,400,600,375,4,6.730200,0.074800,2.201300,true,6,32,12,120
world5_normal_600,600,400,600,375,5,6.576300,0.069000,2.527400,true,6,32,12,120
world5_normal_600,600,400,600,375,6,6.952800,0.081600,2.379400,true,6,32,12,120
world5_normal_600,600,400,600,375,7,6.644200,0.075100,2.538800,true,6,32,12,120
world5_normal_600,600,400,600,375,8,6.560500,0.073100,2.216600,true,6,32,12,120
world5_normal_600,600,400,600,375,9,6.567300,0.067100,2.487300,true,6,32,12,120
world5_normal_600,600,400,600,375,10,6.685100,0.072300,2.181700,true,6,32,12,120
world5_normal_600,600,400,600,375,11,6.490300,0.087200,2.454300,true,6,32,12,120
world5_normal_600,600,400,600,375,12,7.125000,0.073600,2.688800,true,6,32,12,120
world5_normal_600,600,400,600,375,13,7.439600,0.094400,2.239900,true,6,32,12,120
world5_normal_600,600,400,600,375,14,6.765400,0.072200,2.377700,true,6,32,12,120
world5_normal_600,600,400,600,375,15,6.579000,0.077200,2.406800,true,6,32,12,120
world5_normal_600,600,400,600,375,16,6.461200,0.075400,2.414200,true,6,32,12,120
world5_normal_600,600,400,600,375,17,6.379900,0.076000,2.476400,true,6,32,12,120
world5_normal_600,600,400,600,375,18,6.522000,0.083300,2.422600,true,6,32,12,120
world5_normal_600,600,400,600,375,19,6.385900,0.076000,2.438500,true,6,32,12,120
world5_normal_600,600,400,600,375,20,7.276600,0.087500,2.834800,true,6,32,12,120
world5_normal_600,600,400,600,375,21,7.176500,0.069600,2.199500,true,6,32,12,120
world5_normal_600,600,400,600,375,22,6.457300,0.069400,2.345200,true,6,32,12,120
world5_normal_600,600,400,600,375,23,6.550600,0.068500,2.554400,true,6,32,12,120
world5_normal_600,600,400,600,375,24,6.548900,0.068300,2.639700,true,6,32,12,120
world5_normal_600,600,400,600,375,25,6.464000,0.072800,2.430300,true,6,32,12,120
world5_normal_600,600,400,600,375,26,6.485300,0.069800,2.399300,true,6,32,12,120
world5_normal_600,600,400,600,375,27,6.431200,0.074300,2.405500,true,6,32,12,120
world5_normal_600,600,400,600,375,28,6.360900,0.067700,2.869800,true,6,32,12,120
world5_normal_600,600,400,600,375,29,6.427200,0.070800,2.210500,true,6,32,12,120
world5_normal_600,600,400,600,375,30,6.517500,0.069600,2.585100,true,7,32,12,120
world5_normal_600,600,400,600,375,31,7.825000,0.071100,2.283800,true,6,32,13,120
world5_normal_600,600,400,600,375,32,6.836200,0.083600,2.385500,true,6,32,12,120
world5_normal_600,600,400,600,375,33,6.531200,0.071300,2.654100,true,6,32,12,120
world5_normal_600,600,400,600,375,34,6.305600,0.083100,2.454500,true,6,32,12,120
world5_normal_600,600,400,600,375,35,6.540700,0.068600,2.202000,true,6,32,13,120
world5_normal_600,600,400,600,375,36,6.513800,0.089100,2.474800,true,6,32,12,120
world5_normal_600,600,400,600,375,37,6.427300,0.071400,2.250800,true,6,32,12,120
world5_normal_600,600,400,600,375,38,6.404100,0.079000,2.305200,true,6,32,12,120
world5_normal_600,600,400,600,375,39,6.406300,0.069900,2.272300,true,6,32,12,120
world5_normal_600,600,400,600,375,40,6.714300,0.069700,2.976600,true,6,32,12,120
world5_normal_600,600,400,600,375,41,6.537700,0.077200,2.390900,true,6,32,12,120
world5_normal_600,600,400,600,375,42,6.471700,0.070100,2.420600,true,6,32,12,120
world5_normal_600,600,400,600,375,43,6.230900,0.070600,2.149800,true,6,32,12,120
world5_normal_600,600,400,600,375,44,6.445000,0.072300,2.551800,true,6,32,12,120
world5_normal_600,600,400,600,375,45,8.035100,0.085200,2.156900,true,6,32,12,120
world5_normal_600,600,400,600,375,46,7.019100,0.074500,2.292400,true,6,32,12,120
world5_normal_600,600,400,600,375,47,6.278900,0.066100,2.142600,true,6,32,12,120
world5_normal_600,600,400,600,375,48,6.393700,0.079800,2.666300,true,6,32,12,120
world5_normal_600,600,400,600,375,49,6.344400,0.071300,2.377000,true,6,32,12,120
world5_normal_600,600,400,600,375,50,6.393900,0.092000,2.459300,true,6,32,12,120
world5_normal_600,600,400,600,375,51,6.280700,0.075200,2.153200,true,6,32,12,120
world5_normal_600,600,400,600,375,52,6.738000,0.070000,2.496200,true,6,32,12,120
world5_normal_600,600,400,600,375,53,6.310300,0.071300,2.196300,true,6,32,12,120
world5_normal_600,600,400,600,375,54,6.569800,0.071500,2.640500,true,6,32,12,120
world5_normal_600,600,400,600,375,55,6.375300,0.068500,2.167900,true,6,32,12,120
world5_normal_600,600,400,600,375,56,7.172100,0.068900,2.434500,true,6,32,12,120
world5_normal_600,600,400,600,375,57,7.299000,0.090400,2.409300,true,6,32,12,120
world5_normal_600,600,400,600,375,58,6.366300,0.086600,2.475200,true,6,32,12,120
world5_normal_600,600,400,600,375,59,6.411300,0.073700,2.241700,true,6,32,12,120
world5_normal_600,600,400,600,375,60,6.542100,0.081600,2.305700,true,6,32,12,120
world5_normal_600,600,400,600,375,61,6.371100,0.073300,2.298400,true,6,32,12,120
world5_normal_600,600,400,600,375,62,6.776300,0.075000,2.300500,true,6,32,12,120
world5_normal_600,600,400,600,375,63,6.696500,0.070700,2.714100,true,6,32,13,120
world5_normal_600,600,400,600,375,64,6.368800,0.078000,2.467300,true,6,32,12,120
world5_normal_600,600,400,600,375,65,6.383400,0.067400,2.202200,true,6,32,12,120
world5_normal_600,600,400,600,375,66,6.399900,0.071100,2.527800,true,6,32,12,120
world5_normal_600,600,400,600,375,67,6.995800,0.062200,2.370900,true,6,32,12,120
world5_normal_600,600,400,600,375,68,6.459000,0.085400,2.411400,true,6,32,12,120
world5_normal_600,600,400,600,375,69,6.282900,0.078000,2.656100,true,6,32,12,120
world5_normal_600,600,400,600,375,70,6.320600,0.071400,2.723700,true,6,32,12,120
world5_normal_600,600,400,600,375,71,6.334700,0.075300,2.418000,true,6,32,12,120
world5_normal_600,600,400,600,375,72,6.820200,0.073200,2.340700,true,6,32,12,120
world5_normal_600,600,400,600,375,73,6.374500,0.069400,2.185000,true,6,32,12,120
world5_normal_600,600,400,600,375,74,6.344700,0.082200,2.683400,true,6,32,12,120
world5_normal_600,600,400,600,375,75,6.364800,0.070600,2.205500,true,6,32,12,120
world5_normal_600,600,400,600,375,76,6.485000,0.070000,2.888400,true,6,32,12,120
world5_normal_600,600,400,600,375,77,6.367800,0.072000,2.173900,true,6,32,12,120
world5_normal_600,600,400,600,375,78,6.437700,0.075000,2.916300,true,6,32,12,120
world5_normal_600,600,400,600,375,79,6.614400,0.065100,2.144300,true,6,32,12,120
world5_normal_600,600,400,600,375,80,6.788500,0.080200,2.580000,true,7,32,12,120
world5_normal_600,600,400,600,375,81,7.249400,0.064100,2.152100,true,6,32,12,120
world5_normal_600,600,400,600,375,82,6.809700,0.088200,2.181700,true,6,32,12,120
world5_normal_600,600,400,600,375,83,7.100900,0.070800,2.774200,true,6,32,12,120
world5_normal_600,600,400,600,375,84,6.254000,0.104300,2.631000,true,6,32,12,120
world5_normal_600,600,400,600,375,85,6.385000,0.071100,2.162500,true,6,32,12,120
world5_normal_600,600,400,600,375,86,6.580500,0.078000,2.450300,true,6,32,12,120
world5_normal_600,600,400,600,375,87,6.558800,0.072800,2.385700,true,6,32,12,120
world5_normal_600,600,400,600,375,88,6.357100,0.083300,2.431600,true,6,32,12,120
world5_normal_600,600,400,600,375,89,6.877000,0.070000,2.346600,true,6,32,12,120
world5_normal_600,600,400,600,375,90,6.883700,0.077000,2.286800,true,6,32,12,120
world5_normal_600,600,400,600,375,91,6.513300,0.088100,2.347000,true,6,32,12,120
world5_normal_600,600,400,600,375,92,6.789100,0.077800,2.606000,true,6,32,12,120
world5_normal_600,600,400,600,375,93,6.429300,0.073300,2.479700,true,6,32,12,120
world5_normal_600,600,400,600,375,94,6.271200,0.085300,2.602600,true,6,32,12,120
world5_normal_600,600,400,600,375,95,6.348600,0.067800,2.430800,true,6,32,12,120
world5_normal_600,600,400,600,375,96,6.585100,0.081000,2.256300,true,6,32,12,120
world5_normal_600,600,400,600,375,97,6.335400,0.069500,2.234500,true,6,32,12,120
world5_normal_600,600,400,600,375,98,6.495800,0.095900,2.304400,true,7,32,12,120
world5_normal_600,600,400,600,375,99,6.855600,0.086800,2.416100,true,6,32,12,120
world5_normal_600,600,400,600,375,100,6.438700,0.084900,2.452100,true,6,32,12,120
world5_normal_600,600,400,600,375,101,6.434900,0.083000,2.332400,true,6,32,12,120
world5_normal_600,600,400,600,375,102,6.399500,0.076800,2.492300,true,6,32,12,120
world5_normal_600,600,400,600,375,103,6.731500,0.081000,2.445400,true,6,32,12,120
world5_normal_600,600,400,600,375,104,6.367700,0.154600,2.505100,true,6,32,12,120
world5_normal_600,600,400,600,375,105,6.381300,0.098500,2.427300,true,6,32,12,120
world5_normal_600,600,400,600,375,106,6.309500,0.095300,2.712900,true,6,32,12,120
world5_normal_600,600,400,600,375,107,6.301300,0.071900,2.370200,true,6,32,12,120
world5_normal_600,600,400,600,375,108,6.303000,0.082600,2.713200,true,6,32,12,120
world5_normal_600,600,400,600,375,109,6.652500,0.081200,2.191900,true,6,32,12,120
world5_normal_600,600,400,600,375,110,7.037100,0.073200,2.307800,true,6,32,12,120
world5_normal_600,600,400,600,375,111,6.756300,0.073000,2.267000,true,6,32,12,120
world5_normal_600,600,400,600,375,112,6.388800,0.112300,2.290100,true,6,32,12,120
world5_normal_600,600,400,600,375,113,7.328700,0.072200,2.397600,true,6,32,12,120
world5_normal_600,600,400,600,375,114,6.531800,0.083000,2.230500,true,6,32,12,120
world5_normal_600,600,400,600,375,115,7.119300,0.068600,2.802700,true,6,32,12,120
world5_normal_600,600,400,600,375,116,6.343100,0.077900,2.375500,true,6,32,12,120
world5_normal_600,600,400,600,375,117,6.445000,0.075300,2.579800,true,6,32,12,120
world5_normal_600,600,400,600,375,118,6.865400,0.071500,2.285700,true,6,32,12,120
world5_normal_600,600,400,600,375,119,6.657500,0.086500,2.910800,true,6,32,12,120
world5_normal_600,600,400,600,375,120,6.260400,0.076300,2.371500,true,6,32,12,120
world5_normal_600,600,400,600,375,121,6.533100,0.085100,2.193400,true,6,32,12,120
world5_normal_600,600,400,600,375,122,6.259200,0.084100,2.172100,true,6,32,12,120
world5_normal_600,600,400,600,375,123,6.925400,0.076000,2.889800,true,6,32,12,120
world5_normal_600,600,400,600,375,124,6.390500,0.075900,2.221000,true,6,32,12,120
world5_normal_600,600,400,600,375,125,6.508200,0.070300,2.594700,true,6,32,12,120
world5_normal_600,600,400,600,375,126,6.384700,0.072200,2.176800,true,6,32,12,120
world5_normal_600,600,400,600,375,127,6.573100,0.065100,2.818800,true,6,32,12,120
world5_normal_600,600,400,600,375,128,6.598500,0.072800,2.172700,true,6,32,12,120
world5_normal_600,600,400,600,375,129,6.378700,0.072400,2.602900,true,6,32,12,120
world5_normal_600,600,400,600,375,130,6.269700,0.093800,2.287800,true,6,32,12,120
world5_normal_600,600,400,600,375,131,6.562300,0.083400,2.537900,true,6,32,12,120
world5_normal_600,600,400,600,375,132,7.074900,0.077500,2.243600,true,6,32,12,120
world5_normal_600,600,400,600,375,133,6.365100,0.073400,2.788800,true,6,32,12,120
world5_normal_600,600,400,600,375,134,6.471400,0.072400,2.193600,true,6,32,12,120
world5_normal_600,600,400,600,375,135,6.812000,0.084400,2.437500,true,6,32,12,120
world5_normal_600,600,400,600,375,136,6.402800,0.080000,2.185200,true,6,32,12,120
world5_normal_600,600,400,600,375,137,6.579600,0.086100,2.662500,true,6,32,12,120
world5_normal_600,600,400,600,375,138,6.308900,0.076400,2.228000,true,6,32,12,120
world5_normal_600,600,400,600,375,139,6.591900,0.077600,2.918600,true,6,32,12,120
world5_normal_600,600,400,600,375,140,6.357800,0.072900,2.417000,true,6,32,12,120
world5_normal_600,600,400,600,375,141,6.915900,0.076400,2.802600,true,6,32,13,120
world5_normal_600,600,400,600,375,142,6.308500,0.071000,2.169000,true,6,32,12,120
world5_normal_600,600,400,600,375,143,6.565400,0.072600,3.518200,true,6,32,12,120
world5_normal_600,600,400,600,375,144,6.276300,0.075900,2.260600,true,6,32,12,120
world5_normal_600,600,400,600,375,145,6.701600,0.076300,2.440200,true,6,32,13,120
world5_normal_600,600,400,600,375,146,6.567900,0.077000,2.419000,true,6,32,12,120
world5_normal_600,600,400,600,375,147,6.410800,0.066600,2.480400,true,6,32,12,120
world5_normal_600,600,400,600,375,148,6.265000,0.078700,2.321300,true,6,32,12,120
world5_normal_600,600,400,600,375,149,6.490200,0.060600,2.269400,true,6,32,12,120
world5_normal_600,600,400,600,375,150,6.287900,0.080500,2.193300,true,6,32,12,120
world5_normal_600,600,400,600,375,151,7.591300,0.231400,2.462400,true,6,32,12,120
world5_normal_600,600,400,600,375,152,6.306800,0.065900,2.159100,true,6,32,12,120
world5_normal_600,600,400,600,375,153,6.845100,0.068800,2.398600,true,6,32,12,120
world5_normal_600,600,400,600,375,154,6.638600,0.072100,2.348800,true,6,32,12,120
world5_normal_600,600,400,600,375,155,6.760600,0.081600,2.226500,true,6,32,12,120
world5_normal_600,600,400,600,375,156,6.464600,0.077200,2.337600,true,6,32,12,120
world5_normal_600,600,400,600,375,157,7.123000,0.116200,2.474800,true,6,32,12,120
world5_normal_600,600,400,600,375,158,7.858400,0.076200,2.308100,true,6,32,12,120
world5_normal_600,600,400,600,375,159,8.513100,0.097800,2.478000,true,6,32,12,120
world5_normal_600,600,400,600,375,160,9.543000,0.071900,2.571200,true,6,32,12,120
world5_normal_600,600,400,600,375,161,6.715500,0.087000,2.306300,true,6,32,12,120
world5_normal_600,600,400,600,375,162,6.539300,0.072700,2.706200,true,6,32,12,120
world5_normal_600,600,400,600,375,163,6.632100,0.092800,2.373900,true,6,32,12,120
world5_normal_600,600,400,600,375,164,6.720800,0.076300,2.557700,true,6,32,12,120
world5_normal_600,600,400,600,375,165,7.948300,0.071900,2.211600,true,6,32,12,120
world5_normal_600,600,400,600,375,166,6.800900,0.075100,2.340600,true,6,32,12,120
world5_normal_600,600,400,600,375,167,7.402400,0.081300,2.886200,true,6,32,12,120
world5_normal_600,600,400,600,375,168,7.096700,0.081800,2.398900,true,6,32,12,120
world5_normal_600,600,400,600,375,169,6.675200,0.074200,2.331800,true,6,32,12,120
world5_normal_600,600,400,600,375,170,7.206300,0.072700,2.231900,true,6,32,12,120
world5_normal_600,600,400,600,375,171,6.732900,0.075300,2.398900,true,6,32,12,120
world5_normal_600,600,400,600,375,172,6.244400,0.067200,2.232300,true,6,32,12,120
world5_normal_600,600,400,600,375,173,6.581200,0.071300,2.669500,true,6,32,12,120
world5_normal_600,600,400,600,375,174,7.372600,0.066400,2.438600,true,6,32,12,120
world5_normal_600,600,400,600,375,175,6.337300,0.071300,2.504500,true,6,32,12,120
world5_normal_600,600,400,600,375,176,6.344500,0.068700,2.162400,true,6,32,12,120
world5_normal_600,600,400,600,375,177,6.811600,0.077600,2.742900,true,6,32,12,120
world5_normal_600,600,400,600,375,178,6.315900,0.075700,2.646500,true,6,32,12,120
world5_normal_600,600,400,600,375,179,6.277900,0.067600,2.642400,true,6,32,12,120
world5_normal_600,600,400,600,375,180,6.450900,0.075700,2.191900,true,6,32,12,120
world5_normal_600,600,400,600,375,181,6.353900,0.067700,2.998100,true,6,32,12,120
world5_normal_600,600,400,600,375,182,6.557400,0.074700,2.383800,true,6,32,12,120
world5_normal_600,600,400,600,375,183,6.672600,0.069700,2.303200,true,6,32,12,120
world5_normal_600,600,400,600,375,184,7.546100,0.070100,2.361900,true,6,32,12,120
world5_normal_600,600,400,600,375,185,6.678000,0.088100,2.958400,true,6,32,12,120
world5_normal_600,600,400,600,375,186,7.765800,0.075800,2.367200,true,6,32,12,120
world5_normal_600,600,400,600,375,187,7.762500,0.077000,2.492200,true,6,32,12,120
world5_normal_600,600,400,600,375,188,7.942100,0.073300,2.253300,true,6,32,12,120
world5_normal_600,600,400,600,375,189,8.419500,0.138100,2.414700,true,6,32,12,120
world5_normal_1280,1280,800,1280,800,0,6.761700,0.073100,9.738300,true,6,32,12,120
world5_normal_1280,1280,800,1280,800,1,6.364800,0.073100,9.614500,true,6,32,12,120
world5_normal_1280,1280,800,1280,800,2,6.307800,0.071800,9.910800,true,6,32,12,120
world5_normal_1280,1280,800,1280,800,3,6.731100,0.074100,9.607300,true,6,32,12,120
world5_normal_1280,1280,800,1280,800,4,6.244700,0.066300,9.914400,true,6,32,12,120
world5_normal_1280,1280,800,1280,800,5,6.537800,0.095600,9.922800,true,6,32,12,120
world5_normal_1280,1280,800,1280,800,6,7.263100,0.065100,9.836700,true,6,32,12,120
world5_normal_1280,1280,800,1280,800,7,6.372200,0.073000,10.238900,true,6,32,12,120
world5_normal_1280,1280,800,1280,800,8,6.247100,0.077000,9.608800,true,6,32,12,120
world5_normal_1280,1280,800,1280,800,9,6.659600,0.082200,9.830200,true,6,32,12,120
world5_normal_1280,1280,800,1280,800,10,6.456900,0.075600,9.906800,true,6,32,12,120
world5_normal_1280,1280,800,1280,800,11,6.186800,0.075700,9.586000,true,6,32,12,120
world5_normal_1280,1280,800,1280,800,12,6.163700,0.085300,9.690400,true,6,32,12,120
world5_normal_1280,1280,800,1280,800,13,6.337800,0.071700,10.278600,true,6,32,12,120
world5_normal_1280,1280,800,1280,800,14,6.832900,0.070600,9.652000,true,6,32,12,120
world5_normal_1280,1280,800,1280,800,15,7.182100,0.079200,9.798800,true,6,32,12,120
world5_normal_1280,1280,800,1280,800,16,7.124800,0.069000,9.833500,true,6,32,12,120
world5_normal_1280,1280,800,1280,800,17,6.327400,0.082300,9.789900,true,6,32,12,120
world5_normal_1280,1280,800,1280,800,18,6.793500,0.090900,9.876700,true,6,32,12,120
world5_normal_1280,1280,800,1280,800,19,6.508000,0.071100,9.600500,true,6,32,12,120
world5_normal_1280,1280,800,1280,800,20,6.358100,0.087900,9.823400,true,6,32,12,120
world5_normal_1280,1280,800,1280,800,21,6.771200,0.069400,9.880300,true,6,32,12,120
world5_normal_1280,1280,800,1280,800,22,6.742100,0.068900,10.596700,true,6,32,12,120
world5_normal_1280,1280,800,1280,800,23,6.200500,0.072800,9.573700,true,6,32,12,120
world5_normal_1280,1280,800,1280,800,24,6.236900,0.102600,10.164000,true,6,32,12,120
world5_normal_1280,1280,800,1280,800,25,6.368000,0.077600,9.952500,true,6,32,12,120
world5_normal_1280,1280,800,1280,800,26,6.293000,0.067000,10.257900,true,6,32,12,120
world5_normal_1280,1280,800,1280,800,27,6.140800,0.090700,9.577900,true,6,32,12,120
world5_normal_1280,1280,800,1280,800,28,6.641700,0.079100,10.169900,true,6,32,12,120
world5_normal_1280,1280,800,1280,800,29,6.451100,0.081000,9.874700,true,6,32,12,120
world5_normal_1280,1280,800,1280,800,30,6.246700,0.071900,9.660400,true,6,32,12,120
world5_normal_1280,1280,800,1280,800,31,6.322400,0.077400,9.950300,true,6,32,12,120
world5_normal_1280,1280,800,1280,800,32,6.616000,0.082000,10.634000,true,6,32,12,120
world5_normal_1280,1280,800,1280,800,33,6.579400,0.066500,9.715500,true,6,32,12,120
world5_normal_1280,1280,800,1280,800,34,6.240600,0.074200,9.749000,true,6,32,12,120
world5_normal_1280,1280,800,1280,800,35,6.662700,0.078300,9.764300,true,6,32,12,120
world5_normal_1280,1280,800,1280,800,36,6.491000,0.072300,10.201100,true,6,32,12,120
world5_normal_1280,1280,800,1280,800,37,6.558400,0.092100,9.801600,true,6,32,12,120
world5_normal_1280,1280,800,1280,800,38,6.225900,0.103500,9.658100,true,6,32,12,120
world5_normal_1280,1280,800,1280,800,39,6.341200,0.082400,10.214100,true,6,32,12,120
world5_normal_1280,1280,800,1280,800,40,6.428900,0.082000,9.932500,true,6,32,12,120
world5_normal_1280,1280,800,1280,800,41,6.276800,0.070600,9.455700,true,6,32,12,120
world5_normal_1280,1280,800,1280,800,42,6.297500,0.071800,9.798700,true,6,32,12,120
world5_normal_1280,1280,800,1280,800,43,6.377800,0.083200,10.855900,true,6,32,12,120
world5_normal_1280,1280,800,1280,800,44,6.332400,0.071600,9.866100,true,6,32,12,120
world5_normal_1280,1280,800,1280,800,45,7.447000,0.066900,9.685600,true,6,32,12,120
world5_normal_1280,1280,800,1280,800,46,6.327300,0.087200,9.918500,true,6,32,12,120
world5_normal_1280,1280,800,1280,800,47,6.679200,0.074600,9.953700,true,6,32,12,120
world5_normal_1280,1280,800,1280,800,48,7.215800,0.076200,10.314500,true,6,32,12,120
world5_normal_1280,1280,800,1280,800,49,7.527100,0.070900,10.060500,true,6,32,12,120
world5_normal_1280,1280,800,1280,800,50,7.374300,0.069000,9.497400,true,6,32,12,120
world5_normal_1280,1280,800,1280,800,51,6.845300,0.105300,9.604500,true,6,32,12,120
world5_normal_1280,1280,800,1280,800,52,6.355400,0.076100,10.093600,true,6,32,12,120
world5_normal_1280,1280,800,1280,800,53,6.481100,0.071600,10.558300,true,6,32,12,120
world5_normal_1280,1280,800,1280,800,54,6.428300,0.060500,9.500300,true,6,32,12,120
world5_normal_1280,1280,800,1280,800,55,6.363100,0.081600,9.641800,true,6,32,12,120
world5_normal_1280,1280,800,1280,800,56,6.434200,0.077000,10.505600,true,6,32,12,120
world5_normal_1280,1280,800,1280,800,57,6.375700,0.068000,10.313700,true,6,32,12,120
world5_normal_1280,1280,800,1280,800,58,6.523700,0.073000,10.042700,true,6,32,12,120
world5_normal_1280,1280,800,1280,800,59,6.429700,0.075000,10.300000,true,6,32,12,120
world5_normal_1280,1280,800,1280,800,60,6.623600,0.088300,9.789900,true,6,32,12,120
world5_normal_1280,1280,800,1280,800,61,7.204500,0.071600,10.016400,true,6,32,12,120
world5_normal_1280,1280,800,1280,800,62,6.358900,0.076300,10.076700,true,6,32,12,120
world5_normal_1280,1280,800,1280,800,63,6.750600,0.070900,9.550600,true,6,32,12,120
world5_normal_1280,1280,800,1280,800,64,6.377600,0.091100,10.033500,true,6,32,12,120
world5_normal_1280,1280,800,1280,800,65,6.603300,0.102900,10.106700,true,6,32,12,120
world5_normal_1280,1280,800,1280,800,66,7.292100,0.070800,9.800600,true,6,32,12,120
world5_normal_1280,1280,800,1280,800,67,6.203900,0.114100,9.580800,true,7,32,12,120
world5_normal_1280,1280,800,1280,800,68,6.566200,0.072800,9.802000,true,6,32,13,120
world5_normal_1280,1280,800,1280,800,69,6.309200,0.083600,10.994700,true,6,32,12,120
world5_normal_1280,1280,800,1280,800,70,6.757400,0.069700,9.794800,true,6,32,12,120
world5_normal_1280,1280,800,1280,800,71,6.588600,0.071500,9.797600,true,6,32,12,120
world5_normal_1280,1280,800,1280,800,72,6.641100,0.090200,9.689900,true,6,32,13,120
world5_normal_1280,1280,800,1280,800,73,6.355400,0.073400,10.208700,true,6,32,12,120
world5_normal_1280,1280,800,1280,800,74,6.207600,0.071800,9.737300,true,6,32,12,120
world5_normal_1280,1280,800,1280,800,75,6.162200,0.074300,9.944500,true,6,32,12,120
world5_normal_1280,1280,800,1280,800,76,6.283400,0.074800,10.290900,true,6,32,12,120
world5_normal_1280,1280,800,1280,800,77,6.370700,0.069800,10.131700,true,6,32,12,120
world5_normal_1280,1280,800,1280,800,78,6.389900,0.070300,9.867100,true,6,32,12,120
world5_normal_1280,1280,800,1280,800,79,7.497500,0.171900,9.718500,true,6,32,12,120
world5_normal_1280,1280,800,1280,800,80,6.294900,0.069400,10.136500,true,6,32,12,120
world5_normal_1280,1280,800,1280,800,81,7.131900,0.074900,9.964600,true,6,32,12,120
world5_normal_1280,1280,800,1280,800,82,6.441700,0.073400,9.794700,true,6,32,12,120
world5_normal_1280,1280,800,1280,800,83,7.080500,0.074600,9.663400,true,6,32,12,120
world5_normal_1280,1280,800,1280,800,84,6.388200,0.095800,9.933500,true,6,32,12,120
world5_normal_1280,1280,800,1280,800,85,6.705200,0.083600,9.988500,true,6,32,12,120
world5_normal_1280,1280,800,1280,800,86,7.610600,0.068200,9.983400,true,6,32,12,120
world5_normal_1280,1280,800,1280,800,87,6.347700,0.080000,9.536500,true,6,32,12,120
world5_normal_1280,1280,800,1280,800,88,6.440700,0.088900,9.726900,true,6,32,12,120
world5_normal_1280,1280,800,1280,800,89,6.529000,0.075200,9.977500,true,6,32,12,120
world5_normal_1280,1280,800,1280,800,90,6.698400,0.097700,9.888300,true,6,32,12,120
world5_normal_1280,1280,800,1280,800,91,6.479400,0.073400,10.495300,true,6,32,12,120
world5_normal_1280,1280,800,1280,800,92,7.036800,0.293900,9.592700,true,6,32,12,120
world5_normal_1280,1280,800,1280,800,93,7.416200,0.072500,9.806700,true,6,32,12,120
world5_normal_1280,1280,800,1280,800,94,6.396700,0.070800,9.891900,true,6,32,12,120
world5_normal_1280,1280,800,1280,800,95,6.348500,0.077500,9.957900,true,6,32,12,120
world5_normal_1280,1280,800,1280,800,96,6.249900,0.077900,9.732500,true,6,32,12,120
world5_normal_1280,1280,800,1280,800,97,6.923100,0.072300,9.828100,true,6,32,12,120
world5_normal_1280,1280,800,1280,800,98,6.924100,0.074000,11.007300,true,6,32,12,120
world5_normal_1280,1280,800,1280,800,99,6.685400,0.086900,10.372900,true,6,32,12,120
world5_normal_1280,1280,800,1280,800,100,6.749900,0.071600,9.893500,true,6,32,13,120
world5_normal_1280,1280,800,1280,800,101,6.810100,0.066100,9.539000,true,6,32,12,120
world5_normal_1280,1280,800,1280,800,102,6.320700,0.072300,9.745700,true,6,32,12,120
world5_normal_1280,1280,800,1280,800,103,6.335900,0.072500,10.345300,true,6,32,12,120
world5_normal_1280,1280,800,1280,800,104,6.959200,0.074300,9.711000,true,6,32,12,120
world5_normal_1280,1280,800,1280,800,105,6.691800,0.081000,9.890900,true,6,32,12,120
world5_high_960,960,600,960,600,0,14.261000,0.068400,1.676100,true,40,320,180,1200
world5_high_960,960,600,960,600,1,12.672200,0.095500,1.509500,true,40,320,180,1200
world5_high_960,960,600,960,600,2,16.157500,0.084100,1.714900,true,40,320,180,1200
world5_high_960,960,600,960,600,3,12.573800,0.082900,1.393100,true,40,320,180,1200
world5_high_960,960,600,960,600,4,13.004900,0.088000,1.757000,true,40,320,180,1200
world5_high_960,960,600,960,600,5,13.399300,0.074200,1.394400,true,40,320,180,1200
world5_high_960,960,600,960,600,6,14.127800,0.073600,1.402200,true,40,320,180,1200
world5_high_960,960,600,960,600,7,13.431800,0.075000,1.231300,true,40,320,180,1200
world5_high_960,960,600,960,600,8,12.987800,0.075500,1.395900,true,40,320,180,1200
world5_high_960,960,600,960,600,9,12.690300,0.094400,1.401100,true,40,320,180,1200
world5_high_960,960,600,960,600,10,12.654200,0.081900,1.320000,true,40,320,180,1200
world5_high_960,960,600,960,600,11,12.874800,0.074900,1.785400,true,40,320,180,1200
world5_high_960,960,600,960,600,12,13.205000,0.083800,1.204500,true,40,320,180,1200
world5_high_960,960,600,960,600,13,12.637800,0.080700,1.245000,true,40,320,180,1200
world5_high_960,960,600,960,600,14,12.945100,0.077000,1.425900,true,40,320,180,1200
world5_high_960,960,600,960,600,15,12.871900,0.070800,1.363800,true,40,320,180,1200
world5_high_960,960,600,960,600,16,12.676600,0.074400,1.185900,true,40,320,180,1200
world5_high_960,960,600,960,600,17,12.793400,0.078100,1.450300,true,40,320,180,1200
world5_high_960,960,600,960,600,18,13.303000,0.075100,1.268100,true,40,320,180,1200
world5_high_960,960,600,960,600,19,12.690300,0.077200,1.258300,true,40,320,180,1200
world5_high_960,960,600,960,600,20,12.761900,0.088500,1.391400,true,40,320,180,1200
world5_high_960,960,600,960,600,21,12.764900,0.081200,1.355400,true,40,320,180,1200
world5_high_960,960,600,960,600,22,13.277700,0.067300,1.220100,true,40,320,180,1200
world5_high_960,960,600,960,600,23,13.068200,0.084200,1.223700,true,40,320,180,1200
world5_high_960,960,600,960,600,24,12.937700,0.076600,1.688400,true,40,320,180,1200
world5_high_960,960,600,960,600,25,12.825700,0.074700,1.347200,true,40,320,180,1200
world5_high_960,960,600,960,600,26,14.024400,0.067800,1.420600,true,40,320,180,1200
world5_high_960,960,600,960,600,27,12.808400,0.095400,1.390800,true,40,320,180,1200
world5_high_960,960,600,960,600,28,12.993600,0.080900,1.683800,true,40,320,180,1200
world5_high_960,960,600,960,600,29,13.122200,0.083800,1.718100,true,40,320,180,1200
world5_high_960,960,600,960,600,30,12.786900,0.083000,1.385300,true,40,320,180,1200
world5_high_960,960,600,960,600,31,12.643500,0.076600,1.800000,true,40,320,180,1200
world5_high_960,960,600,960,600,32,13.717100,0.069700,1.473700,true,40,320,180,1200
world5_high_960,960,600,960,600,33,13.105300,0.076800,1.422100,true,40,320,180,1200
world5_high_960,960,600,960,600,34,12.853400,0.081700,1.486100,true,40,320,180,1200
world5_high_960,960,600,960,600,35,12.803500,0.072800,1.267400,true,40,320,180,1200
world5_high_960,960,600,960,600,36,12.884600,0.088000,1.506700,true,40,320,180,1200
world5_high_960,960,600,960,600,37,12.757800,0.106800,1.274100,true,40,320,180,1200
world5_high_960,960,600,960,600,38,13.156900,0.093600,1.400100,true,40,320,180,1200
world5_high_960,960,600,960,600,39,14.412200,0.076400,1.395300,true,40,320,180,1200
world5_high_960,960,600,960,600,40,12.630400,0.077400,1.376200,true,40,320,180,1200
world5_high_960,960,600,960,600,41,13.024300,0.079800,1.522400,true,40,320,180,1200
world5_high_960,960,600,960,600,42,12.848200,0.097000,1.416900,true,40,320,180,1200
world5_high_960,960,600,960,600,43,12.838600,0.077900,1.811900,true,40,320,180,1200
world5_high_960,960,600,960,600,44,13.621300,0.085100,1.208000,true,40,320,180,1200
world5_high_960,960,600,960,600,45,14.018500,0.072400,1.497900,true,40,320,180,1200
world5_high_960,960,600,960,600,46,13.490100,0.085200,1.266000,true,40,320,180,1200
world5_high_960,960,600,960,600,47,12.958600,0.076200,1.464300,true,40,320,180,1200
world5_high_960,960,600,960,600,48,13.947000,0.070700,1.195800,true,40,320,180,1200
world5_high_960,960,600,960,600,49,13.249500,0.074200,1.407300,true,40,320,180,1200
world5_high_960,960,600,960,600,50,12.859800,0.079900,1.227700,true,40,320,180,1200
world5_high_960,960,600,960,600,51,12.783100,0.078400,1.467100,true,40,320,180,1200
world5_high_960,960,600,960,600,52,12.979300,0.075000,1.395200,true,40,320,180,1200
world5_high_960,960,600,960,600,53,14.391700,0.074700,1.391400,true,40,320,180,1200
world5_high_960,960,600,960,600,54,13.888500,0.072100,1.534000,true,40,320,180,1200
world5_high_960,960,600,960,600,55,14.063000,0.076300,1.367500,true,40,320,180,1200
world5_high_960,960,600,960,600,56,13.093900,0.078000,1.524900,true,40,320,180,1200
world5_high_960,960,600,960,600,57,12.968800,0.070700,1.368200,true,40,320,180,1200
world5_high_960,960,600,960,600,58,13.151500,0.073600,1.414100,true,40,320,180,1200
world5_high_960,960,600,960,600,59,13.841500,0.094100,1.335800,true,40,320,180,1200
world5_high_960,960,600,960,600,60,13.088400,0.074200,1.395200,true,40,320,180,1200
world5_high_960,960,600,960,600,61,14.246400,0.073300,1.273000,true,40,320,180,1200
world5_high_960,960,600,960,600,62,13.248200,0.074700,1.534300,true,40,320,180,1200
world5_high_960,960,600,960,600,63,12.824500,0.074300,1.402900,true,40,320,180,1200
world5_high_960,960,600,960,600,64,12.860000,0.076200,1.359400,true,40,320,180,1200
world5_high_960,960,600,960,600,65,15.007300,0.069200,1.226800,true,40,320,180,1200
world5_high_960,960,600,960,600,66,12.885600,0.088700,1.444000,true,40,320,180,1200
world5_high_960,960,600,960,600,67,13.443600,0.082300,1.344300,true,40,320,180,1200
world5_high_960,960,600,960,600,68,15.457000,0.076700,1.489400,true,40,320,180,1200
world5_high_960,960,600,960,600,69,13.222400,0.090300,1.294400,true,40,320,180,1200
world5_high_960,960,600,960,600,70,14.350800,0.100100,1.353600,true,40,320,180,1200
world5_high_960,960,600,960,600,71,14.378500,0.086300,1.573700,true,40,320,180,1200
world5_high_960,960,600,960,600,72,14.009000,0.074100,1.259000,true,40,320,180,1200
world5_high_960,960,600,960,600,73,14.326500,0.094900,1.544200,true,40,320,180,1200
world5_high_960,960,600,960,600,74,14.285200,0.082000,1.306800,true,40,320,180,1200
world5_high_960,960,600,960,600,75,14.455100,0.089700,1.564200,true,40,320,180,1200
world5_high_960,960,600,960,600,76,15.915200,0.257900,1.651400,true,40,320,180,1200
world5_high_960,960,600,960,600,77,13.390300,0.077100,1.371100,true,40,320,180,1200
world5_high_960,960,600,960,600,78,14.571000,0.079000,1.508700,true,40,320,180,1200
world5_high_960,960,600,960,600,79,13.157000,0.079100,1.370500,true,40,320,180,1200
world5_high_960,960,600,960,600,80,14.537500,0.071700,1.357600,true,40,320,180,1200
world5_high_960,960,600,960,600,81,13.194500,0.076800,1.494900,true,40,320,180,1200
world5_high_960,960,600,960,600,82,13.690700,0.082900,1.369700,true,40,320,180,1200
world5_high_960,960,600,960,600,83,13.149700,0.080900,1.418600,true,40,320,180,1200
world5_high_960,960,600,960,600,84,14.105400,0.074800,1.290800,true,40,320,180,1200
world5_high_960,960,600,960,600,85,14.384400,0.094200,1.327600,true,40,320,180,1200
world5_high_960,960,600,960,600,86,13.460000,0.079000,1.315700,true,40,320,180,1200
world5_high_960,960,600,960,600,87,13.246700,0.080400,1.405600,true,40,320,180,1200
world5_high_960,960,600,960,600,88,13.367100,0.075600,1.233000,true,40,320,180,1200
world5_high_960,960,600,960,600,89,13.352300,0.071000,1.528600,true,40,320,180,1200
world5_high_960,960,600,960,600,90,13.700100,0.070300,1.581600,true,40,320,180,1200
world5_high_960,960,600,960,600,91,13.263500,0.077300,1.552900,true,40,320,180,1200
world5_high_960,960,600,960,600,92,14.317500,0.076800,1.385200,true,40,320,180,1200
world5_high_960,960,600,960,600,93,13.031300,0.080300,1.522400,true,40,320,180,1200
world5_high_960,960,600,960,600,94,13.585300,0.075000,1.222700,true,40,320,180,1200
world5_high_960,960,600,960,600,95,13.229300,0.071300,1.315600,true,40,320,180,1200
world5_high_960,960,600,960,600,96,13.904200,0.078100,1.424400,true,40,320,180,1200
world5_high_960,960,600,960,600,97,13.237100,0.075500,1.522000,true,40,320,180,1200
world5_high_960,960,600,960,600,98,13.191400,0.083900,1.223600,true,40,320,180,1200
world5_high_960,960,600,960,600,99,13.566000,0.074300,1.283700,true,40,320,180,1200
world5_high_960,960,600,960,600,100,13.703600,0.080800,1.295100,true,40,320,180,1200
world5_high_960,960,600,960,600,101,14.103800,0.075100,1.461200,true,40,320,180,1200
world5_high_960,960,600,960,600,102,13.048200,0.073100,1.211600,true,40,320,180,1200
world5_high_960,960,600,960,600,103,14.237800,0.073700,1.270300,true,40,320,180,1200
world5_high_960,960,600,960,600,104,14.415000,0.071600,1.409500,true,40,320,180,1200
world5_high_960,960,600,960,600,105,13.344600,0.075100,1.479500,true,40,320,180,1200
world5_high_960,960,600,960,600,106,12.755600,0.069400,1.207200,true,40,320,180,1200
world5_high_960,960,600,960,600,107,14.281600,0.067600,1.504100,true,40,320,180,1200
world5_high_960,960,600,960,600,108,13.333900,0.068200,1.218200,true,40,320,180,1200
world5_high_960,960,600,960,600,109,12.854600,0.073400,1.418300,true,40,320,180,1200
world5_high_960,960,600,960,600,110,13.305500,0.076500,1.454800,true,40,320,180,1200
world5_high_960,960,600,960,600,111,13.446600,0.087600,1.392100,true,40,320,180,1200
world5_high_960,960,600,960,600,112,13.214000,0.113700,1.417700,true,40,320,180,1200
world5_high_960,960,600,960,600,113,13.236500,0.084600,1.753900,true,40,320,180,1200
world5_high_960,960,600,960,600,114,12.789800,0.100900,1.365500,true,40,320,180,1200
world5_high_960,960,600,960,600,115,12.999400,0.073700,1.392900,true,40,320,180,1200
world5_high_960,960,600,960,600,116,13.079800,0.075200,1.309600,true,40,320,180,1200
world5_high_600,600,400,600,375,0,12.334400,0.078300,2.555800,true,40,320,180,1200
world5_high_600,600,400,600,375,1,12.917600,0.100600,2.250600,true,40,320,180,1200
world5_high_600,600,400,600,375,2,12.598300,0.088400,2.184500,true,40,320,180,1200
world5_high_600,600,400,600,375,3,12.874000,0.091800,2.405200,true,40,320,180,1200
world5_high_600,600,400,600,375,4,12.564700,0.102700,2.222500,true,40,320,180,1200
world5_high_600,600,400,600,375,5,14.075400,0.073900,2.545200,true,40,320,180,1200
world5_high_600,600,400,600,375,6,12.719600,0.071900,2.678600,true,40,320,180,1200
world5_high_600,600,400,600,375,7,14.074000,0.092400,2.256500,true,40,320,180,1200
world5_high_600,600,400,600,375,8,14.572400,0.084000,2.245700,true,40,320,180,1200
world5_high_600,600,400,600,375,9,13.816200,0.073700,2.416900,true,40,320,180,1200
world5_high_600,600,400,600,375,10,12.733600,0.072300,2.182800,true,40,320,180,1200
world5_high_600,600,400,600,375,11,13.589000,0.074200,2.411800,true,40,320,180,1200
world5_high_600,600,400,600,375,12,12.653500,0.071400,2.332500,true,40,320,180,1200
world5_high_600,600,400,600,375,13,12.974300,0.072400,2.478300,true,40,320,180,1200
world5_high_600,600,400,600,375,14,12.625000,0.077900,2.394600,true,40,320,180,1200
world5_high_600,600,400,600,375,15,13.705400,0.081100,2.163300,true,40,320,180,1200
world5_high_600,600,400,600,375,16,12.912600,0.077900,2.311800,true,40,320,180,1200
world5_high_600,600,400,600,375,17,12.875200,0.068300,2.625200,true,40,320,180,1200
world5_high_600,600,400,600,375,18,12.617600,0.074500,2.424000,true,40,320,180,1200
world5_high_600,600,400,600,375,19,12.620400,0.077200,2.624400,true,40,320,180,1200
world5_high_600,600,400,600,375,20,12.653400,0.077000,2.462800,true,40,320,180,1200
world5_high_600,600,400,600,375,21,14.186700,0.076700,2.538600,true,40,320,180,1200
world5_high_600,600,400,600,375,22,15.012300,0.066400,2.403500,true,40,320,180,1200
world5_high_600,600,400,600,375,23,14.447000,0.089400,2.199700,true,40,320,180,1200
world5_high_600,600,400,600,375,24,13.161800,0.090300,2.621200,true,40,320,180,1200
world5_high_600,600,400,600,375,25,13.607800,0.071000,2.426600,true,40,320,180,1200
world5_high_600,600,400,600,375,26,13.202400,0.077200,2.244800,true,40,320,180,1200
world5_high_600,600,400,600,375,27,12.775300,0.077500,2.643200,true,40,320,180,1200
world5_high_600,600,400,600,375,28,14.056300,0.072800,2.388700,true,40,320,180,1200
world5_high_600,600,400,600,375,29,14.928000,0.070100,2.211900,true,40,320,180,1200
world5_high_600,600,400,600,375,30,12.749400,0.086300,2.418000,true,40,320,180,1200
world5_high_600,600,400,600,375,31,13.167700,0.082900,2.458400,true,40,320,180,1200
world5_high_600,600,400,600,375,32,12.854900,0.081400,2.206100,true,40,320,180,1200
world5_high_600,600,400,600,375,33,14.082700,0.071700,2.496200,true,40,320,180,1200
world5_high_600,600,400,600,375,34,12.742000,0.072900,2.338500,true,40,320,180,1200
world5_high_600,600,400,600,375,35,14.845100,0.074100,2.176500,true,40,320,180,1200
world5_high_600,600,400,600,375,36,13.064900,0.076100,2.659600,true,40,320,180,1200
world5_high_600,600,400,600,375,37,13.063400,0.076100,2.794800,true,40,320,180,1200
world5_high_600,600,400,600,375,38,13.190000,0.103400,2.826400,true,40,320,180,1200
world5_high_600,600,400,600,375,39,12.879500,0.070600,2.594200,true,40,320,180,1200
world5_high_600,600,400,600,375,40,12.965700,0.076800,2.239100,true,40,320,180,1200
world5_high_600,600,400,600,375,41,13.113100,0.074500,2.325700,true,40,320,180,1200
world5_high_600,600,400,600,375,42,12.894400,0.073500,2.344300,true,40,320,180,1200
world5_high_600,600,400,600,375,43,13.193600,0.092500,2.435300,true,40,320,180,1200
world5_high_600,600,400,600,375,44,13.993200,0.076600,2.773700,true,40,320,180,1200
world5_high_600,600,400,600,375,45,12.829600,0.075700,2.171400,true,40,320,180,1200
world5_high_600,600,400,600,375,46,13.361300,0.077800,2.421700,true,40,320,180,1200
world5_high_600,600,400,600,375,47,13.025700,0.074700,2.769300,true,40,320,180,1200
world5_high_600,600,400,600,375,48,12.820100,0.074100,2.369200,true,40,320,180,1200
world5_high_600,600,400,600,375,49,14.688200,0.090800,2.305900,true,40,320,180,1200
world5_high_600,600,400,600,375,50,13.007800,0.074400,2.186300,true,40,320,180,1200
world5_high_600,600,400,600,375,51,13.013400,0.077200,2.325100,true,40,320,180,1200
world5_high_600,600,400,600,375,52,13.014600,0.076000,2.833100,true,40,320,180,1200
world5_high_600,600,400,600,375,53,13.375700,0.070200,2.338000,true,40,320,180,1200
world5_high_600,600,400,600,375,54,12.915800,0.090600,2.338400,true,40,320,180,1200
world5_high_600,600,400,600,375,55,12.766600,0.075700,2.696100,true,40,320,180,1200
world5_high_600,600,400,600,375,56,12.711600,0.112700,2.360400,true,40,320,180,1200
world5_high_600,600,400,600,375,57,13.110200,0.083600,2.378900,true,40,320,180,1200
world5_high_600,600,400,600,375,58,12.709000,0.100800,2.307400,true,40,320,180,1200
world5_high_600,600,400,600,375,59,13.011200,0.076400,2.377800,true,40,320,180,1200
world5_high_600,600,400,600,375,60,12.794300,0.083500,2.369200,true,40,320,180,1200
world5_high_600,600,400,600,375,61,12.964600,0.074400,2.515500,true,40,320,180,1200
world5_high_600,600,400,600,375,62,13.826200,0.065400,2.385500,true,40,320,180,1200
world5_high_600,600,400,600,375,63,12.760100,0.088000,2.379000,true,40,320,180,1200
world5_high_600,600,400,600,375,64,12.909000,0.081100,2.376300,true,40,320,180,1200
world5_high_600,600,400,600,375,65,12.825100,0.087000,2.212500,true,40,320,180,1200
world5_high_600,600,400,600,375,66,14.300400,0.073700,2.689500,true,40,320,180,1200
world5_high_600,600,400,600,375,67,14.325400,0.072900,2.420300,true,40,320,180,1200
world5_high_600,600,400,600,375,68,13.119200,0.072400,2.189900,true,40,320,180,1200
world5_high_600,600,400,600,375,69,13.207100,0.073200,2.377900,true,40,320,180,1200
world5_high_600,600,400,600,375,70,12.894700,0.073900,2.173500,true,40,320,180,1200
world5_high_600,600,400,600,375,71,13.195900,0.072200,2.422200,true,40,320,180,1200
world5_high_600,600,400,600,375,72,14.059800,0.075700,2.446200,true,40,320,180,1200
world5_high_600,600,400,600,375,73,12.997000,0.075000,2.200500,true,40,320,180,1200
world5_high_600,600,400,600,375,74,12.962300,0.073500,2.641500,true,40,320,180,1200
world5_high_600,600,400,600,375,75,12.711800,0.154800,2.477400,true,40,320,180,1200
world5_high_600,600,400,600,375,76,12.734500,0.075000,2.571600,true,40,320,180,1200
world5_high_600,600,400,600,375,77,12.895400,0.079500,2.229100,true,40,320,180,1200
world5_high_600,600,400,600,375,78,12.952400,0.092800,2.459500,true,40,320,180,1200
world5_high_600,600,400,600,375,79,14.367200,0.072700,2.609700,true,40,320,180,1200
world5_high_600,600,400,600,375,80,12.944600,0.074800,2.399000,true,40,320,180,1200
world5_high_600,600,400,600,375,81,12.827000,0.074000,2.354200,true,40,320,180,1200
world5_high_600,600,400,600,375,82,13.035600,0.071900,2.198300,true,40,320,180,1200
world5_high_600,600,400,600,375,83,13.000100,0.078200,2.368700,true,40,320,180,1200
world5_high_600,600,400,600,375,84,14.217700,0.076500,2.398900,true,40,320,180,1200
world5_high_600,600,400,600,375,85,12.740000,0.079900,2.376400,true,40,320,180,1200
world5_high_600,600,400,600,375,86,12.852400,0.073600,2.518400,true,40,320,180,1200
world5_high_600,600,400,600,375,87,12.667000,0.074700,2.238000,true,40,320,180,1200
world5_high_600,600,400,600,375,88,12.863300,0.077300,2.441400,true,40,320,180,1200
world5_high_600,600,400,600,375,89,12.898200,0.074900,2.303500,true,40,320,180,1200
world5_high_600,600,400,600,375,90,12.863400,0.089700,2.237300,true,40,320,180,1200
world5_high_600,600,400,600,375,91,12.823800,0.080200,2.411600,true,40,320,180,1200
world5_high_600,600,400,600,375,92,15.069300,0.072400,2.679000,true,40,320,180,1200
world5_high_600,600,400,600,375,93,13.427400,0.078700,2.212700,true,40,320,180,1200
world5_high_600,600,400,600,375,94,13.876100,0.076800,2.636100,true,40,320,180,1200
world5_high_600,600,400,600,375,95,12.822000,0.072600,2.663800,true,40,320,180,1200
world5_high_600,600,400,600,375,96,12.786400,0.100600,2.317700,true,40,320,180,1200
world5_high_600,600,400,600,375,97,12.942200,0.088300,2.728400,true,40,320,180,1200
world5_high_600,600,400,600,375,98,16.042900,0.076400,2.680600,true,40,320,180,1200
world5_high_600,600,400,600,375,99,12.991600,0.079500,2.322800,true,40,320,180,1200
world5_high_600,600,400,600,375,100,13.259100,0.078600,2.361000,true,40,320,180,1200
world5_high_600,600,400,600,375,101,12.828000,0.071700,2.195600,true,40,320,180,1200
world5_high_600,600,400,600,375,102,13.101400,0.084900,2.433800,true,40,320,180,1200
world5_high_600,600,400,600,375,103,12.753000,0.071800,2.332700,true,40,320,180,1200
world5_high_600,600,400,600,375,104,12.838400,0.099300,2.292300,true,40,320,180,1200
world5_high_600,600,400,600,375,105,14.539900,0.074900,2.757600,true,40,320,180,1200
world5_high_600,600,400,600,375,106,12.845500,0.079000,2.385700,true,40,320,180,1200
world5_high_600,600,400,600,375,107,15.008600,0.072100,2.229800,true,40,320,180,1200
world5_high_600,600,400,600,375,108,15.142700,0.101800,2.219300,true,40,320,180,1200
world5_high_600,600,400,600,375,109,13.427500,0.076400,2.588000,true,40,320,180,1200
world5_high_600,600,400,600,375,110,14.326000,0.081000,2.525500,true,40,320,180,1200
world5_high_1280,1280,800,1280,800,0,12.536500,0.076000,9.598800,true,40,320,180,1200
world5_high_1280,1280,800,1280,800,1,12.610700,0.087000,9.623300,true,40,320,180,1200
world5_high_1280,1280,800,1280,800,2,13.060100,0.075800,9.821900,true,40,320,180,1200
world5_high_1280,1280,800,1280,800,3,12.989700,0.074600,10.080300,true,40,320,180,1200
world5_high_1280,1280,800,1280,800,4,13.156000,0.077200,9.792000,true,40,320,180,1200
world5_high_1280,1280,800,1280,800,5,12.502200,0.072000,10.212800,true,40,320,180,1200
world5_high_1280,1280,800,1280,800,6,12.631000,0.081000,9.693700,true,40,320,180,1200
world5_high_1280,1280,800,1280,800,7,12.550900,0.085200,10.194800,true,40,320,180,1200
world5_high_1280,1280,800,1280,800,8,14.029500,0.071200,10.067700,true,40,320,180,1200
world5_high_1280,1280,800,1280,800,9,13.013100,0.080500,10.275700,true,40,320,180,1200
world5_high_1280,1280,800,1280,800,10,13.119800,0.075200,9.794100,true,40,320,180,1200
world5_high_1280,1280,800,1280,800,11,12.640100,0.079600,9.921000,true,40,320,180,1200
world5_high_1280,1280,800,1280,800,12,12.488900,0.093200,9.814400,true,40,320,180,1200
world5_high_1280,1280,800,1280,800,13,13.107200,0.089400,9.981200,true,40,320,180,1200
world5_high_1280,1280,800,1280,800,14,13.161200,0.077400,9.969800,true,40,320,180,1200
world5_high_1280,1280,800,1280,800,15,12.606000,0.076600,10.556300,true,40,320,180,1200
world5_high_1280,1280,800,1280,800,16,12.966600,0.078600,10.540300,true,40,320,180,1200
world5_high_1280,1280,800,1280,800,17,12.498100,0.092100,9.619100,true,40,320,180,1200
world5_high_1280,1280,800,1280,800,18,12.706000,0.074000,9.897800,true,40,320,180,1200
world5_high_1280,1280,800,1280,800,19,12.692400,0.073800,10.024100,true,40,320,180,1200
world5_high_1280,1280,800,1280,800,20,12.668900,0.076700,10.439000,true,40,320,180,1200
world5_high_1280,1280,800,1280,800,21,12.561800,0.073000,9.746100,true,40,320,180,1200
world5_high_1280,1280,800,1280,800,22,13.031100,0.103800,9.859000,true,40,320,180,1200
world5_high_1280,1280,800,1280,800,23,12.723800,0.077100,10.230300,true,40,320,180,1200
world5_high_1280,1280,800,1280,800,24,12.822300,0.084700,10.247700,true,40,320,180,1200
world5_high_1280,1280,800,1280,800,25,14.837000,0.081800,9.893300,true,40,320,180,1200
world5_high_1280,1280,800,1280,800,26,14.341000,0.074800,9.917100,true,40,320,180,1200
world5_high_1280,1280,800,1280,800,27,12.550800,0.075400,9.623700,true,40,320,180,1200
world5_high_1280,1280,800,1280,800,28,13.671800,0.072800,9.573200,true,40,320,180,1200
world5_high_1280,1280,800,1280,800,29,13.928200,0.071500,9.489100,true,40,320,180,1200
world5_high_1280,1280,800,1280,800,30,12.934300,0.107500,9.697600,true,40,320,180,1200
world5_high_1280,1280,800,1280,800,31,13.961300,0.079400,9.765700,true,40,320,180,1200
world5_high_1280,1280,800,1280,800,32,12.954900,0.072200,10.089900,true,40,320,180,1200
world5_high_1280,1280,800,1280,800,33,14.009800,0.078600,9.875900,true,40,320,180,1200
world5_high_1280,1280,800,1280,800,34,12.658600,0.082000,9.727900,true,40,320,180,1200
world5_high_1280,1280,800,1280,800,35,14.601600,0.074400,10.233700,true,40,320,180,1200
world5_high_1280,1280,800,1280,800,36,12.478800,0.070900,9.988900,true,40,320,180,1200
world5_high_1280,1280,800,1280,800,37,12.623200,0.086400,10.042800,true,40,320,180,1200
world5_high_1280,1280,800,1280,800,38,12.886200,0.084300,10.019300,true,40,320,180,1200
world5_high_1280,1280,800,1280,800,39,12.705600,0.073700,9.937300,true,40,320,180,1200
world5_high_1280,1280,800,1280,800,40,12.738100,0.077800,9.949700,true,40,320,180,1200
world5_high_1280,1280,800,1280,800,41,12.679400,0.078500,10.286400,true,40,320,180,1200
world5_high_1280,1280,800,1280,800,42,14.574800,0.072100,9.555100,true,40,320,180,1200
world5_high_1280,1280,800,1280,800,43,12.737300,0.075100,9.664900,true,40,320,180,1200
world5_high_1280,1280,800,1280,800,44,12.681400,0.097200,10.098000,true,40,320,180,1200
world5_high_1280,1280,800,1280,800,45,13.010500,0.075900,9.956600,true,40,320,180,1200
world5_high_1280,1280,800,1280,800,46,12.729300,0.081900,10.259500,true,40,320,180,1200
world5_high_1280,1280,800,1280,800,47,12.703500,0.088800,9.950500,true,40,320,180,1200
world5_high_1280,1280,800,1280,800,48,12.949800,0.083100,10.867100,true,40,320,180,1200
world5_high_1280,1280,800,1280,800,49,14.618000,0.074300,10.247500,true,40,320,180,1200
world5_high_1280,1280,800,1280,800,50,12.772800,0.094900,9.838500,true,40,320,180,1200
world5_high_1280,1280,800,1280,800,51,15.818900,0.077600,10.112500,true,40,320,180,1200
world5_high_1280,1280,800,1280,800,52,12.917700,0.070500,10.187200,true,40,320,180,1200
world5_high_1280,1280,800,1280,800,53,12.902100,0.091100,9.682000,true,40,320,180,1200
world5_high_1280,1280,800,1280,800,54,13.140900,0.082400,9.940400,true,40,320,180,1200
world5_high_1280,1280,800,1280,800,55,12.840000,0.075800,10.566600,true,40,320,180,1200
world5_high_1280,1280,800,1280,800,56,12.759300,0.074500,11.320900,true,40,320,180,1200
world5_high_1280,1280,800,1280,800,57,13.171700,0.075500,10.026200,true,40,320,180,1200
world5_high_1280,1280,800,1280,800,58,14.071600,0.076900,9.891000,true,40,320,180,1200
world5_high_1280,1280,800,1280,800,59,13.175200,0.074600,9.585800,true,40,320,180,1200
world5_high_1280,1280,800,1280,800,60,13.517400,0.070600,9.922800,true,40,320,180,1200
world5_high_1280,1280,800,1280,800,61,12.880400,0.071700,9.604900,true,40,320,180,1200
world5_high_1280,1280,800,1280,800,62,14.824800,0.075700,9.512000,true,40,320,180,1200
world5_high_1280,1280,800,1280,800,63,13.175700,0.077300,10.321100,true,40,320,180,1200
world5_high_1280,1280,800,1280,800,64,12.874800,0.074800,9.925400,true,40,320,180,1200
world5_high_1280,1280,800,1280,800,65,14.444600,0.087300,9.844900,true,40,320,180,1200
world5_high_1280,1280,800,1280,800,66,13.214100,0.092000,9.993100,true,40,320,180,1200
world5_high_1280,1280,800,1280,800,67,13.363300,0.073200,10.686500,true,40,320,180,1200
world5_high_1280,1280,800,1280,800,68,12.840900,0.076500,10.248000,true,40,320,180,1200
world5_high_1280,1280,800,1280,800,69,12.678200,0.077400,9.856900,true,40,320,180,1200
world5_high_1280,1280,800,1280,800,70,12.985000,0.083300,9.684300,true,40,320,180,1200
world5_high_1280,1280,800,1280,800,71,12.782600,0.092300,10.087800,true,40,320,180,1200
world5_high_1280,1280,800,1280,800,72,12.942500,0.087400,10.030800,true,40,320,180,1200
world5_high_1280,1280,800,1280,800,73,14.190300,0.074600,9.707900,true,40,320,180,1200
world5_high_1280,1280,800,1280,800,74,12.818500,0.090700,10.015500,true,40,320,180,1200
