case,width,height,draw_width,draw_height,index,simulation_publish_ms,edt_dispatch_ms,edt_paint_ms,published,enemies,player_bullets,enemy_bullets,particles
world2_normal_960,960,600,960,600,0,8.971000,0.104800,2.434400,true,6,32,12,120
world2_normal_960,960,600,960,600,1,9.130800,0.100000,1.324000,true,6,32,12,120
world2_normal_960,960,600,960,600,2,8.503300,0.097100,1.482000,true,6,32,12,120
world2_normal_960,960,600,960,600,3,8.201900,0.098600,1.444100,true,6,32,12,120
world2_normal_960,960,600,960,600,4,8.242700,0.116900,1.553700,true,6,32,12,120
world2_normal_960,960,600,960,600,5,8.364800,0.106400,1.479400,true,6,32,12,120
world2_normal_960,960,600,960,600,6,8.405400,0.098400,1.284500,true,6,32,12,120
world2_normal_960,960,600,960,600,7,8.326100,0.118100,2.405600,true,6,32,12,120
world2_normal_960,960,600,960,600,8,8.814600,0.181500,1.482200,true,6,32,12,120
world2_normal_960,960,600,960,600,9,8.759800,0.119500,1.478200,true,6,32,12,120
world2_normal_960,960,600,960,600,10,8.136500,0.112300,1.375400,true,6,32,12,120
world2_normal_960,960,600,960,600,11,8.168300,0.102800,1.652700,true,6,32,12,120
world2_normal_960,960,600,960,600,12,8.256800,0.107800,1.347900,true,6,32,12,120
world2_normal_960,960,600,960,600,13,8.282000,0.113600,1.373800,true,6,32,12,120
world2_normal_960,960,600,960,600,14,8.084300,0.098500,1.509800,true,6,32,12,120
world2_normal_960,960,600,960,600,15,7.968200,0.095300,1.510800,true,6,32,12,120
world2_normal_960,960,600,960,600,16,9.386500,0.122800,1.338900,true,6,32,12,120
world2_normal_960,960,600,960,600,17,8.022100,0.147400,1.419400,true,6,32,12,120
world2_normal_960,960,600,960,600,18,8.115500,0.109700,1.419300,true,6,32,12,120
world2_normal_960,960,600,960,600,19,8.368500,0.153000,1.297500,true,6,32,12,120
world2_normal_960,960,600,960,600,20,8.434300,0.105800,1.292800,true,6,32,12,120
world2_normal_960,960,600,960,600,21,8.402000,0.099400,1.460200,true,6,32,12,120
world2_normal_960,960,600,960,600,22,8.411200,0.111000,1.543300,true,6,32,12,120
world2_normal_960,960,600,960,600,23,7.987400,0.105800,1.490700,true,6,32,12,120
world2_normal_960,960,600,960,600,24,8.226400,0.107600,1.470900,true,6,32,12,120
world2_normal_960,960,600,960,600,25,8.110300,0.124100,1.386000,true,6,32,12,120
world2_normal_960,960,600,960,600,26,8.854600,0.108600,1.461200,true,6,32,12,120
world2_normal_960,960,600,960,600,27,8.262400,0.114300,1.596800,true,6,32,12,120
world2_normal_960,960,600,960,600,28,8.327800,0.125800,1.516500,true,6,32,12,120
world2_normal_960,960,600,960,600,29,8.040800,0.111500,1.493100,true,6,32,12,120
world2_normal_960,960,600,960,600,30,8.176300,0.129500,1.569800,true,6,32,12,120
world2_normal_960,960,600,960,600,31,7.805500,0.114200,1.441900,true,6,32,12,120
world2_normal_960,960,600,960,600,32,8.925500,0.102500,1.481900,true,6,32,12,120
world2_normal_960,960,600,960,600,33,7.956000,0.106000,1.337000,true,6,32,12,120
world2_normal_960,960,600,960,600,34,8.433500,0.114300,1.404000,true,6,32,12,120
world2_normal_960,960,600,960,600,35,8.114500,0.097300,1.446200,true,6,32,12,120
world2_normal_960,960,600,960,600,36,8.255800,0.110500,1.343900,true,6,32,12,120
world2_normal_960,960,600,960,600,37,8.563000,0.103100,1.274600,true,6,32,12,120
world2_normal_960,960,600,960,600,38,8.291800,0.109300,1.282100,true,6,32,12,120
world2_normal_960,960,600,960,600,39,7.705600,0.096900,1.500100,true,6,32,12,120
world2_normal_960,960,600,960,600,40,7.932600,0.108500,1.525800,true,6,32,12,120
world2_normal_960,960,600,960,600,41,7.917700,0.145800,1.519400,true,6,32,12,120
world2_normal_960,960,600,960,600,42,7.892400,0.108900,1.291800,true,6,32,12,120
world2_normal_960,960,600,960,600,43,7.855200,0.103700,1.450300,true,6,32,12,120
world2_normal_960,960,600,960,600,44,7.906300,0.103800,1.487300,true,6,32,12,120
world2_normal_960,960,600,960,600,45,8.806000,0.121800,1.385400,true,6,32,12,120
world2_normal_960,960,600,960,600,46,9.765800,0.108500,1.544300,true,6,32,12,120
world2_normal_960,960,600,960,600,47,8.031700,0.110300,1.636300,true,6,32,12,120
world2_normal_960,960,600,960,600,48,7.796500,0.105600,1.467600,true,6,32,12,120
world2_normal_960,960,600,960,600,49,7.912900,0.103700,1.329100,true,6,32,12,120
world2_normal_960,960,600,960,600,50,9.137000,0.158900,1.488100,true,6,32,12,120
world2_normal_960,960,600,960,600,51,7.922400,0.102400,1.341700,true,6,32,12,120
world2_normal_960,960,600,960,600,52,10.355200,0.105400,1.358700,true,6,32,13,120
world2_normal_960,960,600,960,600,53,8.342500,0.117000,1.348600,true,6,32,12,120
world2_normal_960,960,600,960,600,54,8.037600,0.095000,1.515400,true,6,32,12,120
world2_normal_960,960,600,960,600,55,9.661400,0.114700,1.348200,true,6,32,12,120
world2_normal_960,960,600,960,600,56,7.996400,0.100400,1.304200,true,6,32,13,120
world2_normal_960,960,600,960,600,57,8.420500,0.108800,1.526000,true,6,32,12,120
world2_normal_960,960,600,960,600,58,7.850900,0.097700,1.348700,true,6,32,12,120
world2_normal_960,960,600,960,600,59,7.959600,0.112500,1.625800,true,6,32,12,120
world2_normal_960,960,600,960,600,60,8.349200,0.121500,1.330900,true,6,32,12,120
world2_normal_960,960,600,960,600,61,9.292900,0.153800,1.315100,true,6,32,12,120
world2_normal_960,960,600,960,600,62,8.972600,0.128800,1.563800,true,6,32,12,120
world2_normal_960,960,600,960,600,63,9.226100,0.217300,1.543900,true,6,32,12,120
world2_normal_960,960,600,960,600,64,9.050700,0.096800,1.408100,true,6,32,12,120
world2_normal_960,960,600,960,600,65,8.833200,0.087200,1.373500,true,6,32,12,120
world2_normal_960,960,600,960,600,66,8.543200,0.111500,1.486500,true,6,32,12,120
world2_normal_960,960,600,960,600,67,11.604600,0.095900,1.345200,true,6,32,12,120
world2_normal_960,960,600,960,600,68,7.794300,0.095000,1.468500,true,6,32,12,120
world2_normal_960,960,600,960,600,69,7.803200,0.092500,1.483600,true,6,32,12,120
world2_normal_960,960,600,960,600,70,7.772500,0.103000,1.402500,true,6,32,12,120
world2_normal_960,960,600,960,600,71,7.819400,0.105700,1.511900,true,6,32,12,120
world2_normal_960,960,600,960,600,72,8.184500,0.113000,1.829300,true,6,32,12,120
world2_normal_960,960,600,960,600,73,7.990200,0.097800,1.585700,true,6,32,12,120
world2_normal_960,960,600,960,600,74,8.042400,0.122000,1.425000,true,6,32,12,120
world2_normal_960,960,600,960,600,75,8.060300,0.132300,1.779100,true,6,32,12,120
world2_normal_960,960,600,960,600,76,8.035800,0.089400,1.602900,true,6,32,12,120
world2_normal_960,960,600,960,600,77,7.635500,0.141700,1.354000,true,6,32,12,120
world2_normal_960,960,600,960,600,78,7.466300,0.107300,1.371100,true,6,32,12,120
world2_normal_960,960,600,960,600,79,8.206100,0.102600,1.408500,true,6,32,12,120
world2_normal_960,960,600,960,600,80,8.181800,0.109100,1.816400,true,6,32,12,120
world2_normal_960,960,600,960,600,81,7.877000,0.108300,1.492100,true,6,32,12,120
world2_normal_960,960,600,960,600,82,7.865800,0.096900,1.373800,true,6,32,12,120
world2_normal_960,960,600,960,600,83,7.540100,0.099000,1.349700,true,6,32,12,120
world2_normal_960,960,600,960,600,84,7.789600,0.098200,1.298500,true,6,32,13,120
world2_normal_960,960,600,960,600,85,7.535500,0.105800,1.664300,true,6,32,12,120
world2_normal_960,960,600,960,600,86,7.678700,0.105700,1.437400,true,6,32,12,120
world2_normal_960,960,600,960,600,87,7.587700,0.098000,1.716500,true,6,32,12,120
world2_normal_960,960,600,960,600,88,7.893600,0.106800,1.399600,true,6,32,12,120
world2_normal_960,960,600,960,600,89,9.389000,0.104300,1.428300,true,6,32,12,120
world2_normal_960,960,600,960,600,90,7.719200,0.099300,1.557800,true,6,32,12,120
world2_normal_960,960,600,960,600,91,7.752200,0.096600,1.309500,true,6,32,12,120
world2_normal_960,960,600,960,600,92,9.205300,0.101600,1.385800,true,6,32,12,120
world2_normal_960,960,600,960,600,93,7.401900,0.109200,1.514800,true,6,32,12,120
world2_normal_960,960,600,960,600,94,7.853500,0.100400,1.456900,true,6,32,12,120
world2_normal_960,960,600,960,600,95,7.645500,0.115500,1.389100,true,6,32,12,120
world2_normal_960,960,600,960,600,96,9.135200,0.101900,1.497400,true,6,32,12,120
world2_normal_960,960,600,960,600,97,8.792000,0.192100,1.294000,true,6,32,12,120
world2_normal_960,960,600,960,600,98,8.236400,0.099200,1.518700,true,6,32,12,120
world2_normal_960,960,600,960,600,99,10.133900,0.107900,1.503400,true,6,32,12,120
world2_normal_960,960,600,960,600,100,9.867500,0.162800,1.586900,true,6,32,12,120
world2_normal_960,960,600,960,600,101,9.590000,0.103600,1.465700,true,6,32,12,120
world2_normal_960,960,600,960,600,102,9.484600,0.103300,1.487900,true,6,32,12,120
world2_normal_960,960,600,960,600,103,8.527000,0.135300,1.391100,true,6,32,12,120
world2_normal_960,960,600,960,600,104,8.090900,0.109100,1.325800,true,6,32,12,120
world2_normal_960,960,600,960,600,105,7.776500,0.122700,2.425300,true,6,32,12,120
world2_normal_960,960,600,960,600,106,7.517000,0.098600,1.453700,true,6,32,12,120
world2_normal_960,960,600,960,600,107,7.729100,0.099100,1.568400,true,6,32,12,120
world2_normal_960,960,600,960,600,108,8.261200,0.117300,1.414100,true,6,32,12,120
world2_normal_960,960,600,960,600,109,7.860700,0.123100,1.333000,true,6,32,12,120
world2_normal_960,960,600,960,600,110,8.837300,0.091800,1.314500,true,6,32,12,120
world2_normal_960,960,600,960,600,111,8.194000,0.120900,2.270100,true,6,32,12,120
world2_normal_960,960,600,960,600,112,7.783200,0.104100,1.355900,true,6,32,12,120
world2_normal_960,960,600,960,600,113,8.123400,0.118600,1.340900,true,6,32,12,120
world2_normal_960,960,600,960,600,114,7.524500,0.097300,1.504300,true,6,32,12,120
world2_normal_960,960,600,960,600,115,7.980200,0.096600,1.382400,true,6,32,12,120
world2_normal_960,960,600,960,600,116,7.718000,0.105500,1.495800,true,6,32,12,120
world2_normal_960,960,600,960,600,117,7.591800,0.146300,1.613500,true,6,32,12,120
world2_normal_960,960,600,960,600,118,7.601700,0.122800,1.464400,true,6,32,12,120
world2_normal_960,960,600,960,600,119,7.400200,0.098700,1.307400,true,6,32,12,120
world2_normal_960,960,600,960,600,120,8.158300,0.109100,1.727400,true,6,32,12,120
world2_normal_960,960,600,960,600,121,7.617800,0.099500,1.336300,true,6,32,12,120
world2_normal_960,960,600,960,600,122,7.980700,0.114200,1.734100,true,6,32,12,120
world2_normal_960,960,600,960,600,123,7.788800,0.108900,1.623800,true,6,32,12,120
world2_normal_960,960,600,960,600,124,8.437100,0.106200,1.549500,true,6,32,12,120
world2_normal_960,960,600,960,600,125,10.485400,0.120700,2.350600,true,6,32,12,120
world2_normal_960,960,600,960,600,126,9.230600,0.114800,1.544000,true,6,32,12,120
world2_normal_960,960,600,960,600,127,9.788900,0.139700,1.527900,true,6,32,12,120
world2_normal_960,960,600,960,600,128,12.575400,0.109400,1.530100,true,6,32,12,120
world2_normal_960,960,600,960,600,129,9.714200,0.096800,1.401100,true,6,32,12,120
world2_normal_960,960,600,960,600,130,8.446400,0.105100,1.398400,true,6,32,12,120
world2_normal_960,960,600,960,600,131,7.720700,0.107100,1.394300,true,6,32,12,120
world2_normal_960,960,600,960,600,132,8.620500,0.127100,1.536800,true,6,32,12,120
world2_normal_960,960,600,960,600,133,7.810100,0.119000,1.874800,true,6,32,12,120
world2_normal_960,960,600,960,600,134,8.230200,0.093500,1.340500,true,6,32,12,120
world2_normal_960,960,600,960,600,135,8.710900,0.101000,1.346500,true,6,32,12,120
world2_normal_960,960,600,960,600,136,8.505000,0.127500,1.660800,true,6,32,12,120
world2_normal_960,960,600,960,600,137,9.601000,0.112100,1.656100,true,6,32,12,120
world2_normal_960,960,600,960,600,138,8.030200,0.098700,1.287600,true,6,32,12,120
world2_normal_960,960,600,960,600,139,7.987800,0.131500,1.884700,true,6,32,12,120
world2_normal_960,960,600,960,600,140,8.153600,0.107200,1.404600,true,6,32,12,120
world2_normal_960,960,600,960,600,141,8.783900,0.126300,1.427800,true,6,32,12,120
world2_normal_960,960,600,960,600,142,9.488900,0.111200,1.367800,true,6,32,12,120
world2_normal_960,960,600,960,600,143,9.182400,0.136900,1.720700,true,6,32,12,120
world2_normal_960,960,600,960,600,144,10.020400,0.118100,1.681900,true,6,32,12,120
world2_normal_960,960,600,960,600,145,11.559000,0.117700,1.493800,true,6,32,12,120
world2_normal_960,960,600,960,600,146,7.694500,0.116500,1.533500,true,6,32,12,120
world2_normal_960,960,600,960,600,147,8.064100,0.192200,1.485100,true,6,32,12,120
world2_normal_960,960,600,960,600,148,8.036500,0.192800,1.658400,true,6,32,12,120
world2_normal_960,960,600,960,600,149,8.314900,0.112100,1.394100,true,6,32,12,120
world2_normal_960,960,600,960,600,150,9.283800,0.115300,1.556300,true,6,32,12,120
world2_normal_960,960,600,960,600,151,9.081100,0.102800,1.392900,true,6,32,12,120
world2_normal_960,960,600,960,600,152,9.248900,0.117900,1.532900,true,6,32,12,120
world2_normal_960,960,600,960,600,153,7.902800,0.119300,1.450800,true,6,32,12,120
world2_normal_960,960,600,960,600,154,7.705300,0.109800,1.366300,true,6,32,12,120
world2_normal_960,960,600,960,600,155,7.448200,0.095000,1.537700,true,6,32,12,120
world2_normal_960,960,600,960,600,156,7.862200,0.123200,1.310400,true,6,32,12,120
world2_normal_960,960,600,960,600,157,7.529900,0.103100,1.633400,true,6,32,12,120
world2_normal_960,960,600,960,600,158,8.215700,0.111200,1.432500,true,6,32,12,120
world2_normal_960,960,600,960,600,159,8.659700,0.108900,1.347400,true,6,32,12,120
world2_normal_960,960,600,960,600,160,7.934700,0.102500,1.521100,true,6,32,12,120
world2_normal_960,960,600,960,600,161,7.611900,0.099100,1.512400,true,6,32,12,120
world2_normal_960,960,600,960,600,162,8.034500,0.090700,1.392500,true,6,32,13,120
world2_normal_960,960,600,960,600,163,7.904700,0.098700,1.308700,true,6,32,12,120
world2_normal_960,960,600,960,600,164,8.012000,0.117400,1.397100,true,6,32,12,120
world2_normal_960,960,600,960,600,165,7.823300,0.107100,1.412800,true,6,32,12,120
world2_normal_960,960,600,960,600,166,7.973000,0.113200,1.344800,true,6,32,13,120
world2_normal_960,960,600,960,600,167,7.583700,0.108500,1.485300,true,6,32,12,120
world2_normal_960,960,600,960,600,168,8.063400,0.120500,1.355500,true,6,32,12,120
world2_normal_960,960,600,960,600,169,8.037100,0.096600,1.456600,true,6,32,12,120
world2_normal_960,960,600,960,600,170,7.466900,0.127400,1.437800,true,6,32,12,120
world2_normal_960,960,600,960,600,171,7.535900,0.097800,1.604200,true,6,32,12,120
world2_normal_960,960,600,960,600,172,7.895200,0.189800,1.422800,true,6,32,12,120
world2_normal_960,960,600,960,600,173,7.739900,0.450800,1.499800,true,6,32,12,120
world2_normal_960,960,600,960,600,174,7.757900,0.092300,1.295200,true,6,32,12,120
world2_normal_600,600,400,600,375,0,7.033400,0.089900,2.427100,true,6,32,12,120
world2_normal_600,600,400,600,375,1,6.578800,0.090600,2.369200,true,6,32,12,120
world2_normal_600,600,400,600,375,2,6.851200,0.101400,2.723300,true,6,32,12,120
world2_normal_600,600,400,600,375,3,6.689200,0.086000,2.391200,true,6,32,12,120
world2_normal_600,600,400,600,375,4,7.196400,0.165600,2.518900,true,6,32,12,120
world2_normal_600,600,400,600,375,5,6.860400,0.086500,2.336000,true,6,32,12,120
world2_normal_600,600,400,600,375,6,7.632200,0.085500,2.361400,true,6,32,12,120
world2_normal_600,600,400,600,375,7,6.635700,0.096600,2.558700,true,6,32,12,120
world2_normal_600,600,400,600,375,8,6.757900,0.077800,2.212800,true,6,32,12,120
world2_normal_600,600,400,600,375,9,6.596400,0.111700,3.899100,true,6,32,12,120
world2_normal_600,600,400,600,375,10,6.997300,0.087100,2.417800,true,6,32,12,120
world2_normal_600,600,400,600,375,11,6.481500,0.090600,2.227800,true,6,32,12,120
world2_normal_600,600,400,600,375,12,6.855900,0.086600,2.392900,true,6,32,12,120
world2_normal_600,600,400,600,375,13,8.836300,0.089900,2.318400,true,6,32,12,120
world2_normal_600,600,400,600,375,14,6.662500,0.089300,2.194400,true,6,32,12,120
world2_normal_600,600,400,600,375,15,6.977700,0.082300,2.219900,true,6,32,12,120
world2_normal_600,600,400,600,375,16,6.681000,0.089900,2.208800,true,6,32,12,120
world2_normal_600,600,400,600,375,17,6.833800,0.078200,2.418900,true,6,32,12,120
world2_normal_600,600,400,600,375,18,6.651100,0.121300,2.438400,true,6,32,12,120
world2_normal_600,600,400,600,375,19,6.858400,0.087400,2.492000,true,6,32,12,120
world2_normal_600,600,400,600,375,20,6.523200,0.117400,2.436600,true,6,32,12,120
world2_normal_600,600,400,600,375,21,6.904600,0.083500,2.343000,true,6,32,12,120
world2_normal_600,600,400,600,375,22,7.726200,0.092200,2.536400,true,6,32,12,120
world2_normal_600,600,400,600,375,23,7.434000,0.078300,2.175700,true,6,32,12,120
world2_normal_600,600,400,600,375,24,6.781700,0.080800,2.436100,true,6,32,12,120
world2_normal_600,600,400,600,375,25,6.568900,0.083700,2.213500,true,6,32,12,120
world2_normal_600,600,400,600,375,26,6.930400,0.102300,2.481300,true,6,32,12,120
world2_normal_600,600,400,600,375,27,6.617200,0.092400,2.231400,true,6,32,12,120
world2_normal_600,600,400,600,375,28,7.048800,0.081700,2.507400,true,6,32,12,120
world2_normal_600,600,400,600,375,29,6.510600,0.090100,2.222200,true,6,32,12,120
world2_normal_600,600,400,600,375,30,7.071000,0.082300,2.387500,true,6,32,12,120
world2_normal_600,600,400,600,375,31,6.613600,0.090600,2.331000,true,6,32,12,120
world2_normal_600,600,400,600,375,32,7.286700,0.105700,2.550400,true,6,32,12,120
world2_normal_600,600,400,600,375,33,6.886400,0.083800,2.480700,true,6,32,12,120
world2_normal_600,600,400,600,375,34,7.847700,0.092300,2.251200,true,6,32,12,120
world2_normal_600,600,400,600,375,35,6.752700,0.093200,2.381100,true,6,32,13,120
world2_normal_600,600,400,600,375,36,6.809100,0.086300,2.484800,true,6,32,12,120
world2_normal_600,600,400,600,375,37,6.784100,0.104600,3.465400,true,6,32,12,120
world2_normal_600,600,400,600,375,38,7.073800,0.099700,2.481500,true,6,32,12,120
world2_normal_600,600,400,600,375,39,8.346600,0.096400,2.560100,true,6,32,13,120
world2_normal_600,600,400,600,375,40,8.162400,0.082200,2.212000,true,6,32,12,120
world2_normal_600,600,400,600,375,41,6.727000,0.088600,2.442400,true,6,32,12,120
world2_normal_600,600,400,600,375,42,7.776500,0.081500,2.447600,true,6,32,12,120
world2_normal_600,600,400,600,375,43,6.840500,0.111300,2.279700,true,6,32,12,120
world2_normal_600,600,400,600,375,44,8.506100,0.078800,2.345900,true,6,32,12,120
world2_normal_600,600,400,600,375,45,6.583500,0.089600,2.302300,true,6,32,12,120
world2_normal_600,600,400,600,375,46,6.990400,0.099900,2.965000,true,6,32,12,120
world2_normal_600,600,400,600,375,47,6.725600,0.086200,2.180200,true,6,32,12,120
world2_normal_600,600,400,600,375,48,6.897400,0.106300,2.307900,true,6,32,12,120
world2_normal_600,600,400,600,375,49,6.741000,0.086700,2.398600,true,6,32,12,120
world2_normal_600,600,400,600,375,50,7.947500,0.246500,2.195800,true,6,32,12,120
world2_normal_600,600,400,600,375,51,7.906700,0.114200,2.476900,true,6,32,12,120
world2_normal_600,600,400,600,375,52,6.658900,0.092300,2.425600,true,6,32,12,120
world2_normal_600,600,400,600,375,53,8.297600,0.090300,2.383700,true,6,32,12,120
world2_normal_600,600,400,600,375,54,8.990000,0.087500,2.212100,true,6,32,12,120
world2_normal_600,600,400,600,375,55,8.086500,0.097700,2.467600,true,6,32,12,120
world2_normal_600,600,400,600,375,56,7.936700,0.090800,2.365500,true,6,32,12,120
world2_normal_600,600,400,600,375,57,6.710700,0.086100,2.236500,true,6,32,12,120
world2_normal_600,600,400,600,375,58,6.992000,0.078100,2.462700,true,6,32,12,120
world2_normal_600,600,400,600,375,59,6.631600,0.128400,2.250800,true,6,32,12,120
world2_normal_600,600,400,600,375,60,7.407500,0.144400,2.289900,true,6,32,12,120
world2_normal_600,600,400,600,375,61,7.110500,0.131800,2.514700,true,6,32,12,120
world2_normal_600,600,400,600,375,62,8.902300,0.127700,2.234400,true,6,32,12,120
world2_normal_600,600,400,600,375,63,6.716300,0.085100,2.288200,true,6,32,12,120
world2_normal_600,600,400,600,375,64,7.573600,0.076700,2.519000,true,6,32,12,120
world2_normal_600,600,400,600,375,65,7.307700,0.079900,2.234400,true,6,32,12,120
world2_normal_600,600,400,600,375,66,7.143100,0.075100,2.570200,true,6,32,12,120
world2_normal_600,600,400,600,375,67,6.769300,0.077700,2.275100,true,6,32,13,120
world2_normal_600,600,400,600,375,68,6.987800,0.080200,2.419000,true,6,32,12,120
world2_normal_600,600,400,600,375,69,6.720000,0.071100,2.451300,true,6,32,12,120
world2_normal_600,600,400,600,375,70,7.078000,0.084500,2.755300,true,6,32,12,120
world2_normal_600,600,400,600,375,71,6.827400,0.082400,2.405100,true,6,32,12,120
world2_normal_600,600,400,600,375,72,8.756800,0.143200,2.346500,true,6,32,12,120
world2_normal_600,600,400,600,375,73,6.592700,0.095600,2.504500,true,6,32,12,120
world2_normal_600,600,400,600,375,74,6.974200,0.067700,2.374400,true,6,32,12,120
world2_normal_600,600,400,600,375,75,6.452300,0.105800,2.592600,true,6,32,12,120
world2_normal_600,600,400,600,375,76,7.068000,0.074300,2.393500,true,6,32,12,120
world2_normal_600,600,400,600,375,77,6.292800,0.090500,2.166400,true,6,32,12,120
world2_normal_600,600,400,600,375,78,6.677000,0.066400,2.454700,true,6,32,12,120
world2_normal_600,600,400,600,375,79,6.654400,0.069200,2.194200,true,6,32,12,120
world2_normal_600,600,400,600,375,80,6.753100,0.072600,2.389300,true,6,32,12,120
world2_normal_600,600,400,600,375,81,6.568600,0.075300,2.617800,true,6,32,12,120
world2_normal_600,600,400,600,375,82,6.936800,0.077900,2.733900,true,6,32,12,120
world2_normal_600,600,400,600,375,83,7.614100,0.072100,2.350500,true,6,32,12,120
world2_normal_600,600,400,600,375,84,7.030800,0.107400,2.332800,true,6,32,12,120
world2_normal_600,600,400,600,375,85,6.545800,0.068500,2.385200,true,6,32,12,120
world2_normal_600,600,400,600,375,86,7.109900,0.075200,2.216400,true,6,32,12,120
world2_normal_600,600,400,600,375,87,7.596000,0.087600,2.384200,true,6,32,12,120
world2_normal_600,600,400,600,375,88,6.668800,0.067500,2.331300,true,6,32,12,120
world2_normal_600,600,400,600,375,89,6.659700,0.080700,2.284800,true,6,32,12,120
world2_normal_600,600,400,600,375,90,6.591500,0.095600,2.310200,true,6,32,12,120
world2_normal_600,600,400,600,375,91,6.486900,0.094900,2.308000,true,6,32,12,120
world2_normal_600,600,400,600,375,92,6.728700,0.063300,2.196900,true,6,32,12,120
world2_normal_600,600,400,600,375,93,6.817000,0.064500,2.751700,true,6,32,12,120
world2_normal_600,600,400,600,375,94,6.645100,0.070000,2.349500,true,6,32,12,120
world2_normal_600,600,400,600,375,95,6.762600,0.071000,2.332900,true,6,32,12,120
world2_normal_600,600,400,600,375,96,6.745700,0.064300,2.183200,true,6,32,12,120
world2_normal_600,600,400,600,375,97,6.760900,0.085600,2.459700,true,6,32,12,120
world2_normal_600,600,400,600,375,98,6.638100,0.085000,2.421200,true,6,32,12,120
world2_normal_600,600,400,600,375,99,7.583000,0.086400,2.402400,true,6,32,12,120
world2_normal_600,600,400,600,375,100,6.750700,0.064000,2.347600,true,6,32,12,120
world2_normal_600,600,400,600,375,101,6.461300,0.079300,2.190800,true,6,32,12,120
world2_normal_600,600,400,600,375,102,6.632600,0.071900,2.348100,true,6,32,12,120
world2_normal_600,600,400,600,375,103,8.417200,0.072800,2.222200,true,6,32,12,120
world2_normal_600,600,400,600,375,104,6.849900,0.079600,2.397600,true,6,32,12,120
world2_normal_600,600,400,600,375,105,6.481500,0.074000,2.361700,true,6,32,12,120
world2_normal_600,600,400,600,375,106,7.038900,0.088600,2.289600,true,6,32,12,120
world2_normal_600,600,400,600,375,107,6.523700,0.070500,2.424300,true,6,32,12,120
world2_normal_600,600,400,600,375,108,6.705100,0.069400,2.435900,true,6,32,12,120
world2_normal_600,600,400,600,375,109,6.586800,0.081400,2.399600,true,6,32,12,120
world2_normal_600,600,400,600,375,110,6.714500,0.084700,2.364800,true,6,32,12,120
world2_normal_600,600,400,600,375,111,7.148600,0.066500,2.659800,true,6,32,12,120
world2_normal_600,600,400,600,375,112,6.432900,0.065300,2.393900,true,6,32,12,120
world2_normal_600,600,400,600,375,113,6.401800,0.065600,2.399300,true,6,32,12,120
world2_normal_600,600,400,600,375,114,7.732100,0.080000,2.209400,true,6,32,12,120
world2_normal_600,600,400,600,375,115,6.614100,0.070300,2.372200,true,6,32,12,120
world2_normal_600,600,400,600,375,116,6.602500,0.088100,2.391800,true,6,32,12,120
world2_normal_600,600,400,600,375,117,6.849500,0.081400,2.507400,true,6,32,12,120
world2_normal_600,600,400,600,375,118,6.589800,0.082100,2.434900,true,6,32,12,120
world2_normal_600,600,400,600,375,119,6.616600,0.098100,2.409100,true,6,32,12,120
world2_normal_600,600,400,600,375,120,6.779000,0.084800,2.396300,true,6,32,12,120
world2_normal_600,600,400,600,375,121,6.584700,0.107900,2.790100,true,6,32,12,120
world2_normal_600,600,400,600,375,122,6.755000,0.064000,2.197500,true,6,32,12,120
world2_normal_600,600,400,600,375,123,6.804100,0.085500,2.355600,true,6,32,12,120
world2_normal_600,600,400,600,375,124,8.306800,0.073800,2.398300,true,6,32,12,120
world2_normal_600,600,400,600,375,125,6.680800,0.080200,2.240400,true,6,32,12,120
world2_normal_600,600,400,600,375,126,7.042700,0.076500,2.508700,true,6,32,12,120
world2_normal_600,600,400,600,375,127,7.524500,0.065500,2.408800,true,6,32,12,120
world2_normal_600,600,400,600,375,128,6.979300,0.079100,2.367000,true,6,32,12,120
world2_normal_600,600,400,600,375,129,6.791000,0.066100,2.172100,true,6,32,12,120
world2_normal_600,600,400,600,375,130,6.801400,0.086400,2.202300,true,6,32,12,120
world2_normal_600,600,400,600,375,131,6.544000,0.072900,2.474700,true,6,32,12,120
world2_normal_600,600,400,600,375,132,6.693100,0.072500,2.416200,true,6,32,12,120
world2_normal_600,600,400,600,375,133,6.525400,0.094500,2.401400,true,6,32,12,120
world2_normal_600,600,400,600,375,134,7.085000,0.066700,2.293000,true,6,32,12,120
world2_normal_600,600,400,600,375,135,6.859000,0.069600,2.381500,true,6,32,12,120
world2_normal_600,600,400,600,375,136,6.566100,0.081100,2.417900,true,6,32,12,120
world2_normal_600,600,400,600,375,137,6.515700,0.091300,2.434200,true,6,32,12,120
world2_normal_600,600,400,600,375,138,6.622700,0.089000,2.379700,true,6,32,12,120
world2_normal_600,600,400,600,375,139,6.665900,0.073700,2.349600,true,6,32,12,120
world2_normal_600,600,400,600,375,140,6.575200,0.071800,2.199800,true,6,32,12,120
world2_normal_600,600,400,600,375,141,6.654000,0.091900,2.355600,true,6,32,12,120
world2_normal_600,600,400,600,375,142,6.606400,0.067900,2.180700,true,6,32,12,120
world2_normal_600,600,400,600,375,143,6.564200,0.088300,2.373200,true,6,32,12,120
world2_normal_600,600,400,600,375,144,6.749400,0.076600,2.180100,true,6,32,12,120
world2_normal_600,600,400,600,375,145,6.683200,0.078700,2.316800,true,6,32,13,120
world2_normal_600,600,400,600,375,146,6.713700,0.065200,2.189000,true,6,32,12,120
world2_normal_600,600,400,600,375,147,6.606300,0.067800,2.287100,true,6,32,12,120
world2_normal_600,600,400,600,375,148,6.841900,0.085300,2.218800,true,6,32,12,120
world2_normal_600,600,400,600,375,149,6.434500,0.069100,2.289500,true,6,32,13,120
world2_normal_600,600,400,600,375,150,6.585700,0.068200,2.434500,true,6,32,12,120
world2_normal_600,600,400,600,375,151,6.423500,0.071700,2.302000,true,6,32,12,120
world2_normal_600,600,400,600,375,152,6.528700,0.074300,2.324300,true,6,32,12,120
world2_normal_600,600,400,600,375,153,7.640900,0.076400,2.327500,true,6,32,12,120
world2_normal_600,600,400,600,375,154,7.329400,0.080200,2.342900,true,6,32,12,120
world2_normal_600,600,400,600,375,155,6.615500,0.098400,2.357600,true,6,32,12,120
world2_normal_600,600,400,600,375,156,6.870300,0.077100,2.494500,true,6,32,12,120
world2_normal_600,600,400,600,375,157,6.888900,0.097900,2.265000,true,6,32,12,120
world2_normal_600,600,400,600,375,158,6.812900,0.081100,2.315900,true,6,32,12,120
world2_normal_600,600,400,600,375,159,6.682200,0.083500,2.199900,true,6,32,12,120
world2_normal_600,600,400,600,375,160,6.660000,0.067400,2.308100,true,6,32,12,120
world2_normal_600,600,400,600,375,161,9.055900,0.064900,2.227000,true,6,32,12,120
world2_normal_600,600,400,600,375,162,7.233700,0.095600,2.569800,true,6,32,12,120
world2_normal_600,600,400,600,375,163,6.706700,0.074200,2.467800,true,6,32,12,120
world2_normal_600,600,400,600,375,164,7.346800,0.070200,2.257000,true,6,32,12,120
world2_normal_600,600,400,600,375,165,6.797300,0.090800,2.451800,true,6,32,12,120
world2_normal_600,600,400,600,375,166,6.848000,0.103500,2.360500,true,6,32,12,120
world2_normal_600,600,400,600,375,167,7.052300,0.098600,2.453300,true,6,32,12,120
world2_normal_600,600,400,600,375,168,7.177300,0.091300,2.507100,true,6,32,12,120
world2_normal_600,600,400,600,375,169,7.872200,0.074600,2.351800,true,6,32,12,120
world2_normal_600,600,400,600,375,170,7.316200,0.076300,2.495200,true,6,32,12,120
world2_normal_600,600,400,600,375,171,6.679300,0.071300,2.343000,true,6,32,12,120
world2_normal_600,600,400,600,375,172,7.157700,0.090100,2.286400,true,6,32,12,120
world2_normal_600,600,400,600,375,173,6.584200,0.064800,2.419600,true,6,32,12,120
world2_normal_600,600,400,600,375,174,7.425300,0.085900,2.270800,true,6,32,12,120
world2_normal_600,600,400,600,375,175,6.831800,0.067500,2.413400,true,6,32,12,120
world2_normal_600,600,400,600,375,176,7.990800,0.064700,2.224000,true,6,32,12,120
world2_normal_600,600,400,600,375,177,6.714100,0.106500,2.300300,true,6,32,12,120
world2_normal_600,600,400,600,375,178,6.860600,0.080700,2.228600,true,6,32,12,120
world2_normal_600,600,400,600,375,179,6.633500,0.087100,2.413200,true,6,32,12,120
world2_normal_600,600,400,600,375,180,6.648400,0.071600,2.173600,true,6,32,12,120
world2_normal_600,600,400,600,375,181,6.522100,0.091200,2.281800,true,6,32,12,120
world2_normal_600,600,400,600,375,182,6.543600,0.070300,2.235200,true,6,32,12,120
world2_normal_600,600,400,600,375,183,6.420500,0.067100,2.342100,true,6,32,12,120
world2_normal_600,600,400,600,375,184,6.945600,0.068800,2.384500,true,6,32,12,120
world2_normal_1280,1280,800,1280,800,0,6.846700,0.072100,9.790400,true,6,32,12,120
world2_normal_1280,1280,800,1280,800,1,6.535500,0.082400,9.772300,true,6,32,12,120
world2_normal_1280,1280,800,1280,800,2,6.845400,0.089500,9.964600,true,6,32,12,120
world2_normal_1280,1280,800,1280,800,3,6.746000,0.068200,9.844000,true,6,32,12,120
world2_normal_1280,1280,800,1280,800,4,8.519300,0.075400,9.991800,true,6,32,12,120
world2_normal_1280,1280,800,1280,800,5,6.806200,0.069100,9.874500,true,6,32,12,120
world2_normal_1280,1280,800,1280,800,6,7.016900,0.075000,9.812000,true,6,32,12,120
world2_normal_1280,1280,800,1280,800,7,8.588400,0.070900,10.122100,true,6,32,12,120
world2_normal_1280,1280,800,1280,800,8,6.841300,0.074100,9.813500,true,6,32,12,120
world2_normal_1280,1280,800,1280,800,9,7.357000,0.098000,9.743100,true,6,32,12,120
world2_normal_1280,1280,800,1280,800,10,7.151200,0.085000,9.888200,true,6,32,12,120
world2_normal_1280,1280,800,1280,800,11,6.851300,0.069700,9.887800,true,6,32,12,120
world2_normal_1280,1280,800,1280,800,12,7.457100,0.068400,10.073800,true,6,32,12,120
world2_normal_1280,1280,800,1280,800,13,7.032500,0.077900,9.770000,true,6,32,12,120
world2_normal_1280,1280,800,1280,800,14,6.643300,0.065600,9.483900,true,6,32,12,120
world2_normal_1280,1280,800,1280,800,15,6.749900,0.067400,10.728500,true,6,32,12,120
world2_normal_1280,1280,800,1280,800,16,6.720900,0.067000,9.789100,true,6,32,12,120
world2_normal_1280,1280,800,1280,800,17,6.932100,0.063800,9.557300,true,6,32,12,120
world2_normal_1280,1280,800,1280,800,18,6.456900,0.071800,9.701500,true,6,32,12,120
world2_normal_1280,1280,800,1280,800,19,6.921600,0.088000,10.005700,true,6,32,12,120
world2_normal_1280,1280,800,1280,800,20,6.706200,0.094200,10.105300,true,6,32,12,120
world2_normal_1280,1280,800,1280,800,21,6.356600,0.082100,9.750900,true,6,32,12,120
world2_normal_1280,1280,800,1280,800,22,6.797000,0.073000,10.211500,true,6,32,12,120
world2_normal_1280,1280,800,1280,800,23,6.746800,0.074800,9.683300,true,6,32,12,120
world2_normal_1280,1280,800,1280,800,24,7.032500,0.077600,10.649700,true,6,32,12,120
world2_normal_1280,1280,800,1280,800,25,6.413000,0.072300,9.706400,true,6,32,12,120
world2_normal_1280,1280,800,1280,800,26,6.554300,0.066500,9.652800,true,6,32,12,120
world2_normal_1280,1280,800,1280,800,27,6.350000,0.085600,9.836600,true,6,32,12,120
world2_normal_1280,1280,800,1280,800,28,7.313000,0.125400,9.830200,true,6,32,12,120
world2_normal_1280,1280,800,1280,800,29,6.967500,0.086800,10.012000,true,6,32,12,120
world2_normal_1280,1280,800,1280,800,30,6.961800,0.083400,9.783200,true,6,32,12,120
world2_normal_1280,1280,800,1280,800,31,6.350700,0.075600,10.349400,true,6,32,12,120
world2_normal_1280,1280,800,1280,800,32,6.890400,0.081700,9.575700,true,6,32,12,120
world2_normal_1280,1280,800,1280,800,33,6.471200,0.086600,10.136300,true,6,32,12,120
world2_normal_1280,1280,800,1280,800,34,6.864800,0.073400,9.814800,true,6,32,12,120
world2_normal_1280,1280,800,1280,800,35,7.730300,0.070900,9.699300,true,6,32,12,120
world2_normal_1280,1280,800,1280,800,36,6.438900,0.065300,10.399000,true,6,32,12,120
world2_normal_1280,1280,800,1280,800,37,6.458000,0.090800,9.581100,true,6,32,12,120
world2_normal_1280,1280,800,1280,800,38,6.663300,0.099000,9.870700,true,6,32,12,120
world2_normal_1280,1280,800,1280,800,39,6.444400,0.062700,9.864300,true,6,32,12,120
world2_normal_1280,1280,800,1280,800,40,6.438900,0.080300,10.623600,true,6,32,12,120
world2_normal_1280,1280,800,1280,800,41,6.472900,0.087500,9.699300,true,6,32,12,120
world2_normal_1280,1280,800,1280,800,42,7.178700,0.064600,9.827300,true,6,32,12,120
world2_normal_1280,1280,800,1280,800,43,6.706600,0.070800,10.070100,true,6,32,12,120
world2_normal_1280,1280,800,1280,800,44,6.623300,0.064500,10.174600,true,6,32,12,120
world2_normal_1280,1280,800,1280,800,45,6.324100,0.072300,9.764500,true,6,32,12,120
world2_normal_1280,1280,800,1280,800,46,6.929700,0.071800,10.105500,true,6,32,12,120
world2_normal_1280,1280,800,1280,800,47,6.604500,0.094700,10.088500,true,6,32,12,120
world2_normal_1280,1280,800,1280,800,48,6.517500,0.067900,9.720300,true,6,32,12,120
world2_normal_1280,1280,800,1280,800,49,6.364000,0.082000,9.977000,true,6,32,12,120
world2_normal_1280,1280,800,1280,800,50,6.954900,0.083200,10.056500,true,6,32,12,120
world2_normal_1280,1280,800,1280,800,51,6.705400,0.068600,9.752100,true,6,32,12,120
world2_normal_1280,1280,800,1280,800,52,6.435500,0.075900,10.606800,true,6,32,12,120
world2_normal_1280,1280,800,1280,800,53,6.411400,0.070500,9.855400,true,6,32,12,120
world2_normal_1280,1280,800,1280,800,54,7.078000,0.091200,9.817700,true,6,32,12,120
world2_normal_1280,1280,800,1280,800,55,6.894300,0.068000,10.107600,true,6,32,12,120
world2_normal_1280,1280,800,1280,800,56,7.162000,0.086100,9.725000,true,6,32,12,120
world2_normal_1280,1280,800,1280,800,57,7.415600,0.084200,9.675100,true,6,32,12,120
world2_normal_1280,1280,800,1280,800,58,6.722400,0.076300,9.730600,true,6,32,12,120
world2_normal_1280,1280,800,1280,800,59,7.287700,0.101100,9.703800,true,6,32,12,120
world2_normal_1280,1280,800,1280,800,60,7.017700,0.093200,9.809100,true,6,32,12,120
world2_normal_1280,1280,800,1280,800,61,6.821700,0.072600,10.082200,true,6,32,12,120
world2_normal_1280,1280,800,1280,800,62,7.492500,0.066200,9.722900,true,6,32,12,120
world2_normal_1280,1280,800,1280,800,63,6.501100,0.064300,10.474700,true,6,32,12,120
world2_normal_1280,1280,800,1280,800,64,6.719900,0.067700,9.588100,true,6,32,12,120
world2_normal_1280,1280,800,1280,800,65,6.495500,0.095800,9.862200,true,6,32,12,120
world2_normal_1280,1280,800,1280,800,66,6.803800,0.080400,10.014100,true,6,32,12,120
world2_normal_1280,1280,800,1280,800,67,7.482100,0.069500,9.690200,true,6,32,12,120
world2_normal_1280,1280,800,1280,800,68,8.073900,0.078600,9.717400,true,6,32,12,120
world2_normal_1280,1280,800,1280,800,69,7.508300,0.065500,9.912500,true,6,32,13,120
world2_normal_1280,1280,800,1280,800,70,6.453500,0.086200,9.741700,true,6,32,12,120
world2_normal_1280,1280,800,1280,800,71,6.753200,0.072400,11.901000,true,6,32,12,120
world2_normal_1280,1280,800,1280,800,72,6.993000,0.078400,9.778400,true,6,32,12,120
world2_normal_1280,1280,800,1280,800,73,6.916500,0.065300,10.073500,true,6,32,13,120
world2_normal_1280,1280,800,1280,800,74,7.539800,0.085000,9.666800,true,6,32,12,120
world2_normal_1280,1280,800,1280,800,75,6.674300,0.075200,10.784700,true,6,32,12,120
world2_normal_1280,1280,800,1280,800,76,6.676400,0.065700,9.684900,true,6,32,12,120
world2_normal_1280,1280,800,1280,800,77,6.496700,0.071400,9.751900,true,6,32,12,120
world2_normal_1280,1280,800,1280,800,78,6.784600,0.092300,9.740600,true,6,32,12,120
world2_normal_1280,1280,800,1280,800,79,6.526000,0.075500,10.377200,true,6,32,12,120
world2_normal_1280,1280,800,1280,800,80,6.630000,0.065600,9.471100,true,6,32,12,120
world2_normal_1280,1280,800,1280,800,81,6.478500,0.099800,9.884900,true,6,32,12,120
world2_normal_1280,1280,800,1280,800,82,7.107300,0.067600,10.794900,true,6,32,12,120
world2_normal_1280,1280,800,1280,800,83,6.430000,0.084200,9.688400,true,6,32,12,120
world2_normal_1280,1280,800,1280,800,84,6.562700,0.087000,9.805600,true,6,32,12,120
world2_normal_1280,1280,800,1280,800,85,7.759100,0.077600,9.561500,true,6,32,12,120
world2_normal_1280,1280,800,1280,800,86,6.877400,0.102300,9.834300,true,6,32,12,120
world2_normal_1280,1280,800,1280,800,87,6.665600,0.104500,11.022400,true,6,32,12,120
world2_normal_1280,1280,800,1280,800,88,6.938300,0.098700,10.014300,true,6,32,12,120
world2_normal_1280,1280,800,1280,800,89,8.271700,0.063700,9.718900,true,6,32,12,120
world2_normal_1280,1280,800,1280,800,90,7.076400,0.079700,9.743100,true,6,32,12,120
world2_normal_1280,1280,800,1280,800,91,6.780700,0.067600,9.593200,true,6,32,12,120
world2_normal_1280,1280,800,1280,800,92,6.741100,0.082300,9.608700,true,6,32,12,120
world2_normal_1280,1280,800,1280,800,93,7.082600,0.084900,9.857600,true,6,32,12,120
world2_normal_1280,1280,800,1280,800,94,7.324600,0.072100,9.701700,true,6,32,12,120
world2_normal_1280,1280,800,1280,800,95,6.945200,0.066600,9.869400,true,6,32,12,120
world2_normal_1280,1280,800,1280,800,96,6.384700,0.068300,9.707100,true,6,32,12,120
world2_normal_1280,1280,800,1280,800,97,8.281800,0.074300,9.649000,true,6,32,12,120
world2_normal_1280,1280,800,1280,800,98,6.985200,0.076800,9.769300,true,6,32,12,120
world2_normal_1280,1280,800,1280,800,99,6.682400,0.071900,10.036500,true,6,32,12,120
world2_normal_1280,1280,800,1280,800,100,6.559900,0.069800,9.731000,true,6,32,12,120
world2_normal_1280,1280,800,1280,800,101,6.255300,0.071800,9.689300,true,6,32,13,120
world2_normal_1280,1280,800,1280,800,102,6.806600,0.077700,9.807900,true,6,32,12,120
world2_normal_1280,1280,800,1280,800,103,6.311500,0.065700,9.557200,true,6,32,12,120
world2_high_960,960,600,960,600,0,14.045700,0.074400,1.346200,true,40,320,180,1200
world2_high_960,960,600,960,600,1,13.877700,0.090500,1.548300,true,40,320,180,1200
world2_high_960,960,600,960,600,2,14.527000,0.084800,1.392300,true,40,320,180,1200
world2_high_960,960,600,960,600,3,15.548100,0.093000,1.350700,true,40,320,180,1200
world2_high_960,960,600,960,600,4,14.916500,0.071200,1.469400,true,40,320,180,1200
world2_high_960,960,600,960,600,5,13.731200,0.080900,1.470800,true,40,320,180,1200
world2_high_960,960,600,960,600,6,13.079300,0.079200,1.294900,true,40,320,180,1200
world2_high_960,960,600,960,600,7,13.408000,0.079800,1.479300,true,40,320,180,1200
world2_high_960,960,600,960,600,8,12.978000,0.132800,1.388600,true,40,320,180,1200
world2_high_960,960,600,960,600,9,13.713300,0.080200,1.585100,true,40,320,180,1200
world2_high_960,960,600,960,600,10,14.302500,0.073900,1.263700,true,40,320,180,1200
world2_high_960,960,600,960,600,11,13.613600,0.081600,1.530500,true,40,320,180,1200
world2_high_960,960,600,960,600,12,13.084800,0.073800,1.282900,true,40,320,180,1200
world2_high_960,960,600,960,600,13,15.471400,0.089200,1.444000,true,40,320,180,1200
world2_high_960,960,600,960,600,14,12.954300,0.088400,1.473000,true,40,320,180,1200
world2_high_960,960,600,960,600,15,13.312600,0.098300,1.379300,true,40,320,180,1200
world2_high_960,960,600,960,600,16,15.866800,0.079300,1.426100,true,40,320,180,1200
world2_high_960,960,600,960,600,17,14.448300,0.074600,1.278400,true,40,320,180,1200
world2_high_960,960,600,960,600,18,13.932000,0.120700,1.954300,true,40,320,180,1200
world2_high_960,960,600,960,600,19,13.631100,0.078900,1.297300,true,40,320,180,1200
world2_high_960,960,600,960,600,20,14.575200,0.082500,1.399100,true,40,320,180,1200
world2_high_960,960,600,960,600,21,14.307900,0.092000,1.500200,true,40,320,180,1200
world2_high_960,960,600,960,600,22,13.641100,0.088200,1.576200,true,40,320,180,1200
world2_high_960,960,600,960,600,23,14.581000,0.110000,1.528900,true,40,320,180,1200
world2_high_960,960,600,960,600,24,13.444200,0.075600,1.443100,true,40,320,180,1200
world2_high_960,960,600,960,600,25,13.749200,0.096600,1.273700,true,40,320,180,1200
world2_high_960,960,600,960,600,26,13.465100,0.089000,1.301600,true,40,320,180,1200
world2_high_960,960,600,960,600,27,14.190700,0.103200,1.317100,true,40,320,180,1200
world2_high_960,960,600,960,600,28,13.100900,0.066300,1.253900,true,40,320,180,1200
world2_high_960,960,600,960,600,29,13.814700,0.084600,1.577200,true,40,320,180,1200
world2_high_960,960,600,960,600,30,13.063100,0.072500,1.346700,true,40,320,180,1200
world2_high_960,960,600,960,600,31,14.010700,0.089300,1.615400,true,40,320,180,1200
world2_high_960,960,600,960,600,32,13.065800,0.081200,1.542900,true,40,320,180,1200
world2_high_960,960,600,960,600,33,14.039800,0.080700,1.326800,true,40,320,180,1200
world2_high_960,960,600,960,600,34,13.405800,0.074000,1.259500,true,40,320,180,1200
world2_high_960,960,600,960,600,35,13.983000,0.084700,1.362100,true,40,320,180,1200
world2_high_960,960,600,960,600,36,13.404400,0.077000,1.540500,true,40,320,180,1200
world2_high_960,960,600,960,600,37,13.955400,0.076400,1.402200,true,40,320,180,1200
world2_high_960,960,600,960,600,38,13.677200,0.087200,1.576500,true,40,320,180,1200
world2_high_960,960,600,960,600,39,13.837200,0.080200,1.448500,true,40,320,180,1200
world2_high_960,960,600,960,600,40,13.447800,0.077500,1.452500,true,40,320,180,1200
world2_high_960,960,600,960,600,41,13.723900,0.075800,1.478800,true,40,320,180,1200
world2_high_960,960,600,960,600,42,13.581600,0.085900,1.574200,true,40,320,180,1200
world2_high_960,960,600,960,600,43,14.278600,0.073900,1.535700,true,40,320,180,1200
world2_high_960,960,600,960,600,44,13.507600,0.122100,2.181100,true,40,320,180,1200
world2_high_960,960,600,960,600,45,16.820000,0.079800,1.331200,true,40,320,180,1200
world2_high_960,960,600,960,600,46,13.945800,0.081200,1.472800,true,40,320,180,1200
world2_high_960,960,600,960,600,47,16.149900,0.100300,1.601600,true,40,320,180,1200
world2_high_960,960,600,960,600,48,14.839100,0.103000,1.539800,true,40,320,180,1200
world2_high_960,960,600,960,600,49,13.910400,0.085400,1.347900,true,40,320,180,1200
world2_high_960,960,600,960,600,50,13.606500,0.080600,1.614900,true,40,320,180,1200
world2_high_960,960,600,960,600,51,14.386100,0.077500,1.485500,true,40,320,180,1200
world2_high_960,960,600,960,600,52,13.951100,0.077900,1.402800,true,40,320,180,1200
world2_high_960,960,600,960,600,53,13.549800,0.074700,1.252900,true,40,320,180,1200
world2_high_960,960,600,960,600,54,14.032000,0.100000,1.609500,true,40,320,180,1200
world2_high_960,960,600,960,600,55,13.468100,0.075400,1.451000,true,40,320,180,1200
world2_high_960,960,600,960,600,56,13.297100,0.103000,2.218900,true,40,320,180,1200
world2_high_960,960,600,960,600,57,14.036700,0.079400,1.426000,true,40,320,180,1200
world2_high_960,960,600,960,600,58,15.491500,0.070800,1.342000,true,40,320,180,1200
world2_high_960,960,600,960,600,59,13.742400,0.093000,1.776700,true,40,320,180,1200
world2_high_960,960,600,960,600,60,14.790600,0.081900,1.595700,true,40,320,180,1200
world2_high_960,960,600,960,600,61,13.929500,0.079500,1.424000,true,40,320,180,1200
world2_high_960,960,600,960,600,62,13.542400,0.075900,1.461800,true,40,320,180,1200
world2_high_960,960,600,960,600,63,13.913500,0.075500,1.297300,true,40,320,180,1200
world2_high_960,960,600,960,600,64,12.987600,0.075400,1.406000,true,40,320,180,1200
world2_high_960,960,600,960,600,65,14.566300,0.072900,1.306500,true,40,320,180,1200
world2_high_960,960,600,960,600,66,13.039400,0.075600,1.803700,true,40,320,180,1200
world2_high_960,960,600,960,600,67,13.467700,0.074800,1.300100,true,40,320,180,1200
world2_high_960,960,600,960,600,68,13.217200,0.076000,1.496900,true,40,320,180,1200
world2_high_960,960,600,960,600,69,13.425500,0.075400,1.454000,true,40,320,180,1200
world2_high_960,960,600,960,600,70,12.924300,0.077000,1.347100,true,40,320,180,1200
world2_high_960,960,600,960,600,71,13.518400,0.099600,1.576800,true,40,320,180,1200
world2_high_960,960,600,960,600,72,13.111800,0.071500,1.321500,true,40,320,180,1200
world2_high_960,960,600,960,600,73,13.858600,0.086400,1.260800,true,40,320,180,1200
world2_high_960,960,600,960,600,74,13.349400,0.088000,1.404600,true,40,320,180,1200
world2_high_960,960,600,960,600,75,16.979800,0.086700,1.354900,true,40,320,180,1200
world2_high_960,960,600,960,600,76,14.512200,0.082100,1.487600,true,40,320,180,1200
world2_high_960,960,600,960,600,77,13.880900,0.078600,1.453700,true,40,320,180,1200
world2_high_960,960,600,960,600,78,13.762500,0.080400,1.601800,true,40,320,180,1200
world2_high_960,960,600,960,600,79,14.466300,0.118700,1.391500,true,40,320,180,1200
world2_high_960,960,600,960,600,80,13.301400,0.076800,1.503600,true,40,320,180,1200
world2_high_960,960,600,960,600,81,14.579200,0.088200,1.341300,true,40,320,180,1200
world2_high_960,960,600,960,600,82,15.866300,0.108700,1.589300,true,40,320,180,1200
world2_high_960,960,600,960,600,83,13.474600,0.076200,1.528800,true,40,320,180,1200
world2_high_960,960,600,960,600,84,13.283400,0.119400,2.349000,true,40,320,180,1200
world2_high_960,960,600,960,600,85,13.653100,0.081300,1.580700,true,40,320,180,1200
world2_high_960,960,600,960,600,86,13.374400,0.074500,1.320800,true,40,320,180,1200
world2_high_960,960,600,960,600,87,15.890100,0.082600,1.276200,true,40,320,180,1200
world2_high_960,960,600,960,600,88,13.500600,0.077200,1.445800,true,40,320,180,1200
world2_high_960,960,600,960,600,89,13.985000,0.076400,1.513000,true,40,320,180,1200
world2_high_960,960,600,960,600,90,13.304700,0.077700,1.511200,true,40,320,180,1200
world2_high_960,960,600,960,600,91,13.760900,0.077200,1.327600,true,40,320,180,1200
world2_high_960,960,600,960,600,92,16.544100,0.078500,1.283200,true,40,320,180,1200
world2_high_960,960,600,960,600,93,13.363200,0.066900,1.247500,true,40,320,180,1200
world2_high_960,960,600,960,600,94,13.285900,0.089700,1.592700,true,40,320,180,1200
world2_high_960,960,600,960,600,95,13.105500,0.082300,1.367200,true,40,320,180,1200
world2_high_960,960,600,960,600,96,13.439200,0.078200,1.711600,true,40,320,180,1200
world2_high_960,960,600,960,600,97,13.403800,0.083500,1.330600,true,40,320,180,1200
world2_high_960,960,600,960,600,98,14.104900,0.113100,1.416700,true,40,320,180,1200
world2_high_960,960,600,960,600,99,13.654500,0.078300,1.374800,true,40,320,180,1200
world2_high_960,960,600,960,600,100,15.554100,0.072600,1.258800,true,40,320,180,1200
world2_high_960,960,600,960,600,101,13.862400,0.100900,1.464200,true,40,320,180,1200
world2_high_960,960,600,960,600,102,13.848400,0.086000,1.450300,true,40,320,180,1200
world2_high_960,960,600,960,600,103,15.496600,0.073600,1.347300,true,40,320,180,1200
world2_high_960,960,600,960,600,104,13.997100,0.082200,1.388200,true,40,320,180,1200
world2_high_960,960,600,960,600,105,14.485500,0.078700,1.539000,true,40,320,180,1200
world2_high_960,960,600,960,600,106,13.417900,0.105700,1.353100,true,40,320,180,1200
world2_high_960,960,600,960,600,107,13.505300,0.076900,1.343000,true,40,320,180,1200
world2_high_960,960,600,960,600,108,13.469300,0.099400,1.813000,true,40,320,180,1200
world2_high_960,960,600,960,600,109,13.707700,0.074200,1.399500,true,40,320,180,1200
world2_high_960,960,600,960,600,110,13.490700,0.093500,1.566000,true,40,320,180,1200
world2_high_960,960,600,960,600,111,15.210400,0.092200,1.631000,true,40,320,180,1200
world2_high_600,600,400,600,375,0,13.357500,0.090700,2.706700,true,40,320,180,1200
world2_high_600,600,400,600,375,1,14.482900,0.080800,2.322100,true,40,320,180,1200
world2_high_600,600,400,600,375,2,12.964600,0.085600,2.408500,true,40,320,180,1200
world2_high_600,600,400,600,375,3,13.482100,0.085400,2.446900,true,40,320,180,1200
world2_high_600,600,400,600,375,4,14.207000,0.067500,2.558600,true,40,320,180,1200
world2_high_600,600,400,600,375,5,13.486800,0.074900,2.430700,true,40,320,180,1200
world2_high_600,600,400,600,375,6,14.837900,0.073800,2.200300,true,40,320,180,1200
world2_high_600,600,400,600,375,7,13.908800,0.074200,2.539000,true,40,320,180,1200
world2_high_600,600,400,600,375,8,13.113300,0.074700,2.316200,true,40,320,180,1200
world2_high_600,600,400,600,375,9,13.177400,0.074600,2.424900,true,40,320,180,1200
world2_high_600,600,400,600,375,10,12.965600,0.073700,2.238300,true,40,320,180,1200
world2_high_600,600,400,600,375,11,13.047100,0.079400,2.399300,true,40,320,180,1200
world2_high_600,600,400,600,375,12,12.662600,0.083600,2.379000,true,40,320,180,1200
world2_high_600,600,400,600,375,13,13.450700,0.080600,2.436600,true,40,320,180,1200
world2_high_600,600,400,600,375,14,15.232500,0.077300,2.429600,true,40,320,180,1200
world2_high_600,600,400,600,375,15,13.541900,0.081000,2.442000,true,40,320,180,1200
world2_high_600,600,400,600,375,16,12.893400,0.073800,2.493200,true,40,320,180,1200
world2_high_600,600,400,600,375,17,15.142100,0.080300,2.396100,true,40,320,180,1200
world2_high_600,600,400,600,375,18,13.606200,0.072300,2.261400,true,40,320,180,1200
world2_high_600,600,400,600,375,19,13.488400,0.105600,3.616600,true,40,320,180,1200
world2_high_600,600,400,600,375,20,16.241800,0.109200,2.478300,true,40,320,180,1200
world2_high_600,600,400,600,375,21,14.993000,0.078100,2.715700,true,40,320,180,1200
world2_high_600,600,400,600,375,22,13.370400,0.090200,3.209800,true,40,320,180,1200
world2_high_600,600,400,600,375,23,14.136900,0.071200,2.814200,true,40,320,180,1200
world2_high_600,600,400,600,375,24,13.310300,0.075000,2.277100,true,40,320,180,1200
world2_high_600,600,400,600,375,25,13.778300,0.071600,2.277600,true,40,320,180,1200
world2_high_600,600,400,600,375,26,13.867300,0.079700,2.427500,true,40,320,180,1200
world2_high_600,600,400,600,375,27,13.676000,0.085600,2.558400,true,40,320,180,1200
world2_high_600,600,400,600,375,28,13.139200,0.086200,2.285800,true,40,320,180,1200
world2_high_600,600,400,600,375,29,13.947900,0.081800,2.537500,true,40,320,180,1200
world2_high_600,600,400,600,375,30,13.113400,0.075300,2.295000,true,40,320,180,1200
world2_high_600,600,400,600,375,31,14.061100,0.069600,2.265100,true,40,320,180,1200
world2_high_600,600,400,600,375,32,13.076200,0.073800,2.522200,true,40,320,180,1200
world2_high_600,600,400,600,375,33,13.396700,0.074600,2.487900,true,40,320,180,1200
world2_high_600,600,400,600,375,34,12.925000,0.088400,2.751000,true,40,320,180,1200
world2_high_600,600,400,600,375,35,14.220300,0.074300,2.399000,true,40,320,180,1200
world2_high_600,600,400,600,375,36,14.481500,0.077200,2.369300,true,40,320,180,1200
world2_high_600,600,400,600,375,37,14.711600,0.083000,2.558000,true,40,320,180,1200
world2_high_600,600,400,600,375,38,13.009600,0.101000,2.272400,true,40,320,180,1200
world2_high_600,600,400,600,375,39,15.057000,0.083000,2.479000,true,40,320,180,1200
world2_high_600,600,400,600,375,40,12.841600,0.076100,2.373200,true,40,320,180,1200
world2_high_600,600,400,600,375,41,13.306500,0.087100,2.477800,true,40,320,180,1200
world2_high_600,600,400,600,375,42,13.030100,0.076600,2.521400,true,40,320,180,1200
world2_high_600,600,400,600,375,43,15.359600,0.086500,2.511500,true,40,320,180,1200
world2_high_600,600,400,600,375,44,13.346000,0.082900,2.431300,true,40,320,180,1200
world2_high_600,600,400,600,375,45,14.726200,0.089300,2.384900,true,40,320,180,1200
world2_high_600,600,400,600,375,46,13.500300,0.084600,2.431000,true,40,320,180,1200
world2_high_600,600,400,600,375,47,15.093800,0.085100,2.932200,true,40,320,180,1200
world2_high_600,600,400,600,375,48,14.114200,0.095100,2.483700,true,40,320,180,1200
world2_high_600,600,400,600,375,49,14.539400,0.091700,2.359400,true,40,320,180,1200
world2_high_600,600,400,600,375,50,13.208500,0.106900,2.228800,true,40,320,180,1200
world2_high_600,600,400,600,375,51,14.082300,0.096200,2.350900,true,40,320,180,1200
world2_high_600,600,400,600,375,52,12.760900,0.071300,2.505600,true,40,320,180,1200
world2_high_600,600,400,600,375,53,13.632300,0.100100,2.312900,true,40,320,180,1200
world2_high_600,600,400,600,375,54,12.970100,0.076800,2.334200,true,40,320,180,1200
world2_high_600,600,400,600,375,55,13.546300,0.081000,2.367000,true,40,320,180,1200
world2_high_600,600,400,600,375,56,12.918700,0.093700,2.466000,true,40,320,180,1200
world2_high_600,600,400,600,375,57,15.058900,0.095600,2.520100,true,40,320,180,1200
world2_high_600,600,400,600,375,58,12.648300,0.084200,2.368800,true,40,320,180,1200
world2_high_600,600,400,600,375,59,13.368800,0.081800,2.505700,true,40,320,180,1200
world2_high_600,600,400,600,375,60,12.861600,0.081500,2.333900,true,40,320,180,1200
world2_high_600,600,400,600,375,61,13.613400,0.084200,2.630300,true,40,320,180,1200
world2_high_600,600,400,600,375,62,12.916400,0.089100,2.419600,true,40,320,180,1200
world2_high_600,600,400,600,375,63,14.115300,0.077900,2.265300,true,40,320,180,1200
world2_high_600,600,400,600,375,64,15.367400,0.091300,2.509700,true,40,320,180,1200
world2_high_600,600,400,600,375,65,18.547100,0.107500,2.273400,true,40,320,180,1200
world2_high_600,600,400,600,375,66,13.501400,0.088100,2.553300,true,40,320,180,1200
world2_high_600,600,400,600,375,67,15.935000,0.083800,2.407800,true,40,320,180,1200
world2_high_600,600,400,600,375,68,15.886400,0.076800,2.252100,true,40,320,180,1200
world2_high_600,600,400,600,375,69,20.956900,0.076300,2.582500,true,40,320,180,1200
world2_high_600,600,400,600,375,70,13.923700,0.077100,2.463400,true,40,320,180,1200
world2_high_600,600,400,600,375,71,15.456300,0.076300,2.192200,true,40,320,180,1200
world2_high_600,600,400,600,375,72,13.315800,0.080100,2.340500,true,40,320,180,1200
world2_high_600,600,400,600,375,73,13.740400,0.082100,2.273300,true,40,320,180,1200
world2_high_600,600,400,600,375,74,13.634600,0.118900,2.595200,true,40,320,180,1200
world2_high_600,600,400,600,375,75,13.677500,0.083300,2.463700,true,40,320,180,1200
world2_high_600,600,400,600,375,76,13.512100,0.070200,2.205900,true,40,320,180,1200
world2_high_600,600,400,600,375,77,14.119200,0.081900,2.240600,true,40,320,180,1200
world2_high_600,600,400,600,375,78,14.359500,0.111100,2.347400,true,40,320,180,1200
world2_high_600,600,400,600,375,79,14.896300,0.118000,2.491700,true,40,320,180,1200
world2_high_600,600,400,600,375,80,12.990600,0.080000,2.301000,true,40,320,180,1200
world2_high_600,600,400,600,375,81,13.641000,0.108700,2.240000,true,40,320,180,1200
world2_high_600,600,400,600,375,82,12.945700,0.077000,2.456500,true,40,320,180,1200
world2_high_600,600,400,600,375,83,14.998800,0.086300,2.545100,true,40,320,180,1200
world2_high_600,600,400,600,375,84,13.336400,0.081200,2.497800,true,40,320,180,1200
world2_high_600,600,400,600,375,85,13.484200,0.081500,2.660600,true,40,320,180,1200
world2_high_600,600,400,600,375,86,13.390200,0.094100,2.485400,true,40,320,180,1200
world2_high_600,600,400,600,375,87,13.219900,0.077600,2.272200,true,40,320,180,1200
world2_high_600,600,400,600,375,88,12.969700,0.076300,2.385200,true,40,320,180,1200
world2_high_600,600,400,600,375,89,13.150700,0.084200,2.723100,true,40,320,180,1200
world2_high_600,600,400,600,375,90,12.803500,0.092200,2.333500,true,40,320,180,1200
world2_high_600,600,400,600,375,91,13.065700,0.077700,2.404800,true,40,320,180,1200
world2_high_600,600,400,600,375,92,13.821000,0.067600,2.381500,true,40,320,180,1200
world2_high_600,600,400,600,375,93,13.315700,0.076400,2.433000,true,40,320,180,1200
world2_high_600,600,400,600,375,94,15.226700,0.085400,2.470000,true,40,320,180,1200
world2_high_600,600,400,600,375,95,15.784500,0.082400,2.373800,true,40,320,180,1200
world2_high_600,600,400,600,375,96,13.686900,0.073000,2.488600,true,40,320,180,1200
world2_high_600,600,400,600,375,97,13.712000,0.074700,2.199300,true,40,320,180,1200
world2_high_600,600,400,600,375,98,13.074600,0.077800,2.366400,true,40,320,180,1200
world2_high_600,600,400,600,375,99,13.523400,0.078200,2.370800,true,40,320,180,1200
world2_high_600,600,400,600,375,100,13.098400,0.123700,2.934400,true,40,320,180,1200
world2_high_600,600,400,600,375,101,13.630000,0.082700,2.523000,true,40,320,180,1200
world2_high_600,600,400,600,375,102,13.367700,0.080600,2.165200,true,40,320,180,1200
world2_high_600,600,400,600,375,103,13.455600,0.086900,2.670700,true,40,320,180,1200
world2_high_600,600,400,600,375,104,13.628900,0.089200,2.430900,true,40,320,180,1200
world2_high_600,600,400,600,375,105,14.181500,0.079000,2.277000,true,40,320,180,1200
world2_high_1280,1280,800,1280,800,0,12.639400,0.083000,9.838500,true,40,320,180,1200
world2_high_1280,1280,800,1280,800,1,12.955300,0.084600,9.820600,true,40,320,180,1200
world2_high_1280,1280,800,1280,800,2,14.001700,0.095900,9.784000,true,40,320,180,1200
world2_high_1280,1280,800,1280,800,3,13.186600,0.085000,10.526100,true,40,320,180,1200
world2_high_1280,1280,800,1280,800,4,12.752600,0.078600,9.653400,true,40,320,180,1200
world2_high_1280,1280,800,1280,800,5,14.006200,0.077100,9.745200,true,40,320,180,1200
world2_high_1280,1280,800,1280,800,6,15.268800,0.083500,9.740500,true,40,320,180,1200
world2_high_1280,1280,800,1280,800,7,12.840900,0.089500,9.736200,true,40,320,180,1200
world2_high_1280,1280,800,1280,800,8,12.992500,0.109200,10.018700,true,40,320,180,1200
world2_high_1280,1280,800,1280,800,9,13.944000,0.095000,10.573900,true,40,320,180,1200
world2_high_1280,1280,800,1280,800,10,13.111800,0.079000,9.928500,true,40,320,180,1200
world2_high_1280,1280,800,1280,800,11,13.211300,0.104500,9.975000,true,40,320,180,1200
world2_high_1280,1280,800,1280,800,12,13.309600,0.070200,9.909600,true,40,320,180,1200
world2_high_1280,1280,800,1280,800,13,13.746600,0.084200,10.052400,true,40,320,180,1200
world2_high_1280,1280,800,1280,800,14,12.704800,0.077100,10.131900,true,40,320,180,1200
world2_high_1280,1280,800,1280,800,15,13.040000,0.085100,9.814800,true,40,320,180,1200
world2_high_1280,1280,800,1280,800,16,13.236200,0.092800,10.489300,true,40,320,180,1200
world2_high_1280,1280,800,1280,800,17,13.049700,0.086200,9.997900,true,40,320,180,1200
world2_high_1280,1280,800,1280,800,18,12.963000,0.100600,10.158400,true,40,320,180,1200
world2_high_1280,1280,800,1280,800,19,13.863500,0.109700,10.093700,true,40,320,180,1200
world2_high_1280,1280,800,1280,800,20,12.755200,0.094000,10.080000,true,40,320,180,1200
world2_high_1280,1280,800,1280,800,21,13.718800,0.085500,10.058200,true,40,320,180,1200
world2_high_1280,1280,800,1280,800,22,15.488900,0.078700,9.780600,true,40,320,180,1200
world2_high_1280,1280,800,1280,800,23,12.950900,0.071100,9.631800,true,40,320,180,1200
world2_high_1280,1280,800,1280,800,24,15.319800,0.081900,9.619600,true,40,320,180,1200
world2_high_1280,1280,800,1280,800,25,12.813500,0.079800,9.756300,true,40,320,180,1200
world2_high_1280,1280,800,1280,800,26,12.878600,0.087200,10.350000,true,40,320,180,1200
world2_high_1280,1280,800,1280,800,27,15.379900,0.078800,9.603200,true,40,320,180,1200
world2_high_1280,1280,800,1280,800,28,14.552900,0.072100,9.609800,true,40,320,180,1200
world2_high_1280,1280,800,1280,800,29,12.774100,0.079500,9.762600,true,40,320,180,1200
world2_high_1280,1280,800,1280,800,30,12.779500,0.083000,9.785100,true,40,320,180,1200
world2_high_1280,1280,800,1280,800,31,13.057300,0.089900,9.875100,true,40,320,180,1200
world2_high_1280,1280,800,1280,800,32,13.212500,0.085200,9.784200,true,40,320,180,1200
world2_high_1280,1280,800,1280,800,33,12.946200,0.086000,9.767500,true,40,320,180,1200
world2_high_1280,1280,800,1280,800,34,14.849300,0.075400,9.825200,true,40,320,180,1200
world2_high_1280,1280,800,1280,800,35,12.866100,0.082800,9.651400,true,40,320,180,1200
world2_high_1280,1280,800,1280,800,36,12.807000,0.095500,9.811000,true,40,320,180,1200
world2_high_1280,1280,800,1280,800,37,14.621500,0.082000,10.290800,true,40,320,180,1200
world2_high_1280,1280,800,1280,800,38,12.897300,0.087000,10.949700,true,40,320,180,1200
world2_high_1280,1280,800,1280,800,39,12.937300,0.089900,10.310700,true,40,320,180,1200
world2_high_1280,1280,800,1280,800,40,14.327200,0.082600,10.737500,true,40,320,180,1200
world2_high_1280,1280,800,1280,800,41,14.172900,0.082900,9.799200,true,40,320,180,1200
world2_high_1280,1280,800,1280,800,42,12.884900,0.094700,9.877800,true,40,320,180,1200
world2_high_1280,1280,800,1280,800,43,14.430000,0.092200,9.872000,true,40,320,180,1200
world2_high_1280,1280,800,1280,800,44,15.477400,0.076400,9.537300,true,40,320,180,1200
world2_high_1280,1280,800,1280,800,45,12.983000,0.104200,10.495800,true,40,320,180,1200
world2_high_1280,1280,800,1280,800,46,12.560200,0.089600,9.819200,true,40,320,180,1200
world2_high_1280,1280,800,1280,800,47,12.824700,0.090500,9.683500,true,40,320,180,1200
world2_high_1280,1280,800,1280,800,48,15.295500,0.092600,10.092900,true,40,320,180,1200
world2_high_1280,1280,800,1280,800,49,14.425100,0.093700,9.734900,true,40,320,180,1200
world2_high_1280,1280,800,1280,800,50,12.682000,0.090500,9.788400,true,40,320,180,1200
world2_high_1280,1280,800,1280,800,51,13.654600,0.072200,9.530300,true,40,320,180,1200
world2_high_1280,1280,800,1280,800,52,13.044300,0.092200,10.221900,true,40,320,180,1200
world2_high_1280,1280,800,1280,800,53,12.997400,0.101300,9.763000,true,40,320,180,1200
world2_high_1280,1280,800,1280,800,54,14.190800,0.080600,10.523700,true,40,320,180,1200
world2_high_1280,1280,800,1280,800,55,13.337300,0.123200,9.828800,true,40,320,180,1200
world2_high_1280,1280,800,1280,800,56,12.779500,0.099200,9.739800,true,40,320,180,1200
world2_high_1280,1280,800,1280,800,57,14.247100,0.083900,11.174000,true,40,320,180,1200
world2_high_1280,1280,800,1280,800,58,13.158400,0.069000,9.814700,true,40,320,180,1200
world2_high_1280,1280,800,1280,800,59,13.315100,0.074300,9.584600,true,40,320,180,1200
world2_high_1280,1280,800,1280,800,60,13.017900,0.074900,9.731600,true,40,320,180,1200
world2_high_1280,1280,800,1280,800,61,13.162800,0.078600,9.767600,true,40,320,180,1200
world2_high_1280,1280,800,1280,800,62,13.243400,0.115500,9.777600,true,40,320,180,1200
world2_high_1280,1280,800,1280,800,63,13.235100,0.160900,9.808200,true,40,320,180,1200
world2_high_1280,1280,800,1280,800,64,13.945200,0.139200,9.768400,true,40,320,180,1200
world2_high_1280,1280,800,1280,800,65,15.258100,0.073400,9.763100,true,40,320,180,1200
world2_high_1280,1280,800,1280,800,66,12.819500,0.084800,9.760100,true,40,320,180,1200
world2_high_1280,1280,800,1280,800,67,13.342500,0.086500,9.581000,true,40,320,180,1200
world2_high_1280,1280,800,1280,800,68,12.888900,0.106700,9.737100,true,40,320,180,1200
world2_high_1280,1280,800,1280,800,69,13.175700,0.090000,9.580500,true,40,320,180,1200
world2_high_1280,1280,800,1280,800,70,12.942300,0.074900,11.207500,true,40,320,180,1200
world2_high_1280,1280,800,1280,800,71,13.054700,0.102100,9.782900,true,40,320,180,1200
world2_high_1280,1280,800,1280,800,72,13.182100,0.096900,9.711500,true,40,320,180,1200
world2_high_1280,1280,800,1280,800,73,14.975500,0.078700,9.817300,true,40,320,180,1200
world2_high_1280,1280,800,1280,800,74,13.409300,0.069700,10.049900,true,40,320,180,1200
world4_normal_960,960,600,960,600,0,12.103900,0.068500,1.219500,true,6,32,12,120
world4_normal_960,960,600,960,600,1,12.737100,0.066800,1.218100,true,6,32,12,120
world4_normal_960,960,600,960,600,2,12.472500,0.072200,1.437300,true,6,32,12,120
world4_normal_960,960,600,960,600,3,12.395500,0.070100,1.470300,true,7,32,12,120
world4_normal_960,960,600,960,600,4,12.340200,0.070900,1.398600,true,6,32,12,120
world4_normal_960,960,600,960,600,5,13.772000,0.075900,1.615800,true,6,32,12,120
world4_normal_960,960,600,960,600,6,12.309800,0.092700,1.230900,true,6,32,12,120
world4_normal_960,960,600,960,600,7,12.588500,0.085100,1.362900,true,6,32,12,120
world4_normal_960,960,600,960,600,8,12.728500,0.096400,1.376900,true,6,32,12,120
world4_normal_960,960,600,960,600,9,12.253000,0.083600,1.356500,true,6,32,12,120
world4_normal_960,960,600,960,600,10,12.661700,0.062100,1.337500,true,6,32,12,120
world4_normal_960,960,600,960,600,11,13.096500,0.083000,1.464600,true,6,32,12,120
world4_normal_960,960,600,960,600,12,12.316100,0.068300,1.248700,true,6,32,12,120
world4_normal_960,960,600,960,600,13,12.144000,0.069900,1.362000,true,6,32,12,120
world4_normal_960,960,600,960,600,14,12.710700,0.066900,1.249300,true,6,32,12,120
world4_normal_960,960,600,960,600,15,14.536000,0.083000,1.344100,true,6,32,12,120
world4_normal_960,960,600,960,600,16,12.495800,0.066400,1.220700,true,6,32,12,120
world4_normal_960,960,600,960,600,17,12.451600,0.069100,1.302100,true,6,32,12,120
world4_normal_960,960,600,960,600,18,12.380300,0.073500,1.285300,true,6,32,12,120
world4_normal_960,960,600,960,600,19,12.256100,0.085400,1.309800,true,6,32,12,120
world4_normal_960,960,600,960,600,20,12.405900,0.063100,1.267000,true,6,32,12,120
world4_normal_960,960,600,960,600,21,14.628100,0.076300,1.357900,true,6,32,12,120
world4_normal_960,960,600,960,600,22,12.732100,0.061600,1.350800,true,6,32,12,120
world4_normal_960,960,600,960,600,23,12.616300,0.072200,1.297200,true,6,32,12,120
world4_normal_960,960,600,960,600,24,12.245500,0.068900,1.374400,true,6,32,12,120
world4_normal_960,960,600,960,600,25,12.581100,0.084200,1.391100,true,6,32,12,120
world4_normal_960,960,600,960,600,26,12.459600,0.083500,1.397200,true,6,32,12,120
world4_normal_960,960,600,960,600,27,13.372400,0.089500,1.376300,true,6,32,12,120
world4_normal_960,960,600,960,600,28,12.739300,0.113200,1.417400,true,6,32,12,120
world4_normal_960,960,600,960,600,29,14.324400,0.065800,1.238800,true,6,32,12,120
world4_normal_960,960,600,960,600,30,12.606500,0.082900,1.389200,true,6,32,12,120
world4_normal_960,960,600,960,600,31,13.756100,0.090800,1.334900,true,6,32,12,120
world4_normal_960,960,600,960,600,32,14.178500,0.084000,1.504100,true,6,32,12,120
world4_normal_960,960,600,960,600,33,12.264300,0.102600,1.462200,true,6,32,12,120
world4_normal_960,960,600,960,600,34,12.253000,0.077000,1.702500,true,6,32,12,120
world4_normal_960,960,600,960,600,35,12.497500,0.086800,2.038000,true,6,32,12,120
world4_normal_960,960,600,960,600,36,12.654900,0.072700,1.445800,true,6,32,12,120
world4_normal_960,960,600,960,600,37,12.537300,0.089600,1.407500,true,6,32,12,120
world4_normal_960,960,600,960,600,38,12.457200,0.088700,1.471000,true,6,32,12,120
world4_normal_960,960,600,960,600,39,12.321500,0.069700,1.257400,true,6,32,12,120
world4_normal_960,960,600,960,600,40,13.814200,0.072000,1.430800,true,6,32,12,120
world4_normal_960,960,600,960,600,41,13.592200,0.150200,1.373500,true,6,32,12,120
world4_normal_960,960,600,960,600,42,12.373000,0.085100,1.397800,true,6,32,12,120
world4_normal_960,960,600,960,600,43,12.800200,0.071800,1.502000,true,6,32,12,120
world4_normal_960,960,600,960,600,44,12.338000,0.068200,1.389500,true,6,32,12,120
world4_normal_960,960,600,960,600,45,12.771600,0.073200,1.742000,true,6,32,12,120
world4_normal_960,960,600,960,600,46,13.407200,0.094600,1.471600,true,6,32,12,120
world4_normal_960,960,600,960,600,47,12.055600,0.074300,1.216100,true,6,32,12,120
world4_normal_960,960,600,960,600,48,12.660800,0.100200,1.351700,true,6,32,12,120
world4_normal_960,960,600,960,600,49,12.591300,0.083000,1.377300,true,6,32,12,120
world4_normal_960,960,600,960,600,50,12.091400,0.068900,1.546500,true,6,32,12,120
world4_normal_960,960,600,960,600,51,13.104200,0.094300,1.738200,true,6,32,12,120
world4_normal_960,960,600,960,600,52,13.530700,0.069200,1.238700,true,6,32,12,120
world4_normal_960,960,600,960,600,53,12.178600,0.072600,1.477200,true,6,32,12,120
world4_normal_960,960,600,960,600,54,12.175100,0.075400,1.337100,true,6,32,12,120
world4_normal_960,960,600,960,600,55,13.163000,0.182500,1.439100,true,6,32,12,120
world4_normal_960,960,600,960,600,56,12.271400,0.073200,1.292700,true,6,32,12,120
world4_normal_960,960,600,960,600,57,12.264500,0.097800,1.773600,true,6,32,12,120
world4_normal_960,960,600,960,600,58,12.849600,0.077700,1.258700,true,7,32,12,120
world4_normal_960,960,600,960,600,59,12.209000,0.077100,1.250300,true,6,32,12,120
world4_normal_960,960,600,960,600,60,12.183100,0.074000,1.331300,true,6,32,12,120
world4_normal_960,960,600,960,600,61,12.696200,0.089800,1.447300,true,6,32,13,120
world4_normal_960,960,600,960,600,62,12.240300,0.084600,1.357000,true,6,32,12,120
world4_normal_960,960,600,960,600,63,12.167300,0.067100,1.418000,true,6,32,12,120
world4_normal_960,960,600,960,600,64,12.343000,0.095300,1.444600,true,6,32,12,120
world4_normal_960,960,600,960,600,65,12.497200,0.083400,1.276600,true,6,32,13,120
world4_normal_960,960,600,960,600,66,12.357100,0.073800,1.743800,true,6,32,12,120
world4_normal_960,960,600,960,600,67,12.343600,0.073700,1.769800,true,6,32,12,120
world4_normal_960,960,600,960,600,68,12.144100,0.080900,1.698500,true,6,32,12,120
world4_normal_960,960,600,960,600,69,12.019400,0.086300,1.488300,true,6,32,12,120
world4_normal_960,960,600,960,600,70,12.403100,0.085700,1.745400,true,6,32,12,120
world4_normal_960,960,600,960,600,71,12.442600,0.112500,1.667600,true,6,32,12,120
world4_normal_960,960,600,960,600,72,12.704700,0.089900,1.308800,true,6,32,12,120
world4_normal_960,960,600,960,600,73,12.920600,0.072000,1.316100,true,6,32,12,120
world4_normal_960,960,600,960,600,74,15.039700,0.080100,1.438700,true,6,32,12,120
world4_normal_960,960,600,960,600,75,13.729400,0.080700,1.407800,true,6,32,12,120
world4_normal_960,960,600,960,600,76,12.461600,0.079800,1.247000,true,6,32,12,120
world4_normal_960,960,600,960,600,77,12.599400,0.066200,1.373600,true,6,32,12,120
world4_normal_960,960,600,960,600,78,12.616800,0.083600,1.447700,true,6,32,12,120
world4_normal_960,960,600,960,600,79,13.329400,0.073700,1.308700,true,6,32,12,120
world4_normal_960,960,600,960,600,80,12.757000,0.064900,1.416600,true,6,32,12,120
world4_normal_960,960,600,960,600,81,13.687500,0.077000,1.330900,true,6,32,12,120
world4_normal_960,960,600,960,600,82,14.041500,0.089600,1.494200,true,6,32,12,120
world4_normal_960,960,600,960,600,83,13.346600,0.078700,1.282600,true,6,32,12,120
world4_normal_960,960,600,960,600,84,14.161500,0.077800,1.947100,true,6,32,12,120
world4_normal_960,960,600,960,600,85,12.344500,0.068900,1.402200,true,6,32,12,120
world4_normal_960,960,600,960,600,86,13.043500,0.078200,1.519400,true,6,32,12,120
world4_normal_960,960,600,960,600,87,13.119800,0.089100,1.273200,true,6,32,12,120
world4_normal_960,960,600,960,600,88,12.787900,0.074300,1.280300,true,6,32,12,120
world4_normal_960,960,600,960,600,89,12.512500,0.076700,1.395900,true,6,32,12,120
world4_normal_960,960,600,960,600,90,14.095300,0.078300,1.322500,true,6,32,12,120
world4_normal_960,960,600,960,600,91,12.578900,0.069900,1.475800,true,6,32,12,120
world4_normal_960,960,600,960,600,92,13.172300,0.109100,1.897200,true,6,32,12,120
world4_normal_960,960,600,960,600,93,13.467600,0.079400,1.994400,true,6,32,13,120
world4_normal_960,960,600,960,600,94,12.870600,0.090100,1.424300,true,6,32,12,120
world4_normal_960,960,600,960,600,95,14.781600,0.082900,1.387500,true,6,32,12,120
world4_normal_960,960,600,960,600,96,12.919600,0.090100,1.339700,true,6,32,12,120
world4_normal_960,960,600,960,600,97,15.179500,0.082900,1.493000,true,6,32,12,120
world4_normal_960,960,600,960,600,98,13.385200,0.065600,1.344200,true,6,32,12,120
world4_normal_960,960,600,960,600,99,13.481400,0.073100,1.448700,true,6,32,12,120
world4_normal_960,960,600,960,600,100,12.876700,0.072600,1.389300,true,6,32,12,120
world4_normal_960,960,600,960,600,101,12.835600,0.079000,1.415500,true,6,32,12,120
world4_normal_960,960,600,960,600,102,12.976000,0.117700,1.639200,true,6,32,12,120
world4_normal_960,960,600,960,600,103,12.897400,0.071500,1.287000,true,6,32,12,120
world4_normal_960,960,600,960,600,104,12.615100,0.072600,1.389000,true,6,32,12,120
world4_normal_960,960,600,960,600,105,14.161700,0.079900,1.720900,true,6,32,12,120
world4_normal_960,960,600,960,600,106,13.078900,0.072600,1.672800,true,6,32,12,120
world4_normal_960,960,600,960,600,107,14.250300,0.067500,1.493100,true,6,32,12,120
world4_normal_960,960,600,960,600,108,13.067700,0.078300,1.395000,true,6,32,12,120
world4_normal_960,960,600,960,600,109,14.761100,0.071300,1.262900,true,6,32,12,120
world4_normal_960,960,600,960,600,110,12.925300,0.088300,1.343700,true,6,32,12,120
world4_normal_960,960,600,960,600,111,12.470500,0.078900,1.481800,true,6,32,12,120
world4_normal_960,960,600,960,600,112,14.822800,0.076200,1.450600,true,6,32,12,120
world4_normal_960,960,600,960,600,113,12.333400,0.092700,1.269100,true,6,32,12,120
world4_normal_960,960,600,960,600,114,12.365700,0.087200,1.463000,true,6,32,12,120
world4_normal_960,960,600,960,600,115,12.747600,0.067000,1.509500,true,6,32,12,120
world4_normal_960,960,600,960,600,116,12.315300,0.068400,1.258400,true,6,32,12,120
world4_normal_960,960,600,960,600,117,13.922100,0.065600,1.344100,true,6,32,12,120
world4_normal_960,960,600,960,600,118,12.550100,0.097900,1.399900,true,6,32,12,120
world4_normal_960,960,600,960,600,119,12.305400,0.069600,1.244900,true,6,32,12,120
world4_normal_960,960,600,960,600,120,13.328900,0.065600,1.455800,true,6,32,12,120
world4_normal_960,960,600,960,600,121,12.364600,0.082100,1.496000,true,6,32,12,120
world4_normal_600,600,400,600,375,0,13.447000,0.069600,2.436800,true,6,32,12,120
world4_normal_600,600,400,600,375,1,12.918600,0.090300,2.357200,true,6,32,12,120
world4_normal_600,600,400,600,375,2,12.246500,0.070200,2.376500,true,6,32,12,120
world4_normal_600,600,400,600,375,3,12.503000,0.076700,2.772100,true,6,32,12,120
world4_normal_600,600,400,600,375,4,12.430100,0.067400,2.227400,true,6,32,12,120
world4_normal_600,600,400,600,375,5,12.797200,0.092800,2.396700,true,7,32,12,120
world4_normal_600,600,400,600,375,6,12.207100,0.069800,2.214500,true,6,32,12,120
world4_normal_600,600,400,600,375,7,12.761200,0.071700,2.387000,true,6,32,12,120
world4_normal_600,600,400,600,375,8,12.218600,0.069200,2.211700,true,6,32,12,120
world4_normal_600,600,400,600,375,9,12.470800,0.071500,2.458300,true,6,32,12,120
world4_normal_600,600,400,600,375,10,12.172400,0.078700,2.247900,true,6,32,12,120
world4_normal_600,600,400,600,375,11,12.515400,0.072000,2.338800,true,6,32,12,120
world4_normal_600,600,400,600,375,12,12.125100,0.080000,2.459800,true,6,32,12,120
world4_normal_600,600,400,600,375,13,12.324700,0.076900,2.479500,true,6,32,12,120
world4_normal_600,600,400,600,375,14,12.487200,0.094800,2.471000,true,6,32,12,120
world4_normal_600,600,400,600,375,15,12.882100,0.064800,2.428500,true,6,32,12,120
world4_normal_600,600,400,600,375,16,13.374700,0.112900,2.330200,true,6,32,12,120
world4_normal_600,600,400,600,375,17,13.372800,0.073100,3.062000,true,6,32,12,120
world4_normal_600,600,400,600,375,18,12.977300,0.081600,2.330500,true,6,32,12,120
world4_normal_600,600,400,600,375,19,13.303600,0.080700,3.016300,true,6,32,12,120
world4_normal_600,600,400,600,375,20,13.750500,0.099800,3.226400,true,6,32,12,120
world4_normal_600,600,400,600,375,21,13.911800,0.070400,2.416200,true,6,32,12,120
world4_normal_600,600,400,600,375,22,19.527800,0.085000,2.798800,true,6,32,12,120
world4_normal_600,600,400,600,375,23,13.793200,0.098100,2.336500,true,6,32,12,120
world4_normal_600,600,400,600,375,24,13.158900,0.078800,3.092000,true,6,32,12,120
world4_normal_600,600,400,600,375,25,13.726100,0.076900,2.545600,true,6,32,12,120
world4_normal_600,600,400,600,375,26,13.626300,0.084600,2.316300,true,6,32,12,120
world4_normal_600,600,400,600,375,27,12.901800,0.077500,2.498200,true,6,32,12,120
world4_normal_600,600,400,600,375,28,12.923600,0.069600,2.435100,true,6,32,12,120
world4_normal_600,600,400,600,375,29,13.282900,0.094300,2.366000,true,6,32,12,120
world4_normal_600,600,400,600,375,30,13.011700,0.085100,2.458100,true,6,32,12,120
world4_normal_600,600,400,600,375,31,13.396100,0.102400,2.324800,true,6,32,12,120
world4_normal_600,600,400,600,375,32,13.975100,0.076300,2.443900,true,6,32,12,120
world4_normal_600,600,400,600,375,33,12.867800,0.071200,2.256200,true,6,32,12,120
world4_normal_600,600,400,600,375,34,13.039300,0.097100,2.288000,true,6,32,12,120
world4_normal_600,600,400,600,375,35,12.834700,0.072500,2.296300,true,6,32,12,120
world4_normal_600,600,400,600,375,36,14.763600,0.073300,2.384400,true,6,32,12,120
world4_normal_600,600,400,600,375,37,12.879400,0.077000,2.525800,true,6,32,12,120
world4_normal_600,600,400,600,375,38,12.532200,0.080700,2.302100,true,6,32,12,120
world4_normal_600,600,400,600,375,39,12.999800,0.078300,2.953600,true,6,32,12,120
world4_normal_600,600,400,600,375,40,13.646600,0.072800,3.184400,true,6,32,12,120
world4_normal_600,600,400,600,375,41,13.600000,0.077100,2.254100,true,6,32,12,120
world4_normal_600,600,400,600,375,42,13.534200,0.107700,3.293700,true,6,32,12,120
world4_normal_600,600,400,600,375,43,15.546900,0.082000,2.284000,true,6,32,12,120
world4_normal_600,600,400,600,375,44,13.810700,0.083100,2.881100,true,6,32,12,120
world4_normal_600,600,400,600,375,45,13.457600,0.081900,2.395000,true,6,32,12,120
world4_normal_600,600,400,600,375,46,14.471500,0.112800,2.399200,true,6,32,12,120
world4_normal_600,600,400,600,375,47,13.071300,0.089300,2.285000,true,6,32,12,120
world4_normal_600,600,400,600,375,48,12.846400,0.082000,2.282300,true,6,32,12,120
world4_normal_600,600,400,600,375,49,13.435900,0.086700,2.318500,true,6,32,12,120
world4_normal_600,600,400,600,375,50,12.748300,0.084200,2.593900,true,6,32,12,120
world4_normal_600,600,400,600,375,51,13.337800,0.069900,2.379700,true,6,32,12,120
world4_normal_600,600,400,600,375,52,13.085000,0.085300,2.499300,true,6,32,12,120
world4_normal_600,600,400,600,375,53,12.962800,0.075800,2.275200,true,6,32,12,120
world4_normal_600,600,400,600,375,54,13.558200,0.095000,3.899400,true,6,32,12,120
world4_normal_600,600,400,600,375,55,12.965900,0.080900,2.399700,true,6,32,12,120
world4_normal_600,600,400,600,375,56,15.217300,0.072200,2.500200,true,6,32,12,120
world4_normal_600,600,400,600,375,57,14.444500,0.085300,2.455600,true,6,32,12,120
world4_normal_600,600,400,600,375,58,13.507500,0.096500,2.384500,true,6,32,12,120
world4_normal_600,600,400,600,375,59,13.355100,0.088100,2.541200,true,6,32,12,120
world4_normal_600,600,400,600,375,60,12.713700,0.088400,2.419300,true,7,32,12,120
world4_normal_600,600,400,600,375,61,14.004200,0.098400,3.685300,true,6,32,12,120
world4_normal_600,600,400,600,375,62,13.232800,0.110600,2.764300,true,6,32,12,120
world4_normal_600,600,400,600,375,63,13.394200,0.090200,2.532500,true,6,32,13,120
world4_normal_600,600,400,600,375,64,15.005000,0.084500,2.315000,true,6,32,12,120
world4_normal_600,600,400,600,375,65,13.209600,0.090800,3.048400,true,6,32,12,120
world4_normal_600,600,400,600,375,66,13.209800,0.071200,2.747900,true,6,32,12,120
world4_normal_600,600,400,600,375,67,13.539800,0.084700,2.346900,true,6,32,13,120
world4_normal_600,600,400,600,375,68,13.231500,0.094700,2.473500,true,6,32,12,120
world4_normal_600,600,400,600,375,69,12.974800,0.083800,2.379400,true,6,32,12,120
world4_normal_600,600,400,600,375,70,12.844900,0.079800,2.311300,true,6,32,12,120
world4_normal_600,600,400,600,375,71,12.742400,0.079500,2.457100,true,6,32,12,120
world4_normal_600,600,400,600,375,72,12.820300,0.076900,2.376900,true,6,32,12,120
world4_normal_600,600,400,600,375,73,13.685300,0.080700,2.343300,true,6,32,12,120
world4_normal_600,600,400,600,375,74,12.813500,0.076900,2.229400,true,6,32,12,120
world4_normal_600,600,400,600,375,75,12.990900,0.098100,2.447200,true,6,32,12,120
world4_normal_600,600,400,600,375,76,12.672800,0.078300,2.381300,true,6,32,12,120
world4_normal_600,600,400,600,375,77,13.369100,0.077900,2.245600,true,6,32,12,120
world4_normal_600,600,400,600,375,78,12.515000,0.079700,2.461200,true,6,32,12,120
world4_normal_600,600,400,600,375,79,12.840500,0.073600,2.266900,true,6,32,12,120
world4_normal_600,600,400,600,375,80,12.984300,0.087200,2.570500,true,6,32,12,120
world4_normal_600,600,400,600,375,81,12.905900,0.099100,2.275600,true,6,32,12,120
world4_normal_600,600,400,600,375,82,13.981600,0.100000,2.749900,true,6,32,12,120
world4_normal_600,600,400,600,375,83,15.959600,0.097000,2.791000,true,6,32,12,120
world4_normal_600,600,400,600,375,84,16.046400,0.121200,2.934800,true,6,32,12,120
world4_normal_600,600,400,600,375,85,16.726700,0.085500,3.246900,true,6,32,12,120
world4_normal_600,600,400,600,375,86,18.237500,0.112800,2.491400,true,6,32,12,120
world4_normal_600,600,400,600,375,87,14.224700,0.082700,2.623400,true,6,32,12,120
world4_normal_600,600,400,600,375,88,13.446200,0.092800,3.632800,true,6,32,12,120
world4_normal_600,600,400,600,375,89,13.475100,0.098800,2.340900,true,6,32,12,120
world4_normal_600,600,400,600,375,90,13.762700,0.113900,2.527900,true,6,32,12,120
world4_normal_600,600,400,600,375,91,14.419600,0.093700,3.085000,true,6,32,12,120
world4_normal_600,600,400,600,375,92,14.351900,0.087700,2.686600,true,6,32,12,120
world4_normal_600,600,400,600,375,93,13.949900,0.089400,2.644200,true,6,32,12,120
world4_normal_600,600,400,600,375,94,14.022400,0.091800,2.353400,true,6,32,12,120
world4_normal_600,600,400,600,375,95,12.951000,0.097600,2.589400,true,6,32,13,120
world4_normal_600,600,400,600,375,96,12.712200,0.070600,2.301400,true,6,32,12,120
world4_normal_600,600,400,600,375,97,12.655000,0.087600,2.401500,true,6,32,12,120
world4_normal_600,600,400,600,375,98,12.676700,0.076300,2.238300,true,6,32,12,120
world4_normal_600,600,400,600,375,99,12.693200,0.093400,2.354600,true,6,32,12,120
world4_normal_600,600,400,600,375,100,12.989500,0.081900,2.412100,true,6,32,12,120
world4_normal_600,600,400,600,375,101,13.851000,0.071200,2.233500,true,6,32,12,120
world4_normal_600,600,400,600,375,102,12.888900,0.077000,2.707100,true,6,32,12,120
world4_normal_600,600,400,600,375,103,12.689000,0.076800,2.389900,true,6,32,12,120
world4_normal_600,600,400,600,375,104,12.474500,0.078400,2.419900,true,6,32,12,120
world4_normal_600,600,400,600,375,105,12.777400,0.074700,2.266300,true,6,32,12,120
world4_normal_600,600,400,600,375,106,12.973300,0.074300,2.431000,true,6,32,12,120
world4_normal_600,600,400,600,375,107,12.817100,0.083600,2.253500,true,6,32,12,120
world4_normal_600,600,400,600,375,108,12.537400,0.079700,2.472300,true,6,32,12,120
world4_normal_1280,1280,800,1280,800,0,12.760500,0.072800,10.101900,true,6,32,12,120
world4_normal_1280,1280,800,1280,800,1,18.642200,0.116700,11.446700,true,6,32,12,120
world4_normal_1280,1280,800,1280,800,2,17.661400,0.084800,12.293600,true,6,32,12,120
world4_normal_1280,1280,800,1280,800,3,17.380000,0.111300,13.812200,true,6,32,12,120
world4_normal_1280,1280,800,1280,800,4,13.538200,0.083600,10.440800,true,6,32,12,120
world4_normal_1280,1280,800,1280,800,5,13.057600,0.077700,11.128600,true,6,32,12,120
world4_normal_1280,1280,800,1280,800,6,13.553500,0.091700,11.353800,true,6,32,12,120
world4_normal_1280,1280,800,1280,800,7,13.009200,0.076900,10.276000,true,6,32,12,120
world4_normal_1280,1280,800,1280,800,8,14.056100,0.116100,11.026700,true,6,32,12,120
world4_normal_1280,1280,800,1280,800,9,14.945400,0.069300,10.370600,true,6,32,12,120
world4_normal_1280,1280,800,1280,800,10,15.236800,0.100000,10.438000,true,6,32,12,120
world4_normal_1280,1280,800,1280,800,11,13.608900,0.070500,12.830800,true,6,32,12,120
world4_normal_1280,1280,800,1280,800,12,13.668000,0.073800,10.303500,true,6,32,12,120
world4_normal_1280,1280,800,1280,800,13,12.877100,0.078600,11.763800,true,6,32,12,120
world4_normal_1280,1280,800,1280,800,14,18.376200,0.082400,10.684700,true,6,32,12,120
world4_normal_1280,1280,800,1280,800,15,13.452800,0.087000,10.314300,true,6,32,12,120
world4_normal_1280,1280,800,1280,800,16,13.359700,0.085100,10.313300,true,6,32,12,120
world4_normal_1280,1280,800,1280,800,17,13.526500,0.077800,10.339200,true,6,32,12,120
world4_normal_1280,1280,800,1280,800,18,13.038700,0.081400,13.326800,true,6,32,12,120
world4_normal_1280,1280,800,1280,800,19,13.123300,0.076900,10.452600,true,6,32,12,120
world4_normal_1280,1280,800,1280,800,20,12.743400,0.082700,10.240100,true,6,32,12,120
world4_normal_1280,1280,800,1280,800,21,12.518100,0.068600,9.777900,true,6,32,12,120
world4_normal_1280,1280,800,1280,800,22,13.693700,0.080300,10.417800,true,6,32,12,120
world4_normal_1280,1280,800,1280,800,23,12.689600,0.081200,9.903600,true,6,32,12,120
world4_normal_1280,1280,800,1280,800,24,16.039400,0.094600,10.302100,true,7,32,12,120
world4_normal_1280,1280,800,1280,800,25,12.982100,0.083700,10.719000,true,6,32,12,120
world4_normal_1280,1280,800,1280,800,26,13.178400,0.077000,10.294900,true,6,32,12,120
world4_normal_1280,1280,800,1280,800,27,12.831000,0.085600,9.933900,true,6,32,12,120
world4_normal_1280,1280,800,1280,800,28,14.111600,0.073900,9.991200,true,6,32,12,120
world4_normal_1280,1280,800,1280,800,29,12.882000,0.083100,10.439700,true,6,32,12,120
world4_normal_1280,1280,800,1280,800,30,12.701500,0.102500,10.683000,true,6,32,12,120
world4_normal_1280,1280,800,1280,800,31,13.083000,0.089100,10.283700,true,6,32,12,120
world4_normal_1280,1280,800,1280,800,32,13.766300,0.077300,10.024700,true,6,32,12,120
world4_normal_1280,1280,800,1280,800,33,12.587000,0.078600,9.886000,true,6,32,12,120
world4_normal_1280,1280,800,1280,800,34,12.462300,0.071400,9.781900,true,6,32,12,120
world4_normal_1280,1280,800,1280,800,35,16.831400,0.086800,9.975800,true,6,32,12,120
world4_normal_1280,1280,800,1280,800,36,14.272200,0.073900,10.145600,true,6,32,12,120
world4_normal_1280,1280,800,1280,800,37,14.267600,0.079100,10.035200,true,6,32,12,120
world4_normal_1280,1280,800,1280,800,38,13.700800,0.081000,11.377400,true,6,32,12,120
world4_normal_1280,1280,800,1280,800,39,15.440900,0.088900,10.687100,true,6,32,12,120
world4_normal_1280,1280,800,1280,800,40,13.572500,0.084900,10.026500,true,6,32,12,120
world4_normal_1280,1280,800,1280,800,41,12.925800,0.105600,10.336700,true,6,32,12,120
world4_normal_1280,1280,800,1280,800,42,13.048800,0.074700,10.416300,true,6,32,12,120
world4_normal_1280,1280,800,1280,800,43,13.645400,0.087100,11.336400,true,6,32,12,120
world4_normal_1280,1280,800,1280,800,44,13.191900,0.092100,10.246900,true,6,32,12,120
world4_normal_1280,1280,800,1280,800,45,14.990200,0.108600,12.564900,true,6,32,12,120
world4_normal_1280,1280,800,1280,800,46,14.160300,0.120500,10.418200,true,6,32,12,120
world4_normal_1280,1280,800,1280,800,47,12.880100,0.095900,10.196000,true,6,32,12,120
world4_normal_1280,1280,800,1280,800,48,12.772900,0.083300,12.870500,true,6,32,12,120
world4_normal_1280,1280,800,1280,800,49,19.771900,0.103900,15.617400,true,6,32,12,120
world4_normal_1280,1280,800,1280,800,50,16.878900,0.109500,14.334900,true,6,32,12,120
world4_normal_1280,1280,800,1280,800,51,18.579100,0.119300,10.628500,true,6,32,12,120
world4_normal_1280,1280,800,1280,800,52,14.638900,0.076400,10.227300,true,6,32,12,120
world4_normal_1280,1280,800,1280,800,53,12.450600,0.084100,10.208700,true,6,32,12,120
world4_normal_1280,1280,800,1280,800,54,12.845600,0.079400,9.982000,true,6,32,12,120
world4_normal_1280,1280,800,1280,800,55,12.558800,0.081800,9.804000,true,6,32,12,120
world4_normal_1280,1280,800,1280,800,56,14.369300,0.107200,9.869600,true,6,32,12,120
world4_normal_1280,1280,800,1280,800,57,12.694200,0.102300,9.982500,true,6,32,12,120
world4_normal_1280,1280,800,1280,800,58,13.189800,0.083600,10.316600,true,6,32,12,120
world4_normal_1280,1280,800,1280,800,59,13.449500,0.083600,9.983000,true,6,32,12,120
world4_normal_1280,1280,800,1280,800,60,13.338800,0.074200,10.328400,true,6,32,12,120
world4_normal_1280,1280,800,1280,800,61,12.909900,0.087900,10.359300,true,6,32,12,120
world4_normal_1280,1280,800,1280,800,62,12.797900,0.082300,9.867800,true,6,32,12,120
world4_normal_1280,1280,800,1280,800,63,13.561700,0.096200,12.225300,true,6,32,12,120
world4_normal_1280,1280,800,1280,800,64,12.892700,0.089400,10.052700,true,6,32,12,120
world4_normal_1280,1280,800,1280,800,65,13.128000,0.077300,10.301700,true,6,32,12,120
world4_normal_1280,1280,800,1280,800,66,13.238400,0.087100,11.673000,true,6,32,12,120
world4_normal_1280,1280,800,1280,800,67,14.522300,0.106000,10.177800,true,6,32,12,120
world4_normal_1280,1280,800,1280,800,68,13.605300,0.076000,9.931200,true,6,32,12,120
world4_normal_1280,1280,800,1280,800,69,14.396600,0.071300,10.042600,true,6,32,12,120
world4_normal_1280,1280,800,1280,800,70,12.916300,0.083200,9.859700,true,6,32,12,120
world4_high_960,960,600,960,600,0,19.044900,0.079500,1.371900,true,40,320,180,1200
world4_high_960,960,600,960,600,1,19.233800,0.082400,1.392200,true,40,320,180,1200
world4_high_960,960,600,960,600,2,18.890500,0.089700,1.583300,true,40,320,180,1200
world4_high_960,960,600,960,600,3,18.872600,0.080800,1.268900,true,40,320,180,1200
world4_high_960,960,600,960,600,4,20.541500,0.097500,1.827900,true,40,320,180,1200
world4_high_960,960,600,960,600,5,19.181000,0.088100,1.424400,true,40,320,180,1200
world4_high_960,960,600,960,600,6,22.425300,0.081300,1.436200,true,40,320,180,1200
world4_high_960,960,600,960,600,7,22.929400,0.081900,1.319200,true,40,320,180,1200
world4_high_960,960,600,960,600,8,20.346400,0.084700,1.584800,true,40,320,180,1200
world4_high_960,960,600,960,600,9,19.913300,0.081200,1.406800,true,40,320,180,1200
world4_high_960,960,600,960,600,10,19.334400,0.081300,1.523600,true,40,320,180,1200
world4_high_960,960,600,960,600,11,19.252200,0.082300,1.267600,true,40,320,180,1200
world4_high_960,960,600,960,600,12,22.054600,0.088000,1.297300,true,40,320,180,1200
world4_high_960,960,600,960,600,13,20.052200,0.090500,1.342200,true,40,320,180,1200
world4_high_960,960,600,960,600,14,19.809400,0.090700,1.404200,true,40,320,180,1200
world4_high_960,960,600,960,600,15,19.375600,0.104700,1.558500,true,40,320,180,1200
world4_high_960,960,600,960,600,16,21.189900,0.089000,1.636000,true,40,320,180,1200
world4_high_960,960,600,960,600,17,26.040400,0.080000,1.312600,true,40,320,180,1200
world4_high_960,960,600,960,600,18,24.783000,0.070500,1.512600,true,40,320,180,1200
world4_high_960,960,600,960,600,19,21.534300,0.085000,1.324200,true,40,320,180,1200
world4_high_960,960,600,960,600,20,20.215600,0.110200,1.501000,true,40,320,180,1200
world4_high_960,960,600,960,600,21,20.338200,0.087100,1.523200,true,40,320,180,1200
world4_high_960,960,600,960,600,22,20.729000,0.096200,1.560300,true,40,320,180,1200
world4_high_960,960,600,960,600,23,19.564800,0.098000,1.873900,true,40,320,180,1200
world4_high_960,960,600,960,600,24,22.204400,0.854800,1.300200,true,40,320,180,1200
world4_high_960,960,600,960,600,25,18.596600,0.084200,1.309700,true,40,320,180,1200
world4_high_960,960,600,960,600,26,19.210300,0.108700,1.476000,true,40,320,180,1200
world4_high_960,960,600,960,600,27,19.864800,0.078500,1.470100,true,40,320,180,1200
world4_high_960,960,600,960,600,28,18.719100,0.079400,1.419600,true,40,320,180,1200
world4_high_960,960,600,960,600,29,18.880400,0.080600,1.270500,true,40,320,180,1200
world4_high_960,960,600,960,600,30,19.121100,0.078900,1.420200,true,40,320,180,1200
world4_high_960,960,600,960,600,31,19.255800,0.099500,1.515000,true,40,320,180,1200
world4_high_960,960,600,960,600,32,19.733500,0.107300,1.386000,true,40,320,180,1200
world4_high_960,960,600,960,600,33,19.681400,0.121000,2.396400,true,40,320,180,1200
world4_high_960,960,600,960,600,34,19.989200,0.097200,1.611500,true,40,320,180,1200
world4_high_960,960,600,960,600,35,19.721600,0.098300,1.374700,true,40,320,180,1200
world4_high_960,960,600,960,600,36,21.167800,0.090300,1.623900,true,40,320,180,1200
world4_high_960,960,600,960,600,37,19.412800,0.093100,1.325000,true,40,320,180,1200
world4_high_960,960,600,960,600,38,22.989700,0.082200,1.478000,true,40,320,180,1200
world4_high_960,960,600,960,600,39,20.788700,0.095100,1.347100,true,40,320,180,1200
world4_high_960,960,600,960,600,40,20.026200,0.084500,1.524900,true,40,320,180,1200
world4_high_960,960,600,960,600,41,25.137800,0.085100,1.353300,true,40,320,180,1200
world4_high_960,960,600,960,600,42,20.456700,0.110100,1.648300,true,40,320,180,1200
world4_high_960,960,600,960,600,43,19.705000,0.080300,1.450800,true,40,320,180,1200
world4_high_960,960,600,960,600,44,24.109300,0.072200,1.537900,true,40,320,180,1200
world4_high_960,960,600,960,600,45,19.868800,0.075000,1.352600,true,40,320,180,1200
world4_high_960,960,600,960,600,46,19.416300,0.084300,1.557200,true,40,320,180,1200
world4_high_960,960,600,960,600,47,19.131200,0.107100,1.341700,true,40,320,180,1200
world4_high_960,960,600,960,600,48,18.948800,0.075300,1.545100,true,40,320,180,1200
world4_high_960,960,600,960,600,49,19.886300,0.079200,1.481800,true,40,320,180,1200
world4_high_960,960,600,960,600,50,22.355300,0.084700,1.652900,true,40,320,180,1200
world4_high_960,960,600,960,600,51,19.026400,0.077800,1.543500,true,40,320,180,1200
world4_high_960,960,600,960,600,52,20.243000,0.086600,1.329100,true,40,320,180,1200
world4_high_960,960,600,960,600,53,19.517000,0.075400,1.509900,true,40,320,180,1200
world4_high_960,960,600,960,600,54,22.300000,0.077400,1.408200,true,40,320,180,1200
world4_high_960,960,600,960,600,55,22.073500,0.081400,1.456300,true,40,320,180,1200
world4_high_960,960,600,960,600,56,24.873200,0.088700,2.154700,true,40,320,180,1200
world4_high_960,960,600,960,600,57,21.039500,0.081900,1.944000,true,40,320,180,1200
world4_high_960,960,600,960,600,58,26.411600,0.086900,1.313000,true,40,320,180,1200
world4_high_960,960,600,960,600,59,26.073100,0.090300,1.687500,true,40,320,180,1200
world4_high_960,960,600,960,600,60,23.883200,0.100600,2.350400,true,40,320,180,1200
world4_high_960,960,600,960,600,61,21.743900,0.085800,1.726800,true,40,320,180,1200
world4_high_960,960,600,960,600,62,23.203700,0.097100,2.329900,true,40,320,180,1200
world4_high_960,960,600,960,600,63,20.571000,0.092600,1.447400,true,40,320,180,1200
world4_high_960,960,600,960,600,64,20.606000,0.096400,1.676100,true,40,320,180,1200
world4_high_960,960,600,960,600,65,20.995400,0.089300,1.518100,true,40,320,180,1200
world4_high_960,960,600,960,600,66,23.062100,0.076300,1.443000,true,40,320,180,1200
world4_high_960,960,600,960,600,67,25.674400,0.086300,1.622900,true,40,320,180,1200
world4_high_960,960,600,960,600,68,20.309600,0.112000,1.661500,true,40,320,180,1200
world4_high_960,960,600,960,600,69,22.073100,0.084300,1.937200,true,40,320,180,1200
world4_high_960,960,600,960,600,70,23.261300,0.089300,1.544300,true,40,320,180,1200
world4_high_960,960,600,960,600,71,20.783400,0.086000,1.745400,true,40,320,180,1200
world4_high_960,960,600,960,600,72,20.798500,0.094500,1.365700,true,40,320,180,1200
world4_high_960,960,600,960,600,73,23.636100,0.074500,1.322000,true,40,320,180,1200
world4_high_960,960,600,960,600,74,20.621300,0.097500,1.428700,true,40,320,180,1200
world4_high_960,960,600,960,600,75,23.851600,0.088800,1.323100,true,40,320,180,1200
world4_high_960,960,600,960,600,76,21.055400,0.103300,1.516000,true,40,320,180,1200
world4_high_600,600,400,600,375,0,19.785600,0.093900,2.790600,true,40,320,180,1200
world4_high_600,600,400,600,375,1,18.847300,0.088900,2.260700,true,40,320,180,1200
world4_high_600,600,400,600,375,2,19.242400,0.104100,2.415900,true,40,320,180,1200
world4_high_600,600,400,600,375,3,20.812200,0.083200,2.458200,true,40,320,180,1200
world4_high_600,600,400,600,375,4,20.035600,0.068300,2.586900,true,40,320,180,1200
world4_high_600,600,400,600,375,5,18.508600,0.093600,2.448400,true,40,320,180,1200
world4_high_600,600,400,600,375,6,18.824000,0.083100,2.292100,true,40,320,180,1200
world4_high_600,600,400,600,375,7,19.955300,0.080400,2.245300,true,40,320,180,1200
world4_high_600,600,400,600,375,8,21.011600,0.079800,2.242600,true,40,320,180,1200
world4_high_600,600,400,600,375,9,21.385000,0.093100,2.989000,true,40,320,180,1200
world4_high_600,600,400,600,375,10,20.246400,0.103300,2.854200,true,40,320,180,1200
world4_high_600,600,400,600,375,11,20.548700,0.101800,2.937600,true,40,320,180,1200
world4_high_600,600,400,600,375,12,19.536400,0.107300,2.705500,true,40,320,180,1200
world4_high_600,600,400,600,375,13,19.584000,0.078000,2.736100,true,40,320,180,1200
world4_high_600,600,400,600,375,14,20.634800,0.079000,2.412800,true,40,320,180,1200
world4_high_600,600,400,600,375,15,19.838600,0.104000,2.327000,true,40,320,180,1200
world4_high_600,600,400,600,375,16,20.603200,0.104300,3.731300,true,40,320,180,1200
world4_high_600,600,400,600,375,17,21.806000,0.085800,2.431500,true,40,320,180,1200
world4_high_600,600,400,600,375,18,19.529000,0.086100,2.403800,true,40,320,180,1200
world4_high_600,600,400,600,375,19,18.891100,0.075400,2.457900,true,40,320,180,1200
world4_high_600,600,400,600,375,20,19.044700,0.086200,2.427900,true,40,320,180,1200
world4_high_600,600,400,600,375,21,20.696300,0.087600,3.738100,true,40,320,180,1200
world4_high_600,600,400,600,375,22,19.652500,0.091600,2.590800,true,40,320,180,1200
world4_high_600,600,400,600,375,23,18.631500,0.080900,2.318600,true,40,320,180,1200
world4_high_600,600,400,600,375,24,19.984100,0.087300,3.666800,true,40,320,180,1200
world4_high_600,600,400,600,375,25,21.268300,0.104800,2.804400,true,40,320,180,1200
world4_high_600,600,400,600,375,26,20.546600,0.090000,2.502300,true,40,320,180,1200
world4_high_600,600,400,600,375,27,19.736700,0.083700,2.514600,true,40,320,180,1200
world4_high_600,600,400,600,375,28,20.448300,0.090400,2.531700,true,40,320,180,1200
world4_high_600,600,400,600,375,29,20.487000,0.081700,2.375500,true,40,320,180,1200
world4_high_600,600,400,600,375,30,22.120700,0.083200,2.313300,true,40,320,180,1200
world4_high_600,600,400,600,375,31,21.308600,0.083000,2.582900,true,40,320,180,1200
world4_high_600,600,400,600,375,32,19.231900,0.086800,2.737400,true,40,320,180,1200
world4_high_600,600,400,600,375,33,19.357300,0.080200,2.516100,true,40,320,180,1200
world4_high_600,600,400,600,375,34,20.206100,0.078400,2.525700,true,40,320,180,1200
world4_high_600,600,400,600,375,35,19.940100,0.123100,2.381100,true,40,320,180,1200
world4_high_600,600,400,600,375,36,19.309700,0.103900,2.516400,true,40,320,180,1200
world4_high_600,600,400,600,375,37,20.366200,0.093700,2.448200,true,40,320,180,1200
world4_high_600,600,400,600,375,38,19.088000,0.085200,2.253000,true,40,320,180,1200
world4_high_600,600,400,600,375,39,19.572500,0.074800,2.491300,true,40,320,180,1200
world4_high_600,600,400,600,375,40,19.077300,0.074600,2.327200,true,40,320,180,1200
world4_high_600,600,400,600,375,41,20.346300,0.070200,2.202900,true,40,320,180,1200
world4_high_600,600,400,600,375,42,18.900400,0.076700,2.303200,true,40,320,180,1200
world4_high_600,600,400,600,375,43,18.612700,0.087000,2.215300,true,40,320,180,1200
world4_high_600,600,400,600,375,44,18.829300,0.074000,2.463000,true,40,320,180,1200
world4_high_600,600,400,600,375,45,18.320200,0.081100,2.226600,true,40,320,180,1200
world4_high_600,600,400,600,375,46,18.835300,0.090100,2.489200,true,40,320,180,1200
world4_high_600,600,400,600,375,47,18.249800,0.106000,2.260200,true,40,320,180,1200
world4_high_600,600,400,600,375,48,18.644100,0.075800,2.469600,true,40,320,180,1200
world4_high_600,600,400,600,375,49,21.398900,0.075600,2.486300,true,40,320,180,1200
world4_high_600,600,400,600,375,50,19.727400,0.084500,2.498400,true,40,320,180,1200
world4_high_600,600,400,600,375,51,25.398000,0.083700,2.788300,true,40,320,180,1200
world4_high_600,600,400,600,375,52,23.739100,0.127000,3.769300,true,40,320,180,1200
world4_high_600,600,400,600,375,53,21.163700,0.079600,2.263500,true,40,320,180,1200
world4_high_600,600,400,600,375,54,20.688500,0.099100,2.674600,true,40,320,180,1200
world4_high_600,600,400,600,375,55,20.566600,0.088000,2.587800,true,40,320,180,1200
world4_high_600,600,400,600,375,56,19.545400,0.078000,2.604200,true,40,320,180,1200
world4_high_600,600,400,600,375,57,19.117800,0.070400,2.246400,true,40,320,180,1200
world4_high_600,600,400,600,375,58,19.497700,0.137400,2.423200,true,40,320,180,1200
world4_high_600,600,400,600,375,59,19.892400,0.104000,2.516000,true,40,320,180,1200
world4_high_600,600,400,600,375,60,21.038000,0.074900,2.465200,true,40,320,180,1200
world4_high_600,600,400,600,375,61,19.104400,0.078500,2.261700,true,40,320,180,1200
world4_high_600,600,400,600,375,62,19.501000,0.078200,2.284300,true,40,320,180,1200
world4_high_600,600,400,600,375,63,18.787800,0.071100,2.220700,true,40,320,180,1200
world4_high_600,600,400,600,375,64,23.689700,0.086500,2.385400,true,40,320,180,1200
world4_high_600,600,400,600,375,65,20.322200,0.076200,2.277600,true,40,320,180,1200
world4_high_600,600,400,600,375,66,20.380200,0.077700,2.395100,true,40,320,180,1200
world4_high_600,600,400,600,375,67,19.562700,0.253800,2.837700,true,40,320,180,1200
world4_high_600,600,400,600,375,68,20.867600,0.080700,3.183700,true,40,320,180,1200
world4_high_600,600,400,600,375,69,20.888700,0.076800,2.771200,true,40,320,180,1200
world4_high_600,600,400,600,375,70,20.166300,0.075100,2.379700,true,40,320,180,1200
world4_high_600,600,400,600,375,71,23.211600,0.089500,2.305900,true,40,320,180,1200
world4_high_600,600,400,600,375,72,21.859000,0.086800,3.086100,true,40,320,180,1200
world4_high_600,600,400,600,375,73,21.398100,0.114400,2.302500,true,40,320,180,1200
world4_high_600,600,400,600,375,74,20.982000,0.076300,2.442700,true,40,320,180,1200
world4_high_600,600,400,600,375,75,19.656000,0.081300,2.898800,true,40,320,180,1200
world4_high_600,600,400,600,375,76,20.324800,0.088800,2.423200,true,40,320,180,1200
world4_high_1280,1280,800,1280,800,0,25.281300,0.151800,13.863100,true,40,320,180,1200
world4_high_1280,1280,800,1280,800,1,29.936800,0.144300,16.478900,true,40,320,180,1200
world4_high_1280,1280,800,1280,800,2,24.050500,0.117800,13.029700,true,40,320,180,1200
world4_high_1280,1280,800,1280,800,3,20.396000,0.081100,11.262100,true,40,320,180,1200
world4_high_1280,1280,800,1280,800,4,21.782400,0.125300,11.092700,true,40,320,180,1200
world4_high_1280,1280,800,1280,800,5,21.135200,0.077500,11.146600,true,40,320,180,1200
world4_high_1280,1280,800,1280,800,6,23.177500,0.070300,11.083800,true,40,320,180,1200
world4_high_1280,1280,800,1280,800,7,20.231700,0.107500,9.909600,true,40,320,180,1200
world4_high_1280,1280,800,1280,800,8,18.955900,0.093200,10.130600,true,40,320,180,1200
world4_high_1280,1280,800,1280,800,9,18.825500,0.075800,10.075700,true,40,320,180,1200
world4_high_1280,1280,800,1280,800,10,19.661400,0.082000,10.052200,true,40,320,180,1200
world4_high_1280,1280,800,1280,800,11,18.854800,0.076300,10.081900,true,40,320,180,1200
world4_high_1280,1280,800,1280,800,12,20.469000,0.085800,10.609400,true,40,320,180,1200
world4_high_1280,1280,800,1280,800,13,19.877500,0.101100,10.219300,true,40,320,180,1200
world4_high_1280,1280,800,1280,800,14,19.846600,0.106600,11.280800,true,40,320,180,1200
world4_high_1280,1280,800,1280,800,15,20.157000,0.084200,11.219600,true,40,320,180,1200
world4_high_1280,1280,800,1280,800,16,19.808000,0.112200,12.702400,true,40,320,180,1200
world4_high_1280,1280,800,1280,800,17,20.151500,0.106500,10.507100,true,40,320,180,1200
world4_high_1280,1280,800,1280,800,18,20.898000,0.096100,13.932500,true,40,320,180,1200
world4_high_1280,1280,800,1280,800,19,19.719100,0.095600,10.502400,true,40,320,180,1200
world4_high_1280,1280,800,1280,800,20,23.279100,0.102100,10.597400,true,40,320,180,1200
world4_high_1280,1280,800,1280,800,21,18.986200,0.083000,10.083100,true,40,320,180,1200
world4_high_1280,1280,800,1280,800,22,20.485500,0.079300,10.031300,true,40,320,180,1200
world4_high_1280,1280,800,1280,800,23,22.861400,0.058600,12.663600,true,40,320,180,1200
world4_high_1280,1280,800,1280,800,24,19.816500,0.091000,10.577600,true,40,320,180,1200
world4_high_1280,1280,800,1280,800,25,21.696700,0.081100,10.659000,true,40,320,180,1200
world4_high_1280,1280,800,1280,800,26,19.619000,0.078800,11.264100,true,40,320,180,1200
world4_high_1280,1280,800,1280,800,27,19.244700,0.083500,10.440900,true,40,320,180,1200
world4_high_1280,1280,800,1280,800,28,19.531900,0.127500,12.507600,true,40,320,180,1200
world4_high_1280,1280,800,1280,800,29,20.257400,0.092300,11.593100,true,40,320,180,1200
world4_high_1280,1280,800,1280,800,30,20.719300,0.087900,10.559900,true,40,320,180,1200
world4_high_1280,1280,800,1280,800,31,22.201100,0.081000,13.497800,true,40,320,180,1200
world4_high_1280,1280,800,1280,800,32,21.249000,0.083900,13.262700,true,40,320,180,1200
world4_high_1280,1280,800,1280,800,33,27.665300,0.145000,11.726100,true,40,320,180,1200
world4_high_1280,1280,800,1280,800,34,25.558300,0.079600,12.233100,true,40,320,180,1200
world4_high_1280,1280,800,1280,800,35,22.069400,0.104400,11.798500,true,40,320,180,1200
world4_high_1280,1280,800,1280,800,36,22.414200,0.074400,12.609200,true,40,320,180,1200
world4_high_1280,1280,800,1280,800,37,27.009000,0.092800,14.241700,true,40,320,180,1200
world4_high_1280,1280,800,1280,800,38,24.972000,0.105400,12.714400,true,40,320,180,1200
world4_high_1280,1280,800,1280,800,39,25.122200,0.086000,12.861500,true,40,320,180,1200
world4_high_1280,1280,800,1280,800,40,27.794500,0.098700,13.155700,true,40,320,180,1200
world4_high_1280,1280,800,1280,800,41,27.355500,0.077600,13.917000,true,40,320,180,1200
world4_high_1280,1280,800,1280,800,42,28.302300,0.079300,13.033400,true,40,320,180,1200
world4_high_1280,1280,800,1280,800,43,29.705800,0.089600,13.536600,true,40,320,180,1200
world4_high_1280,1280,800,1280,800,44,26.343200,0.086200,16.212700,true,40,320,180,1200
world4_high_1280,1280,800,1280,800,45,28.407100,0.103700,15.803600,true,40,320,180,1200
world4_high_1280,1280,800,1280,800,46,30.898700,0.080200,16.076100,true,40,320,180,1200
world4_high_1280,1280,800,1280,800,47,35.430400,0.132900,16.502600,true,40,320,180,1200
world4_high_1280,1280,800,1280,800,48,35.632200,0.133200,16.514400,true,40,320,180,1200
world4_high_1280,1280,800,1280,800,49,34.514700,0.091200,14.397300,true,40,320,180,1200
world5_normal_960,960,600,960,600,0,9.254900,0.076300,1.423300,true,6,32,12,120
world5_normal_960,960,600,960,600,1,10.739400,0.072600,1.533500,true,6,32,12,120
world5_normal_960,960,600,960,600,2,8.222700,0.086900,1.331900,true,6,32,12,120
world5_normal_960,960,600,960,600,3,8.244200,0.073800,1.365000,true,6,32,12,120
world5_normal_960,960,600,960,600,4,8.633900,0.085400,1.311600,true,6,32,12,120
world5_normal_960,960,600,960,600,5,9.204500,0.147000,1.243400,true,6,32,12,120
world5_normal_960,960,600,960,600,6,8.085100,0.073600,1.527400,true,6,32,12,120
world5_normal_960,960,600,960,600,7,7.981900,0.079400,1.318700,true,6,32,12,120
world5_normal_960,960,600,960,600,8,8.150300,0.088400,1.394900,true,6,32,12,120
world5_normal_960,960,600,960,600,9,7.989000,0.078100,1.342600,true,6,32,12,120
world5_normal_960,960,600,960,600,10,7.635100,0.083500,1.272600,true,6,32,12,120
world5_normal_960,960,600,960,600,11,8.114600,0.076700,1.354000,true,6,32,12,120
world5_normal_960,960,600,960,600,12,8.115000,0.076900,1.234200,true,6,32,12,120
world5_normal_960,960,600,960,600,13,8.374300,0.081300,1.490700,true,6,32,12,120
world5_normal_960,960,600,960,600,14,8.215300,0.077000,1.462800,true,6,32,12,120
world5_normal_960,960,600,960,600,15,8.033200,0.085600,1.246000,true,6,32,12,120
world5_normal_960,960,600,960,600,16,9.440200,0.074100,1.319700,true,6,32,12,120
world5_normal_960,960,600,960,600,17,8.595900,0.076000,1.416700,true,6,32,12,120
world5_normal_960,960,600,960,600,18,8.154500,0.081600,1.276500,true,6,32,12,120
world5_normal_960,960,600,960,600,19,8.262500,0.074400,1.481400,true,6,32,12,120
world5_normal_960,960,600,960,600,20,12.572800,0.106700,1.785100,true,6,32,12,120
world5_normal_960,960,600,960,600,21,8.489300,0.088300,1.415300,true,6,32,12,120
world5_normal_960,960,600,960,600,22,8.487500,0.071200,1.229200,true,6,32,12,120
world5_normal_960,960,600,960,600,23,8.214200,0.106100,1.789400,true,6,32,12,120
world5_normal_960,960,600,960,600,24,8.412300,0.087000,1.479100,true,6,32,12,120
world5_normal_960,960,600,960,600,25,9.449300,0.087600,1.423700,true,6,32,12,120
world5_normal_960,960,600,960,600,26,8.330100,0.096000,1.338400,true,6,32,12,120
world5_normal_960,960,600,960,600,27,9.011500,0.076500,2.138100,true,6,32,12,120
world5_normal_960,960,600,960,600,28,8.254900,0.078900,1.376700,true,6,32,12,120
world5_normal_960,960,600,960,600,29,8.266200,0.076300,1.243900,true,6,32,12,120
world5_normal_960,960,600,960,600,30,8.288300,0.077300,1.664400,true,6,32,12,120
world5_normal_960,960,600,960,600,31,8.055700,0.072700,1.311100,true,6,32,12,120
world5_normal_960,960,600,960,600,32,8.044900,0.308600,1.421300,true,6,32,12,120
world5_normal_960,960,600,960,600,33,8.154500,0.085300,1.484600,true,6,32,12,120
world5_normal_960,960,600,960,600,34,8.370600,0.078500,1.495600,true,6,32,12,120
world5_normal_960,960,600,960,600,35,7.850700,0.089000,1.308300,true,6,32,12,120
world5_normal_960,960,600,960,600,36,8.064700,0.087700,1.286400,true,6,32,12,120
world5_normal_960,960,600,960,600,37,8.016700,0.079100,1.351500,true,6,32,12,120
world5_normal_960,960,600,960,600,38,8.316800,0.065800,1.219600,true,7,32,12,120
world5_normal_960,960,600,960,600,39,8.227000,0.081100,1.351100,true,6,32,13,120
world5_normal_960,960,600,960,600,40,8.029500,0.079300,1.626700,true,6,32,12,120
world5_normal_960,960,600,960,600,41,8.974700,0.078200,1.474600,true,6,32,12,120
world5_normal_960,960,600,960,600,42,7.870600,0.256400,1.502300,true,6,32,12,120
world5_normal_960,960,600,960,600,43,7.864000,0.090100,1.482000,true,6,32,13,120
world5_normal_960,960,600,960,600,44,9.062600,0.075000,1.259800,true,6,32,12,120
world5_normal_960,960,600,960,600,45,7.922100,0.087900,1.367900,true,6,32,12,120
world5_normal_960,960,600,960,600,46,7.745000,0.081400,1.429800,true,6,32,12,120
world5_normal_960,960,600,960,600,47,7.729700,0.089300,1.325100,true,6,32,12,120
world5_normal_960,960,600,960,600,48,7.654100,0.073800,1.337400,true,6,32,12,120
world5_normal_960,960,600,960,600,49,8.184200,0.073500,1.235900,true,6,32,12,120
world5_normal_960,960,600,960,600,50,7.875500,0.069500,1.245000,true,6,32,12,120
world5_normal_960,960,600,960,600,51,8.128800,0.070100,1.312200,true,6,32,12,120
world5_normal_960,960,600,960,600,52,7.939400,0.083200,1.415500,true,6,32,12,120
world5_normal_960,960,600,960,600,53,8.151500,0.087700,1.298400,true,6,32,12,120
world5_normal_960,960,600,960,600,54,8.126900,0.075700,1.354800,true,6,32,12,120
world5_normal_960,960,600,960,600,55,7.861800,0.070800,1.499500,true,6,32,12,120
world5_normal_960,960,600,960,600,56,8.050700,0.078800,1.397200,true,6,32,12,120
world5_normal_960,960,600,960,600,57,7.933500,0.067500,1.489000,true,6,32,12,120
world5_normal_960,960,600,960,600,58,8.571400,0.072100,1.454300,true,6,32,12,120
world5_normal_960,960,600,960,600,59,7.862900,0.073600,1.411100,true,6,32,12,120
world5_normal_960,960,600,960,600,60,7.902800,0.081600,1.305300,true,6,32,12,120
world5_normal_960,960,600,960,600,61,7.909800,0.091800,1.529900,true,6,32,12,120
world5_normal_960,960,600,960,600,62,7.781500,0.078400,1.346200,true,6,32,12,120
world5_normal_960,960,600,960,600,63,7.943400,0.075200,1.395100,true,6,32,12,120
world5_normal_960,960,600,960,600,64,7.627500,0.070300,1.429000,true,6,32,12,120
world5_normal_960,960,600,960,600,65,7.776800,0.071400,1.259800,true,6,32,12,120
world5_normal_960,960,600,960,600,66,7.755700,0.061100,1.195000,true,6,32,12,120
world5_normal_960,960,600,960,600,67,7.959600,0.070000,1.323200,true,6,32,12,120
world5_normal_960,960,600,960,600,68,8.659800,0.076300,1.500500,true,6,32,12,120
world5_normal_960,960,600,960,600,69,7.862100,0.074600,1.424900,true,6,32,12,120
world5_normal_960,960,600,960,600,70,7.975500,0.115700,1.603400,true,6,32,12,120
world5_normal_960,960,600,960,600,71,7.959700,0.072800,1.225400,true,6,32,13,120
world5_normal_960,960,600,960,600,72,7.582900,0.095100,1.227700,true,6,32,12,120
world5_normal_960,960,600,960,600,73,8.577400,0.097000,1.425500,true,6,32,12,120
world5_normal_960,960,600,960,600,74,7.897900,0.076200,1.469300,true,6,32,12,120
world5_normal_960,960,600,960,600,75,7.871100,0.074800,1.521900,true,6,32,12,120
world5_normal_960,960,600,960,600,76,8.578400,0.082100,1.462800,true,6,32,12,120
world5_normal_960,960,600,960,600,77,10.183500,0.082200,1.372600,true,6,32,12,120
world5_normal_960,960,600,960,600,78,7.741700,0.080800,1.371500,true,6,32,12,120
world5_normal_960,960,600,960,600,79,8.033900,0.081900,1.322200,true,6,32,12,120
world5_normal_960,960,600,960,600,80,8.083100,0.090000,1.486800,true,6,32,12,120
world5_normal_960,960,600,960,600,81,8.577700,0.073300,1.536900,true,6,32,12,120
world5_normal_960,960,600,960,600,82,7.915100,0.069100,1.276900,true,6,32,12,120
world5_normal_960,960,600,960,600,83,8.101300,0.097900,1.432700,true,6,32,12,120
world5_normal_960,960,600,960,600,84,9.810100,0.074500,1.449200,true,6,32,12,120
world5_normal_960,960,600,960,600,85,8.225400,0.071000,1.488700,true,6,32,12,120
world5_normal_960,960,600,960,600,86,8.072600,0.099400,2.444200,true,6,32,12,120
world5_normal_960,960,600,960,600,87,8.147700,0.076100,1.738400,true,6,32,12,120
world5_normal_960,960,600,960,600,88,8.219600,0.070000,1.490000,true,7,32,12,120
world5_normal_960,960,600,960,600,89,8.617500,0.085800,1.684500,true,6,32,12,120
world5_normal_960,960,600,960,600,90,11.181400,0.096300,1.350500,true,6,32,12,120
world5_normal_960,960,600,960,600,91,9.314800,0.135200,1.579300,true,6,32,12,120
world5_normal_960,960,600,960,600,92,9.785900,0.084500,1.565400,true,6,32,12,120
world5_normal_960,960,600,960,600,93,8.202400,0.080200,1.820200,true,6,32,12,120
world5_normal_960,960,600,960,600,94,8.529100,0.072700,1.360900,true,6,32,12,120
world5_normal_960,960,600,960,600,95,8.308000,0.100200,2.220600,true,6,32,12,120
world5_normal_960,960,600,960,600,96,8.398400,0.092100,1.644500,true,6,32,12,120
world5_normal_960,960,600,960,600,97,8.554100,0.076500,1.407800,true,6,32,12,120
world5_normal_960,960,600,960,600,98,8.191300,0.082600,1.303800,true,6,32,12,120
world5_normal_960,960,600,960,600,99,8.194600,0.076400,1.399800,true,6,32,12,120
world5_normal_960,960,600,960,600,100,8.980600,0.081000,1.688100,true,6,32,12,120
world5_normal_960,960,600,960,600,101,8.051300,0.104400,1.615200,true,6,32,12,120
world5_normal_960,960,600,960,600,102,8.070600,0.075400,1.369100,true,6,32,12,120
world5_normal_960,960,600,960,600,103,9.058000,0.093000,1.485100,true,6,32,12,120
world5_normal_960,960,600,960,600,104,7.996300,0.105600,1.346300,true,6,32,12,120
world5_normal_960,960,600,960,600,105,8.139700,0.080600,1.434400,true,6,32,12,120
world5_normal_960,960,600,960,600,106,8.384200,0.068800,1.444300,true,7,32,12,120
world5_normal_960,960,600,960,600,107,8.426000,0.069200,1.501600,true,6,32,12,120
world5_normal_960,960,600,960,600,108,8.040200,0.074400,1.342600,true,6,32,12,120
world5_normal_960,960,600,960,600,109,8.077100,0.078100,1.452600,true,6,32,12,120
world5_normal_960,960,600,960,600,110,7.858000,0.073200,1.330800,true,6,32,12,120
world5_normal_960,960,600,960,600,111,8.077900,0.073800,1.282000,true,6,32,12,120
world5_normal_960,960,600,960,600,112,8.042300,0.075800,1.360800,true,6,32,12,120
world5_normal_960,960,600,960,600,113,7.990700,0.072200,1.471100,true,6,32,12,120
world5_normal_960,960,600,960,600,114,7.748000,0.067200,1.635800,true,6,32,12,120
world5_normal_960,960,600,960,600,115,8.256700,0.071200,1.422400,true,6,32,12,120
world5_normal_960,960,600,960,600,116,8.715200,0.086100,1.610000,true,6,32,12,120
world5_normal_960,960,600,960,600,117,8.432600,0.070500,1.383600,true,6,32,12,120
world5_normal_960,960,600,960,600,118,8.221600,0.076800,1.285800,true,6,32,12,120
world5_normal_960,960,600,960,600,119,8.215200,0.095000,1.339600,true,6,32,12,120
world5_normal_960,960,600,960,600,120,7.920200,0.082400,1.388700,true,6,32,12,120
world5_normal_960,960,600,960,600,121,10.160900,0.070900,1.328200,true,6,32,12,120
world5_normal_960,960,600,960,600,122,8.437400,0.080600,1.570100,true,6,32,12,120
world5_normal_960,960,600,960,600,123,8.101800,0.074100,1.451500,true,6,32,12,120
world5_normal_960,960,600,960,600,124,7.895600,0.078500,1.323900,true,6,32,12,120
world5_normal_960,960,600,960,600,125,8.219500,0.091300,1.392400,true,6,32,12,120
world5_normal_960,960,600,960,600,126,8.775600,0.073900,1.556700,true,6,32,12,120
world5_normal_960,960,600,960,600,127,11.545300,0.105000,1.933000,true,6,32,12,120
world5_normal_960,960,600,960,600,128,8.817000,0.075600,1.633000,true,6,32,12,120
world5_normal_960,960,600,960,600,129,8.249900,0.080800,1.346600,true,6,32,12,120
world5_normal_960,960,600,960,600,130,8.270700,0.095100,2.349400,true,6,32,12,120
world5_normal_960,960,600,960,600,131,8.718900,0.083000,1.419000,true,6,32,12,120
world5_normal_960,960,600,960,600,132,9.117900,0.066500,1.529700,true,6,32,12,120
world5_normal_960,960,600,960,600,133,8.040300,0.086600,1.468400,true,6,32,12,120
world5_normal_960,960,600,960,600,134,8.403800,0.086900,1.300200,true,6,32,12,120
world5_normal_960,960,600,960,600,135,8.767200,0.068700,1.310200,true,6,32,12,120
world5_normal_960,960,600,960,600,136,8.143600,0.095200,1.375700,true,6,32,12,120
world5_normal_960,960,600,960,600,137,8.065400,0.085300,1.521400,true,6,32,12,120
world5_normal_960,960,600,960,600,138,8.313700,0.089500,1.347000,true,6,32,12,120
world5_normal_960,960,600,960,600,139,8.025400,0.086900,1.464500,true,6,32,12,120
world5_normal_960,960,600,960,600,140,7.940400,0.083300,1.423200,true,6,32,12,120
world5_normal_960,960,600,960,600,141,8.081900,0.096000,2.225000,true,6,32,12,120
world5_normal_960,960,600,960,600,142,8.064000,0.088800,1.544700,true,6,32,12,120
world5_normal_960,960,600,960,600,143,7.981500,0.069500,1.502400,true,6,32,12,120
world5_normal_960,960,600,960,600,144,7.962500,0.076900,1.575300,true,6,32,12,120
world5_normal_960,960,600,960,600,145,7.988000,0.076300,1.270400,true,6,32,12,120
world5_normal_960,960,600,960,600,146,7.799700,0.081800,1.442400,true,6,32,12,120
world5_normal_960,960,600,960,600,147,8.139800,0.077300,1.377300,true,6,32,12,120
world5_normal_960,960,600,960,600,148,8.078100,0.081200,1.409300,true,6,32,12,120
world5_normal_960,960,600,960,600,149,7.944200,0.079300,1.368300,true,6,32,13,120
world5_normal_960,960,600,960,600,150,9.082100,0.071700,1.479500,true,6,32,12,120
world5_normal_960,960,600,960,600,151,7.829000,0.078100,1.270200,true,6,32,12,120
world5_normal_960,960,600,960,600,152,7.841900,0.067100,1.241900,true,6,32,12,120
world5_normal_960,960,600,960,600,153,7.922200,0.079000,1.216100,true,6,32,13,120
world5_normal_960,960,600,960,600,154,7.834000,0.071700,1.432200,true,6,32,12,120
world5_normal_960,960,600,960,600,155,8.029900,0.075000,1.232600,true,6,32,12,120
world5_normal_960,960,600,960,600,156,8.748800,0.062300,1.426700,true,6,32,12,120
world5_normal_960,960,600,960,600,157,7.915400,0.079100,1.231000,true,6,32,12,120
world5_normal_960,960,600,960,600,158,8.733300,0.091800,1.240300,true,6,32,12,120
world5_normal_960,960,600,960,600,159,8.243600,0.070400,1.207400,true,6,32,12,120
world5_normal_960,960,600,960,600,160,7.941100,0.072700,1.524800,true,6,32,12,120
world5_normal_960,960,600,960,600,161,8.006800,0.065900,1.341000,true,6,32,12,120
world5_normal_960,960,600,960,600,162,8.553500,0.066400,1.221100,true,6,32,12,120
world5_normal_960,960,600,960,600,163,8.584100,0.089100,1.444800,true,6,32,12,120
world5_normal_960,960,600,960,600,164,8.086000,0.076800,1.531700,true,6,32,12,120
world5_normal_960,960,600,960,600,165,8.572000,0.080800,1.431600,true,6,32,12,120
world5_normal_960,960,600,960,600,166,7.932300,0.089600,1.320100,true,6,32,12,120
world5_normal_960,960,600,960,600,167,8.256200,0.080400,1.436300,true,6,32,12,120
world5_normal_960,960,600,960,600,168,9.162100,0.093900,2.382900,true,6,32,12,120
world5_normal_960,960,600,960,600,169,8.037300,0.100900,1.315700,true,6,32,12,120
world5_normal_960,960,600,960,600,170,8.392100,0.079300,1.643600,true,6,32,12,120
world5_normal_960,960,600,960,600,171,8.630200,0.071500,1.281100,true,6,32,12,120
world5_normal_960,960,600,960,600,172,7.858200,0.077200,1.697500,true,6,32,12,120
world5_normal_960,960,600,960,600,173,8.154000,0.074800,1.254700,true,6,32,12,120
world5_normal_960,960,600,960,600,174,12.295300,0.089100,1.544400,true,6,32,12,120
world5_normal_960,960,600,960,600,175,8.444900,0.079900,1.316600,true,6,32,12,120
world5_normal_960,960,600,960,600,176,9.074800,0.109700,1.458300,true,6,32,12,120
world5_normal_600,600,400,600,375,0,9.528500,0.073900,2.681800,true,6,32,12,120
world5_normal_600,600,400,600,375,1,12.695900,0.078700,2.239700,true,6,32,12,120
world5_normal_600,600,400,600,375,2,8.139500,0.088900,2.337400,true,6,32,12,120
world5_normal_600,600,400,600,375,3,9.429200,0.081300,2.230100,true,6,32,12,120
world5_normal_600,600,400,600,375,4,7.882100,0.070900,2.403600,true,6,32,12,120
world5_normal_600,600,400,600,375,5,9.158800,0.073600,2.451100,true,6,32,12,120
world5_normal_600,600,400,600,375,6,8.122300,0.075200,2.406800,true,6,32,12,120
world5_normal_600,600,400,600,375,7,7.520000,0.083400,2.274700,true,6,32,12,120
world5_normal_600,600,400,600,375,8,8.603200,0.084900,2.425600,true,6,32,12,120
world5_normal_600,600,400,600,375,9,7.716400,0.096600,2.192900,true,6,32,12,120
world5_normal_600,600,400,600,375,10,7.983900,0.078500,2.645400,true,6,32,12,120
world5_normal_600,600,400,600,375,11,7.629300,0.087700,2.484600,true,6,32,12,120
world5_normal_600,600,400,600,375,12,8.072800,0.074600,2.222800,true,6,32,12,120
world5_normal_600,600,400,600,375,13,7.811600,0.098900,2.269500,true,6,32,12,120
world5_normal_600,600,400,600,375,14,8.022200,0.086400,2.600800,true,6,32,12,120
world5_normal_600,600,400,600,375,15,7.981400,0.085900,2.479300,true,6,32,12,120
world5_normal_600,600,400,600,375,16,9.026900,0.082100,2.379400,true,6,32,12,120
world5_normal_600,600,400,600,375,17,7.850400,0.090900,2.221700,true,6,32,12,120
world5_normal_600,600,400,600,375,18,9.376300,0.080900,2.214500,true,6,32,12,120
world5_normal_600,600,400,600,375,19,7.975500,0.079400,2.218000,true,6,32,12,120
world5_normal_600,600,400,600,375,20,8.882400,0.103700,2.564200,true,6,32,12,120
world5_normal_600,600,400,600,375,21,8.878800,0.073500,2.565200,true,6,32,12,120
world5_normal_600,600,400,600,375,22,8.767000,0.079300,2.469100,true,6,32,12,120
world5_normal_600,600,400,600,375,23,7.919600,0.074900,2.342700,true,6,32,12,120
world5_normal_600,600,400,600,375,24,8.133100,0.076600,2.255400,true,6,32,12,120
world5_normal_600,600,400,600,375,25,7.841300,0.084500,2.367400,true,6,32,12,120
world5_normal_600,600,400,600,375,26,7.998100,0.082400,2.527900,true,6,32,12,120
world5_normal_600,600,400,600,375,27,7.976800,0.075400,2.625300,true,6,32,12,120
world5_normal_600,600,400,600,375,28,8.105700,0.095700,2.619000,true,6,32,12,120
world5_normal_600,600,400,600,375,29,8.770100,0.073800,2.223600,true,6,32,12,120
world5_normal_600,600,400,600,375,30,7.818500,0.089400,2.457200,true,6,32,12,120
world5_normal_600,600,400,600,375,31,8.684900,0.083200,2.391000,true,6,32,12,120
world5_normal_600,600,400,600,375,32,14.370900,0.085700,2.294800,true,6,32,12,120
world5_normal_600,600,400,600,375,33,9.625500,0.099000,2.596100,true,6,32,12,120
world5_normal_600,600,400,600,375,34,9.472300,0.076800,2.636600,true,6,32,12,120
world5_normal_600,600,400,600,375,35,9.335500,0.090000,2.414000,true,6,32,12,120
world5_normal_600,600,400,600,375,36,8.311900,0.073800,2.258400,true,6,32,12,120
world5_normal_600,600,400,600,375,37,8.100300,0.076500,2.293700,true,6,32,12,120
world5_normal_600,600,400,600,375,38,8.017500,0.071200,2.757500,true,6,32,12,120
world5_normal_600,600,400,600,375,39,7.800700,0.074000,2.431400,true,6,32,12,120
world5_normal_600,600,400,600,375,40,8.767400,0.075300,2.385100,true,6,32,12,120
world5_normal_600,600,400,600,375,41,9.316200,0.076400,2.232600,true,6,32,12,120
world5_normal_600,600,400,600,375,42,8.264600,0.082800,2.280700,true,6,32,12,120
world5_normal_600,600,400,600,375,43,7.923100,0.088300,2.577500,true,6,32,12,120
world5_normal_600,600,400,600,375,44,8.389500,0.081500,2.546400,true,7,32,12,120
world5_normal_600,600,400,600,375,45,8.171200,0.090000,2.959400,true,6,32,13,120
world5_normal_600,600,400,600,375,46,9.261300,0.079900,2.683800,true,6,32,12,120
world5_normal_600,600,400,600,375,47,11.010300,0.129000,3.014100,true,6,32,12,120
world5_normal_600,600,400,600,375,48,13.147700,0.088200,3.404800,true,6,32,12,120
world5_normal_600,600,400,600,375,49,11.611400,0.104900,3.747400,true,6,32,13,120
world5_normal_600,600,400,600,375,50,10.807500,0.092400,2.931500,true,6,32,12,120
world5_normal_600,600,400,600,375,51,9.639800,0.086400,2.790600,true,6,32,12,120
world5_normal_600,600,400,600,375,52,11.851500,0.105400,3.416700,true,6,32,12,120
world5_normal_600,600,400,600,375,53,11.145000,0.083900,3.401200,true,6,32,12,120
world5_normal_600,600,400,600,375,54,11.459400,0.265100,2.612100,true,6,32,12,120
world5_normal_600,600,400,600,375,55,10.756000,0.096700,2.318600,true,6,32,12,120
world5_normal_600,600,400,600,375,56,10.884900,0.087800,2.359400,true,6,32,12,120
world5_normal_600,600,400,600,375,57,11.119400,0.086300,2.315600,true,6,32,12,120
world5_normal_600,600,400,600,375,58,11.519700,0.122600,2.826900,true,6,32,12,120
world5_normal_600,600,400,600,375,59,8.992300,0.089400,2.504600,true,6,32,12,120
world5_normal_600,600,400,600,375,60,9.182200,0.237800,3.620200,true,6,32,12,120
world5_normal_600,600,400,600,375,61,9.027300,0.101500,3.149800,true,6,32,12,120
world5_normal_600,600,400,600,375,62,10.177500,0.102900,2.304500,true,6,32,12,120
world5_normal_600,600,400,600,375,63,9.125500,0.091200,2.725400,true,6,32,12,120
world5_normal_600,600,400,600,375,64,12.886700,0.108900,3.309700,true,6,32,12,120
world5_normal_600,600,400,600,375,65,9.791300,0.110900,2.958800,true,6,32,12,120
world5_normal_600,600,400,600,375,66,10.439200,0.241000,2.358200,true,6,32,12,120
world5_normal_600,600,400,600,375,67,10.183700,0.080600,2.307100,true,6,32,12,120
world5_normal_600,600,400,600,375,68,11.453300,0.095200,3.021500,true,6,32,12,120
world5_normal_600,600,400,600,375,69,8.248000,0.076400,2.567700,true,6,32,12,120
world5_normal_600,600,400,600,375,70,9.212000,0.088200,2.709100,true,6,32,12,120
world5_normal_600,600,400,600,375,71,8.943600,0.074700,2.528000,true,6,32,12,120
world5_normal_600,600,400,600,375,72,7.972800,0.071500,2.259600,true,6,32,12,120
world5_normal_600,600,400,600,375,73,8.168800,0.105800,2.646900,true,6,32,12,120
world5_normal_600,600,400,600,375,74,8.077800,0.079300,2.793900,true,6,32,12,120
world5_normal_600,600,400,600,375,75,8.122600,0.094400,2.664500,true,6,32,12,120
world5_normal_600,600,400,600,375,76,9.467000,0.081700,2.274600,true,6,32,12,120
world5_normal_600,600,400,600,375,77,9.594800,0.071800,2.428500,true,6,32,13,120
world5_normal_600,600,400,600,375,78,8.702300,0.101200,2.343800,true,6,32,12,120
world5_normal_600,600,400,600,375,79,9.202800,0.084600,2.266400,true,6,32,12,120
world5_normal_600,600,400,600,375,80,8.340500,0.082600,2.403400,true,6,32,12,120
world5_normal_600,600,400,600,375,81,8.919800,0.115100,3.798300,true,6,32,12,120
world5_normal_600,600,400,600,375,82,8.622900,0.092900,3.862600,true,6,32,12,120
world5_normal_600,600,400,600,375,83,8.760900,0.077400,2.257400,true,6,32,12,120
world5_normal_600,600,400,600,375,84,7.984200,0.097700,3.625000,true,6,32,12,120
world5_normal_600,600,400,600,375,85,7.952600,0.114200,2.575000,true,6,32,12,120
world5_normal_600,600,400,600,375,86,10.206100,0.127200,2.738800,true,6,32,12,120
world5_normal_600,600,400,600,375,87,9.282000,0.084200,2.649200,true,6,32,12,120
world5_normal_600,600,400,600,375,88,7.853600,0.075400,2.456600,true,6,32,12,120
world5_normal_600,600,400,600,375,89,8.169300,0.097000,2.653000,true,6,32,12,120
world5_normal_600,600,400,600,375,90,8.408700,0.081800,2.411500,true,6,32,12,120
world5_normal_600,600,400,600,375,91,8.527300,0.083500,2.240000,true,6,32,12,120
world5_normal_600,600,400,600,375,92,8.494200,0.081000,2.238400,true,6,32,12,120
world5_normal_600,600,400,600,375,93,7.798800,0.076700,2.257100,true,6,32,12,120
world5_normal_600,600,400,600,375,94,8.308100,0.075400,2.333300,true,7,32,12,120
world5_normal_600,600,400,600,375,95,7.770600,0.084400,2.456500,true,6,32,12,120
world5_normal_600,600,400,600,375,96,8.058300,0.096600,2.812000,true,6,32,12,120
world5_normal_600,600,400,600,375,97,8.248300,0.071200,2.445400,true,6,32,12,120
world5_normal_600,600,400,600,375,98,7.920300,0.073300,2.226900,true,6,32,12,120
world5_normal_600,600,400,600,375,99,8.002200,0.075400,2.281300,true,6,32,12,120
world5_normal_600,600,400,600,375,100,8.359100,0.083200,2.246400,true,6,32,12,120
world5_normal_600,600,400,600,375,101,7.857900,0.080300,2.358700,true,6,32,12,120
world5_normal_600,600,400,600,375,102,7.683300,0.072000,2.493600,true,6,32,12,120
world5_normal_600,600,400,600,375,103,7.880300,0.076500,2.223700,true,6,32,12,120
world5_normal_600,600,400,600,375,104,7.899800,0.077100,2.382100,true,6,32,12,120
world5_normal_600,600,400,600,375,105,8.408900,0.081900,2.445300,true,6,32,12,120
world5_normal_600,600,400,600,375,106,7.851800,0.077300,2.390700,true,6,32,12,120
world5_normal_600,600,400,600,375,107,8.024400,0.090700,2.431500,true,6,32,12,120
world5_normal_600,600,400,600,375,108,7.965800,0.074200,2.627100,true,6,32,12,120
world5_normal_600,600,400,600,375,109,7.996400,0.079000,2.337800,true,6,32,12,120
world5_normal_600,600,400,600,375,110,7.910400,0.077900,2.430300,true,6,32,12,120
world5_normal_600,600,400,600,375,111,7.817600,0.093500,2.443400,true,6,32,12,120
world5_normal_600,600,400,600,375,112,8.043000,0.078200,2.511400,true,7,32,12,120
world5_normal_600,600,400,600,375,113,8.490200,0.075500,2.523200,true,6,32,12,120
world5_normal_600,600,400,600,375,114,7.796400,0.079100,2.275400,true,6,32,12,120
world5_normal_600,600,400,600,375,115,7.904600,0.079000,2.590800,true,6,32,12,120
world5_normal_600,600,400,600,375,116,8.910400,0.086300,2.236600,true,6,32,12,120
world5_normal_600,600,400,600,375,117,8.267200,0.073200,2.623600,true,6,32,12,120
world5_normal_600,600,400,600,375,118,8.165500,0.073100,2.497000,true,6,32,12,120
world5_normal_600,600,400,600,375,119,7.618100,0.092700,2.226500,true,6,32,12,120
world5_normal_600,600,400,600,375,120,7.805500,0.116400,2.941600,true,6,32,12,120
world5_normal_600,600,400,600,375,121,8.222400,0.088300,2.639500,true,6,32,12,120
world5_normal_600,600,400,600,375,122,8.080500,0.092200,2.455100,true,6,32,12,120
world5_normal_600,600,400,600,375,123,9.432700,0.099300,2.497900,true,6,32,12,120
world5_normal_600,600,400,600,375,124,9.088700,0.086400,2.275100,true,6,32,12,120
world5_normal_600,600,400,600,375,125,7.809300,0.072700,2.245700,true,6,32,12,120
world5_normal_600,600,400,600,375,126,7.712900,0.099700,2.503400,true,6,32,12,120
world5_normal_600,600,400,600,375,127,7.661700,0.091100,2.332000,true,6,32,12,120
world5_normal_600,600,400,600,375,128,8.107800,0.074200,2.352500,true,6,32,12,120
world5_normal_600,600,400,600,375,129,7.802600,0.090900,2.361100,true,6,32,12,120
world5_normal_600,600,400,600,375,130,7.987000,0.074000,2.497700,true,6,32,12,120
world5_normal_600,600,400,600,375,131,7.838600,0.091200,2.420800,true,6,32,12,120
world5_normal_600,600,400,600,375,132,8.079600,0.086800,2.241900,true,6,32,12,120
world5_normal_600,600,400,600,375,133,7.713900,0.141600,2.859200,true,6,32,12,120
world5_normal_600,600,400,600,375,134,7.900100,0.068100,2.888000,true,6,32,12,120
world5_normal_600,600,400,600,375,135,8.777500,0.074800,2.626800,true,6,32,12,120
world5_normal_600,600,400,600,375,136,8.519700,0.082200,2.415900,true,6,32,12,120
world5_normal_600,600,400,600,375,137,8.367300,0.076100,2.277900,true,6,32,12,120
world5_normal_600,600,400,600,375,138,7.926500,0.090200,2.775400,true,6,32,12,120
world5_normal_600,600,400,600,375,139,8.507700,0.090400,2.371900,true,6,32,12,120
world5_normal_600,600,400,600,375,140,8.708600,0.092300,2.305500,true,6,32,12,120
world5_normal_600,600,400,600,375,141,8.972900,0.073500,2.412200,true,6,32,12,120
world5_normal_600,600,400,600,375,142,8.143500,0.078400,2.294400,true,6,32,12,120
world5_normal_600,600,400,600,375,143,8.344400,0.090200,2.259700,true,6,32,12,120
world5_normal_600,600,400,600,375,144,8.201900,0.104100,2.822400,true,6,32,12,120
world5_normal_600,600,400,600,375,145,9.368800,0.115900,2.334400,true,6,32,12,120
world5_normal_600,600,400,600,375,146,7.942300,0.073900,2.423200,true,6,32,12,120
world5_normal_600,600,400,600,375,147,7.654300,0.084200,2.523400,true,6,32,12,120
world5_normal_600,600,400,600,375,148,7.798900,0.086300,3.730200,true,6,32,12,120
world5_normal_600,600,400,600,375,149,7.816700,0.102100,2.217800,true,6,32,12,120
world5_normal_600,600,400,600,375,150,7.954900,0.075000,2.548200,true,6,32,12,120
world5_normal_600,600,400,600,375,151,8.020300,0.089400,2.207600,true,6,32,12,120
world5_normal_600,600,400,600,375,152,8.118000,0.071200,2.204500,true,6,32,12,120
world5_normal_600,600,400,600,375,153,7.847700,0.102700,2.852600,true,6,32,12,120
world5_normal_1280,1280,800,1280,800,0,10.860000,0.099100,13.471200,true,6,32,12,120
world5_normal_1280,1280,800,1280,800,1,11.915500,0.091400,15.135400,true,6,32,12,120
world5_normal_1280,1280,800,1280,800,2,10.597900,0.098000,11.313600,true,6,32,12,120
world5_normal_1280,1280,800,1280,800,3,10.529000,0.105900,11.264200,true,6,32,12,120
world5_normal_1280,1280,800,1280,800,4,9.359300,0.078400,13.040400,true,6,32,12,120
world5_normal_1280,1280,800,1280,800,5,8.818000,0.092800,10.500500,true,6,32,12,120
world5_normal_1280,1280,800,1280,800,6,8.265600,0.078600,10.306100,true,6,32,12,120
world5_normal_1280,1280,800,1280,800,7,7.985100,0.074800,10.938700,true,6,32,12,120
world5_normal_1280,1280,800,1280,800,8,9.533500,0.099600,10.154700,true,6,32,12,120
world5_normal_1280,1280,800,1280,800,9,8.202200,0.091400,12.093200,true,6,32,12,120
world5_normal_1280,1280,800,1280,800,10,8.722500,0.082100,14.693800,true,6,32,12,120
world5_normal_1280,1280,800,1280,800,11,10.155700,0.080100,10.813400,true,6,32,12,120
world5_normal_1280,1280,800,1280,800,12,8.476400,0.076800,11.243700,true,6,32,12,120
world5_normal_1280,1280,800,1280,800,13,9.248400,0.088900,14.856400,true,6,32,12,120
world5_normal_1280,1280,800,1280,800,14,10.706500,0.126800,12.475800,true,6,32,12,120
world5_normal_1280,1280,800,1280,800,15,10.052300,0.091900,12.375000,true,6,32,12,120
world5_normal_1280,1280,800,1280,800,16,12.848900,0.110600,11.862500,true,6,32,12,120
world5_normal_1280,1280,800,1280,800,17,11.282000,0.149700,12.961500,true,6,32,12,120
world5_normal_1280,1280,800,1280,800,18,11.505000,0.088900,12.062900,true,6,32,12,120
world5_normal_1280,1280,800,1280,800,19,9.364200,0.113800,13.700400,true,6,32,12,120
world5_normal_1280,1280,800,1280,800,20,8.975900,0.077500,12.208400,true,6,32,12,120
world5_normal_1280,1280,800,1280,800,21,11.492000,0.095000,12.204400,true,6,32,12,120
world5_normal_1280,1280,800,1280,800,22,10.428700,0.094600,12.734700,true,6,32,12,120
world5_normal_1280,1280,800,1280,800,23,10.293300,0.099700,12.234500,true,6,32,12,120
world5_normal_1280,1280,800,1280,800,24,8.644800,0.100400,12.559300,true,6,32,12,120
world5_normal_1280,1280,800,1280,800,25,10.214600,0.080300,12.335400,true,6,32,12,120
world5_normal_1280,1280,800,1280,800,26,11.245500,0.104500,11.722700,true,6,32,12,120
world5_normal_1280,1280,800,1280,800,27,10.173500,0.115000,10.861000,true,6,32,12,120
world5_normal_1280,1280,800,1280,800,28,9.855200,0.087900,10.596800,true,6,32,12,120
world5_normal_1280,1280,800,1280,800,29,9.449400,0.090700,10.654000,true,6,32,12,120
world5_normal_1280,1280,800,1280,800,30,8.317200,0.091800,11.102500,true,6,32,12,120
world5_normal_1280,1280,800,1280,800,31,9.263200,0.078700,10.073000,true,6,32,12,120
world5_normal_1280,1280,800,1280,800,32,8.080000,0.087400,10.597000,true,6,32,12,120
world5_normal_1280,1280,800,1280,800,33,8.223800,0.080800,10.016200,true,6,32,12,120
world5_normal_1280,1280,800,1280,800,34,7.967900,0.090200,10.303200,true,6,32,12,120
world5_normal_1280,1280,800,1280,800,35,7.896400,0.074100,10.340400,true,6,32,12,120
world5_normal_1280,1280,800,1280,800,36,8.401400,0.089600,9.912800,true,6,32,12,120
world5_normal_1280,1280,800,1280,800,37,8.228200,0.085600,9.863700,true,6,32,12,120
world5_normal_1280,1280,800,1280,800,38,8.257000,0.083100,9.774500,true,6,32,12,120
world5_normal_1280,1280,800,1280,800,39,8.156700,0.076700,9.770600,true,6,32,12,120
world5_normal_1280,1280,800,1280,800,40,8.162200,0.082800,9.784600,true,6,32,12,120
world5_normal_1280,1280,800,1280,800,41,7.503600,0.080700,10.049400,true,6,32,12,120
world5_normal_1280,1280,800,1280,800,42,7.707300,0.076600,9.710300,true,6,32,12,120
world5_normal_1280,1280,800,1280,800,43,7.709100,0.088200,9.772100,true,6,32,12,120
world5_normal_1280,1280,800,1280,800,44,7.849400,0.085300,9.876200,true,6,32,12,120
world5_normal_1280,1280,800,1280,800,45,8.070700,0.068300,9.606600,true,6,32,12,120
world5_normal_1280,1280,800,1280,800,46,7.883000,0.071900,9.966400,true,6,32,12,120
world5_normal_1280,1280,800,1280,800,47,8.004700,0.083300,9.610200,true,6,32,12,120
world5_normal_1280,1280,800,1280,800,48,9.100900,0.069400,9.670900,true,6,32,12,120
world5_normal_1280,1280,800,1280,800,49,7.614100,0.085600,9.853000,true,6,32,12,120
world5_normal_1280,1280,800,1280,800,50,7.938600,0.082800,9.668100,true,6,32,12,120
world5_normal_1280,1280,800,1280,800,51,7.624900,0.079700,9.876500,true,6,32,12,120
world5_normal_1280,1280,800,1280,800,52,7.656900,0.092200,10.211400,true,6,32,12,120
world5_normal_1280,1280,800,1280,800,53,7.479400,0.084700,10.059000,true,6,32,12,120
world5_normal_1280,1280,800,1280,800,54,7.847600,0.083400,9.960000,true,6,32,12,120
world5_normal_1280,1280,800,1280,800,55,8.022800,0.084800,9.960000,true,6,32,12,120
world5_normal_1280,1280,800,1280,800,56,8.504500,0.106100,9.929200,true,6,32,12,120
world5_normal_1280,1280,800,1280,800,57,8.587700,0.075300,9.854400,true,6,32,12,120
world5_normal_1280,1280,800,1280,800,58,9.108400,0.093800,10.010400,true,6,32,12,120
world5_normal_1280,1280,800,1280,800,59,9.361900,0.088400,9.709100,true,6,32,12,120
world5_normal_1280,1280,800,1280,800,60,8.586900,0.097300,10.045500,true,6,32,12,120
world5_normal_1280,1280,800,1280,800,61,7.502900,0.074600,10.058900,true,6,32,12,120
world5_normal_1280,1280,800,1280,800,62,7.829400,0.074500,9.898700,true,6,32,12,120
world5_normal_1280,1280,800,1280,800,63,7.447300,0.064000,9.590800,true,6,32,12,120
world5_normal_1280,1280,800,1280,800,64,7.976700,0.094600,9.875400,true,6,32,12,120
world5_normal_1280,1280,800,1280,800,65,7.940700,0.082600,9.688000,true,6,32,12,120
world5_normal_1280,1280,800,1280,800,66,7.530700,0.085100,9.934300,true,6,32,12,120
world5_normal_1280,1280,800,1280,800,67,7.505000,0.090200,10.205800,true,6,32,12,120
world5_normal_1280,1280,800,1280,800,68,8.096200,0.085900,9.872400,true,6,32,12,120
world5_normal_1280,1280,800,1280,800,69,8.270400,0.116700,9.861800,true,6,32,12,120
world5_normal_1280,1280,800,1280,800,70,8.453500,0.087600,9.849700,true,6,32,12,120
world5_normal_1280,1280,800,1280,800,71,8.400900,0.071800,9.767400,true,6,32,12,120
world5_normal_1280,1280,800,1280,800,72,7.797500,0.087100,10.594100,true,6,32,12,120
world5_normal_1280,1280,800,1280,800,73,7.411900,0.086100,10.117000,true,6,32,12,120
world5_normal_1280,1280,800,1280,800,74,7.499600,0.082000,10.174800,true,6,32,12,120
world5_normal_1280,1280,800,1280,800,75,7.564400,0.078000,9.708400,true,6,32,12,120
world5_normal_1280,1280,800,1280,800,76,7.543100,0.075500,10.080300,true,6,32,12,120
world5_normal_1280,1280,800,1280,800,77,8.181300,0.074100,9.716400,true,6,32,12,120
world5_normal_1280,1280,800,1280,800,78,7.525500,0.086200,9.678800,true,6,32,12,120
world5_normal_1280,1280,800,1280,800,79,7.501800,0.078200,10.028200,true,7,32,12,120
world5_normal_1280,1280,800,1280,800,80,7.500100,0.079100,9.965700,true,6,32,13,120
world5_normal_1280,1280,800,1280,800,81,7.602400,0.114100,9.691600,true,6,32,12,120
world5_normal_1280,1280,800,1280,800,82,7.814400,0.067600,9.612300,true,6,32,12,120
world5_normal_1280,1280,800,1280,800,83,7.483800,0.082200,11.510100,true,6,32,12,120
world5_normal_1280,1280,800,1280,800,84,7.734900,0.067300,9.533600,true,6,32,13,120
world5_normal_1280,1280,800,1280,800,85,7.809600,0.092800,10.565700,true,6,32,12,120
world5_normal_1280,1280,800,1280,800,86,7.809000,0.083000,10.208400,true,6,32,12,120
world5_normal_1280,1280,800,1280,800,87,7.435000,0.265400,10.247000,true,6,32,12,120
world5_normal_1280,1280,800,1280,800,88,7.703400,0.096900,9.819400,true,6,32,12,120
world5_normal_1280,1280,800,1280,800,89,7.262700,0.074700,9.847200,true,6,32,12,120
world5_high_960,960,600,960,600,0,14.303400,0.099200,1.443000,true,40,320,180,1200
world5_high_960,960,600,960,600,1,15.623900,0.081700,1.375200,true,40,320,180,1200
world5_high_960,960,600,960,600,2,13.949400,0.075300,1.659700,true,40,320,180,1200
world5_high_960,960,600,960,600,3,13.295200,0.086000,1.742900,true,40,320,180,1200
world5_high_960,960,600,960,600,4,13.794200,0.073900,1.319700,true,40,320,180,1200
world5_high_960,960,600,960,600,5,13.650900,0.106000,1.318500,true,40,320,180,1200
world5_high_960,960,600,960,600,6,14.817100,0.074000,1.434000,true,40,320,180,1200
world5_high_960,960,600,960,600,7,14.683200,0.078900,1.386200,true,40,320,180,1200
world5_high_960,960,600,960,600,8,13.739200,0.092200,1.355300,true,40,320,180,1200
world5_high_960,960,600,960,600,9,14.168500,0.083500,1.405200,true,40,320,180,1200
world5_high_960,960,600,960,600,10,14.503600,0.081200,1.215900,true,40,320,180,1200
world5_high_960,960,600,960,600,11,14.596600,0.072600,1.305400,true,40,320,180,1200
world5_high_960,960,600,960,600,12,13.882900,0.091000,1.343900,true,40,320,180,1200
world5_high_960,960,600,960,600,13,15.228500,0.087600,1.241500,true,40,320,180,1200
world5_high_960,960,600,960,600,14,13.867300,0.069300,1.186200,true,40,320,180,1200
world5_high_960,960,600,960,600,15,14.387600,0.069900,1.213100,true,40,320,180,1200
world5_high_960,960,600,960,600,16,14.288300,0.076900,1.425500,true,40,320,180,1200
world5_high_960,960,600,960,600,17,15.328300,0.067800,1.229200,true,40,320,180,1200
world5_high_960,960,600,960,600,18,14.944700,0.084800,1.446800,true,40,320,180,1200
world5_high_960,960,600,960,600,19,13.485500,0.073900,1.287000,true,40,320,180,1200
world5_high_960,960,600,960,600,20,13.889800,0.077800,1.403300,true,40,320,180,1200
world5_high_960,960,600,960,600,21,13.812400,0.061800,1.209100,true,40,320,180,1200
world5_high_960,960,600,960,600,22,13.857700,0.089500,1.191800,true,40,320,180,1200
world5_high_960,960,600,960,600,23,15.928600,0.075700,1.221900,true,40,320,180,1200
world5_high_960,960,600,960,600,24,14.348700,0.071800,1.768700,true,40,320,180,1200
world5_high_960,960,600,960,600,25,13.433900,0.084900,1.394200,true,40,320,180,1200
world5_high_960,960,600,960,600,26,13.713200,0.091400,1.401100,true,40,320,180,1200
world5_high_960,960,600,960,600,27,13.640900,0.074600,1.348200,true,40,320,180,1200
world5_high_960,960,600,960,600,28,13.948800,0.097400,1.450600,true,40,320,180,1200
world5_high_960,960,600,960,600,29,13.521600,0.085500,1.392200,true,40,320,180,1200
world5_high_960,960,600,960,600,30,14.504200,0.091400,1.444500,true,40,320,180,1200
world5_high_960,960,600,960,600,31,14.830400,0.086800,1.300500,true,40,320,180,1200
world5_high_960,960,600,960,600,32,16.024600,0.072300,1.442100,true,40,320,180,1200
world5_high_960,960,600,960,600,33,14.631100,0.087700,1.389800,true,40,320,180,1200
world5_high_960,960,600,960,600,34,13.608400,0.080200,1.362100,true,40,320,180,1200
world5_high_960,960,600,960,600,35,13.709400,0.072600,1.328100,true,40,320,180,1200
world5_high_960,960,600,960,600,36,13.748800,0.071700,1.264300,true,40,320,180,1200
world5_high_960,960,600,960,600,37,14.416800,0.068100,1.193600,true,40,320,180,1200
world5_high_960,960,600,960,600,38,14.092200,0.087500,1.291300,true,40,320,180,1200
world5_high_960,960,600,960,600,39,13.449600,0.077300,1.681300,true,40,320,180,1200
world5_high_960,960,600,960,600,40,14.218300,0.083400,1.461200,true,40,320,180,1200
world5_high_960,960,600,960,600,41,13.531700,0.086100,1.436200,true,40,320,180,1200
world5_high_960,960,600,960,600,42,14.096200,0.070400,1.455700,true,40,320,180,1200
world5_high_960,960,600,960,600,43,14.049400,0.101100,1.381900,true,40,320,180,1200
world5_high_960,960,600,960,600,44,14.059900,0.087800,1.720200,true,40,320,180,1200
world5_high_960,960,600,960,600,45,13.896800,0.088500,1.486700,true,40,320,180,1200
world5_high_960,960,600,960,600,46,14.055600,0.073700,1.359100,true,40,320,180,1200
world5_high_960,960,600,960,600,47,13.981900,0.076900,1.231900,true,40,320,180,1200
world5_high_960,960,600,960,600,48,13.805000,0.068700,1.204700,true,40,320,180,1200
world5_high_960,960,600,960,600,49,13.823000,0.087900,1.409500,true,40,320,180,1200
world5_high_960,960,600,960,600,50,13.761700,0.078200,1.338800,true,40,320,180,1200
world5_high_960,960,600,960,600,51,14.005100,0.077700,1.253900,true,40,320,180,1200
world5_high_960,960,600,960,600,52,13.738200,0.073300,1.434700,true,40,320,180,1200
world5_high_960,960,600,960,600,53,13.946700,0.070400,1.222000,true,40,320,180,1200
world5_high_960,960,600,960,600,54,14.076300,0.070100,1.919200,true,40,320,180,1200
world5_high_960,960,600,960,600,55,13.796600,0.065400,1.201000,true,40,320,180,1200
world5_high_960,960,600,960,600,56,13.771700,0.075600,1.248300,true,40,320,180,1200
world5_high_960,960,600,960,600,57,13.957300,0.069900,1.201900,true,40,320,180,1200
world5_high_960,960,600,960,600,58,13.832700,0.083700,1.630000,true,40,320,180,1200
world5_high_960,960,600,960,600,59,17.221600,0.091300,1.216100,true,40,320,180,1200
world5_high_960,960,600,960,600,60,14.146800,0.084500,1.694200,true,40,320,180,1200
world5_high_960,960,600,960,600,61,13.808300,0.092400,1.307800,true,40,320,180,1200
world5_high_960,960,600,960,600,62,14.610000,0.078200,1.318800,true,40,320,180,1200
world5_high_960,960,600,960,600,63,15.255800,0.074000,1.343900,true,40,320,180,1200
world5_high_960,960,600,960,600,64,14.250300,0.099900,1.331100,true,40,320,180,1200
world5_high_960,960,600,960,600,65,13.940300,0.072900,1.362900,true,40,320,180,1200
world5_high_960,960,600,960,600,66,14.099600,0.070900,1.401200,true,40,320,180,1200
world5_high_960,960,600,960,600,67,13.815100,0.076600,1.373800,true,40,320,180,1200
world5_high_960,960,600,960,600,68,14.131000,0.075100,1.430600,true,40,320,180,1200
world5_high_960,960,600,960,600,69,14.303400,0.085500,1.474100,true,40,320,180,1200
world5_high_960,960,600,960,600,70,13.907600,0.080300,1.379600,true,40,320,180,1200
world5_high_960,960,600,960,600,71,13.792800,0.069000,1.272700,true,40,320,180,1200
world5_high_960,960,600,960,600,72,14.110600,0.079400,1.422100,true,40,320,180,1200
world5_high_960,960,600,960,600,73,13.691900,0.085300,1.359900,true,40,320,180,1200
world5_high_960,960,600,960,600,74,14.203300,0.075600,1.409400,true,40,320,180,1200
world5_high_960,960,600,960,600,75,14.536800,0.075800,1.391000,true,40,320,180,1200
world5_high_960,960,600,960,600,76,14.217500,0.072800,1.198900,true,40,320,180,1200
world5_high_960,960,600,960,600,77,14.087400,0.065500,1.199200,true,40,320,180,1200
world5_high_960,960,600,960,600,78,13.998100,0.067600,1.202100,true,40,320,180,1200
world5_high_960,960,600,960,600,79,15.196700,0.079200,1.315800,true,40,320,180,1200
world5_high_960,960,600,960,600,80,15.056100,0.071000,1.304400,true,40,320,180,1200
world5_high_960,960,600,960,600,81,13.828900,0.074100,1.253300,true,40,320,180,1200
world5_high_960,960,600,960,600,82,13.794400,0.065800,1.206100,true,40,320,180,1200
world5_high_960,960,600,960,600,83,13.729500,0.079900,1.225200,true,40,320,180,1200
world5_high_960,960,600,960,600,84,14.392500,0.064300,1.185600,true,40,320,180,1200
world5_high_960,960,600,960,600,85,13.531300,0.085900,1.190700,true,40,320,180,1200
world5_high_960,960,600,960,600,86,14.767600,0.079700,1.493300,true,40,320,180,1200
world5_high_960,960,600,960,600,87,13.556600,0.081600,1.438300,true,40,320,180,1200
world5_high_960,960,600,960,600,88,14.134700,0.095900,1.837900,true,40,320,180,1200
world5_high_960,960,600,960,600,89,13.650100,0.083800,1.379000,true,40,320,180,1200
world5_high_960,960,600,960,600,90,14.132800,0.082700,1.373900,true,40,320,180,1200
world5_high_960,960,600,960,600,91,14.999700,0.101800,1.577400,true,40,320,180,1200
world5_high_960,960,600,960,600,92,13.779600,0.075400,1.435400,true,40,320,180,1200
world5_high_960,960,600,960,600,93,15.805100,0.078100,1.399300,true,40,320,180,1200
world5_high_960,960,600,960,600,94,14.356100,0.081900,1.412900,true,40,320,180,1200
world5_high_960,960,600,960,600,95,14.294900,0.079900,1.453500,true,40,320,180,1200
world5_high_960,960,600,960,600,96,14.042600,0.078100,1.311200,true,40,320,180,1200
world5_high_960,960,600,960,600,97,13.849500,0.075800,1.458800,true,40,320,180,1200
world5_high_960,960,600,960,600,98,16.382400,0.077700,1.268800,true,40,320,180,1200
world5_high_960,960,600,960,600,99,14.712100,0.112200,1.436900,true,40,320,180,1200
world5_high_960,960,600,960,600,100,14.149700,0.108200,1.546300,true,40,320,180,1200
world5_high_960,960,600,960,600,101,13.854700,0.089800,1.251300,true,40,320,180,1200
world5_high_960,960,600,960,600,102,14.425600,0.075500,1.230800,true,40,320,180,1200
world5_high_960,960,600,960,600,103,13.806500,0.075000,1.223000,true,40,320,180,1200
world5_high_960,960,600,960,600,104,16.455000,0.089900,1.436200,true,40,320,180,1200
world5_high_960,960,600,960,600,105,13.742500,0.081400,1.388700,true,40,320,180,1200
world5_high_960,960,600,960,600,106,14.876300,0.069200,1.388900,true,40,320,180,1200
world5_high_960,960,600,960,600,107,13.754500,0.077300,1.436900,true,40,320,180,1200
world5_high_960,960,600,960,600,108,16.413900,0.072300,1.465100,true,40,320,180,1200
world5_high_960,960,600,960,600,109,16.594700,0.093300,1.386900,true,40,320,180,1200
world5_high_960,960,600,960,600,110,14.318400,0.089800,1.453300,true,40,320,180,1200
world5_high_600,600,400,600,375,0,13.845000,0.084900,2.314500,true,40,320,180,1200
world5_high_600,600,400,600,375,1,14.020500,0.071000,2.296700,true,40,320,180,1200
world5_high_600,600,400,600,375,2,13.952900,0.078900,2.330900,true,40,320,180,1200
world5_high_600,600,400,600,375,3,15.405300,0.074200,2.399400,true,40,320,180,1200
world5_high_600,600,400,600,375,4,13.993400,0.078600,2.687300,true,40,320,180,1200
world5_high_600,600,400,600,375,5,14.291800,0.070100,2.244100,true,40,320,180,1200
world5_high_600,600,400,600,375,6,13.792500,0.138800,2.389400,true,40,320,180,1200
world5_high_600,600,400,600,375,7,15.199200,0.107000,2.271100,true,40,320,180,1200
world5_high_600,600,400,600,375,8,14.838200,0.073400,2.412500,true,40,320,180,1200
world5_high_600,600,400,600,375,9,14.181700,0.074400,2.485100,true,40,320,180,1200
world5_high_600,600,400,600,375,10,14.053000,0.075400,2.198700,true,40,320,180,1200
world5_high_600,600,400,600,375,11,14.296700,0.073900,2.207600,true,40,320,180,1200
world5_high_600,600,400,600,375,12,13.723900,0.081700,2.796700,true,40,320,180,1200
world5_high_600,600,400,600,375,13,14.169400,0.072400,2.742300,true,40,320,180,1200
world5_high_600,600,400,600,375,14,13.932600,0.076700,2.218800,true,40,320,180,1200
world5_high_600,600,400,600,375,15,14.192300,0.075500,2.199600,true,40,320,180,1200
world5_high_600,600,400,600,375,16,15.097700,0.074600,2.236300,true,40,320,180,1200
world5_high_600,600,400,600,375,17,13.968300,0.076500,2.334100,true,40,320,180,1200
world5_high_600,600,400,600,375,18,15.611100,0.066300,2.508000,true,40,320,180,1200
world5_high_600,600,400,600,375,19,14.127900,0.084700,2.387000,true,40,320,180,1200
world5_high_600,600,400,600,375,20,15.118500,0.078600,2.270200,true,40,320,180,1200
world5_high_600,600,400,600,375,21,14.203500,0.082900,2.360800,true,40,320,180,1200
world5_high_600,600,400,600,375,22,13.806300,0.078200,2.472300,true,40,320,180,1200
world5_high_600,600,400,600,375,23,14.091000,0.081500,2.349600,true,40,320,180,1200
world5_high_600,600,400,600,375,24,15.159300,0.076300,2.367300,true,40,320,180,1200
world5_high_600,600,400,600,375,25,14.695400,0.085100,2.376600,true,40,320,180,1200
world5_high_600,600,400,600,375,26,14.014300,0.080500,2.184100,true,40,320,180,1200
world5_high_600,600,400,600,375,27,13.907600,0.074200,2.439800,true,40,320,180,1200
world5_high_600,600,400,600,375,28,15.231300,0.096700,2.723000,true,40,320,180,1200
world5_high_600,600,400,600,375,29,14.142700,0.095300,2.502000,true,40,320,180,1200
world5_high_600,600,400,600,375,30,13.981600,0.100400,2.202700,true,40,320,180,1200
world5_high_600,600,400,600,375,31,14.211900,0.096600,2.213600,true,40,320,180,1200
world5_high_600,600,400,600,375,32,13.681300,0.069500,2.433400,true,40,320,180,1200
world5_high_600,600,400,600,375,33,14.194200,0.078900,2.410800,true,40,320,180,1200
world5_high_600,600,400,600,375,34,13.934300,0.072900,2.201800,true,40,320,180,1200
world5_high_600,600,400,600,375,35,14.065500,0.086600,2.565300,true,40,320,180,1200
world5_high_600,600,400,600,375,36,14.137700,0.070700,2.331600,true,40,320,180,1200
world5_high_600,600,400,600,375,37,14.270300,0.078000,2.186800,true,40,320,180,1200
world5_high_600,600,400,600,375,38,13.984300,0.110400,2.615300,true,40,320,180,1200
world5_high_600,600,400,600,375,39,14.083900,0.087700,2.228300,true,40,320,180,1200
world5_high_600,600,400,600,375,40,14.100700,0.080800,2.483900,true,40,320,180,1200
world5_high_600,600,400,600,375,41,15.931600,0.075500,2.357100,true,40,320,180,1200
world5_high_600,600,400,600,375,42,13.871000,0.082500,2.446400,true,40,320,180,1200
world5_high_600,600,400,600,375,43,14.568500,0.079000,2.431600,true,40,320,180,1200
world5_high_600,600,400,600,375,44,13.779300,0.081300,2.459200,true,40,320,180,1200
world5_high_600,600,400,600,375,45,15.878300,0.087700,2.508600,true,40,320,180,1200
world5_high_600,600,400,600,375,46,13.799300,0.074700,2.426600,true,40,320,180,1200
world5_high_600,600,400,600,375,47,14.058800,0.108500,2.677200,true,40,320,180,1200
world5_high_600,600,400,600,375,48,13.769600,0.081900,2.167100,true,40,320,180,1200
world5_high_600,600,400,600,375,49,14.150700,0.095000,2.475700,true,40,320,180,1200
world5_high_600,600,400,600,375,50,13.627400,0.075800,2.376800,true,40,320,180,1200
world5_high_600,600,400,600,375,51,14.817300,0.079500,2.279600,true,40,320,180,1200
world5_high_600,600,400,600,375,52,13.884700,0.073500,2.396200,true,40,320,180,1200
world5_high_600,600,400,600,375,53,14.033500,0.085300,2.415500,true,40,320,180,1200
world5_high_600,600,400,600,375,54,14.061800,0.084500,2.734200,true,40,320,180,1200
world5_high_600,600,400,600,375,55,14.340900,0.081700,2.501000,true,40,320,180,1200
world5_high_600,600,400,600,375,56,15.599100,0.074800,2.405900,true,40,320,180,1200
world5_high_600,600,400,600,375,57,14.786500,0.077600,2.289600,true,40,320,180,1200
world5_high_600,600,400,600,375,58,13.701700,0.075200,2.183700,true,40,320,180,1200
world5_high_600,600,400,600,375,59,14.755000,0.075800,2.489100,true,40,320,180,1200
world5_high_600,600,400,600,375,60,13.870600,0.093500,2.372300,true,40,320,180,1200
world5_high_600,600,400,600,375,61,14.098500,0.073500,2.656600,true,40,320,180,1200
world5_high_600,600,400,600,375,62,14.248200,0.089900,2.184500,true,40,320,180,1200
world5_high_600,600,400,600,375,63,14.248700,0.085800,2.664000,true,40,320,180,1200
world5_high_600,600,400,600,375,64,14.271300,0.071600,2.176300,true,40,320,180,1200
world5_high_600,600,400,600,375,65,14.576000,0.078800,2.326700,true,40,320,180,1200
world5_high_600,600,400,600,375,66,14.030000,0.072600,2.414100,true,40,320,180,1200
world5_high_600,600,400,600,375,67,14.234600,0.091600,2.487300,true,40,320,180,1200
world5_high_600,600,400,600,375,68,13.738200,0.076900,2.409300,true,40,320,180,1200
world5_high_600,600,400,600,375,69,18.091400,0.082800,2.188200,true,40,320,180,1200
world5_high_600,600,400,600,375,70,14.107200,0.208300,2.446900,true,40,320,180,1200
world5_high_600,600,400,600,375,71,15.398200,0.092000,2.420400,true,40,320,180,1200
world5_high_600,600,400,600,375,72,13.780300,0.090400,2.319600,true,40,320,180,1200
world5_high_600,600,400,600,375,73,14.182600,0.100800,2.399300,true,40,320,180,1200
world5_high_600,600,400,600,375,74,14.092200,0.096400,2.449100,true,40,320,180,1200
world5_high_600,600,400,600,375,75,13.938500,0.076000,2.335600,true,40,320,180,1200
world5_high_600,600,400,600,375,76,13.628200,0.072600,2.320300,true,40,320,180,1200
world5_high_600,600,400,600,375,77,14.165800,0.082200,2.204500,true,40,320,180,1200
world5_high_600,600,400,600,375,78,13.692100,0.078900,2.403100,true,40,320,180,1200
world5_high_600,600,400,600,375,79,14.055600,0.080700,2.802700,true,40,320,180,1200
world5_high_600,600,400,600,375,80,16.050400,0.075000,2.751600,true,40,320,180,1200
world5_high_600,600,400,600,375,81,14.507700,0.073000,2.399900,true,40,320,180,1200
world5_high_600,600,400,600,375,82,13.723400,0.106300,2.342100,true,40,320,180,1200
world5_high_600,600,400,600,375,83,14.586300,0.079100,2.198300,true,40,320,180,1200
world5_high_600,600,400,600,375,84,13.942500,0.074500,2.833000,true,40,320,180,1200
world5_high_600,600,400,600,375,85,14.079400,0.073300,2.305800,true,40,320,180,1200
world5_high_600,600,400,600,375,86,15.356200,0.077300,2.318000,true,40,320,180,1200
world5_high_600,600,400,600,375,87,14.403900,0.075600,2.209300,true,40,320,180,1200
world5_high_600,600,400,600,375,88,13.605900,0.077000,2.371400,true,40,320,180,1200
world5_high_600,600,400,600,375,89,14.001800,0.078000,2.762300,true,40,320,180,1200
world5_high_600,600,400,600,375,90,14.049000,0.086600,2.697000,true,40,320,180,1200
world5_high_600,600,400,600,375,91,14.230500,0.077200,2.192900,true,40,320,180,1200
world5_high_600,600,400,600,375,92,13.687800,0.098900,2.498700,true,40,320,180,1200
world5_high_600,600,400,600,375,93,14.132700,0.076700,2.302900,true,40,320,180,1200
world5_high_600,600,400,600,375,94,13.713800,0.074200,2.234200,true,40,320,180,1200
world5_high_600,600,400,600,375,95,14.265100,0.071800,2.384600,true,40,320,180,1200
world5_high_600,600,400,600,375,96,13.846900,0.100900,2.629300,true,40,320,180,1200
world5_high_600,600,400,600,375,97,15.920500,0.078500,2.365600,true,40,320,180,1200
world5_high_600,600,400,600,375,98,15.024300,0.077800,2.451500,true,40,320,180,1200
world5_high_600,600,400,600,375,99,14.033200,0.074600,2.334200,true,40,320,180,1200
world5_high_600,600,400,600,375,100,13.792500,0.075400,2.704300,true,40,320,180,1200
world5_high_600,600,400,600,375,101,15.885700,0.075000,2.327600,true,40,320,180,1200
world5_high_600,600,400,600,375,102,13.917600,0.091900,2.620100,true,40,320,180,1200
world5_high_600,600,400,600,375,103,14.005600,0.073500,2.333100,true,40,320,180,1200
world5_high_1280,1280,800,1280,800,0,13.266300,0.075500,10.080900,true,40,320,180,1200
world5_high_1280,1280,800,1280,800,1,15.063000,0.074900,9.789900,true,40,320,180,1200
world5_high_1280,1280,800,1280,800,2,13.398800,0.082600,9.755800,true,40,320,180,1200
world5_high_1280,1280,800,1280,800,3,13.615400,0.093500,10.091200,true,40,320,180,1200
world5_high_1280,1280,800,1280,800,4,14.148200,0.075200,9.833500,true,40,320,180,1200
world5_high_1280,1280,800,1280,800,5,15.390300,0.073500,9.884600,true,40,320,180,1200
world5_high_1280,1280,800,1280,800,6,14.385500,0.074900,9.829900,true,40,320,180,1200
world5_high_1280,1280,800,1280,800,7,13.627900,0.092300,9.852900,true,40,320,180,1200
world5_high_1280,1280,800,1280,800,8,13.390900,0.071400,10.811500,true,40,320,180,1200
world5_high_1280,1280,800,1280,800,9,13.479900,0.074600,9.650000,true,40,320,180,1200
world5_high_1280,1280,800,1280,800,10,13.224400,0.072700,9.915000,true,40,320,180,1200
world5_high_1280,1280,800,1280,800,11,14.035000,0.085900,9.760600,true,40,320,180,1200
world5_high_1280,1280,800,1280,800,12,14.873000,0.077200,9.709100,true,40,320,180,1200
world5_high_1280,1280,800,1280,800,13,14.617100,0.083600,9.658400,true,40,320,180,1200
world5_high_1280,1280,800,1280,800,14,13.622400,0.082800,9.734800,true,40,320,180,1200
world5_high_1280,1280,800,1280,800,15,13.421000,0.082600,9.929500,true,40,320,180,1200
world5_high_1280,1280,800,1280,800,16,14.611300,0.070400,9.595500,true,40,320,180,1200
world5_high_1280,1280,800,1280,800,17,13.846700,0.074500,11.053200,true,40,320,180,1200
world5_high_1280,1280,800,1280,800,18,16.651300,0.081000,9.743700,true,40,320,180,1200
world5_high_1280,1280,800,1280,800,19,13.366800,0.075400,10.038000,true,40,320,180,1200
world5_high_1280,1280,800,1280,800,20,13.602800,0.073500,9.721700,true,40,320,180,1200
world5_high_1280,1280,800,1280,800,21,13.485300,0.073500,9.700600,true,40,320,180,1200
world5_high_1280,1280,800,1280,800,22,13.843100,0.075000,9.912900,true,40,320,180,1200
world5_high_1280,1280,800,1280,800,23,13.519300,0.103700,10.207900,true,40,320,180,1200
world5_high_1280,1280,800,1280,800,24,13.639500,0.074400,9.615900,true,40,320,180,1200
world5_high_1280,1280,800,1280,800,25,14.202800,0.076900,9.774100,true,40,320,180,1200
world5_high_1280,1280,800,1280,800,26,13.692300,0.088000,9.848500,true,40,320,180,1200
world5_high_1280,1280,800,1280,800,27,13.660100,0.084600,9.858500,true,40,320,180,1200
world5_high_1280,1280,800,1280,800,28,14.121500,0.093500,9.905400,true,40,320,180,1200
world5_high_1280,1280,800,1280,800,29,13.606800,0.074100,10.068600,true,40,320,180,1200
world5_high_1280,1280,800,1280,800,30,13.393900,0.069400,11.200000,true,40,320,180,1200
world5_high_1280,1280,800,1280,800,31,13.517600,0.075100,9.925000,true,40,320,180,1200
world5_high_1280,1280,800,1280,800,32,14.317600,0.076800,9.849100,true,40,320,180,1200
world5_high_1280,1280,800,1280,800,33,13.536700,0.097100,9.793500,true,40,320,180,1200
world5_high_1280,1280,800,1280,800,34,13.811100,0.093100,9.763500,true,40,320,180,1200
world5_high_1280,1280,800,1280,800,35,13.674700,0.102200,10.048600,true,40,320,180,1200
world5_high_1280,1280,800,1280,800,36,14.494100,0.082800,9.722500,true,40,320,180,1200
world5_high_1280,1280,800,1280,800,37,13.818700,0.082400,9.806700,true,40,320,180,1200
world5_high_1280,1280,800,1280,800,38,13.698400,0.081400,10.146500,true,40,320,180,1200
world5_high_1280,1280,800,1280,800,39,13.708800,0.074500,9.647000,true,40,320,180,1200
world5_high_1280,1280,800,1280,800,40,13.851500,0.079300,9.638800,true,40,320,180,1200
world5_high_1280,1280,800,1280,800,41,14.248700,0.075700,9.741200,true,40,320,180,1200
world5_high_1280,1280,800,1280,800,42,14.698700,0.069900,9.908800,true,40,320,180,1200
world5_high_1280,1280,800,1280,800,43,14.251800,0.094300,9.805800,true,40,320,180,1200
world5_high_1280,1280,800,1280,800,44,15.732000,0.092300,9.815300,true,40,320,180,1200
world5_high_1280,1280,800,1280,800,45,16.077900,0.089000,9.931600,true,40,320,180,1200
world5_high_1280,1280,800,1280,800,46,13.563600,0.092700,10.128100,true,40,320,180,1200
world5_high_1280,1280,800,1280,800,47,13.621900,0.078300,9.969600,true,40,320,180,1200
world5_high_1280,1280,800,1280,800,48,14.441900,0.098700,9.946500,true,40,320,180,1200
world5_high_1280,1280,800,1280,800,49,13.729000,0.083100,9.989500,true,40,320,180,1200
world5_high_1280,1280,800,1280,800,50,13.772100,0.094000,10.084100,true,40,320,180,1200
world5_high_1280,1280,800,1280,800,51,14.212400,0.081900,9.870400,true,40,320,180,1200
world5_high_1280,1280,800,1280,800,52,13.592700,0.099900,10.075000,true,40,320,180,1200
world5_high_1280,1280,800,1280,800,53,13.698000,0.068700,10.540300,true,40,320,180,1200
world5_high_1280,1280,800,1280,800,54,14.130200,0.083000,9.638600,true,40,320,180,1200
world5_high_1280,1280,800,1280,800,55,15.760200,0.096600,9.831900,true,40,320,180,1200
world5_high_1280,1280,800,1280,800,56,14.063600,0.097300,9.882800,true,40,320,180,1200
world5_high_1280,1280,800,1280,800,57,13.664800,0.103400,9.975700,true,40,320,180,1200
world5_high_1280,1280,800,1280,800,58,13.524900,0.102900,9.818900,true,40,320,180,1200
world5_high_1280,1280,800,1280,800,59,15.530000,0.086900,9.903600,true,40,320,180,1200
world5_high_1280,1280,800,1280,800,60,16.282600,0.091300,9.889300,true,40,320,180,1200
world5_high_1280,1280,800,1280,800,61,13.604700,0.087000,10.473200,true,40,320,180,1200
world5_high_1280,1280,800,1280,800,62,13.637000,0.073100,9.682500,true,40,320,180,1200
world5_high_1280,1280,800,1280,800,63,14.220700,0.071800,9.552100,true,40,320,180,1200
world5_high_1280,1280,800,1280,800,64,13.952900,0.095300,9.673200,true,40,320,180,1200
world5_high_1280,1280,800,1280,800,65,13.651800,0.080100,9.677200,true,40,320,180,1200
world5_high_1280,1280,800,1280,800,66,13.373000,0.099300,9.850900,true,40,320,180,1200
world5_high_1280,1280,800,1280,800,67,13.667900,0.090500,9.831200,true,40,320,180,1200
world5_high_1280,1280,800,1280,800,68,15.073400,0.067400,9.807100,true,40,320,180,1200
world5_high_1280,1280,800,1280,800,69,13.628800,0.104700,10.061800,true,40,320,180,1200
world5_high_1280,1280,800,1280,800,70,14.773800,0.075400,9.924700,true,40,320,180,1200
world5_high_1280,1280,800,1280,800,71,13.850800,0.101300,9.985200,true,40,320,180,1200
world5_high_1280,1280,800,1280,800,72,13.870700,0.091400,10.129000,true,40,320,180,1200
