case,width,height,draw_width,draw_height,index,simulation_publish_ms,edt_dispatch_ms,edt_paint_ms,published,enemies,player_bullets,enemy_bullets,particles
world2_normal_960,960,600,960,600,0,8.488600,0.099700,1.630600,true,6,32,12,120
world2_normal_960,960,600,960,600,1,8.552500,0.108500,1.489200,true,6,32,12,120
world2_normal_960,960,600,960,600,2,8.476700,0.101800,1.345400,true,6,32,12,120
world2_normal_960,960,600,960,600,3,8.002000,0.111100,1.420100,true,6,32,12,120
world2_normal_960,960,600,960,600,4,8.208900,0.101600,1.308200,true,6,32,12,120
world2_normal_960,960,600,960,600,5,8.161700,0.126300,1.271600,true,6,32,12,120
world2_normal_960,960,600,960,600,6,9.095900,0.104000,1.997800,true,6,32,12,120
world2_normal_960,960,600,960,600,7,9.871800,0.115100,1.358400,true,6,32,12,120
world2_normal_960,960,600,960,600,8,9.340100,0.119400,1.308500,true,6,32,12,120
world2_normal_960,960,600,960,600,9,8.477500,0.105800,1.367000,true,6,32,12,120
world2_normal_960,960,600,960,600,10,7.988700,0.137700,1.459300,true,6,32,12,120
world2_normal_960,960,600,960,600,11,9.027500,0.101600,1.470400,true,6,32,12,120
world2_normal_960,960,600,960,600,12,8.007700,0.104600,1.391400,true,6,32,12,120
world2_normal_960,960,600,960,600,13,7.962900,0.103200,1.503800,true,6,32,12,120
world2_normal_960,960,600,960,600,14,7.824500,0.101400,1.318400,true,6,32,12,120
world2_normal_960,960,600,960,600,15,7.491000,0.167300,1.669700,true,6,32,12,120
world2_normal_960,960,600,960,600,16,7.682700,0.109400,1.282700,true,6,32,12,120
world2_normal_960,960,600,960,600,17,7.582100,0.130500,1.623100,true,6,32,12,120
world2_normal_960,960,600,960,600,18,7.840500,0.149200,1.456200,true,6,32,12,120
world2_normal_960,960,600,960,600,19,8.026400,0.109600,1.350700,true,6,32,12,120
world2_normal_960,960,600,960,600,20,8.638100,0.109000,1.394400,true,6,32,12,120
world2_normal_960,960,600,960,600,21,8.040900,0.110700,1.469800,true,6,32,12,120
world2_normal_960,960,600,960,600,22,7.615000,0.125800,1.388600,true,6,32,12,120
world2_normal_960,960,600,960,600,23,7.614900,0.100700,1.246500,true,6,32,12,120
world2_normal_960,960,600,960,600,24,7.622000,0.194400,1.439800,true,6,32,12,120
world2_normal_960,960,600,960,600,25,7.321400,0.150200,1.381400,true,6,32,12,120
world2_normal_960,960,600,960,600,26,7.518300,0.104300,1.761700,true,6,32,12,120
world2_normal_960,960,600,960,600,27,7.731000,0.155700,1.417700,true,6,32,12,120
world2_normal_960,960,600,960,600,28,8.328600,0.117500,1.255900,true,6,32,12,120
world2_normal_960,960,600,960,600,29,8.234000,0.108000,1.516100,true,6,32,12,120
world2_normal_960,960,600,960,600,30,8.318900,0.110100,1.471800,true,6,32,12,120
world2_normal_960,960,600,960,600,31,7.564600,0.123900,1.888100,true,6,32,12,120
world2_normal_960,960,600,960,600,32,7.736400,0.113000,1.455900,true,6,32,12,120
world2_normal_960,960,600,960,600,33,7.919800,0.106200,1.246200,true,6,32,12,120
world2_normal_960,960,600,960,600,34,8.232300,0.113500,1.512100,true,6,32,12,120
world2_normal_960,960,600,960,600,35,7.550400,0.100400,1.339700,true,6,32,12,120
world2_normal_960,960,600,960,600,36,7.589100,0.129100,1.833100,true,6,32,12,120
world2_normal_960,960,600,960,600,37,7.803400,0.194000,1.352900,true,6,32,12,120
world2_normal_960,960,600,960,600,38,7.458000,0.124500,1.340200,true,6,32,12,120
world2_normal_960,960,600,960,600,39,7.991000,0.102400,1.403300,true,6,32,12,120
world2_normal_960,960,600,960,600,40,8.282600,0.115500,1.258800,true,6,32,12,120
world2_normal_960,960,600,960,600,41,7.405300,0.102300,1.485200,true,6,32,12,120
world2_normal_960,960,600,960,600,42,8.352600,0.148500,1.510500,true,6,32,12,120
world2_normal_960,960,600,960,600,43,8.569600,0.120800,1.297100,true,6,32,12,120
world2_normal_960,960,600,960,600,44,8.491900,0.116700,1.404800,true,6,32,12,120
world2_normal_960,960,600,960,600,45,8.875100,0.120300,1.492200,true,6,32,12,120
world2_normal_960,960,600,960,600,46,7.561400,0.127400,1.400600,true,6,32,12,120
world2_normal_960,960,600,960,600,47,7.575500,0.117800,1.402000,true,6,32,12,120
world2_normal_960,960,600,960,600,48,7.813900,0.116300,1.297900,true,6,32,12,120
world2_normal_960,960,600,960,600,49,8.214400,0.142000,1.263400,true,6,32,12,120
world2_normal_960,960,600,960,600,50,7.745500,0.113500,1.420200,true,6,32,12,120
world2_normal_960,960,600,960,600,51,7.407200,0.109900,1.810600,true,6,32,12,120
world2_normal_960,960,600,960,600,52,7.699300,0.100800,1.264600,true,6,32,12,120
world2_normal_960,960,600,960,600,53,7.415100,0.105400,1.409700,true,6,32,12,120
world2_normal_960,960,600,960,600,54,7.576400,0.104300,1.290700,true,6,32,12,120
world2_normal_960,960,600,960,600,55,7.474100,0.105200,1.382700,true,6,32,12,120
world2_normal_960,960,600,960,600,56,7.253000,0.104600,1.257800,true,6,32,12,120
world2_normal_960,960,600,960,600,57,7.294900,0.111600,1.569700,true,6,32,12,120
world2_normal_960,960,600,960,600,58,7.484800,0.151300,1.400700,true,6,32,12,120
world2_normal_960,960,600,960,600,59,7.300900,0.128000,1.391700,true,6,32,12,120
world2_normal_960,960,600,960,600,60,9.292900,0.107200,1.422200,true,6,32,13,120
world2_normal_960,960,600,960,600,61,7.739400,0.106800,1.958100,true,6,32,12,120
world2_normal_960,960,600,960,600,62,7.387300,0.097800,1.451100,true,6,32,12,120
world2_normal_960,960,600,960,600,63,7.391900,0.109200,1.275100,true,6,32,12,120
world2_normal_960,960,600,960,600,64,7.434400,0.093600,1.245600,true,6,32,13,120
world2_normal_960,960,600,960,600,65,7.310500,0.130100,1.447200,true,6,32,12,120
world2_normal_960,960,600,960,600,66,8.549600,0.103100,1.341400,true,6,32,12,120
world2_normal_960,960,600,960,600,67,9.354900,0.100800,1.285400,true,6,32,12,120
world2_normal_960,960,600,960,600,68,8.006800,0.149300,1.375600,true,6,32,12,120
world2_normal_960,960,600,960,600,69,8.415400,0.136000,1.286200,true,6,32,12,120
world2_normal_960,960,600,960,600,70,8.888500,0.315400,1.267700,true,6,32,12,120
world2_normal_960,960,600,960,600,71,11.769000,0.138600,1.335100,true,6,32,12,120
world2_normal_960,960,600,960,600,72,9.840400,0.094900,1.527300,true,6,32,12,120
world2_normal_960,960,600,960,600,73,10.852700,0.092400,1.432000,true,6,32,12,120
world2_normal_960,960,600,960,600,74,9.843400,0.114800,1.656800,true,6,32,12,120
world2_normal_960,960,600,960,600,75,7.782000,0.119000,1.335700,true,6,32,12,120
world2_normal_960,960,600,960,600,76,8.177600,0.102100,1.461900,true,6,32,12,120
world2_normal_960,960,600,960,600,77,11.254200,0.134000,1.598800,true,6,32,12,120
world2_normal_960,960,600,960,600,78,7.437300,0.113700,1.355600,true,6,32,12,120
world2_normal_960,960,600,960,600,79,7.954200,0.145700,1.296300,true,6,32,12,120
world2_normal_960,960,600,960,600,80,8.035500,0.100600,1.523500,true,6,32,12,120
world2_normal_960,960,600,960,600,81,7.537500,0.106200,1.504900,true,6,32,12,120
world2_normal_960,960,600,960,600,82,7.357000,0.095800,1.665300,true,6,32,12,120
world2_normal_960,960,600,960,600,83,7.836200,0.112800,1.493500,true,6,32,12,120
world2_normal_960,960,600,960,600,84,7.448300,0.101700,1.234000,true,6,32,12,120
world2_normal_960,960,600,960,600,85,7.317400,0.144900,1.355800,true,6,32,12,120
world2_normal_960,960,600,960,600,86,7.161900,0.103400,1.246300,true,6,32,12,120
world2_normal_960,960,600,960,600,87,6.984300,0.108200,1.329700,true,6,32,12,120
world2_normal_960,960,600,960,600,88,7.567100,0.126900,1.308300,true,6,32,12,120
world2_normal_960,960,600,960,600,89,8.146100,0.106500,1.404400,true,6,32,12,120
world2_normal_960,960,600,960,600,90,8.864900,0.106800,1.255500,true,6,32,12,120
world2_normal_960,960,600,960,600,91,7.068500,0.090200,1.237400,true,6,32,12,120
world2_normal_960,960,600,960,600,92,7.126700,0.111200,1.340200,true,6,32,13,120
world2_normal_960,960,600,960,600,93,6.891300,0.090100,1.214900,true,6,32,12,120
world2_normal_960,960,600,960,600,94,7.451600,0.124900,1.311700,true,6,32,12,120
world2_normal_960,960,600,960,600,95,7.541800,0.225300,1.465800,true,6,32,12,120
world2_normal_960,960,600,960,600,96,7.441100,0.185900,1.318300,true,6,32,12,120
world2_normal_960,960,600,960,600,97,7.568500,0.102800,1.407900,true,6,32,12,120
world2_normal_960,960,600,960,600,98,7.563500,0.125500,1.246000,true,6,32,12,120
world2_normal_960,960,600,960,600,99,7.677300,0.098100,1.326800,true,6,32,12,120
world2_normal_960,960,600,960,600,100,7.758000,0.106000,1.267300,true,6,32,12,120
world2_normal_960,960,600,960,600,101,7.813100,0.097500,1.440700,true,6,32,12,120
world2_normal_960,960,600,960,600,102,7.331800,0.112200,1.474000,true,6,32,12,120
world2_normal_960,960,600,960,600,103,7.475800,0.090000,1.617000,true,6,32,12,120
world2_normal_960,960,600,960,600,104,7.485500,0.112500,1.473900,true,6,32,12,120
world2_normal_960,960,600,960,600,105,7.504400,0.095100,1.470100,true,6,32,12,120
world2_normal_960,960,600,960,600,106,7.516000,0.141900,1.286000,true,6,32,12,120
world2_normal_960,960,600,960,600,107,7.767200,0.100100,1.494700,true,6,32,12,120
world2_normal_960,960,600,960,600,108,7.432700,0.101900,1.429300,true,6,32,12,120
world2_normal_960,960,600,960,600,109,7.841300,0.115800,1.461400,true,6,32,12,120
world2_normal_960,960,600,960,600,110,7.640300,0.113300,1.375900,true,6,32,12,120
world2_normal_960,960,600,960,600,111,7.582400,0.107700,1.607000,true,6,32,12,120
world2_normal_960,960,600,960,600,112,8.652600,0.102300,1.340800,true,6,32,12,120
world2_normal_960,960,600,960,600,113,7.294100,0.135900,1.404300,true,6,32,12,120
world2_normal_960,960,600,960,600,114,7.683000,0.112100,1.505500,true,6,32,12,120
world2_normal_960,960,600,960,600,115,8.085100,0.121100,1.472800,true,6,32,12,120
world2_normal_960,960,600,960,600,116,7.764300,0.110000,1.289800,true,6,32,12,120
world2_normal_960,960,600,960,600,117,7.498700,0.161700,1.483700,true,6,32,12,120
world2_normal_960,960,600,960,600,118,7.633200,0.112100,1.385200,true,6,32,12,120
world2_normal_960,960,600,960,600,119,7.585500,0.120000,1.268700,true,6,32,12,120
world2_normal_960,960,600,960,600,120,9.805000,0.132700,1.422200,true,6,32,12,120
world2_normal_960,960,600,960,600,121,6.937400,0.096100,1.359800,true,6,32,12,120
world2_normal_960,960,600,960,600,122,7.144600,0.120400,1.586800,true,6,32,12,120
world2_normal_960,960,600,960,600,123,7.317200,0.104900,1.400400,true,6,32,12,120
world2_normal_960,960,600,960,600,124,7.217300,0.111700,1.470500,true,6,32,12,120
world2_normal_960,960,600,960,600,125,7.221500,0.143300,1.542000,true,6,32,12,120
world2_normal_960,960,600,960,600,126,7.106700,0.092900,1.512900,true,6,32,12,120
world2_normal_960,960,600,960,600,127,7.298300,0.103100,1.320500,true,6,32,12,120
world2_normal_960,960,600,960,600,128,7.017800,0.113300,2.129900,true,6,32,12,120
world2_normal_960,960,600,960,600,129,8.026900,0.114000,1.344100,true,6,32,12,120
world2_normal_960,960,600,960,600,130,8.727300,0.125200,1.289400,true,6,32,12,120
world2_normal_960,960,600,960,600,131,7.110800,0.096600,1.344100,true,6,32,12,120
world2_normal_960,960,600,960,600,132,7.691500,0.117200,1.436200,true,6,32,12,120
world2_normal_960,960,600,960,600,133,8.203900,0.110800,1.379500,true,6,32,12,120
world2_normal_960,960,600,960,600,134,8.926400,0.091900,1.282600,true,6,32,12,120
world2_normal_960,960,600,960,600,135,7.371000,0.123200,1.737800,true,6,32,12,120
world2_normal_960,960,600,960,600,136,7.695100,0.105200,1.289600,true,6,32,12,120
world2_normal_960,960,600,960,600,137,7.434900,0.114300,1.831000,true,6,32,12,120
world2_normal_960,960,600,960,600,138,7.528500,0.110300,1.507000,true,6,32,12,120
world2_normal_960,960,600,960,600,139,6.964900,0.100400,1.418900,true,6,32,12,120
world2_normal_960,960,600,960,600,140,7.618000,0.108500,1.343800,true,6,32,12,120
world2_normal_960,960,600,960,600,141,7.198600,0.110200,1.442300,true,6,32,12,120
world2_normal_960,960,600,960,600,142,6.977500,0.108700,1.466900,true,6,32,12,120
world2_normal_960,960,600,960,600,143,7.589200,0.111300,1.476900,true,6,32,12,120
world2_normal_960,960,600,960,600,144,7.098300,0.108700,1.488000,true,6,32,12,120
world2_normal_960,960,600,960,600,145,6.953400,0.097000,1.370900,true,6,32,12,120
world2_normal_960,960,600,960,600,146,7.272700,0.100300,1.269800,true,6,32,12,120
world2_normal_960,960,600,960,600,147,7.204000,0.103500,1.541000,true,6,32,12,120
world2_normal_960,960,600,960,600,148,7.949600,0.122200,1.332700,true,6,32,12,120
world2_normal_960,960,600,960,600,149,7.141300,0.104100,1.434000,true,6,32,12,120
world2_normal_960,960,600,960,600,150,7.590400,0.111400,1.293800,true,6,32,12,120
world2_normal_960,960,600,960,600,151,7.229000,0.109700,1.443600,true,6,32,12,120
world2_normal_960,960,600,960,600,152,6.910900,0.116200,1.423100,true,6,32,12,120
world2_normal_960,960,600,960,600,153,6.818100,0.104500,1.261100,true,6,32,12,120
world2_normal_960,960,600,960,600,154,6.872100,0.093900,1.236800,true,6,32,12,120
world2_normal_960,960,600,960,600,155,7.033800,0.177000,1.355900,true,6,32,12,120
world2_normal_960,960,600,960,600,156,8.087900,0.141800,1.377000,true,6,32,12,120
world2_normal_960,960,600,960,600,157,7.167100,0.111000,1.462100,true,6,32,12,120
world2_normal_960,960,600,960,600,158,7.504700,0.093500,1.268300,true,6,32,12,120
world2_normal_960,960,600,960,600,159,7.120500,0.115800,1.395600,true,6,32,12,120
world2_normal_960,960,600,960,600,160,7.737200,0.102400,1.459300,true,6,32,12,120
world2_normal_960,960,600,960,600,161,6.865200,0.116200,1.449900,true,6,32,12,120
world2_normal_960,960,600,960,600,162,6.979200,0.101500,1.236300,true,6,32,12,120
world2_normal_960,960,600,960,600,163,6.991200,0.100900,1.386200,true,6,32,12,120
world2_normal_960,960,600,960,600,164,7.066400,0.115700,1.318000,true,6,32,12,120
world2_normal_960,960,600,960,600,165,7.033700,0.104700,1.378100,true,6,32,12,120
world2_normal_960,960,600,960,600,166,7.050600,0.117500,1.453300,true,6,32,12,120
world2_normal_960,960,600,960,600,167,7.420000,0.094900,1.247500,true,6,32,12,120
world2_normal_960,960,600,960,600,168,7.050000,0.104600,1.304500,true,6,32,12,120
world2_normal_960,960,600,960,600,169,7.019200,0.097600,1.463900,true,6,32,12,120
world2_normal_960,960,600,960,600,170,7.190300,0.094700,1.518700,true,6,32,13,120
world2_normal_960,960,600,960,600,171,7.403300,0.096500,1.363800,true,6,32,12,120
world2_normal_960,960,600,960,600,172,7.221600,0.120000,1.576600,true,6,32,12,120
world2_normal_960,960,600,960,600,173,7.221600,0.102300,1.348000,true,6,32,12,120
world2_normal_960,960,600,960,600,174,7.088600,0.121200,1.417300,true,6,32,13,120
world2_normal_960,960,600,960,600,175,7.037500,0.135300,1.410100,true,6,32,12,120
world2_normal_960,960,600,960,600,176,7.041800,0.109100,1.373800,true,6,32,12,120
world2_normal_960,960,600,960,600,177,6.982800,0.098200,1.773500,true,6,32,12,120
world2_normal_960,960,600,960,600,178,6.902400,0.102300,1.566800,true,6,32,12,120
world2_normal_960,960,600,960,600,179,6.781500,0.105300,1.431400,true,6,32,12,120
world2_normal_960,960,600,960,600,180,7.240800,0.191500,1.306400,true,6,32,12,120
world2_normal_960,960,600,960,600,181,7.619500,0.125300,1.404200,true,6,32,12,120
world2_normal_960,960,600,960,600,182,7.782500,0.091700,1.247500,true,6,32,12,120
world2_normal_960,960,600,960,600,183,7.177800,0.112400,1.424400,true,6,32,12,120
world2_normal_960,960,600,960,600,184,6.704100,0.123800,1.378500,true,6,32,12,120
world2_normal_960,960,600,960,600,185,7.302000,0.104000,1.229900,true,6,32,12,120
world2_normal_960,960,600,960,600,186,9.225500,0.093800,1.322700,true,6,32,12,120
world2_normal_600,600,400,600,375,0,6.677000,0.087500,2.293100,true,6,32,12,120
world2_normal_600,600,400,600,375,1,6.918400,0.088500,2.246400,true,6,32,12,120
world2_normal_600,600,400,600,375,2,7.532600,0.100900,2.690200,true,6,32,12,120
world2_normal_600,600,400,600,375,3,7.237400,0.101900,2.461800,true,6,32,12,120
world2_normal_600,600,400,600,375,4,6.483600,0.094900,2.439700,true,6,32,12,120
world2_normal_600,600,400,600,375,5,6.696400,0.086000,2.216500,true,6,32,12,120
world2_normal_600,600,400,600,375,6,6.598700,0.101200,2.386000,true,6,32,12,120
world2_normal_600,600,400,600,375,7,6.464600,0.085600,2.400800,true,6,32,12,120
world2_normal_600,600,400,600,375,8,6.554700,0.101300,2.359700,true,6,32,12,120
world2_normal_600,600,400,600,375,9,6.558900,0.086700,2.157500,true,6,32,12,120
world2_normal_600,600,400,600,375,10,6.741100,0.105000,2.363600,true,6,32,12,120
world2_normal_600,600,400,600,375,11,6.908500,0.101000,2.190500,true,6,32,12,120
world2_normal_600,600,400,600,375,12,6.648600,0.105400,2.741900,true,6,32,12,120
world2_normal_600,600,400,600,375,13,6.649600,0.099900,2.346900,true,6,32,12,120
world2_normal_600,600,400,600,375,14,6.762000,0.101200,2.331300,true,6,32,12,120
world2_normal_600,600,400,600,375,15,7.952100,0.098600,2.443700,true,6,32,12,120
world2_normal_600,600,400,600,375,16,6.780700,0.124900,2.223100,true,6,32,12,120
world2_normal_600,600,400,600,375,17,6.753000,0.079900,2.604100,true,6,32,12,120
world2_normal_600,600,400,600,375,18,6.676300,0.081100,2.177300,true,6,32,12,120
world2_normal_600,600,400,600,375,19,6.667000,0.087900,2.450600,true,6,32,12,120
world2_normal_600,600,400,600,375,20,6.619600,0.091400,2.402600,true,6,32,12,120
world2_normal_600,600,400,600,375,21,6.707000,0.103500,2.440400,true,6,32,12,120
world2_normal_600,600,400,600,375,22,6.660300,0.081400,2.202300,true,6,32,12,120
world2_normal_600,600,400,600,375,23,6.892900,0.103500,2.321600,true,6,32,12,120
world2_normal_600,600,400,600,375,24,6.659900,0.106300,2.475300,true,6,32,12,120
world2_normal_600,600,400,600,375,25,6.640400,0.096700,2.425600,true,6,32,12,120
world2_normal_600,600,400,600,375,26,6.682300,0.084600,2.229000,true,6,32,12,120
world2_normal_600,600,400,600,375,27,6.652800,0.100900,2.401400,true,6,32,12,120
world2_normal_600,600,400,600,375,28,7.000200,0.083000,2.421100,true,6,32,12,120
world2_normal_600,600,400,600,375,29,6.964800,0.114200,2.418600,true,6,32,12,120
world2_normal_600,600,400,600,375,30,7.667600,0.082800,2.326900,true,6,32,12,120
world2_normal_600,600,400,600,375,31,7.050500,0.099400,2.248400,true,6,32,12,120
world2_normal_600,600,400,600,375,32,6.897100,0.074400,2.233000,true,6,32,12,120
world2_normal_600,600,400,600,375,33,7.083100,0.085200,2.481000,true,6,32,12,120
world2_normal_600,600,400,600,375,34,6.654600,0.110400,2.851400,true,6,32,12,120
world2_normal_600,600,400,600,375,35,6.889400,0.106700,2.438100,true,6,32,13,120
world2_normal_600,600,400,600,375,36,6.831100,0.129200,2.801800,true,6,32,12,120
world2_normal_600,600,400,600,375,37,7.150100,0.085900,2.527700,true,6,32,12,120
world2_normal_600,600,400,600,375,38,8.080600,0.086700,2.390400,true,6,32,12,120
world2_normal_600,600,400,600,375,39,6.987500,0.095400,2.235800,true,6,32,13,120
world2_normal_600,600,400,600,375,40,6.713100,0.089600,2.557000,true,6,32,12,120
world2_normal_600,600,400,600,375,41,6.722100,0.084700,2.235600,true,6,32,12,120
world2_normal_600,600,400,600,375,42,6.614100,0.079200,2.491900,true,6,32,12,120
world2_normal_600,600,400,600,375,43,6.656700,0.100000,2.225800,true,6,32,12,120
world2_normal_600,600,400,600,375,44,7.715300,0.099400,2.371100,true,6,32,12,120
world2_normal_600,600,400,600,375,45,8.167000,0.098500,2.416900,true,6,32,12,120
world2_normal_600,600,400,600,375,46,7.207200,0.091300,2.211800,true,6,32,12,120
world2_normal_600,600,400,600,375,47,6.947600,0.111300,2.399900,true,6,32,12,120
world2_normal_600,600,400,600,375,48,6.615000,0.088700,2.210000,true,6,32,12,120
world2_normal_600,600,400,600,375,49,6.935500,0.096300,2.495500,true,6,32,12,120
world2_normal_600,600,400,600,375,50,6.791200,0.109900,2.442200,true,6,32,12,120
world2_normal_600,600,400,600,375,51,7.342800,0.094800,2.279300,true,6,32,12,120
world2_normal_600,600,400,600,375,52,6.724000,0.087100,2.388200,true,6,32,12,120
world2_normal_600,600,400,600,375,53,6.765300,0.091200,2.276500,true,6,32,12,120
world2_normal_600,600,400,600,375,54,7.293100,0.087900,2.428200,true,6,32,12,120
world2_normal_600,600,400,600,375,55,6.598400,0.116700,2.492200,true,6,32,12,120
world2_normal_600,600,400,600,375,56,6.717200,0.124800,2.498500,true,6,32,12,120
world2_normal_600,600,400,600,375,57,6.832400,0.148700,2.418300,true,6,32,12,120
world2_normal_600,600,400,600,375,58,7.056300,0.112000,2.529700,true,6,32,12,120
world2_normal_600,600,400,600,375,59,7.940300,0.077200,2.268900,true,6,32,12,120
world2_normal_600,600,400,600,375,60,8.951800,0.066900,2.441100,true,6,32,12,120
world2_normal_600,600,400,600,375,61,6.719700,0.089300,2.879300,true,6,32,12,120
world2_normal_600,600,400,600,375,62,6.669100,0.087100,2.507900,true,6,32,12,120
world2_normal_600,600,400,600,375,63,6.985800,0.077100,2.333900,true,6,32,12,120
world2_normal_600,600,400,600,375,64,6.693800,0.071400,2.375400,true,6,32,12,120
world2_normal_600,600,400,600,375,65,6.991300,0.079600,2.293500,true,6,32,12,120
world2_normal_600,600,400,600,375,66,6.500400,0.069900,3.232400,true,6,32,12,120
world2_normal_600,600,400,600,375,67,6.872200,0.071900,2.195600,true,6,32,13,120
world2_normal_600,600,400,600,375,68,6.659600,0.082500,2.437200,true,6,32,12,120
world2_normal_600,600,400,600,375,69,6.511400,0.071900,2.184100,true,6,32,12,120
world2_normal_600,600,400,600,375,70,6.711100,0.102400,2.526600,true,6,32,12,120
world2_normal_600,600,400,600,375,71,6.775500,0.066700,2.299300,true,6,32,12,120
world2_normal_600,600,400,600,375,72,7.042300,0.092700,2.432600,true,6,32,12,120
world2_normal_600,600,400,600,375,73,6.571700,0.064900,2.396100,true,6,32,12,120
world2_normal_600,600,400,600,375,74,6.658800,0.081500,2.233000,true,6,32,12,120
world2_normal_600,600,400,600,375,75,6.686700,0.077300,2.333400,true,6,32,12,120
world2_normal_600,600,400,600,375,76,6.736200,0.081600,2.328600,true,6,32,12,120
world2_normal_600,600,400,600,375,77,6.747600,0.069800,2.489500,true,6,32,12,120
world2_normal_600,600,400,600,375,78,6.646800,0.073400,2.265400,true,6,32,12,120
world2_normal_600,600,400,600,375,79,7.076200,0.076900,2.338800,true,6,32,12,120
world2_normal_600,600,400,600,375,80,6.503400,0.074800,2.342400,true,6,32,12,120
world2_normal_600,600,400,600,375,81,6.835900,0.070400,2.509900,true,6,32,12,120
world2_normal_600,600,400,600,375,82,6.697700,0.071600,2.414600,true,6,32,12,120
world2_normal_600,600,400,600,375,83,6.595800,0.072700,2.391200,true,6,32,12,120
world2_normal_600,600,400,600,375,84,7.346700,0.093300,2.470500,true,6,32,12,120
world2_normal_600,600,400,600,375,85,6.622100,0.087600,2.623700,true,6,32,12,120
world2_normal_600,600,400,600,375,86,6.652100,0.088600,2.496000,true,6,32,12,120
world2_normal_600,600,400,600,375,87,6.899000,0.081200,2.416500,true,6,32,12,120
world2_normal_600,600,400,600,375,88,7.013500,0.069500,2.702200,true,6,32,12,120
world2_normal_600,600,400,600,375,89,6.420100,0.066500,2.174800,true,6,32,12,120
world2_normal_600,600,400,600,375,90,6.561800,0.071400,2.690500,true,6,32,12,120
world2_normal_600,600,400,600,375,91,7.855000,0.069600,2.313900,true,6,32,12,120
world2_normal_600,600,400,600,375,92,6.778700,0.086700,2.321400,true,6,32,12,120
world2_normal_600,600,400,600,375,93,6.863800,0.066800,2.237400,true,6,32,12,120
world2_normal_600,600,400,600,375,94,6.673800,0.087700,2.412100,true,6,32,12,120
world2_normal_600,600,400,600,375,95,6.608000,0.072200,2.392300,true,6,32,12,120
world2_normal_600,600,400,600,375,96,6.451800,0.075800,2.416800,true,6,32,12,120
world2_normal_600,600,400,600,375,97,6.911800,0.072600,2.581900,true,6,32,12,120
world2_normal_600,600,400,600,375,98,6.564700,0.082400,2.300800,true,6,32,12,120
world2_normal_600,600,400,600,375,99,6.715800,0.069800,2.449800,true,6,32,12,120
world2_normal_600,600,400,600,375,100,6.904900,0.074400,2.195300,true,6,32,12,120
world2_normal_600,600,400,600,375,101,7.751700,0.068900,2.333600,true,6,32,12,120
world2_normal_600,600,400,600,375,102,7.104100,0.072700,2.674500,true,6,32,12,120
world2_normal_600,600,400,600,375,103,6.734500,0.081500,2.333100,true,6,32,12,120
world2_normal_600,600,400,600,375,104,7.078700,0.070800,2.387800,true,6,32,12,120
world2_normal_600,600,400,600,375,105,6.489100,0.084800,2.244600,true,6,32,12,120
world2_normal_600,600,400,600,375,106,6.298500,0.070800,2.274600,true,6,32,12,120
world2_normal_600,600,400,600,375,107,6.716000,0.088600,2.476900,true,6,32,12,120
world2_normal_600,600,400,600,375,108,6.669600,0.083200,2.452700,true,6,32,12,120
world2_normal_600,600,400,600,375,109,8.732600,0.084100,2.346200,true,6,32,12,120
world2_normal_600,600,400,600,375,110,6.591600,0.070100,2.341200,true,6,32,12,120
world2_normal_600,600,400,600,375,111,6.605000,0.070900,2.168900,true,6,32,12,120
world2_normal_600,600,400,600,375,112,6.831000,0.096400,2.719400,true,6,32,12,120
world2_normal_600,600,400,600,375,113,7.166200,0.088400,2.457500,true,6,32,12,120
world2_normal_600,600,400,600,375,114,6.706300,0.085900,2.282000,true,6,32,12,120
world2_normal_600,600,400,600,375,115,6.794300,0.099900,2.516700,true,6,32,12,120
world2_normal_600,600,400,600,375,116,6.671200,0.082500,2.378900,true,6,32,12,120
world2_normal_600,600,400,600,375,117,6.691900,0.065600,2.273400,true,6,32,12,120
world2_normal_600,600,400,600,375,118,6.951400,0.088600,2.526900,true,6,32,12,120
world2_normal_600,600,400,600,375,119,7.076500,0.076800,2.497400,true,6,32,12,120
world2_normal_600,600,400,600,375,120,6.663000,0.065200,2.203700,true,6,32,12,120
world2_normal_600,600,400,600,375,121,6.586100,0.069600,2.486200,true,6,32,12,120
world2_normal_600,600,400,600,375,122,7.294100,0.062600,2.431400,true,6,32,12,120
world2_normal_600,600,400,600,375,123,6.692500,0.083100,2.355900,true,6,32,12,120
world2_normal_600,600,400,600,375,124,6.645700,0.071700,2.375100,true,6,32,12,120
world2_normal_600,600,400,600,375,125,6.709700,0.085100,2.381900,true,6,32,12,120
world2_normal_600,600,400,600,375,126,6.564000,0.075900,2.313400,true,6,32,12,120
world2_normal_600,600,400,600,375,127,6.782800,0.085000,2.656100,true,6,32,12,120
world2_normal_600,600,400,600,375,128,6.699800,0.079600,2.397100,true,6,32,12,120
world2_normal_600,600,400,600,375,129,7.715500,0.086700,2.211100,true,6,32,12,120
world2_normal_600,600,400,600,375,130,6.881200,0.069300,2.309800,true,6,32,12,120
world2_normal_600,600,400,600,375,131,6.674600,0.069600,2.317400,true,6,32,12,120
world2_normal_600,600,400,600,375,132,6.690900,0.072000,2.496400,true,6,32,12,120
world2_normal_600,600,400,600,375,133,6.541200,0.069500,2.324200,true,6,32,12,120
world2_normal_600,600,400,600,375,134,6.917000,0.097300,2.384000,true,6,32,12,120
world2_normal_600,600,400,600,375,135,8.137100,0.077700,2.457300,true,6,32,12,120
world2_normal_600,600,400,600,375,136,6.787700,0.080900,2.376600,true,6,32,12,120
world2_normal_600,600,400,600,375,137,6.702100,0.075500,2.347200,true,6,32,12,120
world2_normal_600,600,400,600,375,138,7.215000,0.071000,2.366000,true,6,32,12,120
world2_normal_600,600,400,600,375,139,6.551400,0.074100,2.405900,true,6,32,12,120
world2_normal_600,600,400,600,375,140,6.611900,0.072700,2.399000,true,6,32,12,120
world2_normal_600,600,400,600,375,141,6.866200,0.075300,2.394500,true,6,32,12,120
world2_normal_600,600,400,600,375,142,6.474400,0.075900,2.468900,true,6,32,12,120
world2_normal_600,600,400,600,375,143,6.510900,0.087500,2.617500,true,6,32,12,120
world2_normal_600,600,400,600,375,144,6.621500,0.071500,2.206400,true,6,32,12,120
world2_normal_600,600,400,600,375,145,6.637000,0.074700,2.423400,true,6,32,13,120
world2_normal_600,600,400,600,375,146,7.169900,0.072100,2.445300,true,6,32,12,120
world2_normal_600,600,400,600,375,147,6.642100,0.084400,2.401000,true,6,32,12,120
world2_normal_600,600,400,600,375,148,6.717500,0.076500,2.358500,true,6,32,12,120
world2_normal_600,600,400,600,375,149,7.035400,0.099800,2.228100,true,6,32,13,120
world2_normal_600,600,400,600,375,150,6.828100,0.088700,2.410300,true,6,32,12,120
world2_normal_600,600,400,600,375,151,6.527100,0.116700,2.225600,true,6,32,12,120
world2_normal_600,600,400,600,375,152,7.676400,0.079900,2.417700,true,6,32,12,120
world2_normal_600,600,400,600,375,153,6.583500,0.068600,2.209000,true,6,32,12,120
world2_normal_600,600,400,600,375,154,6.607300,0.072100,2.386800,true,6,32,12,120
world2_normal_600,600,400,600,375,155,6.524300,0.079400,2.293600,true,6,32,12,120
world2_normal_600,600,400,600,375,156,6.494900,0.070200,2.431000,true,6,32,12,120
world2_normal_600,600,400,600,375,157,6.532900,0.072800,2.208800,true,6,32,12,120
world2_normal_600,600,400,600,375,158,6.981700,0.080700,2.382700,true,6,32,12,120
world2_normal_600,600,400,600,375,159,8.932400,0.078400,2.456800,true,6,32,12,120
world2_normal_600,600,400,600,375,160,6.923300,0.072000,2.211500,true,6,32,12,120
world2_normal_600,600,400,600,375,161,9.583200,0.079900,2.416300,true,6,32,12,120
world2_normal_600,600,400,600,375,162,8.187100,0.120300,2.319700,true,6,32,12,120
world2_normal_600,600,400,600,375,163,7.098700,0.071900,2.343200,true,6,32,12,120
world2_normal_600,600,400,600,375,164,7.593800,0.111800,3.817700,true,6,32,12,120
world2_normal_600,600,400,600,375,165,7.816200,0.100400,2.360100,true,6,32,12,120
world2_normal_600,600,400,600,375,166,6.704500,0.077700,2.477800,true,6,32,12,120
world2_normal_600,600,400,600,375,167,6.452700,0.072000,2.191100,true,6,32,12,120
world2_normal_600,600,400,600,375,168,6.617100,0.086000,2.336800,true,6,32,12,120
world2_normal_600,600,400,600,375,169,7.005700,0.073300,2.238000,true,6,32,12,120
world2_normal_600,600,400,600,375,170,6.721500,0.080300,2.395800,true,6,32,12,120
world2_normal_600,600,400,600,375,171,6.486600,0.075300,2.396700,true,6,32,12,120
world2_normal_600,600,400,600,375,172,6.743500,0.074900,2.360800,true,6,32,12,120
world2_normal_600,600,400,600,375,173,6.831300,0.068600,2.215500,true,6,32,12,120
world2_normal_600,600,400,600,375,174,7.161100,0.065800,2.416100,true,6,32,12,120
world2_normal_600,600,400,600,375,175,6.585400,0.065600,2.200300,true,6,32,12,120
world2_normal_600,600,400,600,375,176,6.476200,0.081700,2.494600,true,6,32,12,120
world2_normal_600,600,400,600,375,177,6.279700,0.069600,2.323600,true,6,32,12,120
world2_normal_600,600,400,600,375,178,6.663300,0.058200,2.491900,true,6,32,12,120
world2_normal_600,600,400,600,375,179,6.934700,0.071600,2.178400,true,6,32,12,120
world2_normal_600,600,400,600,375,180,6.891000,0.078000,2.567900,true,6,32,12,120
world2_normal_600,600,400,600,375,181,6.809400,0.080500,2.377300,true,6,32,12,120
world2_normal_600,600,400,600,375,182,6.371000,0.066500,2.428700,true,6,32,12,120
world2_normal_600,600,400,600,375,183,7.440500,0.106900,2.424500,true,6,32,12,120
world2_normal_600,600,400,600,375,184,6.413700,0.084900,2.458500,true,6,32,12,120
world2_normal_600,600,400,600,375,185,6.668700,0.078100,2.586600,true,6,32,12,120
world2_normal_1280,1280,800,1280,800,0,6.550100,0.068400,9.714900,true,6,32,12,120
world2_normal_1280,1280,800,1280,800,1,6.846100,0.083700,10.446900,true,6,32,12,120
world2_normal_1280,1280,800,1280,800,2,6.546700,0.070400,10.095500,true,6,32,12,120
world2_normal_1280,1280,800,1280,800,3,6.756300,0.072400,9.906400,true,6,32,12,120
world2_normal_1280,1280,800,1280,800,4,6.392800,0.073300,9.804300,true,6,32,12,120
world2_normal_1280,1280,800,1280,800,5,6.828000,0.089500,9.690700,true,6,32,12,120
world2_normal_1280,1280,800,1280,800,6,6.815000,0.078200,9.987700,true,6,32,12,120
world2_normal_1280,1280,800,1280,800,7,6.800100,0.067900,9.866000,true,6,32,12,120
world2_normal_1280,1280,800,1280,800,8,6.530200,0.064000,10.126900,true,6,32,12,120
world2_normal_1280,1280,800,1280,800,9,6.502300,0.078000,9.776800,true,6,32,12,120
world2_normal_1280,1280,800,1280,800,10,6.481800,0.098700,9.927400,true,6,32,12,120
world2_normal_1280,1280,800,1280,800,11,6.542200,0.076600,10.145200,true,6,32,12,120
world2_normal_1280,1280,800,1280,800,12,6.745900,0.089800,9.872200,true,6,32,12,120
world2_normal_1280,1280,800,1280,800,13,6.362100,0.110700,9.648100,true,6,32,12,120
world2_normal_1280,1280,800,1280,800,14,6.677400,0.091400,9.812800,true,6,32,12,120
world2_normal_1280,1280,800,1280,800,15,7.046500,0.083500,9.759300,true,6,32,12,120
world2_normal_1280,1280,800,1280,800,16,6.558600,0.068700,9.777700,true,6,32,12,120
world2_normal_1280,1280,800,1280,800,17,6.486000,0.075500,9.573800,true,6,32,12,120
world2_normal_1280,1280,800,1280,800,18,6.722800,0.094400,10.074600,true,6,32,12,120
world2_normal_1280,1280,800,1280,800,19,6.804500,0.093400,10.057500,true,6,32,12,120
world2_normal_1280,1280,800,1280,800,20,6.517300,0.059300,9.636400,true,6,32,12,120
world2_normal_1280,1280,800,1280,800,21,6.548900,0.075700,9.610400,true,6,32,12,120
world2_normal_1280,1280,800,1280,800,22,6.381700,0.088800,10.068100,true,6,32,12,120
world2_normal_1280,1280,800,1280,800,23,6.640300,0.091100,9.923800,true,6,32,12,120
world2_normal_1280,1280,800,1280,800,24,6.434800,0.064800,9.487100,true,6,32,12,120
world2_normal_1280,1280,800,1280,800,25,6.254100,0.084800,10.101700,true,6,32,12,120
world2_normal_1280,1280,800,1280,800,26,6.499600,0.071200,9.678400,true,6,32,12,120
world2_normal_1280,1280,800,1280,800,27,6.209000,0.085600,9.599700,true,6,32,12,120
world2_normal_1280,1280,800,1280,800,28,6.502800,0.092900,9.801400,true,6,32,12,120
world2_normal_1280,1280,800,1280,800,29,6.644500,0.090100,9.734600,true,6,32,12,120
world2_normal_1280,1280,800,1280,800,30,6.555900,0.070600,9.481200,true,6,32,12,120
world2_normal_1280,1280,800,1280,800,31,6.439700,0.087100,9.712200,true,6,32,12,120
world2_normal_1280,1280,800,1280,800,32,6.335300,0.089700,9.783600,true,6,32,12,120
world2_normal_1280,1280,800,1280,800,33,7.575600,0.083000,9.662000,true,6,32,12,120
world2_normal_1280,1280,800,1280,800,34,6.247100,0.080100,9.618200,true,6,32,12,120
world2_normal_1280,1280,800,1280,800,35,6.592200,0.077500,9.847700,true,6,32,12,120
world2_normal_1280,1280,800,1280,800,36,6.661200,0.088800,9.712300,true,6,32,12,120
world2_normal_1280,1280,800,1280,800,37,6.834900,0.088800,9.822000,true,6,32,12,120
world2_normal_1280,1280,800,1280,800,38,6.207700,0.088000,10.736300,true,6,32,12,120
world2_normal_1280,1280,800,1280,800,39,6.342100,0.104700,9.811700,true,6,32,12,120
world2_normal_1280,1280,800,1280,800,40,6.425100,0.076800,10.087100,true,6,32,12,120
world2_normal_1280,1280,800,1280,800,41,6.734500,0.088600,10.096200,true,6,32,12,120
world2_normal_1280,1280,800,1280,800,42,6.563000,0.240900,10.619900,true,6,32,12,120
world2_normal_1280,1280,800,1280,800,43,6.433700,0.078600,9.878300,true,6,32,12,120
world2_normal_1280,1280,800,1280,800,44,6.710000,0.098300,10.762000,true,6,32,12,120
world2_normal_1280,1280,800,1280,800,45,6.359000,0.084600,10.092900,true,6,32,12,120
world2_normal_1280,1280,800,1280,800,46,6.490500,0.085800,9.716000,true,6,32,12,120
world2_normal_1280,1280,800,1280,800,47,6.246000,0.071600,9.696400,true,6,32,12,120
world2_normal_1280,1280,800,1280,800,48,6.276000,0.086900,10.142300,true,6,32,12,120
world2_normal_1280,1280,800,1280,800,49,7.069600,0.089400,9.794600,true,6,32,12,120
world2_normal_1280,1280,800,1280,800,50,6.853700,0.065800,9.649100,true,6,32,12,120
world2_normal_1280,1280,800,1280,800,51,6.513200,0.078200,9.693200,true,6,32,12,120
world2_normal_1280,1280,800,1280,800,52,6.786500,0.069100,9.696600,true,6,32,12,120
world2_normal_1280,1280,800,1280,800,53,6.455900,0.096600,10.049100,true,6,32,12,120
world2_normal_1280,1280,800,1280,800,54,6.987900,0.064700,9.654500,true,6,32,12,120
world2_normal_1280,1280,800,1280,800,55,6.643900,0.097800,9.732300,true,6,32,12,120
world2_normal_1280,1280,800,1280,800,56,6.301700,0.069100,9.706700,true,6,32,12,120
world2_normal_1280,1280,800,1280,800,57,6.296800,0.073700,10.005600,true,6,32,12,120
world2_normal_1280,1280,800,1280,800,58,6.675400,0.073500,9.857100,true,6,32,12,120
world2_normal_1280,1280,800,1280,800,59,6.336800,0.081200,9.934400,true,6,32,12,120
world2_normal_1280,1280,800,1280,800,60,6.896100,0.066700,10.033400,true,6,32,12,120
world2_normal_1280,1280,800,1280,800,61,7.508100,0.090000,9.715100,true,6,32,12,120
world2_normal_1280,1280,800,1280,800,62,6.321800,0.066600,9.549600,true,6,32,12,120
world2_normal_1280,1280,800,1280,800,63,6.468600,0.109000,9.861500,true,6,32,12,120
world2_normal_1280,1280,800,1280,800,64,6.363600,0.096000,9.794200,true,6,32,12,120
world2_normal_1280,1280,800,1280,800,65,7.226600,0.077800,10.087800,true,6,32,12,120
world2_normal_1280,1280,800,1280,800,66,6.237700,0.091900,9.675300,true,6,32,12,120
world2_normal_1280,1280,800,1280,800,67,6.331300,0.097100,9.884400,true,6,32,12,120
world2_normal_1280,1280,800,1280,800,68,6.666000,0.071800,9.693600,true,6,32,12,120
world2_normal_1280,1280,800,1280,800,69,6.471700,0.086400,10.046800,true,6,32,13,120
world2_normal_1280,1280,800,1280,800,70,6.466300,0.084000,9.740400,true,6,32,12,120
world2_normal_1280,1280,800,1280,800,71,6.484100,0.079900,9.873700,true,6,32,12,120
world2_normal_1280,1280,800,1280,800,72,6.626400,0.087400,9.773600,true,6,32,12,120
world2_normal_1280,1280,800,1280,800,73,6.565200,0.068900,9.568800,true,6,32,13,120
world2_normal_1280,1280,800,1280,800,74,6.447400,0.083800,9.857300,true,6,32,12,120
world2_normal_1280,1280,800,1280,800,75,6.878700,0.064500,9.609400,true,6,32,12,120
world2_normal_1280,1280,800,1280,800,76,6.749000,0.069700,9.787200,true,6,32,12,120
world2_normal_1280,1280,800,1280,800,77,6.331900,0.074200,9.527100,true,6,32,12,120
world2_normal_1280,1280,800,1280,800,78,6.655300,0.098600,10.121000,true,6,32,12,120
world2_normal_1280,1280,800,1280,800,79,6.715100,0.098800,9.685100,true,6,32,12,120
world2_normal_1280,1280,800,1280,800,80,6.291500,0.096600,9.939000,true,6,32,12,120
world2_normal_1280,1280,800,1280,800,81,6.319700,0.105900,9.799200,true,6,32,12,120
world2_normal_1280,1280,800,1280,800,82,7.278600,0.083500,9.803800,true,6,32,12,120
world2_normal_1280,1280,800,1280,800,83,6.378100,0.126500,10.091800,true,6,32,12,120
world2_normal_1280,1280,800,1280,800,84,6.680300,0.116200,9.676700,true,6,32,12,120
world2_normal_1280,1280,800,1280,800,85,6.519700,0.086700,9.940500,true,6,32,12,120
world2_normal_1280,1280,800,1280,800,86,6.586400,0.083300,9.690600,true,6,32,12,120
world2_normal_1280,1280,800,1280,800,87,6.667600,0.083700,9.756900,true,6,32,12,120
world2_normal_1280,1280,800,1280,800,88,6.353500,0.069900,9.520800,true,6,32,12,120
world2_normal_1280,1280,800,1280,800,89,6.689800,0.084900,9.756000,true,6,32,12,120
world2_normal_1280,1280,800,1280,800,90,6.411900,0.087900,9.988600,true,6,32,12,120
world2_normal_1280,1280,800,1280,800,91,6.566500,0.069100,9.631800,true,6,32,12,120
world2_normal_1280,1280,800,1280,800,92,6.398600,0.084900,9.675400,true,6,32,12,120
world2_normal_1280,1280,800,1280,800,93,6.357700,0.071300,10.010000,true,6,32,12,120
world2_normal_1280,1280,800,1280,800,94,6.993600,0.106300,10.042700,true,6,32,12,120
world2_normal_1280,1280,800,1280,800,95,6.934400,0.078400,9.655400,true,6,32,12,120
world2_normal_1280,1280,800,1280,800,96,6.537800,0.078300,9.565900,true,6,32,12,120
world2_normal_1280,1280,800,1280,800,97,6.374200,0.099400,9.697200,true,6,32,12,120
world2_normal_1280,1280,800,1280,800,98,7.445500,0.092900,10.614800,true,6,32,12,120
world2_normal_1280,1280,800,1280,800,99,7.583600,0.092800,9.759800,true,6,32,12,120
world2_normal_1280,1280,800,1280,800,100,7.903000,0.086800,9.850000,true,6,32,12,120
world2_normal_1280,1280,800,1280,800,101,6.395000,0.075600,9.529800,true,6,32,13,120
world2_normal_1280,1280,800,1280,800,102,6.652800,0.088100,9.739400,true,6,32,12,120
world2_normal_1280,1280,800,1280,800,103,6.810100,0.076100,9.752000,true,6,32,12,120
world2_normal_1280,1280,800,1280,800,104,7.476500,0.080900,9.821300,true,6,32,12,120
world2_normal_1280,1280,800,1280,800,105,6.876900,0.076600,9.683500,true,6,32,12,120
world2_high_960,960,600,960,600,0,12.809300,0.073200,1.221600,true,40,320,180,1200
world2_high_960,960,600,960,600,1,13.052300,0.090700,1.763100,true,40,320,180,1200
world2_high_960,960,600,960,600,2,13.097100,0.074500,1.271500,true,40,320,180,1200
world2_high_960,960,600,960,600,3,13.007900,0.068100,1.245500,true,40,320,180,1200
world2_high_960,960,600,960,600,4,16.333500,0.085100,1.508200,true,40,320,180,1200
world2_high_960,960,600,960,600,5,13.061000,0.077000,1.373100,true,40,320,180,1200
world2_high_960,960,600,960,600,6,13.291600,0.086200,1.388900,true,40,320,180,1200
world2_high_960,960,600,960,600,7,13.046800,0.077800,1.571100,true,40,320,180,1200
world2_high_960,960,600,960,600,8,13.520200,0.073100,1.402800,true,40,320,180,1200
world2_high_960,960,600,960,600,9,13.486500,0.110700,1.228400,true,40,320,180,1200
world2_high_960,960,600,960,600,10,14.141200,0.085200,1.519100,true,40,320,180,1200
world2_high_960,960,600,960,600,11,13.838000,0.069600,1.274900,true,40,320,180,1200
world2_high_960,960,600,960,600,12,13.050700,0.079500,1.493700,true,40,320,180,1200
world2_high_960,960,600,960,600,13,12.983500,0.104400,1.492400,true,40,320,180,1200
world2_high_960,960,600,960,600,14,13.533800,0.080700,1.335100,true,40,320,180,1200
world2_high_960,960,600,960,600,15,14.051200,0.128000,1.995700,true,40,320,180,1200
world2_high_960,960,600,960,600,16,14.226900,0.082200,1.546400,true,40,320,180,1200
world2_high_960,960,600,960,600,17,13.328000,0.082900,1.441200,true,40,320,180,1200
world2_high_960,960,600,960,600,18,13.943600,0.078300,1.512400,true,40,320,180,1200
world2_high_960,960,600,960,600,19,14.756000,0.082600,1.767300,true,40,320,180,1200
world2_high_960,960,600,960,600,20,13.075800,0.084200,1.414100,true,40,320,180,1200
world2_high_960,960,600,960,600,21,13.238200,0.084800,1.363000,true,40,320,180,1200
world2_high_960,960,600,960,600,22,13.288000,0.092900,1.431900,true,40,320,180,1200
world2_high_960,960,600,960,600,23,12.834800,0.083000,1.320000,true,40,320,180,1200
world2_high_960,960,600,960,600,24,12.694000,0.083200,1.739700,true,40,320,180,1200
world2_high_960,960,600,960,600,25,12.964800,0.081500,1.335200,true,40,320,180,1200
world2_high_960,960,600,960,600,26,12.745400,0.077800,1.718400,true,40,320,180,1200
world2_high_960,960,600,960,600,27,13.141200,0.079600,1.526000,true,40,320,180,1200
world2_high_960,960,600,960,600,28,13.117200,0.071300,1.243300,true,40,320,180,1200
world2_high_960,960,600,960,600,29,12.816700,0.079500,1.503000,true,40,320,180,1200
world2_high_960,960,600,960,600,30,13.135400,0.074200,1.520200,true,40,320,180,1200
world2_high_960,960,600,960,600,31,13.435900,0.077600,1.565200,true,40,320,180,1200
world2_high_960,960,600,960,600,32,13.248800,0.095400,1.998000,true,40,320,180,1200
world2_high_960,960,600,960,600,33,13.504100,0.072700,1.611300,true,40,320,180,1200
world2_high_960,960,600,960,600,34,13.041400,0.076200,1.227600,true,40,320,180,1200
world2_high_960,960,600,960,600,35,15.598800,0.096400,1.479400,true,40,320,180,1200
world2_high_960,960,600,960,600,36,12.783600,0.073600,1.365700,true,40,320,180,1200
world2_high_960,960,600,960,600,37,12.955500,0.087200,1.493500,true,40,320,180,1200
world2_high_960,960,600,960,600,38,12.876400,0.085400,1.242000,true,40,320,180,1200
world2_high_960,960,600,960,600,39,12.724900,0.076300,1.344400,true,40,320,180,1200
world2_high_960,960,600,960,600,40,12.905800,0.085300,1.523500,true,40,320,180,1200
world2_high_960,960,600,960,600,41,13.096400,0.076100,1.224000,true,40,320,180,1200
world2_high_960,960,600,960,600,42,13.029700,0.071300,1.463700,true,40,320,180,1200
world2_high_960,960,600,960,600,43,13.317100,0.073100,1.202000,true,40,320,180,1200
world2_high_960,960,600,960,600,44,12.665500,0.077300,1.695700,true,40,320,180,1200
world2_high_960,960,600,960,600,45,13.008500,0.095000,1.496900,true,40,320,180,1200
world2_high_960,960,600,960,600,46,13.427800,0.069700,1.418600,true,40,320,180,1200
world2_high_960,960,600,960,600,47,13.588700,0.124600,1.443200,true,40,320,180,1200
world2_high_960,960,600,960,600,48,14.640100,0.077800,1.387600,true,40,320,180,1200
world2_high_960,960,600,960,600,49,13.278400,0.094900,1.239000,true,40,320,180,1200
world2_high_960,960,600,960,600,50,13.355700,0.064000,1.412800,true,40,320,180,1200
world2_high_960,960,600,960,600,51,12.884800,0.081200,1.448900,true,40,320,180,1200
world2_high_960,960,600,960,600,52,12.967900,0.071900,1.459500,true,40,320,180,1200
world2_high_960,960,600,960,600,53,13.148200,0.077500,1.353000,true,40,320,180,1200
world2_high_960,960,600,960,600,54,13.945300,0.076500,1.469100,true,40,320,180,1200
world2_high_960,960,600,960,600,55,13.151200,0.076000,1.556500,true,40,320,180,1200
world2_high_960,960,600,960,600,56,13.228500,0.087400,1.265200,true,40,320,180,1200
world2_high_960,960,600,960,600,57,13.476800,0.077300,1.345400,true,40,320,180,1200
world2_high_960,960,600,960,600,58,13.247700,0.087700,1.434600,true,40,320,180,1200
world2_high_960,960,600,960,600,59,13.133600,0.067900,1.267200,true,40,320,180,1200
world2_high_960,960,600,960,600,60,13.106200,0.072800,1.269700,true,40,320,180,1200
world2_high_960,960,600,960,600,61,12.716300,0.068800,1.204700,true,40,320,180,1200
world2_high_960,960,600,960,600,62,12.848500,0.077200,1.738600,true,40,320,180,1200
world2_high_960,960,600,960,600,63,13.057700,0.090500,1.518300,true,40,320,180,1200
world2_high_960,960,600,960,600,64,13.167400,0.090200,1.348500,true,40,320,180,1200
world2_high_960,960,600,960,600,65,13.020100,0.086100,1.520300,true,40,320,180,1200
world2_high_960,960,600,960,600,66,12.900900,0.072300,1.273500,true,40,320,180,1200
world2_high_960,960,600,960,600,67,13.044500,0.092100,1.428000,true,40,320,180,1200
world2_high_960,960,600,960,600,68,12.966000,0.089500,1.342500,true,40,320,180,1200
world2_high_960,960,600,960,600,69,13.030100,0.085200,1.236000,true,40,320,180,1200
world2_high_960,960,600,960,600,70,12.554400,0.067600,1.220600,true,40,320,180,1200
world2_high_960,960,600,960,600,71,12.664100,0.073100,1.444900,true,40,320,180,1200
world2_high_960,960,600,960,600,72,14.632000,0.078300,1.458900,true,40,320,180,1200
world2_high_960,960,600,960,600,73,12.528600,0.072400,1.381800,true,40,320,180,1200
world2_high_960,960,600,960,600,74,12.781500,0.073600,1.309500,true,40,320,180,1200
world2_high_960,960,600,960,600,75,12.832600,0.070600,1.221000,true,40,320,180,1200
world2_high_960,960,600,960,600,76,13.022900,0.075400,1.213300,true,40,320,180,1200
world2_high_960,960,600,960,600,77,12.529200,0.075400,1.386700,true,40,320,180,1200
world2_high_960,960,600,960,600,78,12.886600,0.083300,1.245600,true,40,320,180,1200
world2_high_960,960,600,960,600,79,12.465900,0.087900,1.195000,true,40,320,180,1200
world2_high_960,960,600,960,600,80,15.148100,0.087700,1.318600,true,40,320,180,1200
world2_high_960,960,600,960,600,81,13.869000,0.071600,1.212000,true,40,320,180,1200
world2_high_960,960,600,960,600,82,12.712200,0.074500,1.212700,true,40,320,180,1200
world2_high_960,960,600,960,600,83,12.887900,0.084000,1.846800,true,40,320,180,1200
world2_high_960,960,600,960,600,84,12.719200,0.101800,1.399800,true,40,320,180,1200
world2_high_960,960,600,960,600,85,16.134400,0.073300,1.451200,true,40,320,180,1200
world2_high_960,960,600,960,600,86,12.681000,0.085200,1.463000,true,40,320,180,1200
world2_high_960,960,600,960,600,87,12.830400,0.081800,1.252500,true,40,320,180,1200
world2_high_960,960,600,960,600,88,12.883300,0.076900,1.455400,true,40,320,180,1200
world2_high_960,960,600,960,600,89,12.986500,0.086700,1.376900,true,40,320,180,1200
world2_high_960,960,600,960,600,90,14.253600,0.086900,1.390600,true,40,320,180,1200
world2_high_960,960,600,960,600,91,13.103100,0.082100,1.334600,true,40,320,180,1200
world2_high_960,960,600,960,600,92,12.895800,0.094500,1.417900,true,40,320,180,1200
world2_high_960,960,600,960,600,93,14.349000,0.104800,1.652300,true,40,320,180,1200
world2_high_960,960,600,960,600,94,12.785700,0.074200,1.487800,true,40,320,180,1200
world2_high_960,960,600,960,600,95,14.178300,0.147600,1.854500,true,40,320,180,1200
world2_high_960,960,600,960,600,96,12.873300,0.078400,1.353900,true,40,320,180,1200
world2_high_960,960,600,960,600,97,12.856700,0.091400,1.471000,true,40,320,180,1200
world2_high_960,960,600,960,600,98,13.247600,0.076500,1.334500,true,40,320,180,1200
world2_high_960,960,600,960,600,99,12.810800,0.084300,1.472200,true,40,320,180,1200
world2_high_960,960,600,960,600,100,12.898800,0.079500,1.258700,true,40,320,180,1200
world2_high_960,960,600,960,600,101,12.793000,0.073400,1.316100,true,40,320,180,1200
world2_high_960,960,600,960,600,102,12.963500,0.074500,1.480100,true,40,320,180,1200
world2_high_960,960,600,960,600,103,12.882300,0.071600,1.234500,true,40,320,180,1200
world2_high_960,960,600,960,600,104,14.246800,0.070900,1.408900,true,40,320,180,1200
world2_high_960,960,600,960,600,105,12.883000,0.070000,1.380900,true,40,320,180,1200
world2_high_960,960,600,960,600,106,13.297800,0.070500,1.212400,true,40,320,180,1200
world2_high_960,960,600,960,600,107,12.743500,0.094500,1.393900,true,40,320,180,1200
world2_high_960,960,600,960,600,108,12.594700,0.072600,1.213400,true,40,320,180,1200
world2_high_960,960,600,960,600,109,13.076700,0.068300,1.235600,true,40,320,180,1200
world2_high_960,960,600,960,600,110,13.243800,0.086100,1.201000,true,40,320,180,1200
world2_high_960,960,600,960,600,111,12.655400,0.071300,1.746700,true,40,320,180,1200
world2_high_960,960,600,960,600,112,12.577600,0.088700,1.411000,true,40,320,180,1200
world2_high_960,960,600,960,600,113,13.574500,0.074500,1.361000,true,40,320,180,1200
world2_high_960,960,600,960,600,114,12.878200,0.084000,1.934700,true,40,320,180,1200
world2_high_960,960,600,960,600,115,12.703900,0.118900,1.206600,true,40,320,180,1200
world2_high_960,960,600,960,600,116,14.328900,0.087800,1.392600,true,40,320,180,1200
world2_high_960,960,600,960,600,117,12.713900,0.079000,1.241200,true,40,320,180,1200
world2_high_600,600,400,600,375,0,13.068900,0.087900,2.386600,true,40,320,180,1200
world2_high_600,600,400,600,375,1,12.248400,0.081800,2.161000,true,40,320,180,1200
world2_high_600,600,400,600,375,2,12.353600,0.104100,2.312000,true,40,320,180,1200
world2_high_600,600,400,600,375,3,12.848100,0.088600,2.242500,true,40,320,180,1200
world2_high_600,600,400,600,375,4,12.270800,0.096900,2.280700,true,40,320,180,1200
world2_high_600,600,400,600,375,5,12.571500,0.118900,2.339600,true,40,320,180,1200
world2_high_600,600,400,600,375,6,13.222100,0.093900,2.357900,true,40,320,180,1200
world2_high_600,600,400,600,375,7,12.780000,0.091200,2.207200,true,40,320,180,1200
world2_high_600,600,400,600,375,8,12.681300,0.078200,2.501300,true,40,320,180,1200
world2_high_600,600,400,600,375,9,12.434700,0.100900,2.288200,true,40,320,180,1200
world2_high_600,600,400,600,375,10,13.117600,0.083500,2.387700,true,40,320,180,1200
world2_high_600,600,400,600,375,11,15.205200,0.083700,2.424500,true,40,320,180,1200
world2_high_600,600,400,600,375,12,15.073900,0.085700,2.503300,true,40,320,180,1200
world2_high_600,600,400,600,375,13,12.696400,0.101200,2.453400,true,40,320,180,1200
world2_high_600,600,400,600,375,14,12.651400,0.073800,2.368900,true,40,320,180,1200
world2_high_600,600,400,600,375,15,13.544500,0.076700,2.212600,true,40,320,180,1200
world2_high_600,600,400,600,375,16,12.607700,0.104500,2.412900,true,40,320,180,1200
world2_high_600,600,400,600,375,17,12.636500,0.081400,2.211200,true,40,320,180,1200
world2_high_600,600,400,600,375,18,12.824200,0.081400,2.532400,true,40,320,180,1200
world2_high_600,600,400,600,375,19,15.082300,0.079700,2.370200,true,40,320,180,1200
world2_high_600,600,400,600,375,20,12.941400,0.101200,2.412700,true,40,320,180,1200
world2_high_600,600,400,600,375,21,12.412100,0.077100,2.680500,true,40,320,180,1200
world2_high_600,600,400,600,375,22,12.516000,0.084600,2.379000,true,40,320,180,1200
world2_high_600,600,400,600,375,23,12.777000,0.093900,2.361000,true,40,320,180,1200
world2_high_600,600,400,600,375,24,12.554600,0.070600,2.183600,true,40,320,180,1200
world2_high_600,600,400,600,375,25,12.665600,0.077000,2.311800,true,40,320,180,1200
world2_high_600,600,400,600,375,26,12.373800,0.103100,2.357500,true,40,320,180,1200
world2_high_600,600,400,600,375,27,12.788400,0.097000,2.714900,true,40,320,180,1200
world2_high_600,600,400,600,375,28,13.193300,0.071500,2.162900,true,40,320,180,1200
world2_high_600,600,400,600,375,29,12.432900,0.080900,2.331000,true,40,320,180,1200
world2_high_600,600,400,600,375,30,12.257900,0.069600,2.307500,true,40,320,180,1200
world2_high_600,600,400,600,375,31,12.376700,0.082600,2.405400,true,40,320,180,1200
world2_high_600,600,400,600,375,32,12.400600,0.080500,2.174700,true,40,320,180,1200
world2_high_600,600,400,600,375,33,12.426500,0.092400,2.699400,true,40,320,180,1200
world2_high_600,600,400,600,375,34,12.600000,0.074600,2.187400,true,40,320,180,1200
world2_high_600,600,400,600,375,35,12.492000,0.080800,2.665200,true,40,320,180,1200
world2_high_600,600,400,600,375,36,12.334600,0.075000,2.397300,true,40,320,180,1200
world2_high_600,600,400,600,375,37,13.014400,0.082000,2.304700,true,40,320,180,1200
world2_high_600,600,400,600,375,38,15.262200,0.079200,2.358800,true,40,320,180,1200
world2_high_600,600,400,600,375,39,12.393900,0.080200,2.185000,true,40,320,180,1200
world2_high_600,600,400,600,375,40,12.385200,0.078500,2.656500,true,40,320,180,1200
world2_high_600,600,400,600,375,41,12.295200,0.100300,2.405500,true,40,320,180,1200
world2_high_600,600,400,600,375,42,12.330500,0.078000,2.656700,true,40,320,180,1200
world2_high_600,600,400,600,375,43,12.533000,0.097600,2.400800,true,40,320,180,1200
world2_high_600,600,400,600,375,44,12.796400,0.092900,2.285200,true,40,320,180,1200
world2_high_600,600,400,600,375,45,12.756600,0.091700,2.261900,true,40,320,180,1200
world2_high_600,600,400,600,375,46,12.997300,0.092200,2.387500,true,40,320,180,1200
world2_high_600,600,400,600,375,47,12.692400,0.106900,2.193700,true,40,320,180,1200
world2_high_600,600,400,600,375,48,14.498700,0.078900,2.399200,true,40,320,180,1200
world2_high_600,600,400,600,375,49,14.783800,0.071300,2.359600,true,40,320,180,1200
world2_high_600,600,400,600,375,50,12.735800,0.073200,2.224300,true,40,320,180,1200
world2_high_600,600,400,600,375,51,12.837900,0.074600,2.470000,true,40,320,180,1200
world2_high_600,600,400,600,375,52,15.525500,0.094200,2.349000,true,40,320,180,1200
world2_high_600,600,400,600,375,53,12.768200,0.086000,2.379700,true,40,320,180,1200
world2_high_600,600,400,600,375,54,12.770400,0.072200,2.306400,true,40,320,180,1200
world2_high_600,600,400,600,375,55,12.886100,0.074200,2.267100,true,40,320,180,1200
world2_high_600,600,400,600,375,56,13.646100,0.093300,2.803200,true,40,320,180,1200
world2_high_600,600,400,600,375,57,12.989100,0.068900,2.239500,true,40,320,180,1200
world2_high_600,600,400,600,375,58,12.798900,0.071600,2.172300,true,40,320,180,1200
world2_high_600,600,400,600,375,59,12.423500,0.091800,2.700700,true,40,320,180,1200
world2_high_600,600,400,600,375,60,12.662500,0.076200,2.392700,true,40,320,180,1200
world2_high_600,600,400,600,375,61,12.803100,0.082900,2.317000,true,40,320,180,1200
world2_high_600,600,400,600,375,62,12.813500,0.074900,2.197900,true,40,320,180,1200
world2_high_600,600,400,600,375,63,12.581800,0.101300,2.739100,true,40,320,180,1200
world2_high_600,600,400,600,375,64,12.636400,0.072300,2.286700,true,40,320,180,1200
world2_high_600,600,400,600,375,65,12.988400,0.088100,2.479300,true,40,320,180,1200
world2_high_600,600,400,600,375,66,12.995800,0.071200,2.322900,true,40,320,180,1200
world2_high_600,600,400,600,375,67,12.788200,0.078800,2.330900,true,40,320,180,1200
world2_high_600,600,400,600,375,68,12.547700,0.087600,2.289300,true,40,320,180,1200
world2_high_600,600,400,600,375,69,12.801900,0.089100,2.833200,true,40,320,180,1200
world2_high_600,600,400,600,375,70,12.710800,0.085400,2.296800,true,40,320,180,1200
world2_high_600,600,400,600,375,71,12.745200,0.087400,2.492300,true,40,320,180,1200
world2_high_600,600,400,600,375,72,12.464700,0.092600,2.690400,true,40,320,180,1200
world2_high_600,600,400,600,375,73,12.939900,0.074000,2.167200,true,40,320,180,1200
world2_high_600,600,400,600,375,74,12.752500,0.081200,2.688300,true,40,320,180,1200
world2_high_600,600,400,600,375,75,13.433400,0.087600,2.354500,true,40,320,180,1200
world2_high_600,600,400,600,375,76,12.437000,0.103300,2.437700,true,40,320,180,1200
world2_high_600,600,400,600,375,77,12.807700,0.071800,2.143600,true,40,320,180,1200
world2_high_600,600,400,600,375,78,12.835900,0.077100,2.300400,true,40,320,180,1200
world2_high_600,600,400,600,375,79,15.212800,0.090700,2.405000,true,40,320,180,1200
world2_high_600,600,400,600,375,80,15.088000,0.075500,2.684600,true,40,320,180,1200
world2_high_600,600,400,600,375,81,12.555500,0.100400,2.355300,true,40,320,180,1200
world2_high_600,600,400,600,375,82,12.928500,0.092400,2.711400,true,40,320,180,1200
world2_high_600,600,400,600,375,83,12.635800,0.085500,2.358800,true,40,320,180,1200
world2_high_600,600,400,600,375,84,12.518800,0.080100,2.385600,true,40,320,180,1200
world2_high_600,600,400,600,375,85,12.586600,0.086300,2.187500,true,40,320,180,1200
world2_high_600,600,400,600,375,86,12.434600,0.076900,2.393400,true,40,320,180,1200
world2_high_600,600,400,600,375,87,12.555700,0.070800,2.185700,true,40,320,180,1200
world2_high_600,600,400,600,375,88,12.559900,0.096100,2.406700,true,40,320,180,1200
world2_high_600,600,400,600,375,89,12.570600,0.078600,2.285400,true,40,320,180,1200
world2_high_600,600,400,600,375,90,12.542400,0.086000,2.389700,true,40,320,180,1200
world2_high_600,600,400,600,375,91,12.677500,0.066300,2.164800,true,40,320,180,1200
world2_high_600,600,400,600,375,92,12.433900,0.080800,2.447200,true,40,320,180,1200
world2_high_600,600,400,600,375,93,13.057600,0.067900,2.161800,true,40,320,180,1200
world2_high_600,600,400,600,375,94,12.635700,0.094100,2.285000,true,40,320,180,1200
world2_high_600,600,400,600,375,95,12.533100,0.075600,2.284100,true,40,320,180,1200
world2_high_600,600,400,600,375,96,12.825100,0.092000,2.666500,true,40,320,180,1200
world2_high_600,600,400,600,375,97,12.507700,0.072100,2.378200,true,40,320,180,1200
world2_high_600,600,400,600,375,98,12.664300,0.081500,2.358900,true,40,320,180,1200
world2_high_600,600,400,600,375,99,12.452400,0.081400,2.355700,true,40,320,180,1200
world2_high_600,600,400,600,375,100,12.875900,0.075900,2.271800,true,40,320,180,1200
world2_high_600,600,400,600,375,101,12.547000,0.073300,2.274500,true,40,320,180,1200
world2_high_600,600,400,600,375,102,12.814900,0.089500,2.701800,true,40,320,180,1200
world2_high_600,600,400,600,375,103,12.565000,0.069300,2.357800,true,40,320,180,1200
world2_high_600,600,400,600,375,104,12.458900,0.092700,2.378100,true,40,320,180,1200
world2_high_600,600,400,600,375,105,12.634400,0.093500,2.347600,true,40,320,180,1200
world2_high_600,600,400,600,375,106,13.287100,0.092400,2.412400,true,40,320,180,1200
world2_high_600,600,400,600,375,107,12.531300,0.070800,2.156100,true,40,320,180,1200
world2_high_600,600,400,600,375,108,12.526600,0.076900,2.655300,true,40,320,180,1200
world2_high_600,600,400,600,375,109,12.507100,0.077500,2.345500,true,40,320,180,1200
world2_high_600,600,400,600,375,110,12.402700,0.098700,2.382000,true,40,320,180,1200
world2_high_600,600,400,600,375,111,12.436200,0.073500,2.247500,true,40,320,180,1200
world2_high_600,600,400,600,375,112,12.979200,0.092100,2.363900,true,40,320,180,1200
world2_high_600,600,400,600,375,113,12.597800,0.078100,2.151500,true,40,320,180,1200
world2_high_1280,1280,800,1280,800,0,13.025900,0.082700,9.710500,true,40,320,180,1200
world2_high_1280,1280,800,1280,800,1,13.526200,0.073000,10.009800,true,40,320,180,1200
world2_high_1280,1280,800,1280,800,2,12.323400,0.083600,9.537900,true,40,320,180,1200
world2_high_1280,1280,800,1280,800,3,12.457800,0.102100,9.767300,true,40,320,180,1200
world2_high_1280,1280,800,1280,800,4,12.938400,0.077600,9.690000,true,40,320,180,1200
world2_high_1280,1280,800,1280,800,5,12.197300,0.073000,9.615400,true,40,320,180,1200
world2_high_1280,1280,800,1280,800,6,12.467600,0.103800,9.871500,true,40,320,180,1200
world2_high_1280,1280,800,1280,800,7,12.229700,0.080800,10.077200,true,40,320,180,1200
world2_high_1280,1280,800,1280,800,8,12.684700,0.091800,10.156300,true,40,320,180,1200
world2_high_1280,1280,800,1280,800,9,12.236300,0.083300,9.749400,true,40,320,180,1200
world2_high_1280,1280,800,1280,800,10,13.415400,0.106900,9.727700,true,40,320,180,1200
world2_high_1280,1280,800,1280,800,11,12.258900,0.090500,10.124100,true,40,320,180,1200
world2_high_1280,1280,800,1280,800,12,14.318300,0.078300,9.765100,true,40,320,180,1200
world2_high_1280,1280,800,1280,800,13,12.244600,0.088100,9.667700,true,40,320,180,1200
world2_high_1280,1280,800,1280,800,14,12.261300,0.087300,10.608400,true,40,320,180,1200
world2_high_1280,1280,800,1280,800,15,12.157500,0.121900,9.666300,true,40,320,180,1200
world2_high_1280,1280,800,1280,800,16,12.299800,0.066300,9.963700,true,40,320,180,1200
world2_high_1280,1280,800,1280,800,17,12.262700,0.101200,9.647100,true,40,320,180,1200
world2_high_1280,1280,800,1280,800,18,12.303200,0.092900,9.654900,true,40,320,180,1200
world2_high_1280,1280,800,1280,800,19,12.237600,0.102900,9.670400,true,40,320,180,1200
world2_high_1280,1280,800,1280,800,20,12.315700,0.087500,9.829700,true,40,320,180,1200
world2_high_1280,1280,800,1280,800,21,12.332500,0.098900,9.777200,true,40,320,180,1200
world2_high_1280,1280,800,1280,800,22,12.587900,0.112800,10.117200,true,40,320,180,1200
world2_high_1280,1280,800,1280,800,23,12.339900,0.080800,9.847500,true,40,320,180,1200
world2_high_1280,1280,800,1280,800,24,12.491500,0.070900,10.661000,true,40,320,180,1200
world2_high_1280,1280,800,1280,800,25,12.667900,0.114100,9.810700,true,40,320,180,1200
world2_high_1280,1280,800,1280,800,26,12.351000,0.089900,9.745600,true,40,320,180,1200
world2_high_1280,1280,800,1280,800,27,12.853000,0.110300,9.750400,true,40,320,180,1200
world2_high_1280,1280,800,1280,800,28,13.341300,0.076300,9.737800,true,40,320,180,1200
world2_high_1280,1280,800,1280,800,29,13.608700,0.132900,9.787100,true,40,320,180,1200
world2_high_1280,1280,800,1280,800,30,12.636600,0.098700,9.705200,true,40,320,180,1200
world2_high_1280,1280,800,1280,800,31,12.334700,0.086700,10.024600,true,40,320,180,1200
world2_high_1280,1280,800,1280,800,32,12.961600,0.077000,10.019200,true,40,320,180,1200
world2_high_1280,1280,800,1280,800,33,12.239600,0.096700,9.687700,true,40,320,180,1200
world2_high_1280,1280,800,1280,800,34,13.292500,0.099000,9.636200,true,40,320,180,1200
world2_high_1280,1280,800,1280,800,35,12.410700,0.124000,10.020500,true,40,320,180,1200
world2_high_1280,1280,800,1280,800,36,12.484100,0.160400,9.735200,true,40,320,180,1200
world2_high_1280,1280,800,1280,800,37,12.429200,0.457000,9.698900,true,40,320,180,1200
world2_high_1280,1280,800,1280,800,38,12.743000,0.109000,10.296200,true,40,320,180,1200
world2_high_1280,1280,800,1280,800,39,12.891800,0.081800,10.528900,true,40,320,180,1200
world2_high_1280,1280,800,1280,800,40,12.717700,0.101500,9.696800,true,40,320,180,1200
world2_high_1280,1280,800,1280,800,41,12.454700,0.062000,9.603500,true,40,320,180,1200
world2_high_1280,1280,800,1280,800,42,12.652700,0.110500,9.772900,true,40,320,180,1200
world2_high_1280,1280,800,1280,800,43,12.455800,0.071400,9.660600,true,40,320,180,1200
world2_high_1280,1280,800,1280,800,44,14.133500,0.091800,9.658800,true,40,320,180,1200
world2_high_1280,1280,800,1280,800,45,12.921400,0.089900,9.745900,true,40,320,180,1200
world2_high_1280,1280,800,1280,800,46,12.351500,0.076000,9.536200,true,40,320,180,1200
world2_high_1280,1280,800,1280,800,47,12.804100,0.098300,10.074300,true,40,320,180,1200
world2_high_1280,1280,800,1280,800,48,13.298800,0.101700,9.692300,true,40,320,180,1200
world2_high_1280,1280,800,1280,800,49,13.787000,0.096000,9.823600,true,40,320,180,1200
world2_high_1280,1280,800,1280,800,50,15.937000,0.078000,9.686600,true,40,320,180,1200
world2_high_1280,1280,800,1280,800,51,12.795700,0.095000,9.703800,true,40,320,180,1200
world2_high_1280,1280,800,1280,800,52,14.778300,0.097200,9.741800,true,40,320,180,1200
world2_high_1280,1280,800,1280,800,53,13.217800,0.095000,9.736200,true,40,320,180,1200
world2_high_1280,1280,800,1280,800,54,12.597100,0.092700,10.100500,true,40,320,180,1200
world2_high_1280,1280,800,1280,800,55,12.692600,0.130700,9.610900,true,40,320,180,1200
world2_high_1280,1280,800,1280,800,56,12.357000,0.102100,9.784000,true,40,320,180,1200
world2_high_1280,1280,800,1280,800,57,14.431500,0.088600,10.102300,true,40,320,180,1200
world2_high_1280,1280,800,1280,800,58,12.427600,0.089800,9.746900,true,40,320,180,1200
world2_high_1280,1280,800,1280,800,59,13.064400,0.076400,10.764000,true,40,320,180,1200
world2_high_1280,1280,800,1280,800,60,12.656600,0.080900,9.790600,true,40,320,180,1200
world2_high_1280,1280,800,1280,800,61,12.575400,0.102500,9.955000,true,40,320,180,1200
world2_high_1280,1280,800,1280,800,62,12.497700,0.101800,9.865700,true,40,320,180,1200
world2_high_1280,1280,800,1280,800,63,13.188100,0.071300,9.817000,true,40,320,180,1200
world2_high_1280,1280,800,1280,800,64,12.772700,0.072400,9.697100,true,40,320,180,1200
world2_high_1280,1280,800,1280,800,65,12.594500,0.077500,9.749400,true,40,320,180,1200
world2_high_1280,1280,800,1280,800,66,12.749100,0.094600,10.077300,true,40,320,180,1200
world2_high_1280,1280,800,1280,800,67,12.714000,0.099400,10.077600,true,40,320,180,1200
world2_high_1280,1280,800,1280,800,68,13.893600,0.096000,10.043800,true,40,320,180,1200
world2_high_1280,1280,800,1280,800,69,12.428900,0.081900,9.663500,true,40,320,180,1200
world2_high_1280,1280,800,1280,800,70,12.535300,0.098800,9.866800,true,40,320,180,1200
world2_high_1280,1280,800,1280,800,71,12.785300,0.087800,10.097600,true,40,320,180,1200
world2_high_1280,1280,800,1280,800,72,15.238000,0.097100,9.799300,true,40,320,180,1200
world2_high_1280,1280,800,1280,800,73,12.541100,0.096300,10.131500,true,40,320,180,1200
world2_high_1280,1280,800,1280,800,74,12.452200,0.070200,9.518800,true,40,320,180,1200
world2_high_1280,1280,800,1280,800,75,12.428600,0.120800,9.677800,true,40,320,180,1200
world2_high_1280,1280,800,1280,800,76,12.605100,0.076500,9.826800,true,40,320,180,1200
world4_normal_960,960,600,960,600,0,11.777600,0.063000,1.198100,true,6,32,12,120
world4_normal_960,960,600,960,600,1,11.960700,0.066400,1.199900,true,6,32,12,120
world4_normal_960,960,600,960,600,2,11.681300,0.063900,1.225600,true,6,32,12,120
world4_normal_960,960,600,960,600,3,11.789500,0.086100,1.408300,true,6,32,12,120
world4_normal_960,960,600,960,600,4,11.702000,0.126400,1.232700,true,6,32,12,120
world4_normal_960,960,600,960,600,5,11.771400,0.090100,1.208000,true,6,32,12,120
world4_normal_960,960,600,960,600,6,12.316600,0.057300,1.207700,true,6,32,12,120
world4_normal_960,960,600,960,600,7,11.647600,0.070000,1.393800,true,6,32,12,120
world4_normal_960,960,600,960,600,8,11.731500,0.070300,1.213000,true,6,32,12,120
world4_normal_960,960,600,960,600,9,11.754800,0.073500,1.385100,true,6,32,12,120
world4_normal_960,960,600,960,600,10,13.760900,0.068600,1.316400,true,6,32,12,120
world4_normal_960,960,600,960,600,11,11.760900,0.064600,1.220300,true,6,32,12,120
world4_normal_960,960,600,960,600,12,11.842300,0.079500,1.687900,true,6,32,12,120
world4_normal_960,960,600,960,600,13,11.553200,0.074300,1.258000,true,6,32,12,120
world4_normal_960,960,600,960,600,14,11.510100,0.103000,1.411300,true,6,32,12,120
world4_normal_960,960,600,960,600,15,11.982500,0.075000,1.746100,true,6,32,12,120
world4_normal_960,960,600,960,600,16,11.655100,0.074400,1.383500,true,6,32,12,120
world4_normal_960,960,600,960,600,17,11.651700,0.066300,1.395700,true,6,32,12,120
world4_normal_960,960,600,960,600,18,14.157300,0.068800,1.434200,true,6,32,12,120
world4_normal_960,960,600,960,600,19,11.620200,0.090100,1.404300,true,6,32,12,120
world4_normal_960,960,600,960,600,20,11.788500,0.089800,1.412500,true,6,32,12,120
world4_normal_960,960,600,960,600,21,11.777700,0.106700,1.519600,true,6,32,12,120
world4_normal_960,960,600,960,600,22,12.232200,0.078300,1.328200,true,6,32,12,120
world4_normal_960,960,600,960,600,23,12.071700,0.088900,1.408900,true,6,32,12,120
world4_normal_960,960,600,960,600,24,11.713300,0.079900,1.362500,true,6,32,12,120
world4_normal_960,960,600,960,600,25,12.321600,0.099500,1.473000,true,6,32,12,120
world4_normal_960,960,600,960,600,26,11.592200,0.100900,1.404800,true,6,32,12,120
world4_normal_960,960,600,960,600,27,11.792200,0.079100,1.322700,true,6,32,12,120
world4_normal_960,960,600,960,600,28,11.998100,0.064300,1.447600,true,6,32,12,120
world4_normal_960,960,600,960,600,29,11.629500,0.088800,1.400600,true,6,32,12,120
world4_normal_960,960,600,960,600,30,12.613600,0.096400,1.387500,true,6,32,12,120
world4_normal_960,960,600,960,600,31,12.438300,0.092300,1.371900,true,6,32,12,120
world4_normal_960,960,600,960,600,32,12.076800,0.087300,1.704100,true,6,32,12,120
world4_normal_960,960,600,960,600,33,11.594100,0.090200,1.403300,true,6,32,12,120
world4_normal_960,960,600,960,600,34,11.832300,0.100900,1.331600,true,6,32,12,120
world4_normal_960,960,600,960,600,35,11.774800,0.082200,1.222200,true,6,32,12,120
world4_normal_960,960,600,960,600,36,11.620300,0.067200,1.200800,true,6,32,12,120
world4_normal_960,960,600,960,600,37,11.941800,0.065300,1.185900,true,6,32,12,120
world4_normal_960,960,600,960,600,38,11.789200,0.062200,1.199500,true,6,32,12,120
world4_normal_960,960,600,960,600,39,11.834600,0.059500,1.233100,true,6,32,12,120
world4_normal_960,960,600,960,600,40,11.649700,0.080000,1.332200,true,6,32,12,120
world4_normal_960,960,600,960,600,41,11.542300,0.068300,1.212000,true,6,32,12,120
world4_normal_960,960,600,960,600,42,13.717400,0.068400,1.435700,true,6,32,12,120
world4_normal_960,960,600,960,600,43,11.657600,0.065900,1.201100,true,6,32,12,120
world4_normal_960,960,600,960,600,44,11.790800,0.072100,1.284600,true,6,32,12,120
world4_normal_960,960,600,960,600,45,11.605700,0.078300,1.248800,true,6,32,12,120
world4_normal_960,960,600,960,600,46,11.661100,0.076100,1.380400,true,6,32,12,120
world4_normal_960,960,600,960,600,47,12.616500,0.060600,1.193200,true,6,32,12,120
world4_normal_960,960,600,960,600,48,11.951800,0.068700,1.335200,true,6,32,12,120
world4_normal_960,960,600,960,600,49,12.002100,0.082000,1.265800,true,6,32,12,120
world4_normal_960,960,600,960,600,50,11.343700,0.085400,1.305700,true,6,32,12,120
world4_normal_960,960,600,960,600,51,13.423900,0.069900,1.326800,true,6,32,12,120
world4_normal_960,960,600,960,600,52,12.049800,0.063800,1.195900,true,6,32,12,120
world4_normal_960,960,600,960,600,53,11.760800,0.065400,1.245400,true,6,32,12,120
world4_normal_960,960,600,960,600,54,11.724800,0.089700,1.443000,true,7,32,12,120
world4_normal_960,960,600,960,600,55,11.713100,0.067900,1.213600,true,6,32,12,120
world4_normal_960,960,600,960,600,56,11.838300,0.065800,1.188700,true,6,32,12,120
world4_normal_960,960,600,960,600,57,12.093800,0.066000,1.182400,true,6,32,13,120
world4_normal_960,960,600,960,600,58,11.712500,0.082500,1.758400,true,6,32,12,120
world4_normal_960,960,600,960,600,59,11.744100,0.086000,1.210400,true,6,32,12,120
world4_normal_960,960,600,960,600,60,11.376900,0.078100,1.229400,true,6,32,12,120
world4_normal_960,960,600,960,600,61,13.717500,0.064500,1.379500,true,6,32,13,120
world4_normal_960,960,600,960,600,62,11.681400,0.072600,1.203600,true,6,32,12,120
world4_normal_960,960,600,960,600,63,11.914100,0.099600,1.410900,true,6,32,12,120
world4_normal_960,960,600,960,600,64,11.524800,0.071900,1.210200,true,6,32,12,120
world4_normal_960,960,600,960,600,65,14.058300,0.072600,1.727200,true,6,32,12,120
world4_normal_960,960,600,960,600,66,11.709300,0.080300,1.480800,true,6,32,12,120
world4_normal_960,960,600,960,600,67,11.617500,0.080400,1.203700,true,6,32,12,120
world4_normal_960,960,600,960,600,68,13.565200,0.068400,1.327300,true,6,32,12,120
world4_normal_960,960,600,960,600,69,11.892300,0.061200,1.195300,true,6,32,12,120
world4_normal_960,960,600,960,600,70,11.809000,0.069400,1.330700,true,6,32,12,120
world4_normal_960,960,600,960,600,71,11.736000,0.072500,1.414400,true,6,32,12,120
world4_normal_960,960,600,960,600,72,11.934400,0.070700,1.236100,true,6,32,12,120
world4_normal_960,960,600,960,600,73,12.173200,0.074100,1.428400,true,6,32,12,120
world4_normal_960,960,600,960,600,74,11.605400,0.074300,1.416300,true,6,32,12,120
world4_normal_960,960,600,960,600,75,11.579800,0.093900,1.547400,true,6,32,12,120
world4_normal_960,960,600,960,600,76,11.493300,0.089800,1.370600,true,6,32,12,120
world4_normal_960,960,600,960,600,77,11.670600,0.067600,1.213500,true,6,32,12,120
world4_normal_960,960,600,960,600,78,11.943100,0.068300,1.736800,true,6,32,12,120
world4_normal_960,960,600,960,600,79,11.512000,0.093100,1.453400,true,6,32,12,120
world4_normal_960,960,600,960,600,80,12.257300,0.095400,1.484200,true,6,32,12,120
world4_normal_960,960,600,960,600,81,11.444500,0.113000,1.447500,true,6,32,12,120
world4_normal_960,960,600,960,600,82,11.551000,0.069300,1.421400,true,6,32,12,120
world4_normal_960,960,600,960,600,83,12.013100,0.089100,1.299600,true,6,32,12,120
world4_normal_960,960,600,960,600,84,12.021100,0.090400,1.445200,true,6,32,12,120
world4_normal_960,960,600,960,600,85,11.766700,0.102400,1.429400,true,6,32,12,120
world4_normal_960,960,600,960,600,86,11.612600,0.110100,1.365500,true,6,32,12,120
world4_normal_960,960,600,960,600,87,12.183900,0.062400,1.381300,true,6,32,12,120
world4_normal_960,960,600,960,600,88,11.681900,0.094600,1.362500,true,6,32,12,120
world4_normal_960,960,600,960,600,89,12.052000,0.099000,1.743000,true,6,32,13,120
world4_normal_960,960,600,960,600,90,11.673500,0.082400,1.425500,true,6,32,12,120
world4_normal_960,960,600,960,600,91,11.505800,0.079800,1.209800,true,6,32,12,120
world4_normal_960,960,600,960,600,92,12.173800,0.073500,1.715300,true,6,32,12,120
world4_normal_960,960,600,960,600,93,12.073900,0.068800,1.479000,true,6,32,12,120
world4_normal_960,960,600,960,600,94,12.194000,0.085100,1.367700,true,6,32,12,120
world4_normal_960,960,600,960,600,95,11.623600,0.081800,1.316400,true,6,32,12,120
world4_normal_960,960,600,960,600,96,13.611300,0.070500,1.299900,true,6,32,12,120
world4_normal_960,960,600,960,600,97,11.613600,0.063200,1.208200,true,6,32,12,120
world4_normal_960,960,600,960,600,98,11.705100,0.063100,1.242300,true,6,32,12,120
world4_normal_960,960,600,960,600,99,11.654700,0.088800,1.317400,true,6,32,12,120
world4_normal_960,960,600,960,600,100,11.746900,0.067300,1.199700,true,6,32,12,120
world4_normal_960,960,600,960,600,101,11.746800,0.074600,1.224700,true,6,32,12,120
world4_normal_960,960,600,960,600,102,12.820200,0.064500,1.325400,true,6,32,12,120
world4_normal_960,960,600,960,600,103,11.789700,0.100000,1.505800,true,6,32,12,120
world4_normal_960,960,600,960,600,104,11.586300,0.084000,1.399800,true,6,32,12,120
world4_normal_960,960,600,960,600,105,13.664700,0.080600,1.319300,true,6,32,12,120
world4_normal_960,960,600,960,600,106,11.875000,0.100100,1.757700,true,6,32,12,120
world4_normal_960,960,600,960,600,107,11.708700,0.098000,1.272400,true,6,32,12,120
world4_normal_960,960,600,960,600,108,11.467200,0.086600,1.209100,true,6,32,12,120
world4_normal_960,960,600,960,600,109,12.152000,0.066700,1.205100,true,6,32,12,120
world4_normal_960,960,600,960,600,110,11.768300,0.082400,1.675900,true,6,32,12,120
world4_normal_960,960,600,960,600,111,11.693400,0.157500,1.412400,true,6,32,12,120
world4_normal_960,960,600,960,600,112,11.767800,0.119600,1.363100,true,6,32,12,120
world4_normal_960,960,600,960,600,113,11.537100,0.114500,1.499400,true,6,32,12,120
world4_normal_960,960,600,960,600,114,11.961200,0.075800,1.363400,true,6,32,12,120
world4_normal_960,960,600,960,600,115,11.947300,0.096700,1.739900,true,6,32,12,120
world4_normal_960,960,600,960,600,116,11.842300,0.097000,1.375100,true,6,32,12,120
world4_normal_960,960,600,960,600,117,11.844200,0.105300,1.483600,true,6,32,12,120
world4_normal_960,960,600,960,600,118,12.129500,0.082500,1.360300,true,6,32,12,120
world4_normal_960,960,600,960,600,119,11.893100,0.087800,1.711800,true,6,32,12,120
world4_normal_960,960,600,960,600,120,11.654200,0.087600,1.379500,true,6,32,12,120
world4_normal_960,960,600,960,600,121,16.092400,0.070300,1.512200,true,6,32,12,120
world4_normal_960,960,600,960,600,122,13.382300,0.073100,1.499000,true,6,32,12,120
world4_normal_960,960,600,960,600,123,13.632900,0.074100,1.513900,true,6,32,12,120
world4_normal_960,960,600,960,600,124,13.582400,0.067700,1.410300,true,6,32,12,120
world4_normal_960,960,600,960,600,125,13.627000,0.083400,1.365300,true,6,32,12,120
world4_normal_960,960,600,960,600,126,16.141400,0.085000,1.432400,true,6,32,12,120
world4_normal_960,960,600,960,600,127,13.517700,0.074600,1.465600,true,6,32,12,120
world4_normal_960,960,600,960,600,128,15.298200,0.080900,2.297200,true,6,32,12,120
world4_normal_600,600,400,600,375,0,11.554200,0.079500,2.184400,true,6,32,12,120
world4_normal_600,600,400,600,375,1,14.756500,0.107700,2.337300,true,6,32,12,120
world4_normal_600,600,400,600,375,2,12.355000,0.074400,2.344300,true,7,32,12,120
world4_normal_600,600,400,600,375,3,11.976600,0.074200,2.493000,true,6,32,12,120
world4_normal_600,600,400,600,375,4,11.601500,0.071700,2.254200,true,6,32,12,120
world4_normal_600,600,400,600,375,5,11.754800,0.072900,2.405500,true,6,32,12,120
world4_normal_600,600,400,600,375,6,11.646000,0.078100,2.498000,true,6,32,12,120
world4_normal_600,600,400,600,375,7,11.601600,0.106800,2.401700,true,6,32,12,120
world4_normal_600,600,400,600,375,8,12.168700,0.071800,2.213900,true,6,32,12,120
world4_normal_600,600,400,600,375,9,11.898300,0.072200,2.426200,true,6,32,12,120
world4_normal_600,600,400,600,375,10,12.023800,0.072800,2.266500,true,6,32,12,120
world4_normal_600,600,400,600,375,11,11.799500,0.075400,2.417200,true,6,32,12,120
world4_normal_600,600,400,600,375,12,11.587100,0.084300,2.445900,true,6,32,12,120
world4_normal_600,600,400,600,375,13,11.802500,0.085700,2.343600,true,6,32,12,120
world4_normal_600,600,400,600,375,14,12.004900,0.087600,2.441700,true,6,32,12,120
world4_normal_600,600,400,600,375,15,12.155400,0.072600,2.754100,true,6,32,12,120
world4_normal_600,600,400,600,375,16,11.680400,0.074800,2.390200,true,6,32,12,120
world4_normal_600,600,400,600,375,17,12.865200,0.079100,2.341900,true,6,32,12,120
world4_normal_600,600,400,600,375,18,12.079800,0.094100,2.416300,true,6,32,12,120
world4_normal_600,600,400,600,375,19,11.910200,0.101200,2.354700,true,6,32,12,120
world4_normal_600,600,400,600,375,20,11.974500,0.076900,2.360400,true,6,32,12,120
world4_normal_600,600,400,600,375,21,12.043100,0.108700,2.335500,true,6,32,12,120
world4_normal_600,600,400,600,375,22,11.793400,0.084500,2.308200,true,6,32,12,120
world4_normal_600,600,400,600,375,23,12.065600,0.071200,2.190600,true,6,32,12,120
world4_normal_600,600,400,600,375,24,11.930500,0.075400,2.371000,true,6,32,12,120
world4_normal_600,600,400,600,375,25,11.694900,0.081800,2.224000,true,6,32,12,120
world4_normal_600,600,400,600,375,26,12.033800,0.069700,2.172900,true,6,32,12,120
world4_normal_600,600,400,600,375,27,11.865500,0.077600,2.431800,true,6,32,12,120
world4_normal_600,600,400,600,375,28,11.725900,0.079600,2.194700,true,6,32,12,120
world4_normal_600,600,400,600,375,29,12.206100,0.078200,2.517200,true,6,32,12,120
world4_normal_600,600,400,600,375,30,11.763700,0.103200,2.423100,true,6,32,12,120
world4_normal_600,600,400,600,375,31,14.553000,0.074700,2.397400,true,6,32,12,120
world4_normal_600,600,400,600,375,32,12.021800,0.068100,2.181700,true,6,32,12,120
world4_normal_600,600,400,600,375,33,12.277000,0.091300,2.356800,true,6,32,12,120
world4_normal_600,600,400,600,375,34,11.795500,0.112100,2.313700,true,6,32,12,120
world4_normal_600,600,400,600,375,35,11.536500,0.096000,2.315800,true,6,32,12,120
world4_normal_600,600,400,600,375,36,11.951500,0.097200,2.696900,true,6,32,12,120
world4_normal_600,600,400,600,375,37,11.566100,0.084500,2.793300,true,6,32,12,120
world4_normal_600,600,400,600,375,38,11.922100,0.130300,2.406700,true,6,32,12,120
world4_normal_600,600,400,600,375,39,11.634000,0.100300,2.357800,true,6,32,12,120
world4_normal_600,600,400,600,375,40,11.479200,0.081200,2.201400,true,6,32,12,120
world4_normal_600,600,400,600,375,41,12.057700,0.090800,2.752800,true,6,32,12,120
world4_normal_600,600,400,600,375,42,11.936100,0.105200,2.320700,true,6,32,12,120
world4_normal_600,600,400,600,375,43,14.182600,0.097900,2.419900,true,6,32,12,120
world4_normal_600,600,400,600,375,44,11.581700,0.091500,2.188500,true,6,32,12,120
world4_normal_600,600,400,600,375,45,11.645000,0.092800,2.364700,true,6,32,12,120
world4_normal_600,600,400,600,375,46,12.062700,0.099100,2.718400,true,6,32,12,120
world4_normal_600,600,400,600,375,47,11.728900,0.082600,2.325100,true,6,32,12,120
world4_normal_600,600,400,600,375,48,12.034600,0.077000,2.444500,true,6,32,12,120
world4_normal_600,600,400,600,375,49,12.020200,0.094700,2.495000,true,6,32,12,120
world4_normal_600,600,400,600,375,50,12.220600,0.098000,2.354700,true,6,32,12,120
world4_normal_600,600,400,600,375,51,11.627500,0.074400,2.320600,true,6,32,12,120
world4_normal_600,600,400,600,375,52,11.504200,0.083400,2.199500,true,6,32,12,120
world4_normal_600,600,400,600,375,53,11.571200,0.076500,2.358800,true,6,32,12,120
world4_normal_600,600,400,600,375,54,12.063400,0.077400,2.270900,true,6,32,12,120
world4_normal_600,600,400,600,375,55,11.679100,0.082800,2.260100,true,6,32,12,120
world4_normal_600,600,400,600,375,56,11.529400,0.076600,2.280000,true,6,32,12,120
world4_normal_600,600,400,600,375,57,12.006500,0.088400,2.660600,true,7,32,12,120
world4_normal_600,600,400,600,375,58,11.453800,0.087200,2.380800,true,6,32,12,120
world4_normal_600,600,400,600,375,59,11.634300,0.096200,2.348100,true,6,32,12,120
world4_normal_600,600,400,600,375,60,12.040700,0.090900,2.747200,true,6,32,13,120
world4_normal_600,600,400,600,375,61,11.709400,0.075200,2.962600,true,6,32,12,120
world4_normal_600,600,400,600,375,62,11.823700,0.072700,2.429000,true,6,32,12,120
world4_normal_600,600,400,600,375,63,12.041900,0.072200,2.197300,true,6,32,12,120
world4_normal_600,600,400,600,375,64,17.948000,0.084600,2.422300,true,6,32,13,120
world4_normal_600,600,400,600,375,65,11.970900,0.071500,2.354800,true,6,32,12,120
world4_normal_600,600,400,600,375,66,12.332600,0.076300,2.221400,true,6,32,12,120
world4_normal_600,600,400,600,375,67,11.775500,0.073800,2.434700,true,6,32,12,120
world4_normal_600,600,400,600,375,68,12.140500,0.088800,2.443900,true,6,32,12,120
world4_normal_600,600,400,600,375,69,12.027400,0.076300,2.313100,true,6,32,12,120
world4_normal_600,600,400,600,375,70,11.911500,0.073200,2.467100,true,6,32,12,120
world4_normal_600,600,400,600,375,71,11.762100,0.083900,2.360200,true,6,32,12,120
world4_normal_600,600,400,600,375,72,11.769600,0.073000,2.327900,true,6,32,12,120
world4_normal_600,600,400,600,375,73,11.978900,0.113300,2.861800,true,6,32,12,120
world4_normal_600,600,400,600,375,74,12.036100,0.081400,2.427000,true,6,32,12,120
world4_normal_600,600,400,600,375,75,12.012400,0.072100,2.351400,true,6,32,12,120
world4_normal_600,600,400,600,375,76,11.770800,0.084000,2.204700,true,6,32,12,120
world4_normal_600,600,400,600,375,77,12.362400,0.090700,2.357000,true,6,32,12,120
world4_normal_600,600,400,600,375,78,11.632000,0.075600,2.403100,true,6,32,12,120
world4_normal_600,600,400,600,375,79,12.312100,0.067600,2.361200,true,6,32,12,120
world4_normal_600,600,400,600,375,80,11.902100,0.087700,2.336600,true,6,32,12,120
world4_normal_600,600,400,600,375,81,11.582500,0.114700,2.313300,true,6,32,12,120
world4_normal_600,600,400,600,375,82,11.945400,0.101200,2.399300,true,6,32,12,120
world4_normal_600,600,400,600,375,83,11.815900,0.098000,2.323100,true,6,32,12,120
world4_normal_600,600,400,600,375,84,11.565400,0.096400,2.336000,true,6,32,12,120
world4_normal_600,600,400,600,375,85,12.060400,0.081500,2.663000,true,6,32,12,120
world4_normal_600,600,400,600,375,86,11.786500,0.085900,2.360900,true,6,32,12,120
world4_normal_600,600,400,600,375,87,11.711900,0.068600,2.154900,true,6,32,12,120
world4_normal_600,600,400,600,375,88,11.927900,0.074000,2.688200,true,6,32,12,120
world4_normal_600,600,400,600,375,89,11.572600,0.100500,2.412100,true,6,32,12,120
world4_normal_600,600,400,600,375,90,13.236200,0.097500,2.463300,true,6,32,12,120
world4_normal_600,600,400,600,375,91,11.588800,0.095100,2.383500,true,6,32,12,120
world4_normal_600,600,400,600,375,92,11.637800,0.094700,2.366900,true,6,32,13,120
world4_normal_600,600,400,600,375,93,12.061800,0.090100,2.670500,true,6,32,12,120
world4_normal_600,600,400,600,375,94,11.566600,0.075100,2.228600,true,6,32,12,120
world4_normal_600,600,400,600,375,95,13.791600,0.076400,2.355800,true,6,32,12,120
world4_normal_600,600,400,600,375,96,13.471100,0.079300,2.372600,true,6,32,12,120
world4_normal_600,600,400,600,375,97,13.345000,0.095400,2.485800,true,6,32,12,120
world4_normal_600,600,400,600,375,98,11.649700,0.072100,2.278900,true,6,32,12,120
world4_normal_600,600,400,600,375,99,11.840800,0.097800,2.310200,true,6,32,12,120
world4_normal_600,600,400,600,375,100,11.561600,0.109900,2.334000,true,6,32,12,120
world4_normal_600,600,400,600,375,101,12.116300,0.068500,2.388600,true,6,32,12,120
world4_normal_600,600,400,600,375,102,11.664500,0.094400,2.398000,true,6,32,12,120
world4_normal_600,600,400,600,375,103,11.578900,0.099900,2.245400,true,6,32,12,120
world4_normal_600,600,400,600,375,104,13.483700,0.074800,2.371600,true,6,32,12,120
world4_normal_600,600,400,600,375,105,11.468700,0.086800,2.427600,true,6,32,12,120
world4_normal_600,600,400,600,375,106,11.563300,0.097800,2.369100,true,6,32,12,120
world4_normal_600,600,400,600,375,107,11.567300,0.089700,2.404700,true,6,32,12,120
world4_normal_600,600,400,600,375,108,11.586400,0.101500,2.362700,true,6,32,12,120
world4_normal_600,600,400,600,375,109,12.386800,0.070300,2.172000,true,6,32,12,120
world4_normal_600,600,400,600,375,110,11.592100,0.090200,2.423000,true,6,32,12,120
world4_normal_600,600,400,600,375,111,12.412200,0.072500,2.416400,true,6,32,12,120
world4_normal_600,600,400,600,375,112,11.507600,0.094700,2.409000,true,6,32,12,120
world4_normal_600,600,400,600,375,113,11.796700,0.088500,2.359700,true,6,32,12,120
world4_normal_600,600,400,600,375,114,13.199700,0.098200,2.401300,true,6,32,12,120
world4_normal_600,600,400,600,375,115,11.699700,0.099000,2.438200,true,6,32,12,120
world4_normal_600,600,400,600,375,116,11.453900,0.086800,2.177000,true,6,32,12,120
world4_normal_600,600,400,600,375,117,11.608300,0.086300,2.353200,true,6,32,12,120
world4_normal_600,600,400,600,375,118,11.622600,0.075900,2.333600,true,6,32,12,120
world4_normal_600,600,400,600,375,119,11.293800,0.088100,2.241800,true,6,32,12,120
world4_normal_600,600,400,600,375,120,11.556600,0.070800,2.499600,true,6,32,12,120
world4_normal_1280,1280,800,1280,800,0,11.469500,0.079200,9.695300,true,6,32,12,120
world4_normal_1280,1280,800,1280,800,1,11.566200,0.084900,9.618200,true,6,32,12,120
world4_normal_1280,1280,800,1280,800,2,11.571800,0.100700,10.040600,true,6,32,12,120
world4_normal_1280,1280,800,1280,800,3,13.546700,0.091700,10.086000,true,6,32,12,120
world4_normal_1280,1280,800,1280,800,4,12.488700,0.077200,9.694400,true,6,32,12,120
world4_normal_1280,1280,800,1280,800,5,11.837900,0.098700,9.913200,true,6,32,12,120
world4_normal_1280,1280,800,1280,800,6,13.022500,0.070600,9.719900,true,6,32,12,120
world4_normal_1280,1280,800,1280,800,7,12.038100,0.074200,10.085900,true,6,32,12,120
world4_normal_1280,1280,800,1280,800,8,11.918200,0.112000,9.944300,true,6,32,12,120
world4_normal_1280,1280,800,1280,800,9,11.689100,0.072200,9.903200,true,6,32,12,120
world4_normal_1280,1280,800,1280,800,10,11.644900,0.093400,9.934600,true,6,32,12,120
world4_normal_1280,1280,800,1280,800,11,11.759100,0.068700,9.744700,true,6,32,12,120
world4_normal_1280,1280,800,1280,800,12,13.385300,0.079300,10.593300,true,6,32,12,120
world4_normal_1280,1280,800,1280,800,13,14.049300,0.079800,9.936200,true,6,32,12,120
world4_normal_1280,1280,800,1280,800,14,11.996200,0.074700,11.275700,true,6,32,12,120
world4_normal_1280,1280,800,1280,800,15,11.807100,0.077700,9.712000,true,6,32,12,120
world4_normal_1280,1280,800,1280,800,16,11.802500,0.072000,11.614500,true,6,32,12,120
world4_normal_1280,1280,800,1280,800,17,12.220500,0.075800,10.014300,true,6,32,12,120
world4_normal_1280,1280,800,1280,800,18,11.725900,0.073300,10.982000,true,6,32,12,120
world4_normal_1280,1280,800,1280,800,19,11.452700,0.079800,9.857700,true,6,32,12,120
world4_normal_1280,1280,800,1280,800,20,11.704000,0.099400,10.169000,true,7,32,12,120
world4_normal_1280,1280,800,1280,800,21,13.464400,0.091000,9.682600,true,6,32,12,120
world4_normal_1280,1280,800,1280,800,22,11.405500,0.092800,9.685800,true,6,32,12,120
world4_normal_1280,1280,800,1280,800,23,11.554400,0.081800,9.667300,true,6,32,12,120
world4_normal_1280,1280,800,1280,800,24,11.563700,0.080500,9.615900,true,6,32,12,120
world4_normal_1280,1280,800,1280,800,25,11.812400,0.083900,9.821300,true,6,32,12,120
world4_normal_1280,1280,800,1280,800,26,13.112400,0.090500,9.845000,true,6,32,12,120
world4_normal_1280,1280,800,1280,800,27,11.317900,0.100900,9.801100,true,6,32,12,120
world4_normal_1280,1280,800,1280,800,28,11.447200,0.101000,10.040200,true,6,32,12,120
world4_normal_1280,1280,800,1280,800,29,13.115300,0.072100,9.779000,true,6,32,12,120
world4_normal_1280,1280,800,1280,800,30,11.430500,0.117100,9.808000,true,6,32,12,120
world4_normal_1280,1280,800,1280,800,31,11.864100,0.092100,9.954500,true,6,32,12,120
world4_normal_1280,1280,800,1280,800,32,11.326300,0.121400,9.566900,true,6,32,12,120
world4_normal_1280,1280,800,1280,800,33,11.669700,0.092900,10.006200,true,6,32,12,120
world4_normal_1280,1280,800,1280,800,34,11.389400,0.108100,9.721000,true,6,32,12,120
world4_normal_1280,1280,800,1280,800,35,11.555600,0.100000,10.053900,true,6,32,12,120
world4_normal_1280,1280,800,1280,800,36,11.908900,0.071200,9.651200,true,6,32,12,120
world4_normal_1280,1280,800,1280,800,37,11.456700,0.072000,9.791500,true,6,32,12,120
world4_normal_1280,1280,800,1280,800,38,12.039900,0.080400,9.807000,true,6,32,12,120
world4_normal_1280,1280,800,1280,800,39,11.693700,0.072200,9.589000,true,6,32,12,120
world4_normal_1280,1280,800,1280,800,40,11.564000,0.090700,9.777600,true,6,32,12,120
world4_normal_1280,1280,800,1280,800,41,11.485200,0.081400,10.627300,true,6,32,12,120
world4_normal_1280,1280,800,1280,800,42,11.647100,0.084000,10.087800,true,6,32,12,120
world4_normal_1280,1280,800,1280,800,43,11.952700,0.090200,10.046300,true,6,32,12,120
world4_normal_1280,1280,800,1280,800,44,11.724900,0.088500,9.843000,true,6,32,12,120
world4_normal_1280,1280,800,1280,800,45,12.024600,0.078800,9.835000,true,6,32,12,120
world4_normal_1280,1280,800,1280,800,46,11.492800,0.063300,9.682100,true,6,32,12,120
world4_normal_1280,1280,800,1280,800,47,12.250800,0.074500,9.804600,true,6,32,12,120
world4_normal_1280,1280,800,1280,800,48,11.626300,0.069400,9.975800,true,6,32,12,120
world4_normal_1280,1280,800,1280,800,49,11.435200,0.125800,9.727700,true,6,32,12,120
world4_normal_1280,1280,800,1280,800,50,11.741400,0.086400,10.015800,true,6,32,12,120
world4_normal_1280,1280,800,1280,800,51,13.290100,0.093500,9.718200,true,6,32,12,120
world4_normal_1280,1280,800,1280,800,52,12.088500,0.076800,9.766500,true,6,32,12,120
world4_normal_1280,1280,800,1280,800,53,11.799700,0.088000,9.937700,true,6,32,12,120
world4_normal_1280,1280,800,1280,800,54,13.888600,0.085600,9.998900,true,6,32,12,120
world4_normal_1280,1280,800,1280,800,55,11.863200,0.073500,9.801300,true,6,32,12,120
world4_normal_1280,1280,800,1280,800,56,11.855000,0.075300,9.923900,true,6,32,12,120
world4_normal_1280,1280,800,1280,800,57,11.596700,0.087100,9.763100,true,6,32,12,120
world4_normal_1280,1280,800,1280,800,58,11.545300,0.093400,9.921700,true,6,32,12,120
world4_normal_1280,1280,800,1280,800,59,12.051200,0.081200,10.019200,true,6,32,12,120
world4_normal_1280,1280,800,1280,800,60,12.083900,0.068800,9.536200,true,6,32,12,120
world4_normal_1280,1280,800,1280,800,61,11.796000,0.076700,9.733000,true,6,32,12,120
world4_normal_1280,1280,800,1280,800,62,11.620100,0.082700,9.784900,true,6,32,12,120
world4_normal_1280,1280,800,1280,800,63,11.498000,0.087900,9.803000,true,6,32,12,120
world4_normal_1280,1280,800,1280,800,64,11.613800,0.078400,9.663500,true,6,32,12,120
world4_normal_1280,1280,800,1280,800,65,11.569400,0.102300,9.531600,true,6,32,12,120
world4_normal_1280,1280,800,1280,800,66,11.893400,0.100900,10.054200,true,6,32,12,120
world4_normal_1280,1280,800,1280,800,67,12.112400,0.076400,9.780300,true,6,32,12,120
world4_normal_1280,1280,800,1280,800,68,11.651100,0.086800,9.721100,true,6,32,12,120
world4_normal_1280,1280,800,1280,800,69,11.626000,0.072700,9.751800,true,6,32,12,120
world4_normal_1280,1280,800,1280,800,70,11.463400,0.100300,9.806000,true,6,32,12,120
world4_normal_1280,1280,800,1280,800,71,11.703400,0.080900,9.787500,true,6,32,12,120
world4_normal_1280,1280,800,1280,800,72,14.210000,0.095000,9.870400,true,6,32,12,120
world4_normal_1280,1280,800,1280,800,73,11.508100,0.083200,9.636100,true,6,32,12,120
world4_normal_1280,1280,800,1280,800,74,11.889100,0.071100,9.528900,true,6,32,12,120
world4_normal_1280,1280,800,1280,800,75,13.722600,0.074000,9.658900,true,7,32,12,120
world4_normal_1280,1280,800,1280,800,76,11.521100,0.104700,9.854900,true,6,32,12,120
world4_normal_1280,1280,800,1280,800,77,11.928900,0.075600,10.121400,true,6,32,12,120
world4_normal_1280,1280,800,1280,800,78,11.932500,0.095600,9.811600,true,6,32,13,120
world4_normal_1280,1280,800,1280,800,79,11.603200,0.089400,9.769300,true,6,32,12,120
world4_high_960,960,600,960,600,0,17.784000,0.077600,1.403400,true,40,320,180,1200
world4_high_960,960,600,960,600,1,17.812700,0.090900,1.367900,true,40,320,180,1200
world4_high_960,960,600,960,600,2,18.993500,0.083600,1.467300,true,40,320,180,1200
world4_high_960,960,600,960,600,3,17.974300,0.094300,1.345700,true,40,320,180,1200
world4_high_960,960,600,960,600,4,17.851900,0.079200,1.660300,true,40,320,180,1200
world4_high_960,960,600,960,600,5,18.039100,0.073700,1.662900,true,40,320,180,1200
world4_high_960,960,600,960,600,6,17.578800,0.078400,1.402700,true,40,320,180,1200
world4_high_960,960,600,960,600,7,17.622500,0.081900,1.378800,true,40,320,180,1200
world4_high_960,960,600,960,600,8,17.458100,0.102300,1.401600,true,40,320,180,1200
world4_high_960,960,600,960,600,9,21.411300,0.078800,1.411900,true,40,320,180,1200
world4_high_960,960,600,960,600,10,20.448600,0.082400,1.413100,true,40,320,180,1200
world4_high_960,960,600,960,600,11,18.244200,0.091300,1.425500,true,40,320,180,1200
world4_high_960,960,600,960,600,12,17.601700,0.103800,1.387400,true,40,320,180,1200
world4_high_960,960,600,960,600,13,17.736300,0.079300,1.560500,true,40,320,180,1200
world4_high_960,960,600,960,600,14,17.833800,0.073200,1.227000,true,40,320,180,1200
world4_high_960,960,600,960,600,15,17.575500,0.091700,1.442500,true,40,320,180,1200
world4_high_960,960,600,960,600,16,17.946000,0.092200,1.329500,true,40,320,180,1200
world4_high_960,960,600,960,600,17,18.235900,0.115200,1.432900,true,40,320,180,1200
world4_high_960,960,600,960,600,18,17.516900,0.078700,1.415600,true,40,320,180,1200
world4_high_960,960,600,960,600,19,17.571500,0.072600,1.200900,true,40,320,180,1200
world4_high_960,960,600,960,600,20,20.309100,0.069900,1.423000,true,40,320,180,1200
world4_high_960,960,600,960,600,21,18.116800,0.090200,1.363300,true,40,320,180,1200
world4_high_960,960,600,960,600,22,17.697000,0.075900,1.213200,true,40,320,180,1200
world4_high_960,960,600,960,600,23,17.626400,0.077200,1.254200,true,40,320,180,1200
world4_high_960,960,600,960,600,24,17.912700,0.069100,1.198600,true,40,320,180,1200
world4_high_960,960,600,960,600,25,17.891000,0.069800,1.195000,true,40,320,180,1200
world4_high_960,960,600,960,600,26,17.822200,0.076700,1.529500,true,40,320,180,1200
world4_high_960,960,600,960,600,27,17.915900,0.085100,1.744500,true,40,320,180,1200
world4_high_960,960,600,960,600,28,18.224700,0.075400,1.328200,true,40,320,180,1200
world4_high_960,960,600,960,600,29,18.096100,0.080200,1.317400,true,40,320,180,1200
world4_high_960,960,600,960,600,30,18.362000,0.071500,1.304100,true,40,320,180,1200
world4_high_960,960,600,960,600,31,18.135600,0.077200,1.279600,true,40,320,180,1200
world4_high_960,960,600,960,600,32,17.741900,0.077800,1.497700,true,40,320,180,1200
world4_high_960,960,600,960,600,33,17.873900,0.075600,1.496100,true,40,320,180,1200
world4_high_960,960,600,960,600,34,18.393700,0.070800,1.351200,true,40,320,180,1200
world4_high_960,960,600,960,600,35,21.350600,0.084000,1.352400,true,40,320,180,1200
world4_high_960,960,600,960,600,36,18.518500,0.082400,1.475400,true,40,320,180,1200
world4_high_960,960,600,960,600,37,18.265700,0.087200,1.406100,true,40,320,180,1200
world4_high_960,960,600,960,600,38,18.086600,0.099300,1.679400,true,40,320,180,1200
world4_high_960,960,600,960,600,39,18.461400,0.074800,1.424800,true,40,320,180,1200
world4_high_960,960,600,960,600,40,17.693400,0.098200,1.415200,true,40,320,180,1200
world4_high_960,960,600,960,600,41,19.047700,0.096800,1.420700,true,40,320,180,1200
world4_high_960,960,600,960,600,42,17.730500,0.077500,1.207700,true,40,320,180,1200
world4_high_960,960,600,960,600,43,20.468800,0.079400,1.303600,true,40,320,180,1200
world4_high_960,960,600,960,600,44,21.317300,0.221500,1.505100,true,40,320,180,1200
world4_high_960,960,600,960,600,45,17.873800,0.091300,1.263300,true,40,320,180,1200
world4_high_960,960,600,960,600,46,17.729000,0.069500,1.257800,true,40,320,180,1200
world4_high_960,960,600,960,600,47,18.045400,0.069300,1.213300,true,40,320,180,1200
world4_high_960,960,600,960,600,48,19.075000,0.072700,1.211200,true,40,320,180,1200
world4_high_960,960,600,960,600,49,18.625700,0.075300,1.207800,true,40,320,180,1200
world4_high_960,960,600,960,600,50,17.617900,0.088600,1.395700,true,40,320,180,1200
world4_high_960,960,600,960,600,51,18.197900,0.068300,1.212200,true,40,320,180,1200
world4_high_960,960,600,960,600,52,17.973700,0.087200,1.595000,true,40,320,180,1200
world4_high_960,960,600,960,600,53,17.853400,0.081000,1.513300,true,40,320,180,1200
world4_high_960,960,600,960,600,54,19.682200,0.094800,1.365400,true,40,320,180,1200
world4_high_960,960,600,960,600,55,18.161000,0.074500,1.706500,true,40,320,180,1200
world4_high_960,960,600,960,600,56,18.399800,0.078600,1.401300,true,40,320,180,1200
world4_high_960,960,600,960,600,57,18.224600,0.073400,1.671100,true,40,320,180,1200
world4_high_960,960,600,960,600,58,18.167300,0.080600,1.685300,true,40,320,180,1200
world4_high_960,960,600,960,600,59,17.780900,0.106700,1.345500,true,40,320,180,1200
world4_high_960,960,600,960,600,60,17.807000,0.094300,1.287300,true,40,320,180,1200
world4_high_960,960,600,960,600,61,20.919800,0.089500,1.416200,true,40,320,180,1200
world4_high_960,960,600,960,600,62,18.081900,0.079800,1.273000,true,40,320,180,1200
world4_high_960,960,600,960,600,63,20.400000,0.065600,1.200900,true,40,320,180,1200
world4_high_960,960,600,960,600,64,18.206900,0.088200,1.222600,true,40,320,180,1200
world4_high_960,960,600,960,600,65,20.487700,0.065500,1.196300,true,40,320,180,1200
world4_high_960,960,600,960,600,66,17.906600,0.081900,1.203200,true,40,320,180,1200
world4_high_960,960,600,960,600,67,18.125200,0.077300,1.368900,true,40,320,180,1200
world4_high_960,960,600,960,600,68,17.524100,0.086900,1.309000,true,40,320,180,1200
world4_high_960,960,600,960,600,69,18.187000,0.073100,1.201400,true,40,320,180,1200
world4_high_960,960,600,960,600,70,18.024100,0.068100,1.197900,true,40,320,180,1200
world4_high_960,960,600,960,600,71,18.239400,0.071500,1.415800,true,40,320,180,1200
world4_high_960,960,600,960,600,72,18.157000,0.082700,1.524500,true,40,320,180,1200
world4_high_960,960,600,960,600,73,19.994800,0.084000,1.339800,true,40,320,180,1200
world4_high_960,960,600,960,600,74,18.015100,0.099000,1.444100,true,40,320,180,1200
world4_high_960,960,600,960,600,75,18.019500,0.087400,1.358000,true,40,320,180,1200
world4_high_960,960,600,960,600,76,18.016800,0.073400,1.542000,true,40,320,180,1200
world4_high_960,960,600,960,600,77,18.067900,0.095000,1.239300,true,40,320,180,1200
world4_high_960,960,600,960,600,78,18.018600,0.067700,1.192800,true,40,320,180,1200
world4_high_960,960,600,960,600,79,17.959700,0.073900,1.338500,true,40,320,180,1200
world4_high_960,960,600,960,600,80,18.455500,0.076300,1.374800,true,40,320,180,1200
world4_high_960,960,600,960,600,81,19.711800,0.066800,1.510700,true,40,320,180,1200
world4_high_960,960,600,960,600,82,19.352700,0.074100,1.408700,true,40,320,180,1200
world4_high_960,960,600,960,600,83,18.242700,0.068800,1.201900,true,40,320,180,1200
world4_high_960,960,600,960,600,84,18.017900,0.089000,1.732500,true,40,320,180,1200
world4_high_960,960,600,960,600,85,17.796100,0.091300,1.373200,true,40,320,180,1200
world4_high_960,960,600,960,600,86,17.686800,0.098800,1.376800,true,40,320,180,1200
world4_high_960,960,600,960,600,87,17.900500,0.069800,1.428200,true,40,320,180,1200
world4_high_600,600,400,600,375,0,18.097100,0.088400,2.431900,true,40,320,180,1200
world4_high_600,600,400,600,375,1,17.941600,0.075800,2.399700,true,40,320,180,1200
world4_high_600,600,400,600,375,2,20.590900,0.074300,2.283700,true,40,320,180,1200
world4_high_600,600,400,600,375,3,18.101900,0.089200,2.374000,true,40,320,180,1200
world4_high_600,600,400,600,375,4,17.579400,0.100800,2.382500,true,40,320,180,1200
world4_high_600,600,400,600,375,5,18.071600,0.081900,2.705900,true,40,320,180,1200
world4_high_600,600,400,600,375,6,18.994400,0.072800,2.204300,true,40,320,180,1200
world4_high_600,600,400,600,375,7,19.566000,0.081300,2.321000,true,40,320,180,1200
world4_high_600,600,400,600,375,8,17.905800,0.077000,2.655200,true,40,320,180,1200
world4_high_600,600,400,600,375,9,17.486400,0.076800,2.438600,true,40,320,180,1200
world4_high_600,600,400,600,375,10,17.497200,0.078200,2.202700,true,40,320,180,1200
world4_high_600,600,400,600,375,11,17.615000,0.073800,2.183000,true,40,320,180,1200
world4_high_600,600,400,600,375,12,18.692100,0.097600,3.101700,true,40,320,180,1200
world4_high_600,600,400,600,375,13,18.067400,0.084400,2.325900,true,40,320,180,1200
world4_high_600,600,400,600,375,14,17.906300,0.123600,2.748200,true,40,320,180,1200
world4_high_600,600,400,600,375,15,17.524100,0.092200,2.187000,true,40,320,180,1200
world4_high_600,600,400,600,375,16,17.811700,0.085900,2.331500,true,40,320,180,1200
world4_high_600,600,400,600,375,17,18.424700,0.087300,2.386500,true,40,320,180,1200
world4_high_600,600,400,600,375,18,21.357500,0.088800,2.416500,true,40,320,180,1200
world4_high_600,600,400,600,375,19,18.847300,0.076000,2.306000,true,40,320,180,1200
world4_high_600,600,400,600,375,20,18.057700,0.072500,2.671000,true,40,320,180,1200
world4_high_600,600,400,600,375,21,17.852300,0.098100,2.161000,true,40,320,180,1200
world4_high_600,600,400,600,375,22,17.956400,0.087900,2.661500,true,40,320,180,1200
world4_high_600,600,400,600,375,23,20.320600,0.070500,2.658800,true,40,320,180,1200
world4_high_600,600,400,600,375,24,17.685900,0.087100,2.376900,true,40,320,180,1200
world4_high_600,600,400,600,375,25,17.475100,0.096100,2.179000,true,40,320,180,1200
world4_high_600,600,400,600,375,26,18.039500,0.066600,2.452500,true,40,320,180,1200
world4_high_600,600,400,600,375,27,17.930900,0.069600,2.380900,true,40,320,180,1200
world4_high_600,600,400,600,375,28,18.083300,0.072700,2.207700,true,40,320,180,1200
world4_high_600,600,400,600,375,29,17.752000,0.073100,2.664900,true,40,320,180,1200
world4_high_600,600,400,600,375,30,17.735100,0.108900,2.419100,true,40,320,180,1200
world4_high_600,600,400,600,375,31,20.831600,0.073900,2.715100,true,40,320,180,1200
world4_high_600,600,400,600,375,32,18.119800,0.072500,2.165100,true,40,320,180,1200
world4_high_600,600,400,600,375,33,18.394700,0.068200,2.441700,true,40,320,180,1200
world4_high_600,600,400,600,375,34,18.028600,0.082300,2.246200,true,40,320,180,1200
world4_high_600,600,400,600,375,35,17.901200,0.066900,2.182500,true,40,320,180,1200
world4_high_600,600,400,600,375,36,21.167300,0.068400,2.164900,true,40,320,180,1200
world4_high_600,600,400,600,375,37,18.432700,0.091900,2.322000,true,40,320,180,1200
world4_high_600,600,400,600,375,38,17.945300,0.086200,2.770300,true,40,320,180,1200
world4_high_600,600,400,600,375,39,18.249800,0.073000,2.461700,true,40,320,180,1200
world4_high_600,600,400,600,375,40,18.313500,0.078300,2.299400,true,40,320,180,1200
world4_high_600,600,400,600,375,41,18.380000,0.075200,2.519800,true,40,320,180,1200
world4_high_600,600,400,600,375,42,18.150300,0.093000,2.389300,true,40,320,180,1200
world4_high_600,600,400,600,375,43,18.081900,0.071200,2.250400,true,40,320,180,1200
world4_high_600,600,400,600,375,44,17.989900,0.086100,2.373200,true,40,320,180,1200
world4_high_600,600,400,600,375,45,17.785700,0.080600,2.343500,true,40,320,180,1200
world4_high_600,600,400,600,375,46,17.983400,0.070200,2.372800,true,40,320,180,1200
world4_high_600,600,400,600,375,47,18.050500,0.072100,2.305900,true,40,320,180,1200
world4_high_600,600,400,600,375,48,18.075200,0.073300,2.179500,true,40,320,180,1200
world4_high_600,600,400,600,375,49,17.771100,0.070400,2.351900,true,40,320,180,1200
world4_high_600,600,400,600,375,50,18.219700,0.085900,2.452900,true,40,320,180,1200
world4_high_600,600,400,600,375,51,20.575700,0.073200,2.406400,true,40,320,180,1200
world4_high_600,600,400,600,375,52,17.668000,0.091900,2.387500,true,40,320,180,1200
world4_high_600,600,400,600,375,53,18.241000,0.073900,2.669100,true,40,320,180,1200
world4_high_600,600,400,600,375,54,18.455900,0.098700,2.158200,true,40,320,180,1200
world4_high_600,600,400,600,375,55,17.824900,0.084400,2.332300,true,40,320,180,1200
world4_high_600,600,400,600,375,56,18.356300,0.069000,2.432200,true,40,320,180,1200
world4_high_600,600,400,600,375,57,18.007800,0.069700,2.256900,true,40,320,180,1200
world4_high_600,600,400,600,375,58,18.199400,0.071300,2.355900,true,40,320,180,1200
world4_high_600,600,400,600,375,59,17.937700,0.097900,2.306500,true,40,320,180,1200
world4_high_600,600,400,600,375,60,17.915000,0.070300,2.388800,true,40,320,180,1200
world4_high_600,600,400,600,375,61,17.863100,0.071700,2.325400,true,40,320,180,1200
world4_high_600,600,400,600,375,62,17.967100,0.076000,2.163800,true,40,320,180,1200
world4_high_600,600,400,600,375,63,18.143000,0.069000,2.341800,true,40,320,180,1200
world4_high_600,600,400,600,375,64,18.286400,0.112700,2.697500,true,40,320,180,1200
world4_high_600,600,400,600,375,65,18.320400,0.068300,2.169600,true,40,320,180,1200
world4_high_600,600,400,600,375,66,17.858600,0.092100,2.384300,true,40,320,180,1200
world4_high_600,600,400,600,375,67,17.914700,0.079300,2.259700,true,40,320,180,1200
world4_high_600,600,400,600,375,68,17.969300,0.073700,2.376700,true,40,320,180,1200
world4_high_600,600,400,600,375,69,17.914200,0.069500,2.327700,true,40,320,180,1200
world4_high_600,600,400,600,375,70,17.999700,0.073900,2.217900,true,40,320,180,1200
world4_high_600,600,400,600,375,71,17.923800,0.090300,2.348500,true,40,320,180,1200
world4_high_600,600,400,600,375,72,20.981700,0.078600,2.710800,true,40,320,180,1200
world4_high_600,600,400,600,375,73,18.002400,0.090700,2.343200,true,40,320,180,1200
world4_high_600,600,400,600,375,74,18.446400,0.070600,2.310200,true,40,320,180,1200
world4_high_600,600,400,600,375,75,18.369900,0.068700,2.381400,true,40,320,180,1200
world4_high_600,600,400,600,375,76,18.065800,0.073100,2.271700,true,40,320,180,1200
world4_high_600,600,400,600,375,77,18.179300,0.070200,2.366100,true,40,320,180,1200
world4_high_600,600,400,600,375,78,18.424200,0.085200,2.226200,true,40,320,180,1200
world4_high_600,600,400,600,375,79,18.696500,0.077000,2.343600,true,40,320,180,1200
world4_high_600,600,400,600,375,80,18.103700,0.093500,2.438600,true,40,320,180,1200
world4_high_600,600,400,600,375,81,18.799600,0.074100,2.349500,true,40,320,180,1200
world4_high_600,600,400,600,375,82,18.149800,0.073900,2.933600,true,40,320,180,1200
world4_high_600,600,400,600,375,83,21.810400,0.082900,2.276200,true,40,320,180,1200
world4_high_1280,1280,800,1280,800,0,17.770100,0.091800,9.794100,true,40,320,180,1200
world4_high_1280,1280,800,1280,800,1,17.179200,0.081300,9.922800,true,40,320,180,1200
world4_high_1280,1280,800,1280,800,2,17.677800,0.091700,10.078000,true,40,320,180,1200
world4_high_1280,1280,800,1280,800,3,17.879200,0.070400,9.523800,true,40,320,180,1200
world4_high_1280,1280,800,1280,800,4,17.725500,0.099200,9.827300,true,40,320,180,1200
world4_high_1280,1280,800,1280,800,5,17.828200,0.064700,9.874600,true,40,320,180,1200
world4_high_1280,1280,800,1280,800,6,17.483600,0.086800,9.896300,true,40,320,180,1200
world4_high_1280,1280,800,1280,800,7,18.035000,0.094600,9.663600,true,40,320,180,1200
world4_high_1280,1280,800,1280,800,8,17.678700,0.071300,9.505500,true,40,320,180,1200
world4_high_1280,1280,800,1280,800,9,18.078800,0.102800,10.101900,true,40,320,180,1200
world4_high_1280,1280,800,1280,800,10,19.933300,0.095400,10.086800,true,40,320,180,1200
world4_high_1280,1280,800,1280,800,11,17.982000,0.073400,9.762900,true,40,320,180,1200
world4_high_1280,1280,800,1280,800,12,17.682500,0.079100,9.739500,true,40,320,180,1200
world4_high_1280,1280,800,1280,800,13,17.627900,0.097100,9.778200,true,40,320,180,1200
world4_high_1280,1280,800,1280,800,14,17.620000,0.075100,9.613100,true,40,320,180,1200
world4_high_1280,1280,800,1280,800,15,18.643100,0.072100,9.773300,true,40,320,180,1200
world4_high_1280,1280,800,1280,800,16,17.730100,0.073600,9.634000,true,40,320,180,1200
world4_high_1280,1280,800,1280,800,17,17.734700,0.091200,9.872600,true,40,320,180,1200
world4_high_1280,1280,800,1280,800,18,17.485900,0.071100,9.586600,true,40,320,180,1200
world4_high_1280,1280,800,1280,800,19,18.550500,0.071100,9.629600,true,40,320,180,1200
world4_high_1280,1280,800,1280,800,20,18.428400,0.101200,9.787300,true,40,320,180,1200
world4_high_1280,1280,800,1280,800,21,21.054500,0.081200,9.802000,true,40,320,180,1200
world4_high_1280,1280,800,1280,800,22,17.978900,0.067200,9.997000,true,40,320,180,1200
world4_high_1280,1280,800,1280,800,23,17.631300,0.078500,10.361600,true,40,320,180,1200
world4_high_1280,1280,800,1280,800,24,17.923900,0.099200,9.764000,true,40,320,180,1200
world4_high_1280,1280,800,1280,800,25,19.891100,0.074600,11.307400,true,40,320,180,1200
world4_high_1280,1280,800,1280,800,26,17.800000,0.089300,9.740500,true,40,320,180,1200
world4_high_1280,1280,800,1280,800,27,21.267500,0.087600,9.711500,true,40,320,180,1200
world4_high_1280,1280,800,1280,800,28,17.760800,0.092400,9.764000,true,40,320,180,1200
world4_high_1280,1280,800,1280,800,29,17.871200,0.073900,10.142900,true,40,320,180,1200
world4_high_1280,1280,800,1280,800,30,17.935500,0.075800,10.100500,true,40,320,180,1200
world4_high_1280,1280,800,1280,800,31,17.409200,0.101800,9.690400,true,40,320,180,1200
world4_high_1280,1280,800,1280,800,32,17.729000,0.088100,9.781600,true,40,320,180,1200
world4_high_1280,1280,800,1280,800,33,17.708400,0.070400,9.492600,true,40,320,180,1200
world4_high_1280,1280,800,1280,800,34,17.851300,0.070900,9.924800,true,40,320,180,1200
world4_high_1280,1280,800,1280,800,35,17.590400,0.091100,10.051700,true,40,320,180,1200
world4_high_1280,1280,800,1280,800,36,17.743100,0.095400,11.152000,true,40,320,180,1200
world4_high_1280,1280,800,1280,800,37,18.213500,0.070300,10.936500,true,40,320,180,1200
world4_high_1280,1280,800,1280,800,38,17.726300,0.088500,9.795200,true,40,320,180,1200
world4_high_1280,1280,800,1280,800,39,19.618400,0.077700,9.845000,true,40,320,180,1200
world4_high_1280,1280,800,1280,800,40,18.425300,0.076300,9.645100,true,40,320,180,1200
world4_high_1280,1280,800,1280,800,41,17.998200,0.093600,10.072500,true,40,320,180,1200
world4_high_1280,1280,800,1280,800,42,22.757500,0.088500,9.818300,true,40,320,180,1200
world4_high_1280,1280,800,1280,800,43,17.989800,0.086200,10.844800,true,40,320,180,1200
world4_high_1280,1280,800,1280,800,44,17.787700,0.078600,9.676200,true,40,320,180,1200
world4_high_1280,1280,800,1280,800,45,20.614200,0.070700,10.219900,true,40,320,180,1200
world4_high_1280,1280,800,1280,800,46,17.758900,0.071900,9.719800,true,40,320,180,1200
world4_high_1280,1280,800,1280,800,47,17.720800,0.076200,9.673200,true,40,320,180,1200
world4_high_1280,1280,800,1280,800,48,17.828900,0.072500,9.788300,true,40,320,180,1200
world4_high_1280,1280,800,1280,800,49,17.982800,0.085800,9.879000,true,40,320,180,1200
world4_high_1280,1280,800,1280,800,50,18.072200,0.085800,9.649400,true,40,320,180,1200
world4_high_1280,1280,800,1280,800,51,17.840400,0.074500,9.528400,true,40,320,180,1200
world4_high_1280,1280,800,1280,800,52,17.758000,0.100500,9.753100,true,40,320,180,1200
world4_high_1280,1280,800,1280,800,53,17.910600,0.090700,9.882700,true,40,320,180,1200
world4_high_1280,1280,800,1280,800,54,18.613400,0.084800,11.413900,true,40,320,180,1200
world4_high_1280,1280,800,1280,800,55,18.062200,0.087700,9.845500,true,40,320,180,1200
world4_high_1280,1280,800,1280,800,56,17.811200,0.096700,9.824000,true,40,320,180,1200
world4_high_1280,1280,800,1280,800,57,18.507400,0.067400,9.528600,true,40,320,180,1200
world4_high_1280,1280,800,1280,800,58,18.660300,0.080000,9.823400,true,40,320,180,1200
world4_high_1280,1280,800,1280,800,59,18.163700,0.080800,9.893600,true,40,320,180,1200
world4_high_1280,1280,800,1280,800,60,17.852900,0.065000,9.693500,true,40,320,180,1200
world4_high_1280,1280,800,1280,800,61,18.062300,0.084000,11.056300,true,40,320,180,1200
