case,width,height,draw_width,draw_height,index,simulation_publish_ms,edt_dispatch_ms,edt_paint_ms,published,enemies,player_bullets,enemy_bullets,particles
world2_normal_960,960,600,960,600,0,8.089100,0.094000,1.331000,true,6,32,12,120
world2_normal_960,960,600,960,600,1,8.571900,0.098800,1.346700,true,6,32,12,120
world2_normal_960,960,600,960,600,2,9.112400,0.137700,1.367600,true,6,32,12,120
world2_normal_960,960,600,960,600,3,8.472900,0.119100,1.489100,true,6,32,12,120
world2_normal_960,960,600,960,600,4,8.896400,0.100800,1.240800,true,6,32,12,120
world2_normal_960,960,600,960,600,5,8.638500,0.123300,1.461900,true,6,32,12,120
world2_normal_960,960,600,960,600,6,7.606700,0.107800,2.432800,true,6,32,12,120
world2_normal_960,960,600,960,600,7,7.686900,0.093100,1.444200,true,6,32,12,120
world2_normal_960,960,600,960,600,8,7.619400,0.103100,1.367800,true,6,32,12,120
world2_normal_960,960,600,960,600,9,8.430300,0.097600,1.465500,true,6,32,12,120
world2_normal_960,960,600,960,600,10,8.278600,0.112200,1.455600,true,6,32,12,120
world2_normal_960,960,600,960,600,11,7.439900,0.128000,1.616600,true,6,32,12,120
world2_normal_960,960,600,960,600,12,7.697400,0.101100,1.556900,true,6,32,12,120
world2_normal_960,960,600,960,600,13,7.516300,0.107700,1.359200,true,6,32,12,120
world2_normal_960,960,600,960,600,14,8.305600,0.104700,1.514800,true,6,32,12,120
world2_normal_960,960,600,960,600,15,8.195400,0.111200,1.353400,true,6,32,12,120
world2_normal_960,960,600,960,600,16,8.845800,0.165900,1.278300,true,6,32,12,120
world2_normal_960,960,600,960,600,17,8.085400,0.127900,1.519100,true,6,32,12,120
world2_normal_960,960,600,960,600,18,7.939600,0.099400,1.479400,true,6,32,12,120
world2_normal_960,960,600,960,600,19,7.605300,0.125800,1.470100,true,6,32,12,120
world2_normal_960,960,600,960,600,20,8.226600,0.109800,1.296600,true,6,32,12,120
world2_normal_960,960,600,960,600,21,7.962100,0.117900,1.410400,true,6,32,12,120
world2_normal_960,960,600,960,600,22,7.646500,0.105400,1.440200,true,6,32,12,120
world2_normal_960,960,600,960,600,23,8.137900,0.100900,1.350100,true,6,32,12,120
world2_normal_960,960,600,960,600,24,7.574600,0.106300,1.664800,true,6,32,12,120
world2_normal_960,960,600,960,600,25,7.927900,0.147100,1.508600,true,6,32,12,120
world2_normal_960,960,600,960,600,26,7.306000,0.111400,1.679500,true,6,32,12,120
world2_normal_960,960,600,960,600,27,8.082800,0.113500,1.307400,true,6,32,12,120
world2_normal_960,960,600,960,600,28,7.429000,0.165900,1.568100,true,6,32,12,120
world2_normal_960,960,600,960,600,29,7.684700,0.103000,1.446300,true,6,32,12,120
world2_normal_960,960,600,960,600,30,7.786100,0.141100,1.777500,true,6,32,12,120
world2_normal_960,960,600,960,600,31,7.550100,0.103600,1.263400,true,6,32,12,120
world2_normal_960,960,600,960,600,32,7.401600,0.145300,1.286100,true,6,32,12,120
world2_normal_960,960,600,960,600,33,8.020000,0.106500,1.374000,true,6,32,12,120
world2_normal_960,960,600,960,600,34,8.606500,0.109500,1.270000,true,6,32,12,120
world2_normal_960,960,600,960,600,35,8.327300,0.130700,1.592700,true,6,32,12,120
world2_normal_960,960,600,960,600,36,7.467000,0.102900,1.318700,true,6,32,12,120
world2_normal_960,960,600,960,600,37,7.687300,0.118900,1.568800,true,6,32,12,120
world2_normal_960,960,600,960,600,38,10.588800,0.149900,1.483300,true,6,32,12,120
world2_normal_960,960,600,960,600,39,7.674000,0.098800,1.349300,true,6,32,12,120
world2_normal_960,960,600,960,600,40,7.439600,0.113600,1.450200,true,6,32,12,120
world2_normal_960,960,600,960,600,41,7.469800,0.127800,1.558700,true,6,32,12,120
world2_normal_960,960,600,960,600,42,7.488300,0.129200,1.343300,true,6,32,12,120
world2_normal_960,960,600,960,600,43,7.282500,0.096000,1.509100,true,6,32,12,120
world2_normal_960,960,600,960,600,44,7.371000,0.107600,1.284800,true,6,32,12,120
world2_normal_960,960,600,960,600,45,7.805000,0.102800,1.462300,true,6,32,12,120
world2_normal_960,960,600,960,600,46,7.308400,0.110300,1.306800,true,6,32,12,120
world2_normal_960,960,600,960,600,47,7.608900,0.122100,1.459200,true,6,32,12,120
world2_normal_960,960,600,960,600,48,7.192500,0.115800,1.387900,true,6,32,12,120
world2_normal_960,960,600,960,600,49,7.525400,0.105800,1.483800,true,6,32,12,120
world2_normal_960,960,600,960,600,50,7.968200,0.111900,1.673200,true,6,32,12,120
world2_normal_960,960,600,960,600,51,7.349900,0.105300,1.283400,true,6,32,12,120
world2_normal_960,960,600,960,600,52,7.437000,0.175500,1.432100,true,6,32,12,120
world2_normal_960,960,600,960,600,53,8.092800,0.096500,1.573400,true,6,32,13,120
world2_normal_960,960,600,960,600,54,7.597200,0.098900,1.256100,true,6,32,12,120
world2_normal_960,960,600,960,600,55,7.669900,0.098600,1.392600,true,6,32,12,120
world2_normal_960,960,600,960,600,56,9.188100,0.102000,1.369900,true,6,32,12,120
world2_normal_960,960,600,960,600,57,7.749900,0.107200,1.340400,true,6,32,13,120
world2_normal_960,960,600,960,600,58,7.515900,0.093500,1.441200,true,6,32,12,120
world2_normal_960,960,600,960,600,59,7.601400,0.117100,1.360400,true,6,32,12,120
world2_normal_960,960,600,960,600,60,7.487000,0.110900,1.410500,true,6,32,12,120
world2_normal_960,960,600,960,600,61,7.731700,0.219400,1.563100,true,6,32,12,120
world2_normal_960,960,600,960,600,62,7.892000,0.150200,2.411200,true,6,32,12,120
world2_normal_960,960,600,960,600,63,8.667700,0.137200,1.290300,true,6,32,12,120
world2_normal_960,960,600,960,600,64,8.915800,0.140500,1.409700,true,6,32,12,120
world2_normal_960,960,600,960,600,65,8.297300,0.101400,1.510000,true,6,32,12,120
world2_normal_960,960,600,960,600,66,7.822400,0.093200,2.267000,true,6,32,12,120
world2_normal_960,960,600,960,600,67,7.957500,0.114600,1.458800,true,6,32,12,120
world2_normal_960,960,600,960,600,68,7.996200,0.103200,1.463000,true,6,32,12,120
world2_normal_960,960,600,960,600,69,7.072500,0.101900,1.318300,true,6,32,12,120
world2_normal_960,960,600,960,600,70,8.117200,0.091000,1.856900,true,6,32,12,120
world2_normal_960,960,600,960,600,71,7.349600,0.100300,1.360400,true,6,32,12,120
world2_normal_960,960,600,960,600,72,7.297900,0.103300,2.221700,true,6,32,12,120
world2_normal_960,960,600,960,600,73,8.716900,0.099400,1.341000,true,6,32,12,120
world2_normal_960,960,600,960,600,74,7.498000,0.097500,1.289600,true,6,32,12,120
world2_normal_960,960,600,960,600,75,7.407600,0.101700,1.395500,true,6,32,12,120
world2_normal_960,960,600,960,600,76,7.366300,0.121100,1.395200,true,6,32,12,120
world2_normal_960,960,600,960,600,77,7.634900,0.131500,1.316200,true,6,32,12,120
world2_normal_960,960,600,960,600,78,7.440800,0.117100,1.427100,true,6,32,12,120
world2_normal_960,960,600,960,600,79,7.016800,0.113700,1.431500,true,6,32,12,120
world2_normal_960,960,600,960,600,80,7.599300,0.110400,1.444000,true,6,32,12,120
world2_normal_960,960,600,960,600,81,7.425900,0.091900,1.274500,true,6,32,12,120
world2_normal_960,960,600,960,600,82,7.468500,0.107600,1.799400,true,6,32,12,120
world2_normal_960,960,600,960,600,83,7.325600,0.099300,1.327300,true,6,32,12,120
world2_normal_960,960,600,960,600,84,7.283900,0.102000,1.462200,true,6,32,12,120
world2_normal_960,960,600,960,600,85,6.879600,0.092400,1.260500,true,6,32,13,120
world2_normal_960,960,600,960,600,86,7.012800,0.107900,1.407600,true,6,32,12,120
world2_normal_960,960,600,960,600,87,7.583000,0.094700,1.247300,true,6,32,12,120
world2_normal_960,960,600,960,600,88,6.796000,0.097400,1.358900,true,6,32,12,120
world2_normal_960,960,600,960,600,89,7.309800,0.120400,1.339400,true,6,32,12,120
world2_normal_960,960,600,960,600,90,6.976900,0.095100,1.773800,true,6,32,12,120
world2_normal_960,960,600,960,600,91,6.793500,0.106100,1.420900,true,6,32,12,120
world2_normal_960,960,600,960,600,92,7.269800,0.095900,1.437500,true,6,32,12,120
world2_normal_960,960,600,960,600,93,7.353700,0.093500,1.690200,true,6,32,12,120
world2_normal_960,960,600,960,600,94,7.471000,0.105100,1.382800,true,6,32,12,120
world2_normal_960,960,600,960,600,95,7.545200,0.097100,1.366500,true,6,32,12,120
world2_normal_960,960,600,960,600,96,6.918000,0.110900,1.460800,true,6,32,12,120
world2_normal_960,960,600,960,600,97,7.312600,0.119600,1.242000,true,6,32,12,120
world2_normal_960,960,600,960,600,98,7.746200,0.100400,1.248500,true,6,32,12,120
world2_normal_960,960,600,960,600,99,7.969400,0.099700,1.365400,true,6,32,12,120
world2_normal_960,960,600,960,600,100,7.230000,0.109800,1.269900,true,6,32,12,120
world2_normal_960,960,600,960,600,101,7.828000,0.101800,1.505200,true,6,32,12,120
world2_normal_960,960,600,960,600,102,7.175600,0.101600,1.398000,true,6,32,12,120
world2_normal_960,960,600,960,600,103,7.139300,0.094200,1.700400,true,6,32,12,120
world2_normal_960,960,600,960,600,104,7.369900,0.115000,1.285300,true,6,32,12,120
world2_normal_960,960,600,960,600,105,8.303800,0.107400,1.479600,true,6,32,12,120
world2_normal_960,960,600,960,600,106,7.930800,0.112300,1.320900,true,6,32,12,120
world2_normal_960,960,600,960,600,107,7.322400,0.109700,1.508300,true,6,32,12,120
world2_normal_960,960,600,960,600,108,7.246000,0.107300,1.337200,true,6,32,12,120
world2_normal_960,960,600,960,600,109,7.573300,0.113000,1.289400,true,6,32,12,120
world2_normal_960,960,600,960,600,110,8.479100,0.133800,1.418800,true,6,32,12,120
world2_normal_960,960,600,960,600,111,7.486800,0.111400,1.425500,true,6,32,12,120
world2_normal_960,960,600,960,600,112,6.945100,0.101900,1.493500,true,6,32,12,120
world2_normal_960,960,600,960,600,113,7.104600,0.094200,1.584500,true,6,32,12,120
world2_normal_960,960,600,960,600,114,7.206800,0.111600,1.439000,true,6,32,12,120
world2_normal_960,960,600,960,600,115,7.289200,0.104200,1.397000,true,6,32,12,120
world2_normal_960,960,600,960,600,116,7.563800,0.098400,1.250100,true,6,32,12,120
world2_normal_960,960,600,960,600,117,6.870800,0.097800,1.729600,true,6,32,12,120
world2_normal_960,960,600,960,600,118,6.787700,0.104000,1.332300,true,6,32,12,120
world2_normal_960,960,600,960,600,119,7.777300,0.094400,1.502400,true,6,32,12,120
world2_normal_960,960,600,960,600,120,6.874500,0.104500,1.330600,true,6,32,12,120
world2_normal_960,960,600,960,600,121,7.603200,0.112300,1.364000,true,6,32,12,120
world2_normal_960,960,600,960,600,122,7.114000,0.115300,1.730900,true,6,32,12,120
world2_normal_960,960,600,960,600,123,6.802000,0.108900,1.824200,true,6,32,12,120
world2_normal_960,960,600,960,600,124,7.031500,0.096700,1.540000,true,6,32,12,120
world2_normal_960,960,600,960,600,125,6.908200,0.115100,1.379500,true,6,32,12,120
world2_normal_960,960,600,960,600,126,7.080000,0.112900,1.449800,true,6,32,12,120
world2_normal_960,960,600,960,600,127,7.416500,0.104800,1.279600,true,6,32,12,120
world2_normal_960,960,600,960,600,128,7.116200,0.099500,1.354000,true,6,32,12,120
world2_normal_960,960,600,960,600,129,8.296700,0.101500,1.592900,true,6,32,12,120
world2_normal_960,960,600,960,600,130,7.229400,0.099700,1.752700,true,6,32,12,120
world2_normal_960,960,600,960,600,131,7.035400,0.098000,1.241900,true,6,32,12,120
world2_normal_960,960,600,960,600,132,6.798800,0.107800,1.380100,true,6,32,12,120
world2_normal_960,960,600,960,600,133,7.197800,0.120300,1.307000,true,6,32,12,120
world2_normal_960,960,600,960,600,134,7.164600,0.097600,1.490200,true,6,32,12,120
world2_normal_960,960,600,960,600,135,7.438000,0.116500,1.528100,true,6,32,12,120
world2_normal_960,960,600,960,600,136,7.513500,0.110200,1.468200,true,6,32,12,120
world2_normal_960,960,600,960,600,137,7.437800,0.117800,1.477000,true,6,32,12,120
world2_normal_960,960,600,960,600,138,8.079300,0.094700,1.680800,true,6,32,12,120
world2_normal_960,960,600,960,600,139,7.242600,0.106000,1.264800,true,6,32,12,120
world2_normal_960,960,600,960,600,140,7.050100,0.101300,1.360800,true,6,32,12,120
world2_normal_960,960,600,960,600,141,7.339600,0.133200,1.488400,true,6,32,12,120
world2_normal_960,960,600,960,600,142,11.250800,0.139100,1.321900,true,6,32,12,120
world2_normal_960,960,600,960,600,143,7.980200,0.092600,1.499100,true,6,32,12,120
world2_normal_960,960,600,960,600,144,7.241600,0.115300,1.317300,true,6,32,12,120
world2_normal_960,960,600,960,600,145,7.748000,0.094300,1.436000,true,6,32,12,120
world2_normal_960,960,600,960,600,146,6.756400,0.118200,1.741900,true,6,32,12,120
world2_normal_960,960,600,960,600,147,7.202500,0.108900,1.372900,true,6,32,12,120
world2_normal_960,960,600,960,600,148,6.927500,0.148800,1.822500,true,6,32,12,120
world2_normal_960,960,600,960,600,149,7.159400,0.093200,1.268400,true,6,32,12,120
world2_normal_960,960,600,960,600,150,6.856300,0.100700,1.438200,true,6,32,12,120
world2_normal_960,960,600,960,600,151,7.006900,0.097200,1.291100,true,6,32,12,120
world2_normal_960,960,600,960,600,152,6.885500,0.094600,1.419100,true,6,32,12,120
world2_normal_960,960,600,960,600,153,7.101100,0.132500,1.346800,true,6,32,12,120
world2_normal_960,960,600,960,600,154,6.912300,0.092800,1.298300,true,6,32,12,120
world2_normal_960,960,600,960,600,155,6.919500,0.117000,1.364700,true,6,32,12,120
world2_normal_960,960,600,960,600,156,6.801400,0.106900,1.460200,true,6,32,12,120
world2_normal_960,960,600,960,600,157,7.095800,0.101000,1.507300,true,6,32,12,120
world2_normal_960,960,600,960,600,158,6.823100,0.128800,1.491700,true,6,32,12,120
world2_normal_960,960,600,960,600,159,7.015800,0.114100,1.456300,true,6,32,12,120
world2_normal_960,960,600,960,600,160,7.103600,0.146700,1.400000,true,6,32,12,120
world2_normal_960,960,600,960,600,161,7.478900,0.106800,1.259500,true,6,32,12,120
world2_normal_960,960,600,960,600,162,7.073600,0.095700,1.697700,true,6,32,12,120
world2_normal_960,960,600,960,600,163,7.099100,0.107600,1.260300,true,6,32,13,120
world2_normal_960,960,600,960,600,164,7.206800,0.086400,1.288700,true,6,32,12,120
world2_normal_960,960,600,960,600,165,7.297700,0.098300,1.262000,true,6,32,12,120
world2_normal_960,960,600,960,600,166,7.163200,0.095900,1.440400,true,6,32,12,120
world2_normal_960,960,600,960,600,167,7.070700,0.117100,1.363300,true,6,32,13,120
world2_normal_960,960,600,960,600,168,7.908700,0.102300,1.410000,true,6,32,12,120
world2_normal_960,960,600,960,600,169,6.792200,0.135500,1.408500,true,6,32,12,120
world2_normal_960,960,600,960,600,170,6.854300,0.095900,1.509700,true,6,32,12,120
world2_normal_960,960,600,960,600,171,7.088000,0.098600,1.713100,true,6,32,12,120
world2_normal_960,960,600,960,600,172,7.522600,0.230200,1.360100,true,6,32,12,120
world2_normal_960,960,600,960,600,173,9.324100,0.143200,1.457100,true,6,32,12,120
world2_normal_960,960,600,960,600,174,7.507700,0.095200,1.458200,true,6,32,12,120
world2_normal_960,960,600,960,600,175,6.800700,0.096900,1.585900,true,6,32,12,120
world2_normal_960,960,600,960,600,176,6.812500,0.097700,1.423200,true,6,32,12,120
world2_normal_960,960,600,960,600,177,6.683400,0.097000,1.438900,true,6,32,12,120
world2_normal_960,960,600,960,600,178,6.908700,0.092500,1.517800,true,6,32,12,120
world2_normal_960,960,600,960,600,179,9.552900,0.145600,1.558100,true,6,32,12,120
world2_normal_960,960,600,960,600,180,6.904200,0.097500,1.513000,true,6,32,12,120
world2_normal_960,960,600,960,600,181,7.110500,0.128800,1.399600,true,6,32,12,120
world2_normal_960,960,600,960,600,182,6.685200,0.101900,1.335400,true,6,32,12,120
world2_normal_960,960,600,960,600,183,7.023500,0.112400,1.417200,true,6,32,12,120
world2_normal_960,960,600,960,600,184,6.955700,0.109000,1.381700,true,6,32,12,120
world2_normal_960,960,600,960,600,185,6.934100,0.095800,1.233500,true,6,32,12,120
world2_normal_960,960,600,960,600,186,6.943900,0.112200,1.654100,true,6,32,12,120
world2_normal_960,960,600,960,600,187,7.859100,0.111600,1.437500,true,6,32,12,120
world2_normal_960,960,600,960,600,188,7.319200,0.170400,1.483900,true,6,32,12,120
world2_normal_960,960,600,960,600,189,7.844600,0.219400,1.504200,true,6,32,12,120
world2_normal_960,960,600,960,600,190,7.275300,0.195300,1.318000,true,6,32,12,120
world2_normal_600,600,400,600,375,0,6.565000,0.117900,2.211900,true,6,32,12,120
world2_normal_600,600,400,600,375,1,6.807600,0.105700,2.330500,true,6,32,12,120
world2_normal_600,600,400,600,375,2,6.544000,0.078400,2.448700,true,6,32,12,120
world2_normal_600,600,400,600,375,3,6.749900,0.107000,2.468000,true,6,32,12,120
world2_normal_600,600,400,600,375,4,6.952000,0.093200,2.332300,true,6,32,12,120
world2_normal_600,600,400,600,375,5,7.093400,0.103400,2.458100,true,6,32,12,120
world2_normal_600,600,400,600,375,6,6.561100,0.077400,2.375300,true,6,32,12,120
world2_normal_600,600,400,600,375,7,6.634500,0.089500,2.399500,true,6,32,12,120
world2_normal_600,600,400,600,375,8,6.726100,0.077400,2.221200,true,6,32,12,120
world2_normal_600,600,400,600,375,9,6.974900,0.098400,2.299700,true,6,32,12,120
world2_normal_600,600,400,600,375,10,6.942500,0.075900,2.408000,true,6,32,12,120
world2_normal_600,600,400,600,375,11,6.907900,0.094100,2.234000,true,6,32,12,120
world2_normal_600,600,400,600,375,12,6.862200,0.080100,2.459000,true,6,32,12,120
world2_normal_600,600,400,600,375,13,7.139800,0.091300,2.215000,true,6,32,12,120
world2_normal_600,600,400,600,375,14,8.063400,0.112400,2.705700,true,6,32,12,120
world2_normal_600,600,400,600,375,15,6.857900,0.083100,2.482200,true,6,32,12,120
world2_normal_600,600,400,600,375,16,6.918700,0.094500,2.222500,true,6,32,12,120
world2_normal_600,600,400,600,375,17,6.671300,0.080500,2.395100,true,6,32,12,120
world2_normal_600,600,400,600,375,18,7.072000,0.081100,2.216100,true,6,32,12,120
world2_normal_600,600,400,600,375,19,6.663300,0.077600,2.485200,true,6,32,12,120
world2_normal_600,600,400,600,375,20,6.842000,0.090100,2.390600,true,6,32,12,120
world2_normal_600,600,400,600,375,21,6.846500,0.077800,2.332500,true,6,32,12,120
world2_normal_600,600,400,600,375,22,6.908600,0.092600,2.523200,true,6,32,12,120
world2_normal_600,600,400,600,375,23,7.203700,0.087700,2.537300,true,6,32,12,120
world2_normal_600,600,400,600,375,24,6.798700,0.080500,2.351900,true,6,32,12,120
world2_normal_600,600,400,600,375,25,6.965800,0.106200,2.280900,true,6,32,12,120
world2_normal_600,600,400,600,375,26,6.808800,0.095500,2.694200,true,6,32,12,120
world2_normal_600,600,400,600,375,27,7.099300,0.079600,2.190500,true,6,32,12,120
world2_normal_600,600,400,600,375,28,6.783700,0.080000,2.464300,true,6,32,12,120
world2_normal_600,600,400,600,375,29,6.536700,0.088000,2.235200,true,6,32,12,120
world2_normal_600,600,400,600,375,30,6.740600,0.080200,2.414300,true,6,32,12,120
world2_normal_600,600,400,600,375,31,6.661000,0.084400,2.223500,true,6,32,12,120
world2_normal_600,600,400,600,375,32,6.747200,0.077400,2.366200,true,6,32,12,120
world2_normal_600,600,400,600,375,33,7.754800,0.076100,2.422800,true,6,32,12,120
world2_normal_600,600,400,600,375,34,6.762200,0.096300,2.823600,true,6,32,12,120
world2_normal_600,600,400,600,375,35,6.843700,0.078600,2.461900,true,6,32,12,120
world2_normal_600,600,400,600,375,36,6.877700,0.085500,2.243500,true,6,32,13,120
world2_normal_600,600,400,600,375,37,6.987300,0.088100,2.369100,true,6,32,12,120
world2_normal_600,600,400,600,375,38,6.758900,0.085600,2.518000,true,6,32,12,120
world2_normal_600,600,400,600,375,39,6.863800,0.072100,2.691800,true,6,32,12,120
world2_normal_600,600,400,600,375,40,6.807900,0.085000,2.258500,true,6,32,13,120
world2_normal_600,600,400,600,375,41,6.621800,0.107700,2.810600,true,6,32,12,120
world2_normal_600,600,400,600,375,42,7.427400,0.077900,2.421100,true,6,32,12,120
world2_normal_600,600,400,600,375,43,7.591000,0.078700,2.377800,true,6,32,12,120
world2_normal_600,600,400,600,375,44,6.926600,0.118400,2.479900,true,6,32,12,120
world2_normal_600,600,400,600,375,45,6.816700,0.119200,2.372600,true,6,32,12,120
world2_normal_600,600,400,600,375,46,7.142500,0.198400,2.790100,true,6,32,12,120
world2_normal_600,600,400,600,375,47,6.766400,0.076600,2.294700,true,6,32,12,120
world2_normal_600,600,400,600,375,48,7.015000,0.104400,2.227800,true,6,32,12,120
world2_normal_600,600,400,600,375,49,6.869000,0.108600,2.403500,true,6,32,12,120
world2_normal_600,600,400,600,375,50,7.234800,0.074800,2.225300,true,6,32,12,120
world2_normal_600,600,400,600,375,51,7.054100,0.073200,2.428200,true,6,32,12,120
world2_normal_600,600,400,600,375,52,7.946500,0.068400,2.459800,true,6,32,12,120
world2_normal_600,600,400,600,375,53,6.901700,0.076400,2.283000,true,6,32,12,120
world2_normal_600,600,400,600,375,54,7.016100,0.074200,2.583500,true,6,32,12,120
world2_normal_600,600,400,600,375,55,6.642200,0.083300,2.478800,true,6,32,12,120
world2_normal_600,600,400,600,375,56,6.802100,0.075300,2.608400,true,6,32,12,120
world2_normal_600,600,400,600,375,57,6.944100,0.074600,2.215800,true,6,32,12,120
world2_normal_600,600,400,600,375,58,6.763400,0.096800,2.381900,true,6,32,12,120
world2_normal_600,600,400,600,375,59,7.066800,0.068300,2.401800,true,6,32,12,120
world2_normal_600,600,400,600,375,60,7.135000,0.076600,2.217000,true,6,32,12,120
world2_normal_600,600,400,600,375,61,6.909700,0.071800,2.462200,true,6,32,12,120
world2_normal_600,600,400,600,375,62,7.199900,0.072600,2.854600,true,6,32,12,120
world2_normal_600,600,400,600,375,63,6.711000,0.076800,2.363800,true,6,32,12,120
world2_normal_600,600,400,600,375,64,7.251300,0.072100,2.220200,true,6,32,12,120
world2_normal_600,600,400,600,375,65,6.988100,0.097500,2.353600,true,6,32,12,120
world2_normal_600,600,400,600,375,66,6.727500,0.076800,2.332600,true,6,32,12,120
world2_normal_600,600,400,600,375,67,6.757600,0.072800,2.451000,true,6,32,12,120
world2_normal_600,600,400,600,375,68,6.497400,0.066300,2.215900,true,6,32,13,120
world2_normal_600,600,400,600,375,69,7.092700,0.071900,2.193700,true,6,32,12,120
world2_normal_600,600,400,600,375,70,6.578100,0.083800,2.402300,true,6,32,12,120
world2_normal_600,600,400,600,375,71,7.091600,0.073600,2.185000,true,6,32,12,120
world2_normal_600,600,400,600,375,72,6.708200,0.071300,2.479500,true,6,32,12,120
world2_normal_600,600,400,600,375,73,6.533600,0.074900,2.216700,true,6,32,12,120
world2_normal_600,600,400,600,375,74,6.680400,0.069900,2.424400,true,6,32,12,120
world2_normal_600,600,400,600,375,75,6.488400,0.079300,2.211300,true,6,32,12,120
world2_normal_600,600,400,600,375,76,6.600600,0.070800,2.445400,true,6,32,12,120
world2_normal_600,600,400,600,375,77,6.624300,0.084400,2.418700,true,6,32,12,120
world2_normal_600,600,400,600,375,78,6.726600,0.072400,2.355800,true,6,32,12,120
world2_normal_600,600,400,600,375,79,6.601400,0.071400,2.247600,true,6,32,12,120
world2_normal_600,600,400,600,375,80,7.606600,0.075600,2.379900,true,6,32,12,120
world2_normal_600,600,400,600,375,81,6.470500,0.073000,2.182500,true,6,32,12,120
world2_normal_600,600,400,600,375,82,7.213500,0.074300,2.503200,true,6,32,12,120
world2_normal_600,600,400,600,375,83,6.539200,0.075500,2.438900,true,6,32,12,120
world2_normal_600,600,400,600,375,84,6.507100,0.073800,2.465200,true,6,32,12,120
world2_normal_600,600,400,600,375,85,7.001800,0.068200,2.269200,true,6,32,12,120
world2_normal_600,600,400,600,375,86,6.481000,0.092900,2.364100,true,6,32,12,120
world2_normal_600,600,400,600,375,87,7.165000,0.089900,2.388100,true,6,32,12,120
world2_normal_600,600,400,600,375,88,6.557200,0.080700,2.437300,true,6,32,12,120
world2_normal_600,600,400,600,375,89,6.574100,0.074300,2.386100,true,6,32,12,120
world2_normal_600,600,400,600,375,90,6.673400,0.075900,2.166200,true,6,32,12,120
world2_normal_600,600,400,600,375,91,6.649600,0.069400,2.670400,true,6,32,12,120
world2_normal_600,600,400,600,375,92,6.510200,0.074900,2.380000,true,6,32,12,120
world2_normal_600,600,400,600,375,93,6.492600,0.076900,2.436900,true,6,32,12,120
world2_normal_600,600,400,600,375,94,6.468900,0.075000,2.377300,true,6,32,12,120
world2_normal_600,600,400,600,375,95,6.493700,0.077400,2.385800,true,6,32,12,120
world2_normal_600,600,400,600,375,96,6.522100,0.068500,2.177100,true,6,32,12,120
world2_normal_600,600,400,600,375,97,6.573900,0.073200,2.666700,true,6,32,12,120
world2_normal_600,600,400,600,375,98,6.743200,0.092000,2.181100,true,6,32,12,120
world2_normal_600,600,400,600,375,99,6.611300,0.091900,2.328200,true,6,32,12,120
world2_normal_600,600,400,600,375,100,7.521300,0.081100,2.188900,true,6,32,12,120
world2_normal_600,600,400,600,375,101,6.772900,0.091200,2.657200,true,6,32,12,120
world2_normal_600,600,400,600,375,102,6.663800,0.085100,2.403000,true,6,32,12,120
world2_normal_600,600,400,600,375,103,6.546600,0.103700,2.411500,true,6,32,12,120
world2_normal_600,600,400,600,375,104,7.149900,0.085200,2.456100,true,6,32,12,120
world2_normal_600,600,400,600,375,105,8.119900,0.077600,2.322700,true,6,32,12,120
world2_normal_600,600,400,600,375,106,6.875900,0.067100,2.505200,true,6,32,12,120
world2_normal_600,600,400,600,375,107,6.662100,0.065000,2.373000,true,6,32,12,120
world2_normal_600,600,400,600,375,108,6.814100,0.081600,2.519700,true,6,32,12,120
world2_normal_600,600,400,600,375,109,6.725500,0.065600,2.196800,true,6,32,12,120
world2_normal_600,600,400,600,375,110,6.790200,0.097900,2.803000,true,6,32,12,120
world2_normal_600,600,400,600,375,111,6.528200,0.075700,2.363500,true,6,32,12,120
world2_normal_600,600,400,600,375,112,6.634000,0.077500,2.209000,true,6,32,12,120
world2_normal_600,600,400,600,375,113,6.804300,0.086800,2.340900,true,6,32,12,120
world2_normal_600,600,400,600,375,114,7.003400,0.075900,2.189100,true,6,32,12,120
world2_normal_600,600,400,600,375,115,6.701200,0.087300,2.471500,true,6,32,12,120
world2_normal_600,600,400,600,375,116,6.771100,0.077900,2.356900,true,6,32,12,120
world2_normal_600,600,400,600,375,117,8.177900,0.091300,2.365300,true,6,32,12,120
world2_normal_600,600,400,600,375,118,7.453200,0.098700,2.732500,true,6,32,12,120
world2_normal_600,600,400,600,375,119,6.795700,0.086300,2.230100,true,6,32,12,120
world2_normal_600,600,400,600,375,120,7.022700,0.076100,2.558100,true,6,32,12,120
world2_normal_600,600,400,600,375,121,8.020300,0.076100,2.474300,true,6,32,12,120
world2_normal_600,600,400,600,375,122,7.459500,0.103000,2.208400,true,6,32,12,120
world2_normal_600,600,400,600,375,123,6.714800,0.072100,2.452000,true,6,32,12,120
world2_normal_600,600,400,600,375,124,6.640800,0.072100,2.187100,true,6,32,12,120
world2_normal_600,600,400,600,375,125,6.606700,0.068000,2.465100,true,6,32,12,120
world2_normal_600,600,400,600,375,126,6.821600,0.074500,2.207000,true,6,32,12,120
world2_normal_600,600,400,600,375,127,6.590500,0.077300,2.445900,true,6,32,12,120
world2_normal_600,600,400,600,375,128,6.664800,0.081500,2.193600,true,6,32,12,120
world2_normal_600,600,400,600,375,129,6.762300,0.072900,2.387900,true,6,32,12,120
world2_normal_600,600,400,600,375,130,6.677400,0.072000,2.329000,true,6,32,12,120
world2_normal_600,600,400,600,375,131,6.627700,0.082400,2.504200,true,6,32,12,120
world2_normal_600,600,400,600,375,132,6.584400,0.075700,2.177300,true,6,32,12,120
world2_normal_600,600,400,600,375,133,6.859400,0.071400,2.401000,true,6,32,12,120
world2_normal_600,600,400,600,375,134,6.568100,0.078400,2.374500,true,6,32,12,120
world2_normal_600,600,400,600,375,135,6.538000,0.073300,2.364200,true,6,32,12,120
world2_normal_600,600,400,600,375,136,6.479600,0.069500,2.183200,true,6,32,12,120
world2_normal_600,600,400,600,375,137,6.541400,0.077500,2.765400,true,6,32,12,120
world2_normal_600,600,400,600,375,138,6.791800,0.103900,2.393400,true,6,32,12,120
world2_normal_600,600,400,600,375,139,6.625600,0.074100,2.629500,true,6,32,12,120
world2_normal_600,600,400,600,375,140,6.727600,0.076500,2.347800,true,6,32,12,120
world2_normal_600,600,400,600,375,141,6.755900,0.087500,2.374700,true,6,32,12,120
world2_normal_600,600,400,600,375,142,6.732700,0.078100,2.256400,true,6,32,12,120
world2_normal_600,600,400,600,375,143,6.607800,0.117400,2.674200,true,6,32,12,120
world2_normal_600,600,400,600,375,144,6.605600,0.068600,2.383200,true,6,32,12,120
world2_normal_600,600,400,600,375,145,6.729000,0.084800,2.402100,true,6,32,12,120
world2_normal_600,600,400,600,375,146,6.730900,0.086700,2.292900,true,6,32,13,120
world2_normal_600,600,400,600,375,147,6.574900,0.120200,2.365300,true,6,32,12,120
world2_normal_600,600,400,600,375,148,7.065500,0.093800,2.396200,true,6,32,12,120
world2_normal_600,600,400,600,375,149,6.603000,0.094500,2.383300,true,6,32,12,120
world2_normal_600,600,400,600,375,150,6.751600,0.096500,2.286800,true,6,32,13,120
world2_normal_600,600,400,600,375,151,7.198200,0.115800,2.398400,true,6,32,12,120
world2_normal_600,600,400,600,375,152,6.728600,0.149200,2.378000,true,6,32,12,120
world2_normal_600,600,400,600,375,153,6.641700,0.106300,2.298600,true,6,32,12,120
world2_normal_600,600,400,600,375,154,6.841400,0.076400,2.466300,true,6,32,12,120
world2_normal_600,600,400,600,375,155,6.432000,0.093300,2.207700,true,6,32,12,120
world2_normal_600,600,400,600,375,156,6.634800,0.072000,2.452000,true,6,32,12,120
world2_normal_600,600,400,600,375,157,6.531900,0.073000,2.464400,true,6,32,12,120
world2_normal_600,600,400,600,375,158,6.638200,0.075800,2.561100,true,6,32,12,120
world2_normal_600,600,400,600,375,159,6.658800,0.077200,2.335000,true,6,32,12,120
world2_normal_600,600,400,600,375,160,6.686300,0.079400,2.307100,true,6,32,12,120
world2_normal_600,600,400,600,375,161,7.327300,0.065800,2.165500,true,6,32,12,120
world2_normal_600,600,400,600,375,162,8.741000,0.079200,2.437900,true,6,32,12,120
world2_normal_600,600,400,600,375,163,7.219600,0.080000,2.455400,true,6,32,12,120
world2_normal_600,600,400,600,375,164,6.695800,0.077900,2.235000,true,6,32,12,120
world2_normal_600,600,400,600,375,165,8.508300,0.084500,2.219300,true,6,32,12,120
world2_normal_600,600,400,600,375,166,6.670300,0.074900,2.366400,true,6,32,12,120
world2_normal_600,600,400,600,375,167,6.824300,0.072700,2.177900,true,6,32,12,120
world2_normal_600,600,400,600,375,168,6.793200,0.067700,2.331100,true,6,32,12,120
world2_normal_600,600,400,600,375,169,6.415700,0.066900,2.185300,true,6,32,12,120
world2_normal_600,600,400,600,375,170,6.705700,0.078000,2.311400,true,6,32,12,120
world2_normal_600,600,400,600,375,171,7.311600,0.070000,2.192400,true,6,32,12,120
world2_normal_600,600,400,600,375,172,6.555800,0.086600,2.438000,true,6,32,12,120
world2_normal_600,600,400,600,375,173,7.692600,0.104800,2.401900,true,6,32,12,120
world2_normal_600,600,400,600,375,174,6.996800,0.087400,2.309700,true,6,32,12,120
world2_normal_600,600,400,600,375,175,6.721600,0.074700,2.444800,true,6,32,12,120
world2_normal_600,600,400,600,375,176,8.039400,0.065200,2.322400,true,6,32,12,120
world2_normal_600,600,400,600,375,177,6.734300,0.069600,2.296500,true,6,32,12,120
world2_normal_600,600,400,600,375,178,7.203600,0.070500,2.229600,true,6,32,12,120
world2_normal_600,600,400,600,375,179,6.599000,0.066000,2.442400,true,6,32,12,120
world2_normal_600,600,400,600,375,180,6.563400,0.075600,2.403500,true,6,32,12,120
world2_normal_600,600,400,600,375,181,6.482100,0.066300,2.403600,true,6,32,12,120
world2_normal_600,600,400,600,375,182,6.730000,0.086400,2.332900,true,6,32,12,120
world2_normal_600,600,400,600,375,183,6.723400,0.081000,2.348400,true,6,32,12,120
world2_normal_600,600,400,600,375,184,7.684600,0.075100,2.470200,true,6,32,12,120
world2_normal_600,600,400,600,375,185,7.407500,0.082500,2.465000,true,6,32,12,120
world2_normal_600,600,400,600,375,186,6.583800,0.076900,2.431600,true,6,32,12,120
world2_normal_1280,1280,800,1280,800,0,6.596400,0.069200,9.667500,true,6,32,12,120
world2_normal_1280,1280,800,1280,800,1,7.001300,0.077800,9.659900,true,6,32,12,120
world2_normal_1280,1280,800,1280,800,2,6.748000,0.073300,10.063300,true,6,32,12,120
world2_normal_1280,1280,800,1280,800,3,7.115800,0.074400,9.781000,true,6,32,12,120
world2_normal_1280,1280,800,1280,800,4,7.159500,0.064800,9.840000,true,6,32,12,120
world2_normal_1280,1280,800,1280,800,5,6.410600,0.081800,9.599500,true,6,32,12,120
world2_normal_1280,1280,800,1280,800,6,6.375700,0.082500,9.744800,true,6,32,12,120
world2_normal_1280,1280,800,1280,800,7,6.503600,0.069100,10.254500,true,6,32,12,120
world2_normal_1280,1280,800,1280,800,8,6.324700,0.073200,9.695200,true,6,32,12,120
world2_normal_1280,1280,800,1280,800,9,6.586700,0.090500,9.799900,true,6,32,12,120
world2_normal_1280,1280,800,1280,800,10,6.820600,0.069400,10.015200,true,6,32,12,120
world2_normal_1280,1280,800,1280,800,11,7.054800,0.078000,9.744300,true,6,32,12,120
world2_normal_1280,1280,800,1280,800,12,7.236200,0.080000,9.544600,true,6,32,12,120
world2_normal_1280,1280,800,1280,800,13,6.456100,0.074000,9.653500,true,6,32,12,120
world2_normal_1280,1280,800,1280,800,14,6.998100,0.093000,9.899500,true,6,32,12,120
world2_normal_1280,1280,800,1280,800,15,7.126300,0.099000,9.773900,true,6,32,12,120
world2_normal_1280,1280,800,1280,800,16,6.555400,0.094000,9.624600,true,6,32,12,120
world2_normal_1280,1280,800,1280,800,17,6.570600,0.089700,9.595600,true,6,32,12,120
world2_normal_1280,1280,800,1280,800,18,6.412100,0.069300,10.068300,true,6,32,12,120
world2_normal_1280,1280,800,1280,800,19,6.433300,0.076600,9.627000,true,6,32,12,120
world2_normal_1280,1280,800,1280,800,20,6.599400,0.074100,10.447300,true,6,32,12,120
world2_normal_1280,1280,800,1280,800,21,6.620800,0.076400,9.586800,true,6,32,12,120
world2_normal_1280,1280,800,1280,800,22,6.775400,0.082300,9.696700,true,6,32,12,120
world2_normal_1280,1280,800,1280,800,23,6.505600,0.067000,10.049500,true,6,32,12,120
world2_normal_1280,1280,800,1280,800,24,6.293700,0.098000,9.756000,true,6,32,12,120
world2_normal_1280,1280,800,1280,800,25,7.027100,0.081800,9.778000,true,6,32,12,120
world2_normal_1280,1280,800,1280,800,26,6.391500,0.082600,9.659000,true,6,32,12,120
world2_normal_1280,1280,800,1280,800,27,7.195700,0.088500,9.686800,true,6,32,12,120
world2_normal_1280,1280,800,1280,800,28,6.307600,0.123600,9.640100,true,6,32,12,120
world2_normal_1280,1280,800,1280,800,29,6.562500,0.104300,10.159400,true,6,32,12,120
world2_normal_1280,1280,800,1280,800,30,6.584400,0.075200,10.036300,true,6,32,12,120
world2_normal_1280,1280,800,1280,800,31,7.321600,0.063500,9.670200,true,6,32,12,120
world2_normal_1280,1280,800,1280,800,32,7.161500,0.082600,9.768100,true,6,32,12,120
world2_normal_1280,1280,800,1280,800,33,6.585500,0.102100,9.887300,true,6,32,12,120
world2_normal_1280,1280,800,1280,800,34,6.450800,0.093600,10.505000,true,6,32,12,120
world2_normal_1280,1280,800,1280,800,35,7.475200,0.067700,9.727600,true,6,32,12,120
world2_normal_1280,1280,800,1280,800,36,6.321300,0.066800,10.151000,true,6,32,12,120
world2_normal_1280,1280,800,1280,800,37,7.512100,0.069600,10.007100,true,6,32,12,120
world2_normal_1280,1280,800,1280,800,38,6.289500,0.076400,9.520500,true,6,32,12,120
world2_normal_1280,1280,800,1280,800,39,6.718200,0.074100,10.063200,true,6,32,12,120
world2_normal_1280,1280,800,1280,800,40,6.326700,0.096400,10.994800,true,6,32,12,120
world2_normal_1280,1280,800,1280,800,41,6.355100,0.068200,10.017700,true,6,32,12,120
world2_normal_1280,1280,800,1280,800,42,6.427500,0.081000,9.705800,true,6,32,12,120
world2_normal_1280,1280,800,1280,800,43,7.050800,0.072200,9.745100,true,6,32,12,120
world2_normal_1280,1280,800,1280,800,44,6.508000,0.067200,9.652600,true,6,32,12,120
world2_normal_1280,1280,800,1280,800,45,6.861200,0.077600,9.737500,true,6,32,12,120
world2_normal_1280,1280,800,1280,800,46,6.501700,0.094900,9.677300,true,6,32,12,120
world2_normal_1280,1280,800,1280,800,47,6.779300,0.095000,9.826100,true,6,32,12,120
world2_normal_1280,1280,800,1280,800,48,6.568500,0.091200,9.657000,true,6,32,12,120
world2_normal_1280,1280,800,1280,800,49,7.495300,0.084800,9.771800,true,6,32,12,120
world2_normal_1280,1280,800,1280,800,50,6.409400,0.076900,9.572100,true,6,32,12,120
world2_normal_1280,1280,800,1280,800,51,6.807500,0.067500,9.877600,true,6,32,12,120
world2_normal_1280,1280,800,1280,800,52,7.127800,0.093100,10.099000,true,6,32,12,120
world2_normal_1280,1280,800,1280,800,53,7.377600,0.082600,9.644100,true,6,32,12,120
world2_normal_1280,1280,800,1280,800,54,7.518600,0.078400,10.029400,true,6,32,12,120
world2_normal_1280,1280,800,1280,800,55,7.128900,0.069000,9.864900,true,6,32,12,120
world2_normal_1280,1280,800,1280,800,56,6.235100,0.079900,9.879600,true,6,32,12,120
world2_normal_1280,1280,800,1280,800,57,6.784800,0.070200,9.782400,true,6,32,12,120
world2_normal_1280,1280,800,1280,800,58,7.388200,0.089600,9.711300,true,6,32,12,120
world2_normal_1280,1280,800,1280,800,59,7.596100,0.084300,10.084500,true,6,32,12,120
world2_normal_1280,1280,800,1280,800,60,6.255300,0.065800,9.557500,true,6,32,12,120
world2_normal_1280,1280,800,1280,800,61,6.901400,0.107800,10.130300,true,6,32,12,120
world2_normal_1280,1280,800,1280,800,62,6.682900,0.084200,9.614400,true,6,32,12,120
world2_normal_1280,1280,800,1280,800,63,7.686100,0.081600,9.738000,true,6,32,12,120
world2_normal_1280,1280,800,1280,800,64,6.574400,0.071100,9.715400,true,6,32,12,120
world2_normal_1280,1280,800,1280,800,65,6.685000,0.081900,9.781700,true,6,32,12,120
world2_normal_1280,1280,800,1280,800,66,6.697900,0.098500,9.675500,true,6,32,12,120
world2_normal_1280,1280,800,1280,800,67,7.417400,0.081800,10.082500,true,6,32,12,120
world2_normal_1280,1280,800,1280,800,68,6.453100,0.063600,9.660800,true,6,32,12,120
world2_normal_1280,1280,800,1280,800,69,6.645600,0.100500,9.789100,true,6,32,13,120
world2_normal_1280,1280,800,1280,800,70,6.379300,0.099800,9.784100,true,6,32,12,120
world2_normal_1280,1280,800,1280,800,71,7.242900,0.082600,9.664900,true,6,32,12,120
world2_normal_1280,1280,800,1280,800,72,6.868700,0.114100,9.973800,true,6,32,12,120
world2_normal_1280,1280,800,1280,800,73,6.333300,0.104300,9.721200,true,6,32,13,120
world2_normal_1280,1280,800,1280,800,74,6.557100,0.068700,10.170100,true,6,32,12,120
world2_normal_1280,1280,800,1280,800,75,7.033700,0.066800,9.861400,true,6,32,12,120
world2_normal_1280,1280,800,1280,800,76,7.128100,0.066600,9.826700,true,6,32,12,120
world2_normal_1280,1280,800,1280,800,77,6.979700,0.064000,9.709300,true,6,32,12,120
world2_normal_1280,1280,800,1280,800,78,6.376600,0.080500,9.694400,true,6,32,12,120
world2_normal_1280,1280,800,1280,800,79,7.175100,0.092900,9.755600,true,6,32,12,120
world2_normal_1280,1280,800,1280,800,80,6.744700,0.084700,10.019500,true,6,32,12,120
world2_normal_1280,1280,800,1280,800,81,6.392400,0.092100,9.711900,true,6,32,12,120
world2_normal_1280,1280,800,1280,800,82,6.493800,0.089200,9.700700,true,6,32,12,120
world2_normal_1280,1280,800,1280,800,83,6.673600,0.095300,9.733500,true,6,32,12,120
world2_normal_1280,1280,800,1280,800,84,6.961700,0.065500,9.705400,true,6,32,12,120
world2_normal_1280,1280,800,1280,800,85,6.316600,0.080300,10.179000,true,6,32,12,120
world2_normal_1280,1280,800,1280,800,86,6.498600,0.091100,9.814000,true,6,32,12,120
world2_normal_1280,1280,800,1280,800,87,7.164400,0.071900,9.994600,true,6,32,12,120
world2_normal_1280,1280,800,1280,800,88,7.212300,0.074600,9.674500,true,6,32,12,120
world2_normal_1280,1280,800,1280,800,89,7.554700,0.088200,9.693300,true,6,32,12,120
world2_normal_1280,1280,800,1280,800,90,6.400500,0.076800,10.231500,true,6,32,12,120
world2_normal_1280,1280,800,1280,800,91,6.599000,0.101200,9.898700,true,6,32,12,120
world2_normal_1280,1280,800,1280,800,92,6.394600,0.095600,9.729000,true,6,32,12,120
world2_normal_1280,1280,800,1280,800,93,6.265800,0.103400,9.692400,true,6,32,12,120
world2_normal_1280,1280,800,1280,800,94,6.776400,0.079900,9.691900,true,6,32,12,120
world2_normal_1280,1280,800,1280,800,95,6.509100,0.064400,9.684800,true,6,32,12,120
world2_normal_1280,1280,800,1280,800,96,7.692500,0.114500,10.465300,true,6,32,12,120
world2_normal_1280,1280,800,1280,800,97,6.500600,0.068000,9.990500,true,6,32,12,120
world2_normal_1280,1280,800,1280,800,98,6.455300,0.077900,9.526500,true,6,32,12,120
world2_normal_1280,1280,800,1280,800,99,6.761200,0.087100,9.677000,true,6,32,12,120
world2_normal_1280,1280,800,1280,800,100,6.348000,0.086300,9.807400,true,6,32,12,120
world2_normal_1280,1280,800,1280,800,101,7.507800,0.070900,9.660900,true,6,32,13,120
world2_normal_1280,1280,800,1280,800,102,6.463800,0.079000,9.515500,true,6,32,12,120
world2_normal_1280,1280,800,1280,800,103,6.708500,0.083600,10.100200,true,6,32,12,120
world2_normal_1280,1280,800,1280,800,104,6.568700,0.070600,9.682400,true,6,32,12,120
world2_high_960,960,600,960,600,0,13.611700,0.086600,1.381600,true,40,320,180,1200
world2_high_960,960,600,960,600,1,13.696600,0.078500,1.621200,true,40,320,180,1200
world2_high_960,960,600,960,600,2,15.872900,0.092700,1.408900,true,40,320,180,1200
world2_high_960,960,600,960,600,3,13.897600,0.089400,2.180200,true,40,320,180,1200
world2_high_960,960,600,960,600,4,14.818400,0.093700,2.072500,true,40,320,180,1200
world2_high_960,960,600,960,600,5,13.129800,0.073600,1.364000,true,40,320,180,1200
world2_high_960,960,600,960,600,6,13.247400,0.148800,1.492300,true,40,320,180,1200
world2_high_960,960,600,960,600,7,12.724300,0.076300,1.347700,true,40,320,180,1200
world2_high_960,960,600,960,600,8,13.485200,0.074100,1.715200,true,40,320,180,1200
world2_high_960,960,600,960,600,9,14.670500,0.070400,1.437300,true,40,320,180,1200
world2_high_960,960,600,960,600,10,12.998300,0.068400,1.542300,true,40,320,180,1200
world2_high_960,960,600,960,600,11,14.614600,0.072700,1.451700,true,40,320,180,1200
world2_high_960,960,600,960,600,12,12.926500,0.081900,1.380300,true,40,320,180,1200
world2_high_960,960,600,960,600,13,13.774800,0.084300,1.498600,true,40,320,180,1200
world2_high_960,960,600,960,600,14,13.134600,0.104400,1.441700,true,40,320,180,1200
world2_high_960,960,600,960,600,15,13.048100,0.074400,1.405100,true,40,320,180,1200
world2_high_960,960,600,960,600,16,12.842300,0.077800,1.352000,true,40,320,180,1200
world2_high_960,960,600,960,600,17,13.079200,0.075000,1.793000,true,40,320,180,1200
world2_high_960,960,600,960,600,18,12.972500,0.090400,1.445900,true,40,320,180,1200
world2_high_960,960,600,960,600,19,13.804600,0.081400,1.292800,true,40,320,180,1200
world2_high_960,960,600,960,600,20,12.935200,0.088200,1.522900,true,40,320,180,1200
world2_high_960,960,600,960,600,21,12.797600,0.081600,1.551400,true,40,320,180,1200
world2_high_960,960,600,960,600,22,13.530700,0.082100,1.372000,true,40,320,180,1200
world2_high_960,960,600,960,600,23,12.811600,0.074700,1.527900,true,40,320,180,1200
world2_high_960,960,600,960,600,24,13.760800,0.076500,1.442500,true,40,320,180,1200
world2_high_960,960,600,960,600,25,13.701100,0.086400,1.401900,true,40,320,180,1200
world2_high_960,960,600,960,600,26,13.720500,0.089500,1.555200,true,40,320,180,1200
world2_high_960,960,600,960,600,27,14.804700,0.079400,1.237200,true,40,320,180,1200
world2_high_960,960,600,960,600,28,12.565500,0.078000,1.406300,true,40,320,180,1200
world2_high_960,960,600,960,600,29,12.436400,0.077400,1.428700,true,40,320,180,1200
world2_high_960,960,600,960,600,30,12.522800,0.082800,1.483400,true,40,320,180,1200
world2_high_960,960,600,960,600,31,13.136200,0.078700,1.675900,true,40,320,180,1200
world2_high_960,960,600,960,600,32,12.754400,0.089900,1.390700,true,40,320,180,1200
world2_high_960,960,600,960,600,33,12.279100,0.078200,1.405900,true,40,320,180,1200
world2_high_960,960,600,960,600,34,12.718200,0.090200,1.311700,true,40,320,180,1200
world2_high_960,960,600,960,600,35,12.767100,0.105600,1.773800,true,40,320,180,1200
world2_high_960,960,600,960,600,36,13.371100,0.092000,1.407700,true,40,320,180,1200
world2_high_960,960,600,960,600,37,12.584900,0.088300,1.373600,true,40,320,180,1200
world2_high_960,960,600,960,600,38,13.658600,0.083600,1.346200,true,40,320,180,1200
world2_high_960,960,600,960,600,39,13.590900,0.090600,1.329400,true,40,320,180,1200
world2_high_960,960,600,960,600,40,13.055200,0.074200,1.216100,true,40,320,180,1200
world2_high_960,960,600,960,600,41,13.648700,0.076000,1.437000,true,40,320,180,1200
world2_high_960,960,600,960,600,42,13.652500,0.078400,1.218300,true,40,320,180,1200
world2_high_960,960,600,960,600,43,13.469200,0.064600,1.226800,true,40,320,180,1200
world2_high_960,960,600,960,600,44,12.399100,0.093700,1.774300,true,40,320,180,1200
world2_high_960,960,600,960,600,45,12.868600,0.073800,1.250000,true,40,320,180,1200
world2_high_960,960,600,960,600,46,12.684200,0.075100,1.294800,true,40,320,180,1200
world2_high_960,960,600,960,600,47,13.631300,0.076100,1.219200,true,40,320,180,1200
world2_high_960,960,600,960,600,48,13.256900,0.111800,1.439500,true,40,320,180,1200
world2_high_960,960,600,960,600,49,12.533800,0.083400,1.471400,true,40,320,180,1200
world2_high_960,960,600,960,600,50,12.668700,0.079500,1.511000,true,40,320,180,1200
world2_high_960,960,600,960,600,51,12.648000,0.089200,1.435500,true,40,320,180,1200
world2_high_960,960,600,960,600,52,15.496400,0.062100,1.414200,true,40,320,180,1200
world2_high_960,960,600,960,600,53,13.431000,0.114000,1.818200,true,40,320,180,1200
world2_high_960,960,600,960,600,54,12.718600,0.073000,1.666300,true,40,320,180,1200
world2_high_960,960,600,960,600,55,12.410500,0.074300,1.222300,true,40,320,180,1200
world2_high_960,960,600,960,600,56,13.547000,0.071100,1.595700,true,40,320,180,1200
world2_high_960,960,600,960,600,57,12.681800,0.078200,1.350200,true,40,320,180,1200
world2_high_960,960,600,960,600,58,12.591500,0.069400,1.370200,true,40,320,180,1200
world2_high_960,960,600,960,600,59,13.610600,0.072500,1.331900,true,40,320,180,1200
world2_high_960,960,600,960,600,60,13.762600,0.090600,1.555600,true,40,320,180,1200
world2_high_960,960,600,960,600,61,12.313600,0.084600,1.398400,true,40,320,180,1200
world2_high_960,960,600,960,600,62,14.442800,0.091300,1.764500,true,40,320,180,1200
world2_high_960,960,600,960,600,63,12.671500,0.076500,1.379300,true,40,320,180,1200
world2_high_960,960,600,960,600,64,12.848600,0.086300,1.743300,true,40,320,180,1200
world2_high_960,960,600,960,600,65,12.452700,0.093700,1.266300,true,40,320,180,1200
world2_high_960,960,600,960,600,66,12.996200,0.089900,1.331800,true,40,320,180,1200
world2_high_960,960,600,960,600,67,13.835400,0.081100,1.453000,true,40,320,180,1200
world2_high_960,960,600,960,600,68,14.351600,0.076400,1.733400,true,40,320,180,1200
world2_high_960,960,600,960,600,69,12.577300,0.081700,1.421300,true,40,320,180,1200
world2_high_960,960,600,960,600,70,12.336500,0.079100,1.482000,true,40,320,180,1200
world2_high_960,960,600,960,600,71,12.409600,0.080100,1.427900,true,40,320,180,1200
world2_high_960,960,600,960,600,72,12.625500,0.081400,1.293800,true,40,320,180,1200
world2_high_960,960,600,960,600,73,13.819400,0.076300,1.210900,true,40,320,180,1200
world2_high_960,960,600,960,600,74,12.981800,0.091700,1.521300,true,40,320,180,1200
world2_high_960,960,600,960,600,75,12.470900,0.092400,1.291800,true,40,320,180,1200
world2_high_960,960,600,960,600,76,12.973800,0.086600,1.340900,true,40,320,180,1200
world2_high_960,960,600,960,600,77,13.135800,0.083000,1.254600,true,40,320,180,1200
world2_high_960,960,600,960,600,78,12.694900,0.071200,1.209300,true,40,320,180,1200
world2_high_960,960,600,960,600,79,13.059200,0.079000,1.318400,true,40,320,180,1200
world2_high_960,960,600,960,600,80,12.384600,0.084000,1.422700,true,40,320,180,1200
world2_high_960,960,600,960,600,81,13.199800,0.071400,1.300200,true,40,320,180,1200
world2_high_960,960,600,960,600,82,13.446800,0.081800,1.453600,true,40,320,180,1200
world2_high_960,960,600,960,600,83,12.747600,0.071300,1.265200,true,40,320,180,1200
world2_high_960,960,600,960,600,84,13.637900,0.070400,1.373500,true,40,320,180,1200
world2_high_960,960,600,960,600,85,13.819400,0.081600,1.238200,true,40,320,180,1200
world2_high_960,960,600,960,600,86,13.254100,0.076900,1.392800,true,40,320,180,1200
world2_high_960,960,600,960,600,87,13.740000,0.083000,1.230400,true,40,320,180,1200
world2_high_960,960,600,960,600,88,13.275500,0.079000,1.404100,true,40,320,180,1200
world2_high_960,960,600,960,600,89,13.808900,0.079200,1.255000,true,40,320,180,1200
world2_high_960,960,600,960,600,90,13.316900,0.087100,1.403800,true,40,320,180,1200
world2_high_960,960,600,960,600,91,12.592700,0.084600,1.430400,true,40,320,180,1200
world2_high_960,960,600,960,600,92,12.731400,0.073300,1.326600,true,40,320,180,1200
world2_high_960,960,600,960,600,93,13.190100,0.077800,1.421000,true,40,320,180,1200
world2_high_960,960,600,960,600,94,12.789600,0.078800,1.341300,true,40,320,180,1200
world2_high_960,960,600,960,600,95,13.520400,0.071900,1.257000,true,40,320,180,1200
world2_high_960,960,600,960,600,96,12.501800,0.074200,1.863300,true,40,320,180,1200
world2_high_960,960,600,960,600,97,13.420900,0.092900,1.390000,true,40,320,180,1200
world2_high_960,960,600,960,600,98,12.727700,0.077800,1.520600,true,40,320,180,1200
world2_high_960,960,600,960,600,99,12.915800,0.075100,1.249700,true,40,320,180,1200
world2_high_960,960,600,960,600,100,12.078100,0.088400,1.407900,true,40,320,180,1200
world2_high_960,960,600,960,600,101,12.420500,0.079200,1.402900,true,40,320,180,1200
world2_high_960,960,600,960,600,102,12.316200,0.088600,1.489000,true,40,320,180,1200
world2_high_960,960,600,960,600,103,13.119400,0.068000,1.480600,true,40,320,180,1200
world2_high_960,960,600,960,600,104,12.616500,0.084400,1.428500,true,40,320,180,1200
world2_high_960,960,600,960,600,105,12.312200,0.081500,1.277800,true,40,320,180,1200
world2_high_960,960,600,960,600,106,13.592700,0.080700,1.457900,true,40,320,180,1200
world2_high_960,960,600,960,600,107,12.279000,0.075600,1.771600,true,40,320,180,1200
world2_high_960,960,600,960,600,108,13.316500,0.076400,1.428800,true,40,320,180,1200
world2_high_960,960,600,960,600,109,13.667100,0.069200,1.491500,true,40,320,180,1200
world2_high_960,960,600,960,600,110,12.197300,0.075800,1.481900,true,40,320,180,1200
world2_high_960,960,600,960,600,111,13.790200,0.068800,1.333500,true,40,320,180,1200
world2_high_960,960,600,960,600,112,13.696600,0.068200,1.210400,true,40,320,180,1200
world2_high_960,960,600,960,600,113,12.301300,0.076600,1.301000,true,40,320,180,1200
world2_high_960,960,600,960,600,114,12.604700,0.079100,1.405700,true,40,320,180,1200
world2_high_960,960,600,960,600,115,12.354300,0.098700,1.399200,true,40,320,180,1200
world2_high_960,960,600,960,600,116,13.228100,0.092900,1.453100,true,40,320,180,1200
world2_high_960,960,600,960,600,117,12.646100,0.077800,1.425300,true,40,320,180,1200
world2_high_960,960,600,960,600,118,13.218500,0.075300,1.412800,true,40,320,180,1200
world2_high_600,600,400,600,375,0,12.055800,0.090700,2.380300,true,40,320,180,1200
world2_high_600,600,400,600,375,1,12.119700,0.073700,2.247600,true,40,320,180,1200
world2_high_600,600,400,600,375,2,12.383500,0.088900,2.382900,true,40,320,180,1200
world2_high_600,600,400,600,375,3,12.471600,0.088700,2.222600,true,40,320,180,1200
world2_high_600,600,400,600,375,4,12.463100,0.081500,2.429400,true,40,320,180,1200
world2_high_600,600,400,600,375,5,12.459100,0.073800,2.367300,true,40,320,180,1200
world2_high_600,600,400,600,375,6,12.386200,0.098500,2.443000,true,40,320,180,1200
world2_high_600,600,400,600,375,7,12.929300,0.073200,2.191600,true,40,320,180,1200
world2_high_600,600,400,600,375,8,12.526600,0.099000,2.338900,true,40,320,180,1200
world2_high_600,600,400,600,375,9,15.521300,0.100100,2.333400,true,40,320,180,1200
world2_high_600,600,400,600,375,10,12.365700,0.084500,2.556700,true,40,320,180,1200
world2_high_600,600,400,600,375,11,12.460400,0.099200,2.280500,true,40,320,180,1200
world2_high_600,600,400,600,375,12,13.702600,0.084600,2.476100,true,40,320,180,1200
world2_high_600,600,400,600,375,13,12.307000,0.079300,2.578300,true,40,320,180,1200
world2_high_600,600,400,600,375,14,12.893000,0.080900,2.201900,true,40,320,180,1200
world2_high_600,600,400,600,375,15,12.389800,0.079100,2.617000,true,40,320,180,1200
world2_high_600,600,400,600,375,16,12.547700,0.072100,2.337200,true,40,320,180,1200
world2_high_600,600,400,600,375,17,12.115700,0.088500,2.455100,true,40,320,180,1200
world2_high_600,600,400,600,375,18,13.235300,0.091200,2.249300,true,40,320,180,1200
world2_high_600,600,400,600,375,19,12.442200,0.086400,2.762000,true,40,320,180,1200
world2_high_600,600,400,600,375,20,12.260700,0.077000,2.318200,true,40,320,180,1200
world2_high_600,600,400,600,375,21,12.496900,0.092000,2.329700,true,40,320,180,1200
world2_high_600,600,400,600,375,22,12.738900,0.083200,2.252900,true,40,320,180,1200
world2_high_600,600,400,600,375,23,12.405100,0.089900,2.314800,true,40,320,180,1200
world2_high_600,600,400,600,375,24,13.979600,0.078400,2.648700,true,40,320,180,1200
world2_high_600,600,400,600,375,25,12.511000,0.099700,2.204900,true,40,320,180,1200
world2_high_600,600,400,600,375,26,14.494200,0.102500,2.427100,true,40,320,180,1200
world2_high_600,600,400,600,375,27,12.352700,0.071600,2.206600,true,40,320,180,1200
world2_high_600,600,400,600,375,28,12.637300,0.070600,2.428600,true,40,320,180,1200
world2_high_600,600,400,600,375,29,14.524600,0.078200,2.410700,true,40,320,180,1200
world2_high_600,600,400,600,375,30,14.658300,0.073200,2.196200,true,40,320,180,1200
world2_high_600,600,400,600,375,31,12.462300,0.091100,2.766800,true,40,320,180,1200
world2_high_600,600,400,600,375,32,12.790700,0.074900,2.449300,true,40,320,180,1200
world2_high_600,600,400,600,375,33,13.198200,0.080700,2.308100,true,40,320,180,1200
world2_high_600,600,400,600,375,34,14.358800,0.115900,2.374400,true,40,320,180,1200
world2_high_600,600,400,600,375,35,13.918100,0.071000,2.703900,true,40,320,180,1200
world2_high_600,600,400,600,375,36,13.295100,0.073400,2.433500,true,40,320,180,1200
world2_high_600,600,400,600,375,37,12.270000,0.082400,2.697900,true,40,320,180,1200
world2_high_600,600,400,600,375,38,12.102300,0.076300,2.283300,true,40,320,180,1200
world2_high_600,600,400,600,375,39,13.469000,0.079100,2.341100,true,40,320,180,1200
world2_high_600,600,400,600,375,40,12.214000,0.085700,2.154400,true,40,320,180,1200
world2_high_600,600,400,600,375,41,13.049100,0.101900,2.473100,true,40,320,180,1200
world2_high_600,600,400,600,375,42,13.988300,0.090200,2.326600,true,40,320,180,1200
world2_high_600,600,400,600,375,43,12.197900,0.086000,2.231800,true,40,320,180,1200
world2_high_600,600,400,600,375,44,12.591200,0.071800,2.785800,true,40,320,180,1200
world2_high_600,600,400,600,375,45,13.013200,0.081700,2.244200,true,40,320,180,1200
world2_high_600,600,400,600,375,46,12.179600,0.086800,2.389500,true,40,320,180,1200
world2_high_600,600,400,600,375,47,12.182700,0.082200,2.427500,true,40,320,180,1200
world2_high_600,600,400,600,375,48,12.129100,0.086300,2.418600,true,40,320,180,1200
world2_high_600,600,400,600,375,49,12.208800,0.109100,2.293400,true,40,320,180,1200
world2_high_600,600,400,600,375,50,14.509800,0.079000,2.354800,true,40,320,180,1200
world2_high_600,600,400,600,375,51,12.200700,0.106800,2.179500,true,40,320,180,1200
world2_high_600,600,400,600,375,52,12.945200,0.090200,2.418200,true,40,320,180,1200
world2_high_600,600,400,600,375,53,12.970200,0.074000,2.592700,true,40,320,180,1200
world2_high_600,600,400,600,375,54,12.851000,0.076900,2.389000,true,40,320,180,1200
world2_high_600,600,400,600,375,55,13.552000,0.077200,2.239300,true,40,320,180,1200
world2_high_600,600,400,600,375,56,13.027400,0.092700,2.396800,true,40,320,180,1200
world2_high_600,600,400,600,375,57,12.418000,0.077300,2.189300,true,40,320,180,1200
world2_high_600,600,400,600,375,58,12.175300,0.097900,2.282000,true,40,320,180,1200
world2_high_600,600,400,600,375,59,13.526600,0.091200,2.891100,true,40,320,180,1200
world2_high_600,600,400,600,375,60,12.434500,0.086300,2.397900,true,40,320,180,1200
world2_high_600,600,400,600,375,61,13.549900,0.078800,2.404200,true,40,320,180,1200
world2_high_600,600,400,600,375,62,12.071100,0.085800,2.360800,true,40,320,180,1200
world2_high_600,600,400,600,375,63,12.129100,0.080700,2.481600,true,40,320,180,1200
world2_high_600,600,400,600,375,64,12.241500,0.081500,2.546400,true,40,320,180,1200
world2_high_600,600,400,600,375,65,12.621900,0.100700,2.303900,true,40,320,180,1200
world2_high_600,600,400,600,375,66,12.284100,0.092100,2.380800,true,40,320,180,1200
world2_high_600,600,400,600,375,67,12.618800,0.079100,2.324700,true,40,320,180,1200
world2_high_600,600,400,600,375,68,12.566400,0.089400,2.634100,true,40,320,180,1200
world2_high_600,600,400,600,375,69,15.760900,0.078300,2.229500,true,40,320,180,1200
world2_high_600,600,400,600,375,70,12.987800,0.073400,2.332600,true,40,320,180,1200
world2_high_600,600,400,600,375,71,12.518400,0.088300,2.637700,true,40,320,180,1200
world2_high_600,600,400,600,375,72,12.162200,0.072300,2.353900,true,40,320,180,1200
world2_high_600,600,400,600,375,73,13.683800,0.084400,2.178800,true,40,320,180,1200
world2_high_600,600,400,600,375,74,13.238200,0.092500,2.671200,true,40,320,180,1200
world2_high_600,600,400,600,375,75,14.538200,0.087300,2.381700,true,40,320,180,1200
world2_high_600,600,400,600,375,76,12.195400,0.104300,2.244800,true,40,320,180,1200
world2_high_600,600,400,600,375,77,13.519000,0.071500,2.319900,true,40,320,180,1200
world2_high_600,600,400,600,375,78,11.885500,0.107800,2.214100,true,40,320,180,1200
world2_high_600,600,400,600,375,79,14.241600,0.099200,2.710100,true,40,320,180,1200
world2_high_600,600,400,600,375,80,13.579400,0.103000,2.349300,true,40,320,180,1200
world2_high_600,600,400,600,375,81,14.020900,0.070300,2.373900,true,40,320,180,1200
world2_high_600,600,400,600,375,82,12.518300,0.081700,2.911900,true,40,320,180,1200
world2_high_600,600,400,600,375,83,12.099100,0.070000,2.451900,true,40,320,180,1200
world2_high_600,600,400,600,375,84,12.258700,0.076400,2.900700,true,40,320,180,1200
world2_high_600,600,400,600,375,85,13.096200,0.076300,2.410300,true,40,320,180,1200
world2_high_600,600,400,600,375,86,12.329500,0.085900,2.696400,true,40,320,180,1200
world2_high_600,600,400,600,375,87,13.253400,0.087100,2.401300,true,40,320,180,1200
world2_high_600,600,400,600,375,88,13.007800,0.106200,2.328500,true,40,320,180,1200
world2_high_600,600,400,600,375,89,14.399000,0.078000,2.334300,true,40,320,180,1200
world2_high_600,600,400,600,375,90,12.682800,0.072900,2.299000,true,40,320,180,1200
world2_high_600,600,400,600,375,91,12.422900,0.073100,2.323400,true,40,320,180,1200
world2_high_600,600,400,600,375,92,12.030100,0.100000,2.356500,true,40,320,180,1200
world2_high_600,600,400,600,375,93,12.463300,0.080600,2.872400,true,40,320,180,1200
world2_high_600,600,400,600,375,94,12.313700,0.072400,2.206300,true,40,320,180,1200
world2_high_600,600,400,600,375,95,12.603500,0.078600,2.506800,true,40,320,180,1200
world2_high_600,600,400,600,375,96,11.964500,0.077900,2.271400,true,40,320,180,1200
world2_high_600,600,400,600,375,97,12.566600,0.093500,2.714200,true,40,320,180,1200
world2_high_600,600,400,600,375,98,12.533900,0.080500,2.391100,true,40,320,180,1200
world2_high_600,600,400,600,375,99,12.079100,0.074900,2.684300,true,40,320,180,1200
world2_high_600,600,400,600,375,100,12.140100,0.080700,2.302600,true,40,320,180,1200
world2_high_600,600,400,600,375,101,12.035300,0.079200,2.354200,true,40,320,180,1200
world2_high_600,600,400,600,375,102,12.679300,0.087100,2.752800,true,40,320,180,1200
world2_high_600,600,400,600,375,103,13.454800,0.090300,2.703400,true,40,320,180,1200
world2_high_600,600,400,600,375,104,12.039400,0.086200,2.304800,true,40,320,180,1200
world2_high_600,600,400,600,375,105,16.483200,0.076500,2.308400,true,40,320,180,1200
world2_high_600,600,400,600,375,106,13.412000,0.078600,2.488300,true,40,320,180,1200
world2_high_600,600,400,600,375,107,13.855800,0.072800,2.235300,true,40,320,180,1200
world2_high_600,600,400,600,375,108,12.090100,0.087000,2.350900,true,40,320,180,1200
world2_high_600,600,400,600,375,109,12.344300,0.073700,2.378900,true,40,320,180,1200
world2_high_600,600,400,600,375,110,12.112800,0.079100,2.750500,true,40,320,180,1200
world2_high_600,600,400,600,375,111,14.249500,0.076400,2.693500,true,40,320,180,1200
world2_high_600,600,400,600,375,112,12.897800,0.076800,2.291400,true,40,320,180,1200
world2_high_600,600,400,600,375,113,12.360300,0.086000,2.331300,true,40,320,180,1200
world2_high_1280,1280,800,1280,800,0,12.017700,0.079100,9.890300,true,40,320,180,1200
world2_high_1280,1280,800,1280,800,1,13.215900,0.076000,9.665600,true,40,320,180,1200
world2_high_1280,1280,800,1280,800,2,12.068000,0.083700,9.788500,true,40,320,180,1200
world2_high_1280,1280,800,1280,800,3,13.069500,0.079500,9.649700,true,40,320,180,1200
world2_high_1280,1280,800,1280,800,4,12.235800,0.086200,9.951600,true,40,320,180,1200
world2_high_1280,1280,800,1280,800,5,13.611900,0.091700,9.702800,true,40,320,180,1200
world2_high_1280,1280,800,1280,800,6,12.090600,0.071400,9.543600,true,40,320,180,1200
world2_high_1280,1280,800,1280,800,7,12.721400,0.074500,9.823700,true,40,320,180,1200
world2_high_1280,1280,800,1280,800,8,12.640600,0.075400,10.953700,true,40,320,180,1200
world2_high_1280,1280,800,1280,800,9,12.447600,0.082300,9.913800,true,40,320,180,1200
world2_high_1280,1280,800,1280,800,10,13.319000,0.078400,9.769900,true,40,320,180,1200
world2_high_1280,1280,800,1280,800,11,12.712200,0.096400,9.648300,true,40,320,180,1200
world2_high_1280,1280,800,1280,800,12,12.135100,0.075800,9.926600,true,40,320,180,1200
world2_high_1280,1280,800,1280,800,13,15.026900,0.094400,10.594300,true,40,320,180,1200
world2_high_1280,1280,800,1280,800,14,12.862200,0.091200,9.778600,true,40,320,180,1200
world2_high_1280,1280,800,1280,800,15,12.462000,0.080500,9.652300,true,40,320,180,1200
world2_high_1280,1280,800,1280,800,16,11.951300,0.079000,9.880600,true,40,320,180,1200
world2_high_1280,1280,800,1280,800,17,12.137500,0.084100,9.609700,true,40,320,180,1200
world2_high_1280,1280,800,1280,800,18,12.445100,0.076100,9.661300,true,40,320,180,1200
world2_high_1280,1280,800,1280,800,19,13.626700,0.087700,9.775300,true,40,320,180,1200
world2_high_1280,1280,800,1280,800,20,13.388000,0.092900,9.717200,true,40,320,180,1200
world2_high_1280,1280,800,1280,800,21,12.270500,0.111100,9.855900,true,40,320,180,1200
world2_high_1280,1280,800,1280,800,22,12.292800,0.150400,9.788300,true,40,320,180,1200
world2_high_1280,1280,800,1280,800,23,12.674900,0.142200,9.619200,true,40,320,180,1200
world2_high_1280,1280,800,1280,800,24,12.219300,0.132800,10.243700,true,40,320,180,1200
world2_high_1280,1280,800,1280,800,25,12.711100,0.071600,10.327100,true,40,320,180,1200
world2_high_1280,1280,800,1280,800,26,13.664300,0.098900,10.035900,true,40,320,180,1200
world2_high_1280,1280,800,1280,800,27,12.226200,0.076100,10.258400,true,40,320,180,1200
world2_high_1280,1280,800,1280,800,28,12.204800,0.084400,9.792100,true,40,320,180,1200
world2_high_1280,1280,800,1280,800,29,12.515500,0.075800,9.850000,true,40,320,180,1200
world2_high_1280,1280,800,1280,800,30,12.651600,0.083900,9.751000,true,40,320,180,1200
world2_high_1280,1280,800,1280,800,31,13.691800,0.090800,9.707300,true,40,320,180,1200
world2_high_1280,1280,800,1280,800,32,12.475400,0.076800,9.763200,true,40,320,180,1200
world2_high_1280,1280,800,1280,800,33,14.887000,0.075800,10.315800,true,40,320,180,1200
world2_high_1280,1280,800,1280,800,34,13.113100,0.083800,9.888000,true,40,320,180,1200
world2_high_1280,1280,800,1280,800,35,12.142700,0.081400,9.986300,true,40,320,180,1200
world2_high_1280,1280,800,1280,800,36,13.897300,0.103000,10.434700,true,40,320,180,1200
world2_high_1280,1280,800,1280,800,37,12.417400,0.080400,10.187500,true,40,320,180,1200
world2_high_1280,1280,800,1280,800,38,12.787600,0.083000,10.416800,true,40,320,180,1200
world2_high_1280,1280,800,1280,800,39,12.327500,0.073600,9.676000,true,40,320,180,1200
world2_high_1280,1280,800,1280,800,40,12.205800,0.072000,9.790800,true,40,320,180,1200
world2_high_1280,1280,800,1280,800,41,12.259300,0.085400,9.610900,true,40,320,180,1200
world2_high_1280,1280,800,1280,800,42,12.099600,0.093800,10.514300,true,40,320,180,1200
world2_high_1280,1280,800,1280,800,43,12.269100,0.078800,9.799900,true,40,320,180,1200
world2_high_1280,1280,800,1280,800,44,12.733200,0.073500,9.957200,true,40,320,180,1200
world2_high_1280,1280,800,1280,800,45,12.120600,0.069500,9.667800,true,40,320,180,1200
world2_high_1280,1280,800,1280,800,46,12.272400,0.079500,9.642500,true,40,320,180,1200
world2_high_1280,1280,800,1280,800,47,12.254600,0.074400,10.055700,true,40,320,180,1200
world2_high_1280,1280,800,1280,800,48,12.755700,0.075200,9.646500,true,40,320,180,1200
world2_high_1280,1280,800,1280,800,49,12.055700,0.087600,9.575400,true,40,320,180,1200
world2_high_1280,1280,800,1280,800,50,12.969300,0.076500,11.186600,true,40,320,180,1200
world2_high_1280,1280,800,1280,800,51,13.969100,0.086400,9.885400,true,40,320,180,1200
world2_high_1280,1280,800,1280,800,52,12.721800,0.075000,10.409100,true,40,320,180,1200
world2_high_1280,1280,800,1280,800,53,12.614300,0.079800,9.767600,true,40,320,180,1200
world2_high_1280,1280,800,1280,800,54,12.153400,0.072300,9.765800,true,40,320,180,1200
world2_high_1280,1280,800,1280,800,55,12.387300,0.082000,9.810200,true,40,320,180,1200
world2_high_1280,1280,800,1280,800,56,12.910200,0.081400,9.952000,true,40,320,180,1200
world2_high_1280,1280,800,1280,800,57,13.054100,0.078000,9.715200,true,40,320,180,1200
world2_high_1280,1280,800,1280,800,58,12.083500,0.086500,9.529600,true,40,320,180,1200
world2_high_1280,1280,800,1280,800,59,13.749300,0.099800,9.681700,true,40,320,180,1200
world2_high_1280,1280,800,1280,800,60,12.151100,0.086200,10.245900,true,40,320,180,1200
world2_high_1280,1280,800,1280,800,61,12.501600,0.075400,10.231700,true,40,320,180,1200
world2_high_1280,1280,800,1280,800,62,12.122600,0.086900,9.613400,true,40,320,180,1200
world2_high_1280,1280,800,1280,800,63,12.025500,0.077600,10.098400,true,40,320,180,1200
world2_high_1280,1280,800,1280,800,64,13.786800,0.101000,10.062900,true,40,320,180,1200
world2_high_1280,1280,800,1280,800,65,14.276600,0.080800,10.015700,true,40,320,180,1200
world2_high_1280,1280,800,1280,800,66,14.009900,0.087200,9.692400,true,40,320,180,1200
world2_high_1280,1280,800,1280,800,67,13.546600,0.089400,10.040100,true,40,320,180,1200
world2_high_1280,1280,800,1280,800,68,12.438600,0.064000,10.215700,true,40,320,180,1200
world2_high_1280,1280,800,1280,800,69,13.233300,0.070300,9.804000,true,40,320,180,1200
world2_high_1280,1280,800,1280,800,70,12.992300,0.075300,10.502600,true,40,320,180,1200
world2_high_1280,1280,800,1280,800,71,12.169300,0.072800,9.840900,true,40,320,180,1200
world2_high_1280,1280,800,1280,800,72,12.081700,0.076900,10.076900,true,40,320,180,1200
world2_high_1280,1280,800,1280,800,73,12.030300,0.084200,10.076300,true,40,320,180,1200
world2_high_1280,1280,800,1280,800,74,13.400100,0.078800,9.705300,true,40,320,180,1200
world2_high_1280,1280,800,1280,800,75,12.209800,0.080500,9.625700,true,40,320,180,1200
world2_high_1280,1280,800,1280,800,76,13.388500,0.074000,10.180700,true,40,320,180,1200
world4_normal_960,960,600,960,600,0,7.283200,0.070000,1.398300,true,6,32,12,120
world4_normal_960,960,600,960,600,1,8.622700,0.068900,1.229200,true,6,32,12,120
world4_normal_960,960,600,960,600,2,8.216700,0.081400,1.735300,true,6,32,12,120
world4_normal_960,960,600,960,600,3,7.303600,0.070000,1.401800,true,6,32,12,120
world4_normal_960,960,600,960,600,4,7.440600,0.077400,1.437900,true,6,32,12,120
world4_normal_960,960,600,960,600,5,7.210400,0.073900,1.367000,true,6,32,12,120
world4_normal_960,960,600,960,600,6,8.149700,0.064400,1.387800,true,6,32,12,120
world4_normal_960,960,600,960,600,7,7.291300,0.078600,1.230600,true,6,32,12,120
world4_normal_960,960,600,960,600,8,8.122200,0.068200,1.476800,true,6,32,12,120
world4_normal_960,960,600,960,600,9,8.499300,0.070500,1.303900,true,6,32,12,120
world4_normal_960,960,600,960,600,10,7.589400,0.098400,1.615900,true,6,32,12,120
world4_normal_960,960,600,960,600,11,7.344400,0.076500,1.507200,true,6,32,12,120
world4_normal_960,960,600,960,600,12,7.332700,0.082100,1.368900,true,6,32,12,120
world4_normal_960,960,600,960,600,13,7.361600,0.093900,1.325600,true,6,32,12,120
world4_normal_960,960,600,960,600,14,7.460500,0.078100,1.406600,true,6,32,12,120
world4_normal_960,960,600,960,600,15,7.396300,0.078800,1.357500,true,6,32,12,120
world4_normal_960,960,600,960,600,16,7.711200,0.081000,1.380800,true,6,32,12,120
world4_normal_960,960,600,960,600,17,7.190900,0.070300,1.388100,true,6,32,12,120
world4_normal_960,960,600,960,600,18,7.200800,0.068500,1.828900,true,6,32,12,120
world4_normal_960,960,600,960,600,19,7.316000,0.082200,1.253300,true,6,32,12,120
world4_normal_960,960,600,960,600,20,7.445500,0.074700,1.698400,true,6,32,12,120
world4_normal_960,960,600,960,600,21,8.086600,0.073300,1.496600,true,6,32,12,120
world4_normal_960,960,600,960,600,22,7.218100,0.070000,1.612700,true,6,32,12,120
world4_normal_960,960,600,960,600,23,7.303300,0.062600,1.218200,true,6,32,12,120
world4_normal_960,960,600,960,600,24,7.664500,0.069900,1.327700,true,6,32,12,120
world4_normal_960,960,600,960,600,25,7.709700,0.065700,1.363400,true,6,32,12,120
world4_normal_960,960,600,960,600,26,7.437600,0.068000,1.892500,true,6,32,12,120
world4_normal_960,960,600,960,600,27,7.176400,0.069900,1.478600,true,6,32,12,120
world4_normal_960,960,600,960,600,28,7.406300,0.072000,1.790400,true,7,32,12,120
world4_normal_960,960,600,960,600,29,7.300200,0.077400,1.300600,true,6,32,12,120
world4_normal_960,960,600,960,600,30,7.316000,0.071800,1.787700,true,6,32,12,120
world4_normal_960,960,600,960,600,31,7.561000,0.078800,1.416300,true,6,32,13,120
world4_normal_960,960,600,960,600,32,7.281700,0.071800,1.723000,true,6,32,12,120
world4_normal_960,960,600,960,600,33,8.255400,0.071400,1.446400,true,6,32,12,120
world4_normal_960,960,600,960,600,34,7.228800,0.076500,1.757200,true,6,32,12,120
world4_normal_960,960,600,960,600,35,7.245100,0.068900,1.711700,true,6,32,13,120
world4_normal_960,960,600,960,600,36,7.249400,0.072200,1.751600,true,6,32,12,120
world4_normal_960,960,600,960,600,37,7.364000,0.061500,1.405000,true,6,32,12,120
world4_normal_960,960,600,960,600,38,7.298500,0.068200,1.718900,true,6,32,12,120
world4_normal_960,960,600,960,600,39,8.053900,0.072100,1.731400,true,6,32,12,120
world4_normal_960,960,600,960,600,40,7.146000,0.081700,1.621200,true,6,32,12,120
world4_normal_960,960,600,960,600,41,8.285600,0.076400,1.413400,true,6,32,12,120
world4_normal_960,960,600,960,600,42,7.484100,0.084600,1.332300,true,6,32,12,120
world4_normal_960,960,600,960,600,43,7.528400,0.085600,1.189100,true,6,32,12,120
world4_normal_960,960,600,960,600,44,7.577200,0.084100,1.382600,true,6,32,12,120
world4_normal_960,960,600,960,600,45,7.520200,0.068100,1.197600,true,6,32,12,120
world4_normal_960,960,600,960,600,46,7.665200,0.077200,1.345300,true,6,32,12,120
world4_normal_960,960,600,960,600,47,7.852500,0.075600,1.464900,true,6,32,12,120
world4_normal_960,960,600,960,600,48,7.396300,0.076300,1.285300,true,6,32,12,120
world4_normal_960,960,600,960,600,49,8.240200,0.086700,1.335800,true,6,32,12,120
world4_normal_960,960,600,960,600,50,7.868400,0.075200,1.279600,true,6,32,12,120
world4_normal_960,960,600,960,600,51,7.957500,0.080400,1.411200,true,6,32,12,120
world4_normal_960,960,600,960,600,52,7.505700,0.082400,1.228700,true,6,32,12,120
world4_normal_960,960,600,960,600,53,7.762300,0.069900,1.391000,true,6,32,12,120
world4_normal_960,960,600,960,600,54,8.537300,0.067500,1.403700,true,6,32,12,120
world4_normal_960,960,600,960,600,55,8.486900,0.076900,1.588800,true,6,32,12,120
world4_normal_960,960,600,960,600,56,7.519400,0.085900,1.341200,true,6,32,12,120
world4_normal_960,960,600,960,600,57,7.719900,0.091000,1.220000,true,6,32,12,120
world4_normal_960,960,600,960,600,58,8.798300,0.087100,1.617600,true,6,32,12,120
world4_normal_960,960,600,960,600,59,7.313500,0.077000,1.696300,true,6,32,12,120
world4_normal_960,960,600,960,600,60,7.602000,0.082400,1.387200,true,6,32,12,120
world4_normal_960,960,600,960,600,61,7.304000,0.088800,1.439000,true,6,32,12,120
world4_normal_960,960,600,960,600,62,7.188500,0.084600,1.740500,true,6,32,12,120
world4_normal_960,960,600,960,600,63,7.472500,0.085200,1.398300,true,6,32,13,120
world4_normal_960,960,600,960,600,64,8.099400,0.067100,1.760300,true,6,32,12,120
world4_normal_960,960,600,960,600,65,7.211600,0.071100,1.425900,true,6,32,12,120
world4_normal_960,960,600,960,600,66,7.311000,0.083200,1.492800,true,6,32,12,120
world4_normal_960,960,600,960,600,67,7.482600,0.074800,1.188700,true,6,32,12,120
world4_normal_960,960,600,960,600,68,7.719500,0.070800,1.764700,true,6,32,12,120
world4_normal_960,960,600,960,600,69,7.199700,0.095900,1.468800,true,6,32,12,120
world4_normal_960,960,600,960,600,70,7.304400,0.100900,1.765200,true,6,32,12,120
world4_normal_960,960,600,960,600,71,8.506700,0.103100,1.402300,true,6,32,12,120
world4_normal_960,960,600,960,600,72,7.145000,0.132700,1.677300,true,6,32,12,120
world4_normal_960,960,600,960,600,73,7.973900,0.104700,1.303300,true,6,32,12,120
world4_normal_960,960,600,960,600,74,8.091500,0.118400,1.665600,true,6,32,12,120
world4_normal_960,960,600,960,600,75,7.921200,0.067900,1.750400,true,6,32,12,120
world4_normal_960,960,600,960,600,76,7.732700,0.071700,1.339600,true,6,32,12,120
world4_normal_960,960,600,960,600,77,7.260300,0.067000,1.414600,true,6,32,12,120
world4_normal_960,960,600,960,600,78,7.770100,0.068500,1.406200,true,6,32,12,120
world4_normal_960,960,600,960,600,79,9.131200,0.103100,1.747200,true,6,32,12,120
world4_normal_960,960,600,960,600,80,10.338200,0.098500,2.349200,true,6,32,12,120
world4_normal_960,960,600,960,600,81,10.020800,0.103700,2.441700,true,6,32,12,120
world4_normal_960,960,600,960,600,82,9.291400,0.090600,2.262300,true,6,32,12,120
world4_normal_960,960,600,960,600,83,8.592800,0.099500,2.108100,true,6,32,12,120
world4_normal_960,960,600,960,600,84,9.329700,0.122300,2.260800,true,6,32,12,120
world4_normal_960,960,600,960,600,85,11.718500,0.120900,1.672400,true,6,32,12,120
world4_normal_960,960,600,960,600,86,8.378800,0.072000,1.431900,true,6,32,12,120
world4_normal_960,960,600,960,600,87,7.490500,0.075600,1.510400,true,6,32,12,120
world4_normal_960,960,600,960,600,88,7.383200,0.066800,1.535700,true,6,32,12,120
world4_normal_960,960,600,960,600,89,7.199500,0.078600,1.261000,true,6,32,12,120
world4_normal_960,960,600,960,600,90,7.629900,0.085700,1.593400,true,6,32,12,120
world4_normal_960,960,600,960,600,91,7.541900,0.076200,1.285800,true,6,32,12,120
world4_normal_960,960,600,960,600,92,7.320300,0.075500,1.326800,true,6,32,12,120
world4_normal_960,960,600,960,600,93,8.267300,0.066100,1.397500,true,6,32,12,120
world4_normal_960,960,600,960,600,94,8.215200,0.076900,1.348000,true,6,32,12,120
world4_normal_960,960,600,960,600,95,7.355900,0.071000,1.313400,true,6,32,12,120
world4_normal_960,960,600,960,600,96,7.436900,0.095800,1.402200,true,6,32,12,120
world4_normal_960,960,600,960,600,97,7.466100,0.072800,1.218800,true,6,32,12,120
world4_normal_960,960,600,960,600,98,7.454400,0.088800,1.548400,true,6,32,12,120
world4_normal_960,960,600,960,600,99,7.276200,0.076500,1.390000,true,6,32,12,120
world4_normal_960,960,600,960,600,100,7.850000,0.087200,1.339600,true,6,32,12,120
world4_normal_960,960,600,960,600,101,7.678800,0.070000,1.424100,true,6,32,12,120
world4_normal_960,960,600,960,600,102,7.314300,0.068900,1.555100,true,6,32,12,120
world4_normal_960,960,600,960,600,103,7.375100,0.088200,1.492900,true,6,32,12,120
world4_normal_960,960,600,960,600,104,7.625700,0.075100,1.804400,true,6,32,12,120
world4_normal_960,960,600,960,600,105,7.650600,0.077000,1.205500,true,6,32,12,120
world4_normal_960,960,600,960,600,106,7.933400,0.081500,1.571700,true,7,32,12,120
world4_normal_960,960,600,960,600,107,7.155300,0.066700,1.331000,true,6,32,12,120
world4_normal_960,960,600,960,600,108,8.296100,0.078400,1.275600,true,6,32,12,120
world4_normal_960,960,600,960,600,109,7.297100,0.071300,1.253500,true,6,32,12,120
world4_normal_960,960,600,960,600,110,7.336000,0.078700,1.387600,true,6,32,12,120
world4_normal_960,960,600,960,600,111,7.279100,0.071200,1.201600,true,6,32,12,120
world4_normal_960,960,600,960,600,112,7.299300,0.072600,1.814500,true,6,32,12,120
world4_normal_960,960,600,960,600,113,8.074000,0.072400,1.255700,true,6,32,12,120
world4_normal_960,960,600,960,600,114,8.195100,0.083100,1.427400,true,6,32,12,120
world4_normal_960,960,600,960,600,115,8.416400,0.070800,1.342300,true,6,32,12,120
world4_normal_960,960,600,960,600,116,7.447800,0.080800,1.389100,true,6,32,12,120
world4_normal_960,960,600,960,600,117,7.849700,0.078100,1.754600,true,6,32,12,120
world4_normal_960,960,600,960,600,118,7.706100,0.069300,1.394200,true,6,32,12,120
world4_normal_960,960,600,960,600,119,7.893300,0.090300,1.296600,true,6,32,12,120
world4_normal_960,960,600,960,600,120,7.262100,0.072100,1.239700,true,6,32,12,120
world4_normal_960,960,600,960,600,121,7.495200,0.076100,1.476800,true,6,32,12,120
world4_normal_960,960,600,960,600,122,7.600200,0.074600,1.256300,true,6,32,12,120
world4_normal_960,960,600,960,600,123,7.547100,0.066100,1.390900,true,6,32,12,120
world4_normal_960,960,600,960,600,124,7.517300,0.082700,1.212300,true,6,32,12,120
world4_normal_960,960,600,960,600,125,7.681500,0.067400,1.387300,true,6,32,12,120
world4_normal_960,960,600,960,600,126,7.464300,0.096800,1.568500,true,6,32,12,120
world4_normal_960,960,600,960,600,127,7.267100,0.084400,1.394700,true,6,32,12,120
world4_normal_960,960,600,960,600,128,7.369700,0.084900,1.317400,true,6,32,12,120
world4_normal_960,960,600,960,600,129,7.417600,0.082300,1.698000,true,6,32,12,120
world4_normal_960,960,600,960,600,130,7.276700,0.076300,1.296200,true,6,32,12,120
world4_normal_960,960,600,960,600,131,7.413300,0.072900,1.189000,true,6,32,12,120
world4_normal_960,960,600,960,600,132,7.668100,0.077500,1.359700,true,6,32,12,120
world4_normal_960,960,600,960,600,133,7.537300,0.080800,1.293700,true,6,32,12,120
world4_normal_960,960,600,960,600,134,7.290900,0.091500,1.397300,true,6,32,12,120
world4_normal_960,960,600,960,600,135,7.132500,0.065400,1.208300,true,6,32,12,120
world4_normal_960,960,600,960,600,136,7.243500,0.076000,1.315400,true,6,32,12,120
world4_normal_960,960,600,960,600,137,7.540900,0.106100,1.340200,true,6,32,12,120
world4_normal_960,960,600,960,600,138,7.922000,0.069200,1.468700,true,6,32,12,120
world4_normal_960,960,600,960,600,139,7.438300,0.070600,1.401100,true,6,32,12,120
world4_normal_960,960,600,960,600,140,7.402100,0.072800,1.783600,true,6,32,12,120
world4_normal_960,960,600,960,600,141,7.324000,0.073500,1.433700,true,6,32,13,120
world4_normal_960,960,600,960,600,142,9.566800,0.082800,1.410600,true,6,32,12,120
world4_normal_960,960,600,960,600,143,7.283900,0.064800,1.702700,true,6,32,12,120
world4_normal_960,960,600,960,600,144,7.784200,0.076300,1.357700,true,6,32,12,120
world4_normal_960,960,600,960,600,145,7.876400,0.087200,1.797900,true,6,32,13,120
world4_normal_960,960,600,960,600,146,8.167500,0.075700,1.247900,true,6,32,12,120
world4_normal_960,960,600,960,600,147,7.440600,0.073800,1.487600,true,6,32,12,120
world4_normal_960,960,600,960,600,148,8.034500,0.068200,1.205400,true,6,32,12,120
world4_normal_960,960,600,960,600,149,7.273400,0.075200,1.756200,true,6,32,12,120
world4_normal_960,960,600,960,600,150,7.878700,0.074000,1.321700,true,6,32,12,120
world4_normal_960,960,600,960,600,151,7.061300,0.066800,1.417900,true,6,32,12,120
world4_normal_960,960,600,960,600,152,7.272300,0.068600,1.186900,true,6,32,12,120
world4_normal_960,960,600,960,600,153,7.715900,0.091100,1.735800,true,6,32,12,120
world4_normal_960,960,600,960,600,154,7.387000,0.079400,1.235900,true,6,32,12,120
world4_normal_960,960,600,960,600,155,7.261600,0.072800,1.814800,true,6,32,12,120
world4_normal_960,960,600,960,600,156,8.212900,0.069500,1.719800,true,6,32,12,120
world4_normal_960,960,600,960,600,157,7.167100,0.074600,1.784700,true,6,32,12,120
world4_normal_960,960,600,960,600,158,7.267500,0.090200,1.232600,true,6,32,12,120
world4_normal_960,960,600,960,600,159,7.217400,0.078800,1.534400,true,6,32,12,120
world4_normal_960,960,600,960,600,160,7.677400,0.086100,1.686600,true,6,32,12,120
world4_normal_960,960,600,960,600,161,7.112100,0.067900,1.749000,true,6,32,12,120
world4_normal_960,960,600,960,600,162,7.295400,0.065700,1.395200,true,6,32,12,120
world4_normal_960,960,600,960,600,163,7.230000,0.106300,1.331900,true,6,32,12,120
world4_normal_960,960,600,960,600,164,7.241300,0.095700,1.367400,true,6,32,12,120
world4_normal_960,960,600,960,600,165,8.015800,0.081300,1.698200,true,6,32,12,120
world4_normal_960,960,600,960,600,166,7.260700,0.078800,1.432900,true,6,32,12,120
world4_normal_960,960,600,960,600,167,7.271200,0.071200,1.810100,true,6,32,12,120
world4_normal_960,960,600,960,600,168,7.259800,0.072600,1.209500,true,6,32,12,120
world4_normal_960,960,600,960,600,169,7.205300,0.089700,1.327600,true,6,32,12,120
world4_normal_960,960,600,960,600,170,7.375900,0.090700,1.379000,true,6,32,12,120
world4_normal_960,960,600,960,600,171,7.644700,0.086500,1.340500,true,6,32,12,120
world4_normal_960,960,600,960,600,172,8.729400,0.081800,1.193100,true,6,32,12,120
world4_normal_960,960,600,960,600,173,7.568300,0.072600,1.317100,true,6,32,12,120
world4_normal_960,960,600,960,600,174,7.697600,0.093500,1.220300,true,6,32,12,120
world4_normal_960,960,600,960,600,175,7.564900,0.071800,1.506700,true,6,32,12,120
world4_normal_960,960,600,960,600,176,7.153100,0.078900,1.210600,true,6,32,12,120
world4_normal_960,960,600,960,600,177,7.940500,0.060900,1.362500,true,6,32,12,120
world4_normal_960,960,600,960,600,178,7.506700,0.071300,1.372400,true,6,32,12,120
world4_normal_960,960,600,960,600,179,7.552700,0.058400,1.182400,true,6,32,12,120
world4_normal_960,960,600,960,600,180,7.268900,0.074800,1.258800,true,6,32,12,120
world4_normal_960,960,600,960,600,181,7.835600,0.069900,1.398900,true,6,32,12,120
world4_normal_960,960,600,960,600,182,7.419900,0.086500,1.245600,true,6,32,12,120
world4_normal_960,960,600,960,600,183,7.215000,0.070900,1.309400,true,6,32,12,120
world4_normal_960,960,600,960,600,184,7.610600,0.088300,1.679000,true,6,32,12,120
world4_normal_960,960,600,960,600,185,7.303900,0.072400,1.284100,true,6,32,12,120
world4_normal_960,960,600,960,600,186,7.215300,0.101300,1.379600,true,6,32,12,120
world4_normal_960,960,600,960,600,187,7.915800,0.071100,1.726600,true,6,32,12,120
world4_normal_960,960,600,960,600,188,7.126800,0.080400,1.603700,true,6,32,12,120
world4_normal_600,600,400,600,375,0,7.286400,0.071900,2.159800,true,6,32,12,120
world4_normal_600,600,400,600,375,1,7.506500,0.090600,2.358100,true,6,32,12,120
world4_normal_600,600,400,600,375,2,8.235900,0.089900,2.464300,true,6,32,12,120
world4_normal_600,600,400,600,375,3,8.121900,0.075500,2.549600,true,6,32,12,120
world4_normal_600,600,400,600,375,4,7.605400,0.072100,2.200200,true,6,32,12,120
world4_normal_600,600,400,600,375,5,7.387800,0.076100,2.544400,true,6,32,12,120
world4_normal_600,600,400,600,375,6,7.337400,0.082100,2.166600,true,6,32,12,120
world4_normal_600,600,400,600,375,7,7.560500,0.082100,2.202500,true,6,32,12,120
world4_normal_600,600,400,600,375,8,8.210600,0.075500,2.456400,true,6,32,12,120
world4_normal_600,600,400,600,375,9,7.461000,0.089800,2.467900,true,6,32,12,120
world4_normal_600,600,400,600,375,10,7.465300,0.094400,2.902200,true,6,32,12,120
world4_normal_600,600,400,600,375,11,9.404500,0.092600,2.228500,true,6,32,12,120
world4_normal_600,600,400,600,375,12,7.418800,0.073200,2.729200,true,6,32,12,120
world4_normal_600,600,400,600,375,13,7.562200,0.077400,2.244500,true,6,32,12,120
world4_normal_600,600,400,600,375,14,7.737100,0.083900,2.226300,true,6,32,12,120
world4_normal_600,600,400,600,375,15,8.276500,0.086600,2.429100,true,6,32,12,120
world4_normal_600,600,400,600,375,16,8.318700,0.074500,2.393900,true,6,32,12,120
world4_normal_600,600,400,600,375,17,7.484900,0.068400,2.360000,true,6,32,12,120
world4_normal_600,600,400,600,375,18,7.426300,0.085300,2.247600,true,6,32,12,120
world4_normal_600,600,400,600,375,19,7.636000,0.071300,2.640800,true,6,32,12,120
world4_normal_600,600,400,600,375,20,7.469400,0.064300,2.140700,true,6,32,12,120
world4_normal_600,600,400,600,375,21,7.253700,0.075300,2.302500,true,6,32,12,120
world4_normal_600,600,400,600,375,22,7.936100,0.085400,2.369800,true,6,32,12,120
world4_normal_600,600,400,600,375,23,7.465600,0.091900,2.396000,true,6,32,12,120
world4_normal_600,600,400,600,375,24,7.137500,0.068400,2.280400,true,6,32,12,120
world4_normal_600,600,400,600,375,25,7.679400,0.079900,2.440000,true,6,32,12,120
world4_normal_600,600,400,600,375,26,7.369800,0.084600,2.287800,true,6,32,12,120
world4_normal_600,600,400,600,375,27,7.605800,0.071700,2.312500,true,6,32,12,120
world4_normal_600,600,400,600,375,28,7.368400,0.072600,3.068800,true,6,32,12,120
world4_normal_600,600,400,600,375,29,7.484800,0.080100,2.363900,true,6,32,12,120
world4_normal_600,600,400,600,375,30,7.156800,0.072100,2.505300,true,6,32,12,120
world4_normal_600,600,400,600,375,31,8.377100,0.086200,2.700900,true,6,32,12,120
world4_normal_600,600,400,600,375,32,7.631100,0.072500,2.346000,true,6,32,12,120
world4_normal_600,600,400,600,375,33,7.589700,0.115100,2.270800,true,6,32,12,120
world4_normal_600,600,400,600,375,34,7.754200,0.072300,2.334600,true,6,32,12,120
world4_normal_600,600,400,600,375,35,8.483300,0.069200,2.364600,true,7,32,12,120
world4_normal_600,600,400,600,375,36,8.335900,0.074300,2.379600,true,6,32,12,120
world4_normal_600,600,400,600,375,37,7.164300,0.069400,2.611400,true,6,32,12,120
world4_normal_600,600,400,600,375,38,7.561600,0.095300,2.639000,true,6,32,13,120
world4_normal_600,600,400,600,375,39,7.387100,0.073100,2.187000,true,6,32,12,120
world4_normal_600,600,400,600,375,40,7.154200,0.071400,2.585300,true,6,32,12,120
world4_normal_600,600,400,600,375,41,8.211500,0.070100,2.489800,true,6,32,12,120
world4_normal_600,600,400,600,375,42,7.995400,0.071200,2.148600,true,6,32,13,120
world4_normal_600,600,400,600,375,43,7.440800,0.084200,2.294300,true,6,32,12,120
world4_normal_600,600,400,600,375,44,7.868900,0.068600,2.646500,true,6,32,12,120
world4_normal_600,600,400,600,375,45,7.839700,0.067900,2.271200,true,6,32,12,120
world4_normal_600,600,400,600,375,46,7.857300,0.085800,2.621900,true,6,32,12,120
world4_normal_600,600,400,600,375,47,7.553500,0.081600,2.402700,true,6,32,12,120
world4_normal_600,600,400,600,375,48,8.467400,0.081700,2.415500,true,6,32,12,120
world4_normal_600,600,400,600,375,49,7.486300,0.087900,2.668700,true,6,32,12,120
world4_normal_600,600,400,600,375,50,7.423600,0.085500,2.234700,true,6,32,12,120
world4_normal_600,600,400,600,375,51,7.565100,0.073900,2.381500,true,6,32,12,120
world4_normal_600,600,400,600,375,52,8.724000,0.075500,2.169000,true,6,32,12,120
world4_normal_600,600,400,600,375,53,7.459300,0.080300,2.243700,true,6,32,12,120
world4_normal_600,600,400,600,375,54,8.019000,0.072400,2.347400,true,6,32,12,120
world4_normal_600,600,400,600,375,55,8.373800,0.075700,2.388200,true,6,32,12,120
world4_normal_600,600,400,600,375,56,7.518700,0.072000,2.200100,true,6,32,12,120
world4_normal_600,600,400,600,375,57,7.314400,0.069200,2.445300,true,6,32,12,120
world4_normal_600,600,400,600,375,58,8.618900,0.077200,2.414700,true,6,32,12,120
world4_normal_600,600,400,600,375,59,8.119400,0.077000,2.293800,true,6,32,12,120
world4_normal_600,600,400,600,375,60,7.580200,0.089800,2.204700,true,6,32,12,120
world4_normal_600,600,400,600,375,61,7.606600,0.072700,2.539100,true,6,32,12,120
world4_normal_600,600,400,600,375,62,7.703200,0.068900,2.156600,true,6,32,12,120
world4_normal_600,600,400,600,375,63,7.624900,0.090300,2.275200,true,6,32,12,120
world4_normal_600,600,400,600,375,64,8.240900,0.093500,2.340800,true,6,32,12,120
world4_normal_600,600,400,600,375,65,7.971400,0.082500,2.461800,true,6,32,12,120
world4_normal_600,600,400,600,375,66,7.863300,0.070500,2.208000,true,6,32,12,120
world4_normal_600,600,400,600,375,67,7.434700,0.079900,2.424600,true,6,32,12,120
world4_normal_600,600,400,600,375,68,8.173600,0.085900,2.711500,true,6,32,12,120
world4_normal_600,600,400,600,375,69,8.783000,0.077400,2.309100,true,6,32,12,120
world4_normal_600,600,400,600,375,70,7.821000,0.076700,2.833900,true,6,32,13,120
world4_normal_600,600,400,600,375,71,7.149600,0.079100,2.682500,true,6,32,12,120
world4_normal_600,600,400,600,375,72,7.390100,0.078000,2.667500,true,6,32,12,120
world4_normal_600,600,400,600,375,73,7.116100,0.065800,2.326500,true,6,32,12,120
world4_normal_600,600,400,600,375,74,7.260700,0.076500,2.756200,true,6,32,12,120
world4_normal_600,600,400,600,375,75,7.837700,0.092100,2.409000,true,6,32,12,120
world4_normal_600,600,400,600,375,76,7.799700,0.071600,2.308200,true,6,32,12,120
world4_normal_600,600,400,600,375,77,7.517500,0.087900,2.560000,true,6,32,12,120
world4_normal_600,600,400,600,375,78,8.696400,0.091900,2.455000,true,6,32,12,120
world4_normal_600,600,400,600,375,79,8.030900,0.087700,2.376000,true,6,32,12,120
world4_normal_600,600,400,600,375,80,8.339300,0.089500,2.332800,true,6,32,12,120
world4_normal_600,600,400,600,375,81,7.265500,0.075700,2.239300,true,6,32,12,120
world4_normal_600,600,400,600,375,82,7.926000,0.081800,2.386600,true,6,32,12,120
world4_normal_600,600,400,600,375,83,7.689900,0.091800,2.326900,true,6,32,12,120
world4_normal_600,600,400,600,375,84,7.611400,0.074300,2.588600,true,6,32,12,120
world4_normal_600,600,400,600,375,85,7.422700,0.070800,2.422900,true,6,32,12,120
world4_normal_600,600,400,600,375,86,7.903400,0.067700,2.642600,true,6,32,12,120
world4_normal_600,600,400,600,375,87,7.328200,0.084100,2.198100,true,6,32,12,120
world4_normal_600,600,400,600,375,88,7.071400,0.073600,2.817000,true,6,32,12,120
world4_normal_600,600,400,600,375,89,7.846200,0.084300,2.357800,true,6,32,12,120
world4_normal_600,600,400,600,375,90,7.255000,0.077500,2.225800,true,6,32,12,120
world4_normal_600,600,400,600,375,91,8.033700,0.097300,2.325700,true,6,32,12,120
world4_normal_600,600,400,600,375,92,8.715400,0.086800,2.313100,true,6,32,12,120
world4_normal_600,600,400,600,375,93,8.428300,0.088000,2.346800,true,6,32,12,120
world4_normal_600,600,400,600,375,94,7.591200,0.118700,2.318600,true,6,32,12,120
world4_normal_600,600,400,600,375,95,8.143700,0.094400,2.657400,true,6,32,12,120
world4_normal_600,600,400,600,375,96,7.192600,0.096900,2.641100,true,6,32,12,120
world4_normal_600,600,400,600,375,97,7.697900,0.076900,2.158400,true,6,32,12,120
world4_normal_600,600,400,600,375,98,7.117600,0.072000,2.739200,true,6,32,12,120
world4_normal_600,600,400,600,375,99,7.320700,0.091200,2.388500,true,6,32,12,120
world4_normal_600,600,400,600,375,100,7.335200,0.086500,2.234900,true,6,32,12,120
world4_normal_600,600,400,600,375,101,8.054300,0.085400,2.373300,true,6,32,12,120
world4_normal_600,600,400,600,375,102,8.342900,0.068900,2.257500,true,6,32,12,120
world4_normal_600,600,400,600,375,103,7.601300,0.087600,2.217300,true,6,32,12,120
world4_normal_600,600,400,600,375,104,7.238400,0.086800,2.530600,true,6,32,12,120
world4_normal_600,600,400,600,375,105,7.399000,0.096500,2.264100,true,6,32,12,120
world4_normal_600,600,400,600,375,106,7.572600,0.080800,2.183800,true,6,32,12,120
world4_normal_600,600,400,600,375,107,7.669500,0.065200,2.311000,true,6,32,12,120
world4_normal_600,600,400,600,375,108,7.253100,0.067400,2.330300,true,6,32,12,120
world4_normal_600,600,400,600,375,109,7.174100,0.074800,2.478700,true,6,32,12,120
world4_normal_600,600,400,600,375,110,7.854400,0.072100,2.403700,true,6,32,12,120
world4_normal_600,600,400,600,375,111,7.952500,0.094000,2.295100,true,6,32,12,120
world4_normal_600,600,400,600,375,112,7.284600,0.100000,2.743600,true,6,32,12,120
world4_normal_600,600,400,600,375,113,7.820100,0.074900,2.189600,true,7,32,12,120
world4_normal_600,600,400,600,375,114,7.075700,0.070500,2.142100,true,6,32,12,120
world4_normal_600,600,400,600,375,115,7.208500,0.081300,2.729100,true,6,32,12,120
world4_normal_600,600,400,600,375,116,7.562200,0.076500,2.340700,true,6,32,12,120
world4_normal_600,600,400,600,375,117,7.552000,0.071200,2.168500,true,6,32,12,120
world4_normal_600,600,400,600,375,118,7.148000,0.068400,2.478600,true,6,32,12,120
world4_normal_600,600,400,600,375,119,7.159600,0.068600,2.289700,true,6,32,12,120
world4_normal_600,600,400,600,375,120,7.507900,0.081000,2.165300,true,6,32,12,120
world4_normal_600,600,400,600,375,121,7.318100,0.071000,2.820000,true,6,32,12,120
world4_normal_600,600,400,600,375,122,7.204500,0.070200,2.374100,true,6,32,12,120
world4_normal_600,600,400,600,375,123,7.185200,0.069600,2.282800,true,6,32,12,120
world4_normal_600,600,400,600,375,124,7.154300,0.082400,2.350300,true,6,32,12,120
world4_normal_600,600,400,600,375,125,7.349100,0.089600,2.202500,true,6,32,12,120
world4_normal_600,600,400,600,375,126,7.579600,0.085200,2.668300,true,6,32,12,120
world4_normal_600,600,400,600,375,127,8.362300,0.083800,2.392100,true,6,32,12,120
world4_normal_600,600,400,600,375,128,7.306700,0.076500,2.286100,true,6,32,12,120
world4_normal_600,600,400,600,375,129,7.401200,0.077700,2.519100,true,6,32,12,120
world4_normal_600,600,400,600,375,130,7.295900,0.068300,2.275500,true,6,32,12,120
world4_normal_600,600,400,600,375,131,7.555800,0.090600,2.447300,true,6,32,12,120
world4_normal_600,600,400,600,375,132,8.001300,0.072700,2.387900,true,6,32,12,120
world4_normal_600,600,400,600,375,133,7.401500,0.077700,2.647800,true,6,32,12,120
world4_normal_600,600,400,600,375,134,7.333400,0.088500,2.530700,true,6,32,12,120
world4_normal_600,600,400,600,375,135,7.231900,0.070300,2.711500,true,6,32,12,120
world4_normal_600,600,400,600,375,136,7.231200,0.085700,2.643300,true,6,32,12,120
world4_normal_600,600,400,600,375,137,7.324100,0.091300,2.534600,true,6,32,12,120
world4_normal_600,600,400,600,375,138,7.170500,0.081200,2.872900,true,6,32,12,120
world4_normal_600,600,400,600,375,139,8.085700,0.084800,2.671000,true,6,32,12,120
world4_normal_600,600,400,600,375,140,7.619800,0.070200,2.176900,true,6,32,12,120
world4_normal_600,600,400,600,375,141,7.215300,0.085700,2.688100,true,6,32,12,120
world4_normal_600,600,400,600,375,142,7.795600,0.096000,2.330800,true,6,32,12,120
world4_normal_600,600,400,600,375,143,7.437700,0.081700,2.177600,true,6,32,12,120
world4_normal_600,600,400,600,375,144,7.258300,0.073400,2.703600,true,6,32,12,120
world4_normal_600,600,400,600,375,145,8.680900,0.069900,2.366200,true,6,32,12,120
world4_normal_600,600,400,600,375,146,7.333200,0.071400,2.208000,true,6,32,12,120
world4_normal_600,600,400,600,375,147,7.276200,0.102700,2.296100,true,6,32,12,120
world4_normal_600,600,400,600,375,148,7.428200,0.070800,2.341400,true,6,32,13,120
world4_normal_600,600,400,600,375,149,7.555700,0.088300,2.264700,true,6,32,12,120
world4_normal_600,600,400,600,375,150,7.496400,0.070900,2.566200,true,6,32,12,120
world4_normal_600,600,400,600,375,151,7.918100,0.069800,2.657000,true,6,32,12,120
world4_normal_600,600,400,600,375,152,7.332600,0.083900,2.380500,true,6,32,13,120
world4_normal_600,600,400,600,375,153,7.360300,0.077300,2.734700,true,6,32,12,120
world4_normal_600,600,400,600,375,154,7.255600,0.089200,2.479000,true,6,32,12,120
world4_normal_600,600,400,600,375,155,7.567300,0.076100,2.363900,true,6,32,12,120
world4_normal_600,600,400,600,375,156,7.122300,0.072100,2.707800,true,6,32,12,120
world4_normal_600,600,400,600,375,157,7.819500,0.066800,2.168500,true,6,32,12,120
world4_normal_600,600,400,600,375,158,8.543600,0.076100,2.380100,true,6,32,12,120
world4_normal_600,600,400,600,375,159,7.057200,0.081700,2.274700,true,6,32,12,120
world4_normal_600,600,400,600,375,160,7.410800,0.073000,2.300000,true,6,32,12,120
world4_normal_600,600,400,600,375,161,8.261300,0.079500,2.164700,true,6,32,12,120
world4_normal_600,600,400,600,375,162,7.089100,0.073800,2.510200,true,6,32,12,120
world4_normal_600,600,400,600,375,163,8.176900,0.067300,2.350100,true,6,32,12,120
world4_normal_600,600,400,600,375,164,8.513200,0.072400,2.340400,true,6,32,12,120
world4_normal_600,600,400,600,375,165,7.366600,0.091600,2.222500,true,6,32,12,120
world4_normal_600,600,400,600,375,166,7.601800,0.072400,2.377100,true,6,32,12,120
world4_normal_600,600,400,600,375,167,7.328200,0.082900,2.424000,true,6,32,12,120
world4_normal_600,600,400,600,375,168,7.217500,0.079600,2.482000,true,6,32,12,120
world4_normal_600,600,400,600,375,169,8.039700,0.085000,2.382200,true,6,32,12,120
world4_normal_600,600,400,600,375,170,9.066300,0.070700,2.839400,true,6,32,12,120
world4_normal_600,600,400,600,375,171,7.090000,0.068900,2.429300,true,6,32,12,120
world4_normal_1280,1280,800,1280,800,0,7.410000,0.087900,9.699900,true,6,32,12,120
world4_normal_1280,1280,800,1280,800,1,10.320300,0.099100,10.237700,true,6,32,12,120
world4_normal_1280,1280,800,1280,800,2,7.387300,0.102600,9.836100,true,6,32,12,120
world4_normal_1280,1280,800,1280,800,3,7.335900,0.092900,10.268700,true,6,32,12,120
world4_normal_1280,1280,800,1280,800,4,7.404300,0.072000,9.705800,true,6,32,12,120
world4_normal_1280,1280,800,1280,800,5,8.073300,0.071100,9.775000,true,6,32,12,120
world4_normal_1280,1280,800,1280,800,6,8.634500,0.251700,9.880400,true,6,32,12,120
world4_normal_1280,1280,800,1280,800,7,7.299400,0.079000,9.921100,true,6,32,12,120
world4_normal_1280,1280,800,1280,800,8,7.844900,0.087700,9.779100,true,6,32,12,120
world4_normal_1280,1280,800,1280,800,9,8.168200,0.069000,9.983700,true,6,32,12,120
world4_normal_1280,1280,800,1280,800,10,8.095300,0.090100,9.797500,true,6,32,12,120
world4_normal_1280,1280,800,1280,800,11,7.790300,0.087000,9.859900,true,6,32,12,120
world4_normal_1280,1280,800,1280,800,12,8.641000,0.093100,9.746400,true,7,32,12,120
world4_normal_1280,1280,800,1280,800,13,8.360800,0.093400,9.630800,true,6,32,12,120
world4_normal_1280,1280,800,1280,800,14,7.316600,0.086400,10.069700,true,6,32,12,120
world4_normal_1280,1280,800,1280,800,15,7.233800,0.075500,10.896300,true,6,32,12,120
world4_normal_1280,1280,800,1280,800,16,7.267300,0.086900,9.924500,true,6,32,12,120
world4_normal_1280,1280,800,1280,800,17,7.306400,0.069600,10.067900,true,6,32,12,120
world4_normal_1280,1280,800,1280,800,18,7.385000,0.070300,9.625600,true,6,32,12,120
world4_normal_1280,1280,800,1280,800,19,8.525500,0.087400,9.631000,true,6,32,12,120
world4_normal_1280,1280,800,1280,800,20,7.691600,0.109200,9.601700,true,6,32,12,120
world4_normal_1280,1280,800,1280,800,21,7.243700,0.134400,10.517800,true,6,32,12,120
world4_normal_1280,1280,800,1280,800,22,7.108900,0.102700,9.921000,true,6,32,12,120
world4_normal_1280,1280,800,1280,800,23,7.658500,0.087000,9.946800,true,6,32,12,120
world4_normal_1280,1280,800,1280,800,24,8.206500,0.085500,9.818000,true,6,32,12,120
world4_normal_1280,1280,800,1280,800,25,7.213200,0.092900,9.824500,true,6,32,12,120
world4_normal_1280,1280,800,1280,800,26,7.471500,0.073900,9.734700,true,6,32,12,120
world4_normal_1280,1280,800,1280,800,27,7.963000,0.079300,9.540400,true,6,32,12,120
world4_normal_1280,1280,800,1280,800,28,7.482500,0.070400,9.656100,true,6,32,12,120
world4_normal_1280,1280,800,1280,800,29,7.888400,0.092500,9.776500,true,6,32,12,120
world4_normal_1280,1280,800,1280,800,30,8.817700,0.076700,9.771800,true,6,32,12,120
world4_normal_1280,1280,800,1280,800,31,7.735300,0.086800,10.141000,true,6,32,12,120
world4_normal_1280,1280,800,1280,800,32,7.289600,0.079700,9.570500,true,6,32,12,120
world4_normal_1280,1280,800,1280,800,33,7.302000,0.074700,9.923700,true,6,32,12,120
world4_normal_1280,1280,800,1280,800,34,7.648400,0.088300,9.912400,true,6,32,12,120
world4_normal_1280,1280,800,1280,800,35,7.624600,0.095300,9.773500,true,6,32,12,120
world4_normal_1280,1280,800,1280,800,36,8.210100,0.094100,9.786800,true,6,32,12,120
world4_normal_1280,1280,800,1280,800,37,8.057100,0.098700,9.781100,true,6,32,12,120
world4_normal_1280,1280,800,1280,800,38,7.997000,0.092000,9.790800,true,6,32,12,120
world4_normal_1280,1280,800,1280,800,39,8.385100,0.108500,9.717500,true,6,32,12,120
world4_normal_1280,1280,800,1280,800,40,8.809900,0.118800,9.778500,true,6,32,12,120
world4_normal_1280,1280,800,1280,800,41,8.223100,0.097100,9.777000,true,6,32,12,120
world4_normal_1280,1280,800,1280,800,42,7.925300,0.093800,10.252300,true,6,32,12,120
world4_normal_1280,1280,800,1280,800,43,7.265100,0.065100,10.033300,true,6,32,12,120
world4_normal_1280,1280,800,1280,800,44,8.126400,0.069200,10.095500,true,6,32,12,120
world4_normal_1280,1280,800,1280,800,45,8.340400,0.075700,9.717100,true,6,32,12,120
world4_normal_1280,1280,800,1280,800,46,7.574000,0.067400,10.053400,true,6,32,12,120
world4_normal_1280,1280,800,1280,800,47,7.702500,0.072600,9.658000,true,6,32,12,120
world4_normal_1280,1280,800,1280,800,48,7.291300,0.068100,10.362100,true,6,32,12,120
world4_normal_1280,1280,800,1280,800,49,7.398800,0.068900,10.117500,true,6,32,12,120
world4_normal_1280,1280,800,1280,800,50,7.169800,0.090900,10.447600,true,6,32,12,120
world4_normal_1280,1280,800,1280,800,51,7.273400,0.068900,9.823800,true,6,32,12,120
world4_normal_1280,1280,800,1280,800,52,7.277900,0.081000,9.824000,true,6,32,12,120
world4_normal_1280,1280,800,1280,800,53,7.662500,0.098500,10.309600,true,6,32,12,120
world4_normal_1280,1280,800,1280,800,54,7.447400,0.074000,9.781300,true,6,32,12,120
world4_normal_1280,1280,800,1280,800,55,7.786000,0.071500,9.736700,true,6,32,12,120
world4_normal_1280,1280,800,1280,800,56,8.078500,0.069500,9.754500,true,6,32,12,120
world4_normal_1280,1280,800,1280,800,57,7.725500,0.083800,9.694000,true,6,32,12,120
world4_normal_1280,1280,800,1280,800,58,8.459800,0.084900,9.804600,true,6,32,12,120
world4_normal_1280,1280,800,1280,800,59,7.225700,0.076000,10.554700,true,6,32,12,120
world4_normal_1280,1280,800,1280,800,60,7.822400,0.064500,9.530900,true,6,32,12,120
world4_normal_1280,1280,800,1280,800,61,7.441100,0.099600,9.645300,true,6,32,12,120
world4_normal_1280,1280,800,1280,800,62,7.396600,0.077300,9.578300,true,6,32,12,120
world4_normal_1280,1280,800,1280,800,63,7.244000,0.077200,9.570600,true,6,32,12,120
world4_normal_1280,1280,800,1280,800,64,7.236700,0.079600,9.957800,true,6,32,12,120
world4_normal_1280,1280,800,1280,800,65,7.363800,0.068500,10.166400,true,6,32,12,120
world4_normal_1280,1280,800,1280,800,66,9.176000,0.084300,9.722300,true,6,32,12,120
world4_normal_1280,1280,800,1280,800,67,7.462300,0.083000,9.995800,true,7,32,12,120
world4_normal_1280,1280,800,1280,800,68,7.803100,0.070300,9.870400,true,6,32,12,120
world4_normal_1280,1280,800,1280,800,69,7.432600,0.068600,10.036600,true,6,32,12,120
world4_normal_1280,1280,800,1280,800,70,8.920400,0.070800,9.797600,true,6,32,13,120
world4_normal_1280,1280,800,1280,800,71,7.878900,0.065700,10.099500,true,6,32,12,120
world4_normal_1280,1280,800,1280,800,72,7.917100,0.072300,9.979700,true,6,32,12,120
world4_normal_1280,1280,800,1280,800,73,7.911100,0.072000,10.249500,true,6,32,12,120
world4_normal_1280,1280,800,1280,800,74,8.266800,0.093100,9.669800,true,6,32,13,120
world4_normal_1280,1280,800,1280,800,75,8.144300,0.064000,9.557600,true,6,32,12,120
world4_normal_1280,1280,800,1280,800,76,7.677200,0.073600,10.780300,true,6,32,12,120
world4_normal_1280,1280,800,1280,800,77,7.509600,0.069500,9.707000,true,6,32,12,120
world4_normal_1280,1280,800,1280,800,78,8.317100,0.086100,9.766600,true,6,32,12,120
world4_normal_1280,1280,800,1280,800,79,7.573300,0.086400,10.082400,true,6,32,12,120
world4_normal_1280,1280,800,1280,800,80,7.619200,0.073400,9.914700,true,6,32,12,120
world4_normal_1280,1280,800,1280,800,81,7.429900,0.067000,10.005100,true,6,32,12,120
world4_normal_1280,1280,800,1280,800,82,7.243800,0.068600,9.433500,true,6,32,12,120
world4_normal_1280,1280,800,1280,800,83,7.513500,0.078800,10.610500,true,6,32,12,120
world4_normal_1280,1280,800,1280,800,84,7.207600,0.084300,9.788700,true,6,32,12,120
world4_normal_1280,1280,800,1280,800,85,7.479700,0.066500,9.990900,true,6,32,12,120
world4_normal_1280,1280,800,1280,800,86,7.775200,0.101900,10.329700,true,6,32,12,120
world4_normal_1280,1280,800,1280,800,87,7.611900,0.084500,10.023000,true,6,32,12,120
world4_normal_1280,1280,800,1280,800,88,8.085700,0.083900,9.975900,true,6,32,12,120
world4_normal_1280,1280,800,1280,800,89,8.319200,0.067100,9.799400,true,6,32,12,120
world4_normal_1280,1280,800,1280,800,90,7.413700,0.094900,9.637200,true,6,32,12,120
world4_normal_1280,1280,800,1280,800,91,8.243100,0.107900,9.721500,true,6,32,12,120
world4_normal_1280,1280,800,1280,800,92,7.251000,0.096800,10.240600,true,6,32,12,120
world4_normal_1280,1280,800,1280,800,93,8.102000,0.093300,9.727200,true,6,32,12,120
world4_normal_1280,1280,800,1280,800,94,7.892600,0.093100,10.043800,true,6,32,12,120
world4_normal_1280,1280,800,1280,800,95,7.419000,0.076600,9.582500,true,6,32,12,120
world4_normal_1280,1280,800,1280,800,96,7.214800,0.092700,9.683000,true,6,32,12,120
world4_normal_1280,1280,800,1280,800,97,9.392100,0.067800,9.517500,true,6,32,12,120
world4_normal_1280,1280,800,1280,800,98,7.455800,0.080200,9.666500,true,6,32,12,120
world4_high_960,960,600,960,600,0,15.316500,0.077300,1.353500,true,40,320,180,1200
world4_high_960,960,600,960,600,1,13.305200,0.087500,1.753400,true,40,320,180,1200
world4_high_960,960,600,960,600,2,13.050100,0.074900,1.414800,true,40,320,180,1200
world4_high_960,960,600,960,600,3,13.485700,0.087300,1.668200,true,40,320,180,1200
world4_high_960,960,600,960,600,4,14.746900,0.078100,1.320900,true,40,320,180,1200
world4_high_960,960,600,960,600,5,13.379700,0.079500,1.518700,true,40,320,180,1200
world4_high_960,960,600,960,600,6,13.140200,0.075500,1.367000,true,40,320,180,1200
world4_high_960,960,600,960,600,7,13.310700,0.076900,1.595300,true,40,320,180,1200
world4_high_960,960,600,960,600,8,13.174900,0.067900,1.195500,true,40,320,180,1200
world4_high_960,960,600,960,600,9,13.119800,0.074600,1.441700,true,40,320,180,1200
world4_high_960,960,600,960,600,10,15.036400,0.094300,1.427600,true,40,320,180,1200
world4_high_960,960,600,960,600,11,13.291800,0.088700,1.261500,true,40,320,180,1200
world4_high_960,960,600,960,600,12,14.834300,0.118900,1.483500,true,40,320,180,1200
world4_high_960,960,600,960,600,13,13.193700,0.090000,1.439000,true,40,320,180,1200
world4_high_960,960,600,960,600,14,13.035800,0.071000,1.360300,true,40,320,180,1200
world4_high_960,960,600,960,600,15,14.143500,0.080700,1.257800,true,40,320,180,1200
world4_high_960,960,600,960,600,16,13.314100,0.068800,1.205900,true,40,320,180,1200
world4_high_960,960,600,960,600,17,13.674400,0.070000,1.288900,true,40,320,180,1200
world4_high_960,960,600,960,600,18,13.070300,0.059400,1.202400,true,40,320,180,1200
world4_high_960,960,600,960,600,19,13.988700,0.072100,1.222900,true,40,320,180,1200
world4_high_960,960,600,960,600,20,15.311100,0.072200,1.419100,true,40,320,180,1200
world4_high_960,960,600,960,600,21,13.334200,0.072500,1.400900,true,40,320,180,1200
world4_high_960,960,600,960,600,22,13.062500,0.071900,1.844000,true,40,320,180,1200
world4_high_960,960,600,960,600,23,15.063500,0.070900,1.375600,true,40,320,180,1200
world4_high_960,960,600,960,600,24,14.139900,0.074600,1.363600,true,40,320,180,1200
world4_high_960,960,600,960,600,25,15.105000,0.076300,1.443100,true,40,320,180,1200
world4_high_960,960,600,960,600,26,15.183000,0.073500,1.729200,true,40,320,180,1200
world4_high_960,960,600,960,600,27,14.420300,0.078200,1.251800,true,40,320,180,1200
world4_high_960,960,600,960,600,28,13.750800,0.076400,1.507900,true,40,320,180,1200
world4_high_960,960,600,960,600,29,14.474400,0.088300,1.377000,true,40,320,180,1200
world4_high_960,960,600,960,600,30,13.447300,0.086400,1.485000,true,40,320,180,1200
world4_high_960,960,600,960,600,31,13.348400,0.074300,1.402800,true,40,320,180,1200
world4_high_960,960,600,960,600,32,13.236100,0.095800,1.340700,true,40,320,180,1200
world4_high_960,960,600,960,600,33,14.573800,0.074100,1.439500,true,40,320,180,1200
world4_high_960,960,600,960,600,34,14.269800,0.075800,1.200000,true,40,320,180,1200
world4_high_960,960,600,960,600,35,13.152000,0.078300,1.370600,true,40,320,180,1200
world4_high_960,960,600,960,600,36,13.529300,0.086500,1.473700,true,40,320,180,1200
world4_high_960,960,600,960,600,37,14.293400,0.073400,1.398100,true,40,320,180,1200
world4_high_960,960,600,960,600,38,13.127100,0.087700,1.269600,true,40,320,180,1200
world4_high_960,960,600,960,600,39,14.738900,0.085300,1.441200,true,40,320,180,1200
world4_high_960,960,600,960,600,40,13.270300,0.094400,1.622400,true,40,320,180,1200
world4_high_960,960,600,960,600,41,13.635900,0.085800,1.394000,true,40,320,180,1200
world4_high_960,960,600,960,600,42,15.399500,0.073300,1.394600,true,40,320,180,1200
world4_high_960,960,600,960,600,43,14.310800,0.071800,1.246900,true,40,320,180,1200
world4_high_960,960,600,960,600,44,14.563500,0.069000,1.241200,true,40,320,180,1200
world4_high_960,960,600,960,600,45,13.868500,0.085200,1.394900,true,40,320,180,1200
world4_high_960,960,600,960,600,46,20.037500,0.086700,2.107600,true,40,320,180,1200
world4_high_960,960,600,960,600,47,20.510900,0.081700,1.237100,true,40,320,180,1200
world4_high_960,960,600,960,600,48,16.492600,0.076400,2.104400,true,40,320,180,1200
world4_high_960,960,600,960,600,49,17.548100,0.098900,1.610900,true,40,320,180,1200
world4_high_960,960,600,960,600,50,14.856200,0.089600,1.417700,true,40,320,180,1200
world4_high_960,960,600,960,600,51,14.591100,0.072600,1.569900,true,40,320,180,1200
world4_high_960,960,600,960,600,52,13.568900,0.124700,1.392100,true,40,320,180,1200
world4_high_960,960,600,960,600,53,13.405400,0.074100,1.214500,true,40,320,180,1200
world4_high_960,960,600,960,600,54,13.266900,0.079900,1.317000,true,40,320,180,1200
world4_high_960,960,600,960,600,55,14.688900,0.072500,1.465900,true,40,320,180,1200
world4_high_960,960,600,960,600,56,13.448700,0.077700,1.654400,true,40,320,180,1200
world4_high_960,960,600,960,600,57,14.153800,0.092500,1.519600,true,40,320,180,1200
world4_high_960,960,600,960,600,58,13.483500,0.076300,1.385000,true,40,320,180,1200
world4_high_960,960,600,960,600,59,13.469000,0.079700,1.561000,true,40,320,180,1200
world4_high_960,960,600,960,600,60,13.808800,0.073600,1.235200,true,40,320,180,1200
world4_high_960,960,600,960,600,61,13.369400,0.074300,1.439400,true,40,320,180,1200
world4_high_960,960,600,960,600,62,13.511400,0.073300,1.276000,true,40,320,180,1200
world4_high_960,960,600,960,600,63,14.142800,0.078600,1.468200,true,40,320,180,1200
world4_high_960,960,600,960,600,64,13.849900,0.077000,1.505100,true,40,320,180,1200
world4_high_960,960,600,960,600,65,13.938300,0.100500,1.624000,true,40,320,180,1200
world4_high_960,960,600,960,600,66,13.664300,0.071400,1.444600,true,40,320,180,1200
world4_high_960,960,600,960,600,67,14.611100,0.083800,1.392400,true,40,320,180,1200
world4_high_960,960,600,960,600,68,15.455500,0.103800,1.576200,true,40,320,180,1200
world4_high_960,960,600,960,600,69,14.851500,0.074800,1.782800,true,40,320,180,1200
world4_high_960,960,600,960,600,70,13.371100,0.087300,1.322300,true,40,320,180,1200
world4_high_960,960,600,960,600,71,13.591000,0.073900,1.509700,true,40,320,180,1200
world4_high_960,960,600,960,600,72,14.986500,0.071800,1.452800,true,40,320,180,1200
world4_high_960,960,600,960,600,73,13.248800,0.077600,1.563800,true,40,320,180,1200
world4_high_960,960,600,960,600,74,13.411500,0.076500,1.281800,true,40,320,180,1200
world4_high_960,960,600,960,600,75,14.550500,0.073400,1.693200,true,40,320,180,1200
world4_high_960,960,600,960,600,76,13.569300,0.075800,1.401200,true,40,320,180,1200
world4_high_960,960,600,960,600,77,13.603200,0.078400,1.299800,true,40,320,180,1200
world4_high_960,960,600,960,600,78,15.456900,0.088500,1.497600,true,40,320,180,1200
world4_high_960,960,600,960,600,79,14.533700,0.074300,1.376700,true,40,320,180,1200
world4_high_960,960,600,960,600,80,14.158500,0.071600,1.231100,true,40,320,180,1200
world4_high_960,960,600,960,600,81,13.770400,0.078700,1.434900,true,40,320,180,1200
world4_high_960,960,600,960,600,82,13.300100,0.079100,1.277700,true,40,320,180,1200
world4_high_960,960,600,960,600,83,13.337300,0.073300,1.482400,true,40,320,180,1200
world4_high_960,960,600,960,600,84,13.611400,0.089400,1.530300,true,40,320,180,1200
world4_high_960,960,600,960,600,85,14.691200,0.077700,1.388000,true,40,320,180,1200
world4_high_960,960,600,960,600,86,13.442000,0.077900,1.337500,true,40,320,180,1200
world4_high_960,960,600,960,600,87,17.062600,0.078900,1.314100,true,40,320,180,1200
world4_high_960,960,600,960,600,88,14.492100,0.100700,1.513700,true,40,320,180,1200
world4_high_960,960,600,960,600,89,13.505600,0.079200,1.299900,true,40,320,180,1200
world4_high_960,960,600,960,600,90,14.780800,0.076200,1.368600,true,40,320,180,1200
world4_high_960,960,600,960,600,91,14.043300,0.082900,1.506100,true,40,320,180,1200
world4_high_960,960,600,960,600,92,13.599300,0.076300,1.295500,true,40,320,180,1200
world4_high_960,960,600,960,600,93,13.372400,0.074600,1.567300,true,40,320,180,1200
world4_high_960,960,600,960,600,94,15.003000,0.079700,1.423000,true,40,320,180,1200
world4_high_960,960,600,960,600,95,13.648100,0.102300,1.645000,true,40,320,180,1200
world4_high_960,960,600,960,600,96,13.315800,0.072500,1.484500,true,40,320,180,1200
world4_high_960,960,600,960,600,97,13.323700,0.081800,1.536900,true,40,320,180,1200
world4_high_960,960,600,960,600,98,13.561500,0.074900,1.459400,true,40,320,180,1200
world4_high_960,960,600,960,600,99,13.682200,0.097900,1.459400,true,40,320,180,1200
world4_high_960,960,600,960,600,100,13.157200,0.074600,1.501600,true,40,320,180,1200
world4_high_960,960,600,960,600,101,13.506900,0.093700,1.506100,true,40,320,180,1200
world4_high_960,960,600,960,600,102,14.347800,0.080300,1.437300,true,40,320,180,1200
world4_high_960,960,600,960,600,103,13.180100,0.078900,1.316600,true,40,320,180,1200
world4_high_960,960,600,960,600,104,13.172700,0.072200,1.263700,true,40,320,180,1200
world4_high_960,960,600,960,600,105,13.459900,0.075300,1.532900,true,40,320,180,1200
world4_high_960,960,600,960,600,106,13.688600,0.072000,1.330600,true,40,320,180,1200
world4_high_960,960,600,960,600,107,13.226900,0.074600,1.451800,true,40,320,180,1200
world4_high_960,960,600,960,600,108,15.073500,0.080500,1.441200,true,40,320,180,1200
world4_high_960,960,600,960,600,109,13.145400,0.088100,1.388700,true,40,320,180,1200
world4_high_960,960,600,960,600,110,13.341400,0.073900,1.404500,true,40,320,180,1200
world4_high_960,960,600,960,600,111,14.382800,0.091500,1.319400,true,40,320,180,1200
world4_high_600,600,400,600,375,0,14.044800,0.090900,2.213700,true,40,320,180,1200
world4_high_600,600,400,600,375,1,13.735900,0.078800,2.707600,true,40,320,180,1200
world4_high_600,600,400,600,375,2,13.326500,0.072400,2.413100,true,40,320,180,1200
world4_high_600,600,400,600,375,3,13.550500,0.096600,2.250800,true,40,320,180,1200
world4_high_600,600,400,600,375,4,13.863100,0.075200,2.386200,true,40,320,180,1200
world4_high_600,600,400,600,375,5,14.519500,0.072600,2.379800,true,40,320,180,1200
world4_high_600,600,400,600,375,6,13.144700,0.111500,2.236400,true,40,320,180,1200
world4_high_600,600,400,600,375,7,13.153800,0.080200,2.522100,true,40,320,180,1200
world4_high_600,600,400,600,375,8,13.333600,0.067700,2.153600,true,40,320,180,1200
world4_high_600,600,400,600,375,9,13.209700,0.082800,2.558800,true,40,320,180,1200
world4_high_600,600,400,600,375,10,13.832900,0.075600,2.333200,true,40,320,180,1200
world4_high_600,600,400,600,375,11,14.317600,0.079700,2.365600,true,40,320,180,1200
world4_high_600,600,400,600,375,12,13.442600,0.081100,2.400400,true,40,320,180,1200
world4_high_600,600,400,600,375,13,14.360200,0.090000,2.411500,true,40,320,180,1200
world4_high_600,600,400,600,375,14,13.933300,0.077900,2.276900,true,40,320,180,1200
world4_high_600,600,400,600,375,15,14.447400,0.071600,2.359200,true,40,320,180,1200
world4_high_600,600,400,600,375,16,13.861800,0.084300,2.282000,true,40,320,180,1200
world4_high_600,600,400,600,375,17,13.712800,0.075500,2.688700,true,40,320,180,1200
world4_high_600,600,400,600,375,18,13.566700,0.069800,2.326500,true,40,320,180,1200
world4_high_600,600,400,600,375,19,13.185800,0.086300,2.396600,true,40,320,180,1200
world4_high_600,600,400,600,375,20,15.184600,0.076800,2.286600,true,40,320,180,1200
world4_high_600,600,400,600,375,21,13.563200,0.072600,2.286900,true,40,320,180,1200
world4_high_600,600,400,600,375,22,13.071900,0.064200,2.164600,true,40,320,180,1200
world4_high_600,600,400,600,375,23,13.309300,0.081700,2.542800,true,40,320,180,1200
world4_high_600,600,400,600,375,24,13.340600,0.079100,2.482700,true,40,320,180,1200
world4_high_600,600,400,600,375,25,13.379400,0.081500,2.336700,true,40,320,180,1200
world4_high_600,600,400,600,375,26,13.796000,0.104900,2.518300,true,40,320,180,1200
world4_high_600,600,400,600,375,27,14.122700,0.080000,2.491200,true,40,320,180,1200
world4_high_600,600,400,600,375,28,13.652100,0.074500,2.447600,true,40,320,180,1200
world4_high_600,600,400,600,375,29,13.468400,0.080300,2.469500,true,40,320,180,1200
world4_high_600,600,400,600,375,30,13.431300,0.075400,2.444300,true,40,320,180,1200
world4_high_600,600,400,600,375,31,15.614500,0.073500,2.364100,true,40,320,180,1200
world4_high_600,600,400,600,375,32,13.384400,0.088200,2.524800,true,40,320,180,1200
world4_high_600,600,400,600,375,33,14.180000,0.085200,2.569900,true,40,320,180,1200
world4_high_600,600,400,600,375,34,13.789400,0.080300,2.297000,true,40,320,180,1200
world4_high_600,600,400,600,375,35,15.756300,0.098100,2.911600,true,40,320,180,1200
world4_high_600,600,400,600,375,36,13.130400,0.089400,2.658800,true,40,320,180,1200
world4_high_600,600,400,600,375,37,13.268500,0.100400,2.257200,true,40,320,180,1200
world4_high_600,600,400,600,375,38,14.816700,0.076300,2.388000,true,40,320,180,1200
world4_high_600,600,400,600,375,39,14.274300,0.072200,2.398200,true,40,320,180,1200
world4_high_600,600,400,600,375,40,13.177200,0.075000,2.691200,true,40,320,180,1200
world4_high_600,600,400,600,375,41,13.322400,0.072800,2.703500,true,40,320,180,1200
world4_high_600,600,400,600,375,42,13.171900,0.084600,2.913200,true,40,320,180,1200
world4_high_600,600,400,600,375,43,13.120300,0.077900,2.384400,true,40,320,180,1200
world4_high_600,600,400,600,375,44,14.243500,0.091700,2.709200,true,40,320,180,1200
world4_high_600,600,400,600,375,45,14.545500,0.081000,2.404500,true,40,320,180,1200
world4_high_600,600,400,600,375,46,13.554200,0.087400,2.337800,true,40,320,180,1200
world4_high_600,600,400,600,375,47,14.172700,0.075500,2.406700,true,40,320,180,1200
world4_high_600,600,400,600,375,48,14.883200,0.087500,2.166100,true,40,320,180,1200
world4_high_600,600,400,600,375,49,13.257100,0.072600,2.716000,true,40,320,180,1200
world4_high_600,600,400,600,375,50,13.789000,0.075400,2.292400,true,40,320,180,1200
world4_high_600,600,400,600,375,51,13.480200,0.081300,2.336700,true,40,320,180,1200
world4_high_600,600,400,600,375,52,13.413100,0.070300,2.368700,true,40,320,180,1200
world4_high_600,600,400,600,375,53,13.223300,0.083000,2.363100,true,40,320,180,1200
world4_high_600,600,400,600,375,54,13.229900,0.074100,2.672800,true,40,320,180,1200
world4_high_600,600,400,600,375,55,13.568300,0.087200,2.598000,true,40,320,180,1200
world4_high_600,600,400,600,375,56,13.530600,0.083400,2.264000,true,40,320,180,1200
world4_high_600,600,400,600,375,57,13.353800,0.092800,2.461800,true,40,320,180,1200
world4_high_600,600,400,600,375,58,13.365800,0.078300,2.184800,true,40,320,180,1200
world4_high_600,600,400,600,375,59,13.849700,0.080300,2.320500,true,40,320,180,1200
world4_high_600,600,400,600,375,60,13.756200,0.077200,2.483000,true,40,320,180,1200
world4_high_600,600,400,600,375,61,14.717200,0.080200,2.466600,true,40,320,180,1200
world4_high_600,600,400,600,375,62,13.593300,0.075400,2.252500,true,40,320,180,1200
world4_high_600,600,400,600,375,63,13.658500,0.085800,2.254500,true,40,320,180,1200
world4_high_600,600,400,600,375,64,14.691700,0.085700,2.746100,true,40,320,180,1200
world4_high_600,600,400,600,375,65,13.546100,0.074400,2.454500,true,40,320,180,1200
world4_high_600,600,400,600,375,66,13.549800,0.080700,2.502800,true,40,320,180,1200
world4_high_600,600,400,600,375,67,13.926500,0.094900,2.533700,true,40,320,180,1200
world4_high_600,600,400,600,375,68,13.571400,0.075200,2.497700,true,40,320,180,1200
world4_high_600,600,400,600,375,69,13.249400,0.073000,2.316300,true,40,320,180,1200
world4_high_600,600,400,600,375,70,14.390000,0.074200,2.163400,true,40,320,180,1200
world4_high_600,600,400,600,375,71,13.212200,0.072000,2.919500,true,40,320,180,1200
world4_high_600,600,400,600,375,72,14.794000,0.087500,2.475400,true,40,320,180,1200
world4_high_600,600,400,600,375,73,13.333000,0.081900,2.274000,true,40,320,180,1200
world4_high_600,600,400,600,375,74,14.203700,0.092100,2.188000,true,40,320,180,1200
world4_high_600,600,400,600,375,75,15.396200,0.083800,2.200600,true,40,320,180,1200
world4_high_600,600,400,600,375,76,14.240700,0.075300,2.322300,true,40,320,180,1200
world4_high_600,600,400,600,375,77,13.339800,0.084200,2.356600,true,40,320,180,1200
world4_high_600,600,400,600,375,78,13.543500,0.087700,2.365300,true,40,320,180,1200
world4_high_600,600,400,600,375,79,14.810500,0.089500,2.426100,true,40,320,180,1200
world4_high_600,600,400,600,375,80,13.618000,0.086200,2.356400,true,40,320,180,1200
world4_high_600,600,400,600,375,81,13.221000,0.073700,2.423500,true,40,320,180,1200
world4_high_600,600,400,600,375,82,13.344700,0.070600,2.859300,true,40,320,180,1200
world4_high_600,600,400,600,375,83,13.150000,0.075800,2.271400,true,40,320,180,1200
world4_high_600,600,400,600,375,84,13.525100,0.100900,2.683600,true,40,320,180,1200
world4_high_600,600,400,600,375,85,13.386300,0.073400,2.706700,true,40,320,180,1200
world4_high_600,600,400,600,375,86,13.391400,0.075900,2.386000,true,40,320,180,1200
world4_high_600,600,400,600,375,87,14.403000,0.078100,2.248800,true,40,320,180,1200
world4_high_600,600,400,600,375,88,13.299400,0.076100,2.526600,true,40,320,180,1200
world4_high_600,600,400,600,375,89,13.090200,0.077800,2.343600,true,40,320,180,1200
world4_high_600,600,400,600,375,90,13.464500,0.087700,2.183500,true,40,320,180,1200
world4_high_600,600,400,600,375,91,14.431100,0.074900,2.680800,true,40,320,180,1200
world4_high_600,600,400,600,375,92,14.342500,0.075500,2.421900,true,40,320,180,1200
world4_high_600,600,400,600,375,93,14.438000,0.078900,2.398500,true,40,320,180,1200
world4_high_600,600,400,600,375,94,13.054200,0.084200,2.296300,true,40,320,180,1200
world4_high_600,600,400,600,375,95,13.607100,0.073700,2.893000,true,40,320,180,1200
world4_high_600,600,400,600,375,96,15.456700,0.086900,2.452100,true,40,320,180,1200
world4_high_600,600,400,600,375,97,14.837400,0.075100,2.278100,true,40,320,180,1200
world4_high_600,600,400,600,375,98,13.089000,0.074200,2.386800,true,40,320,180,1200
world4_high_600,600,400,600,375,99,13.769600,0.085700,2.352600,true,40,320,180,1200
world4_high_600,600,400,600,375,100,13.714600,0.095600,2.299600,true,40,320,180,1200
world4_high_600,600,400,600,375,101,12.991600,0.073100,2.359800,true,40,320,180,1200
world4_high_600,600,400,600,375,102,13.011100,0.077800,2.649000,true,40,320,180,1200
world4_high_600,600,400,600,375,103,13.058200,0.068400,2.332800,true,40,320,180,1200
world4_high_600,600,400,600,375,104,14.303700,0.080400,2.366000,true,40,320,180,1200
world4_high_600,600,400,600,375,105,12.945200,0.069000,2.325000,true,40,320,180,1200
world4_high_600,600,400,600,375,106,13.032300,0.092000,2.636100,true,40,320,180,1200
world4_high_1280,1280,800,1280,800,0,13.305100,0.072700,10.053500,true,40,320,180,1200
world4_high_1280,1280,800,1280,800,1,13.373100,0.071800,10.383200,true,40,320,180,1200
world4_high_1280,1280,800,1280,800,2,13.962100,0.091400,10.012000,true,40,320,180,1200
world4_high_1280,1280,800,1280,800,3,13.373900,0.068300,9.663400,true,40,320,180,1200
world4_high_1280,1280,800,1280,800,4,13.261700,0.068900,9.587300,true,40,320,180,1200
world4_high_1280,1280,800,1280,800,5,13.007700,0.076800,10.637800,true,40,320,180,1200
world4_high_1280,1280,800,1280,800,6,13.023400,0.088100,10.096100,true,40,320,180,1200
world4_high_1280,1280,800,1280,800,7,13.002800,0.079300,10.025200,true,40,320,180,1200
world4_high_1280,1280,800,1280,800,8,13.647300,0.096300,11.062200,true,40,320,180,1200
world4_high_1280,1280,800,1280,800,9,12.992500,0.075600,9.577400,true,40,320,180,1200
world4_high_1280,1280,800,1280,800,10,13.545900,0.094100,9.671500,true,40,320,180,1200
world4_high_1280,1280,800,1280,800,11,13.002600,0.068300,9.981100,true,40,320,180,1200
world4_high_1280,1280,800,1280,800,12,13.420300,0.068500,9.561700,true,40,320,180,1200
world4_high_1280,1280,800,1280,800,13,13.177300,0.086400,9.893800,true,40,320,180,1200
world4_high_1280,1280,800,1280,800,14,13.292000,0.085300,9.862300,true,40,320,180,1200
world4_high_1280,1280,800,1280,800,15,13.077600,0.086100,10.076600,true,40,320,180,1200
world4_high_1280,1280,800,1280,800,16,13.499500,0.083200,10.334700,true,40,320,180,1200
world4_high_1280,1280,800,1280,800,17,13.942100,0.076100,10.044100,true,40,320,180,1200
world4_high_1280,1280,800,1280,800,18,14.793400,0.086400,9.697300,true,40,320,180,1200
world4_high_1280,1280,800,1280,800,19,13.591300,0.078800,10.016500,true,40,320,180,1200
world4_high_1280,1280,800,1280,800,20,14.447000,0.095700,9.724700,true,40,320,180,1200
world4_high_1280,1280,800,1280,800,21,13.536900,0.077900,10.310900,true,40,320,180,1200
world4_high_1280,1280,800,1280,800,22,14.727200,0.113000,9.503300,true,40,320,180,1200
world4_high_1280,1280,800,1280,800,23,13.556200,0.095400,9.701500,true,40,320,180,1200
world4_high_1280,1280,800,1280,800,24,13.131000,0.074900,9.704200,true,40,320,180,1200
world4_high_1280,1280,800,1280,800,25,13.202300,0.085200,9.709600,true,40,320,180,1200
world4_high_1280,1280,800,1280,800,26,13.210600,0.073500,10.513600,true,40,320,180,1200
world4_high_1280,1280,800,1280,800,27,13.565600,0.126500,9.820000,true,40,320,180,1200
world4_high_1280,1280,800,1280,800,28,15.698200,0.068900,9.753100,true,40,320,180,1200
world4_high_1280,1280,800,1280,800,29,14.567100,0.074400,9.986100,true,40,320,180,1200
world4_high_1280,1280,800,1280,800,30,13.120400,0.096600,9.745400,true,40,320,180,1200
world4_high_1280,1280,800,1280,800,31,13.013600,0.102900,10.060800,true,40,320,180,1200
world4_high_1280,1280,800,1280,800,32,13.305300,0.086100,10.365300,true,40,320,180,1200
world4_high_1280,1280,800,1280,800,33,15.402600,0.087100,9.737100,true,40,320,180,1200
world4_high_1280,1280,800,1280,800,34,14.242200,0.070800,9.662500,true,40,320,180,1200
world4_high_1280,1280,800,1280,800,35,13.323900,0.086800,9.546100,true,40,320,180,1200
world4_high_1280,1280,800,1280,800,36,13.562800,0.080300,9.690200,true,40,320,180,1200
world4_high_1280,1280,800,1280,800,37,13.181800,0.076400,10.068100,true,40,320,180,1200
world4_high_1280,1280,800,1280,800,38,13.942200,0.090900,9.623700,true,40,320,180,1200
world4_high_1280,1280,800,1280,800,39,15.384000,0.072600,10.103200,true,40,320,180,1200
world4_high_1280,1280,800,1280,800,40,13.328100,0.073200,9.914900,true,40,320,180,1200
world4_high_1280,1280,800,1280,800,41,13.522600,0.080400,10.547500,true,40,320,180,1200
world4_high_1280,1280,800,1280,800,42,13.106500,0.088300,10.071000,true,40,320,180,1200
world4_high_1280,1280,800,1280,800,43,14.936100,0.073600,9.870000,true,40,320,180,1200
world4_high_1280,1280,800,1280,800,44,14.912300,0.072900,10.085500,true,40,320,180,1200
world4_high_1280,1280,800,1280,800,45,13.407900,0.074900,9.942700,true,40,320,180,1200
world4_high_1280,1280,800,1280,800,46,14.865300,0.087600,9.728400,true,40,320,180,1200
world4_high_1280,1280,800,1280,800,47,13.054300,0.088200,9.709500,true,40,320,180,1200
world4_high_1280,1280,800,1280,800,48,14.736700,0.090600,10.053900,true,40,320,180,1200
world4_high_1280,1280,800,1280,800,49,13.613100,0.075200,9.889400,true,40,320,180,1200
world4_high_1280,1280,800,1280,800,50,14.036000,0.077200,10.279100,true,40,320,180,1200
world4_high_1280,1280,800,1280,800,51,15.141000,0.222500,10.069400,true,40,320,180,1200
world4_high_1280,1280,800,1280,800,52,13.089700,0.094500,10.462300,true,40,320,180,1200
world4_high_1280,1280,800,1280,800,53,13.141400,0.074300,10.023000,true,40,320,180,1200
world4_high_1280,1280,800,1280,800,54,13.715800,0.073200,9.636700,true,40,320,180,1200
world4_high_1280,1280,800,1280,800,55,13.018700,0.071200,10.165700,true,40,320,180,1200
world4_high_1280,1280,800,1280,800,56,13.052300,0.102000,9.686800,true,40,320,180,1200
world4_high_1280,1280,800,1280,800,57,13.302800,0.079600,11.149800,true,40,320,180,1200
world4_high_1280,1280,800,1280,800,58,14.655300,0.074400,11.025700,true,40,320,180,1200
world4_high_1280,1280,800,1280,800,59,13.418000,0.073700,9.665900,true,40,320,180,1200
world4_high_1280,1280,800,1280,800,60,13.393000,0.079400,9.707600,true,40,320,180,1200
world4_high_1280,1280,800,1280,800,61,13.143600,0.085300,9.602500,true,40,320,180,1200
world4_high_1280,1280,800,1280,800,62,13.055100,0.074000,10.003400,true,40,320,180,1200
world4_high_1280,1280,800,1280,800,63,13.683100,0.076200,9.783500,true,40,320,180,1200
world4_high_1280,1280,800,1280,800,64,13.372500,0.075200,9.712900,true,40,320,180,1200
world4_high_1280,1280,800,1280,800,65,15.373200,0.077000,9.676700,true,40,320,180,1200
world4_high_1280,1280,800,1280,800,66,13.296000,0.071900,9.926000,true,40,320,180,1200
world4_high_1280,1280,800,1280,800,67,13.566900,0.075800,9.765800,true,40,320,180,1200
world4_high_1280,1280,800,1280,800,68,13.762300,0.069000,10.083500,true,40,320,180,1200
world4_high_1280,1280,800,1280,800,69,13.099700,0.073100,9.712100,true,40,320,180,1200
world4_high_1280,1280,800,1280,800,70,14.321700,0.087500,9.797500,true,40,320,180,1200
world4_high_1280,1280,800,1280,800,71,12.972900,0.080500,9.572700,true,40,320,180,1200
world4_high_1280,1280,800,1280,800,72,13.316000,0.082000,10.320000,true,40,320,180,1200
world4_high_1280,1280,800,1280,800,73,12.999500,0.075800,10.198200,true,40,320,180,1200
