case,width,height,draw_width,draw_height,index,simulation_publish_ms,edt_dispatch_ms,edt_paint_ms,published,enemies,player_bullets,enemy_bullets,particles
world2_normal_960,960,600,960,600,0,9.120800,0.138800,1.448300,true,6,32,12,120
world2_normal_960,960,600,960,600,1,8.373200,0.095600,1.257300,true,6,32,12,120
world2_normal_960,960,600,960,600,2,8.358900,0.115400,1.395300,true,6,32,12,120
world2_normal_960,960,600,960,600,3,8.222300,0.107600,1.432400,true,6,32,12,120
world2_normal_960,960,600,960,600,4,8.210400,0.167700,1.295200,true,6,32,12,120
world2_normal_960,960,600,960,600,5,8.026000,0.176000,1.286700,true,6,32,12,120
world2_normal_960,960,600,960,600,6,8.375100,0.129200,1.549000,true,6,32,12,120
world2_normal_960,960,600,960,600,7,7.883800,0.102700,1.432800,true,6,32,12,120
world2_normal_960,960,600,960,600,8,7.804700,0.122100,1.475000,true,6,32,12,120
world2_normal_960,960,600,960,600,9,7.907400,0.109200,1.430500,true,6,32,12,120
world2_normal_960,960,600,960,600,10,8.469800,0.103900,1.292600,true,6,32,12,120
world2_normal_960,960,600,960,600,11,7.744800,0.117200,1.559600,true,6,32,12,120
world2_normal_960,960,600,960,600,12,7.986000,0.126600,1.311300,true,6,32,12,120
world2_normal_960,960,600,960,600,13,8.053600,0.165200,1.473300,true,6,32,12,120
world2_normal_960,960,600,960,600,14,8.365400,0.123500,1.465400,true,6,32,12,120
world2_normal_960,960,600,960,600,15,8.076400,0.108400,1.309600,true,6,32,12,120
world2_normal_960,960,600,960,600,16,8.345500,0.178800,1.580600,true,6,32,12,120
world2_normal_960,960,600,960,600,17,8.318100,0.169100,1.555000,true,6,32,12,120
world2_normal_960,960,600,960,600,18,8.531500,0.109900,1.294600,true,6,32,12,120
world2_normal_960,960,600,960,600,19,10.920900,0.115600,1.285900,true,6,32,12,120
world2_normal_960,960,600,960,600,20,8.408500,0.125300,1.569700,true,6,32,12,120
world2_normal_960,960,600,960,600,21,8.918100,0.107500,1.452600,true,6,32,12,120
world2_normal_960,960,600,960,600,22,8.791000,0.100700,1.346900,true,6,32,12,120
world2_normal_960,960,600,960,600,23,8.182100,0.114400,1.275100,true,6,32,12,120
world2_normal_960,960,600,960,600,24,8.598700,0.103400,1.531400,true,6,32,12,120
world2_normal_960,960,600,960,600,25,7.842800,0.110200,1.393600,true,6,32,12,120
world2_normal_960,960,600,960,600,26,7.735100,0.213900,1.517200,true,6,32,12,120
world2_normal_960,960,600,960,600,27,7.526700,0.118500,1.254800,true,6,32,12,120
world2_normal_960,960,600,960,600,28,7.329500,0.112900,1.554200,true,6,32,12,120
world2_normal_960,960,600,960,600,29,8.824400,0.107900,1.342000,true,6,32,12,120
world2_normal_960,960,600,960,600,30,8.554900,0.105400,1.247700,true,6,32,12,120
world2_normal_960,960,600,960,600,31,7.516600,0.097000,1.511500,true,6,32,12,120
world2_normal_960,960,600,960,600,32,7.789300,0.110600,1.419300,true,6,32,12,120
world2_normal_960,960,600,960,600,33,7.545300,0.113000,1.476500,true,6,32,12,120
world2_normal_960,960,600,960,600,34,7.460900,0.099500,1.236900,true,6,32,12,120
world2_normal_960,960,600,960,600,35,7.531400,0.151300,1.418500,true,6,32,12,120
world2_normal_960,960,600,960,600,36,7.511800,0.139000,1.523600,true,6,32,12,120
world2_normal_960,960,600,960,600,37,7.512900,0.142100,1.513300,true,6,32,12,120
world2_normal_960,960,600,960,600,38,7.637000,0.138800,1.249700,true,6,32,12,120
world2_normal_960,960,600,960,600,39,7.962100,0.111200,1.265000,true,6,32,12,120
world2_normal_960,960,600,960,600,40,8.416600,0.115000,1.546800,true,6,32,12,120
world2_normal_960,960,600,960,600,41,8.289900,0.099800,1.528100,true,6,32,12,120
world2_normal_960,960,600,960,600,42,7.684700,0.123900,1.466800,true,6,32,12,120
world2_normal_960,960,600,960,600,43,7.507000,0.112800,1.371100,true,6,32,12,120
world2_normal_960,960,600,960,600,44,7.293400,0.115200,1.818400,true,6,32,12,120
world2_normal_960,960,600,960,600,45,7.487000,0.114300,1.492600,true,6,32,12,120
world2_normal_960,960,600,960,600,46,7.393200,0.131100,1.374400,true,6,32,12,120
world2_normal_960,960,600,960,600,47,8.326400,0.117300,1.512900,true,6,32,12,120
world2_normal_960,960,600,960,600,48,7.608700,0.158300,1.246200,true,6,32,12,120
world2_normal_960,960,600,960,600,49,7.857600,0.104900,1.386800,true,6,32,12,120
world2_normal_960,960,600,960,600,50,7.562400,0.102700,1.256600,true,6,32,12,120
world2_normal_960,960,600,960,600,51,7.516500,0.098100,1.230000,true,6,32,12,120
world2_normal_960,960,600,960,600,52,8.484500,0.098700,1.245100,true,6,32,12,120
world2_normal_960,960,600,960,600,53,7.592000,0.103400,1.289600,true,6,32,12,120
world2_normal_960,960,600,960,600,54,8.267300,0.114300,1.405300,true,6,32,12,120
world2_normal_960,960,600,960,600,55,8.068500,0.137800,1.295500,true,6,32,12,120
world2_normal_960,960,600,960,600,56,8.211200,0.104000,1.365600,true,6,32,12,120
world2_normal_960,960,600,960,600,57,8.299000,0.122900,1.394600,true,6,32,12,120
world2_normal_960,960,600,960,600,58,7.318100,0.127000,1.369700,true,6,32,12,120
world2_normal_960,960,600,960,600,59,8.624700,0.109900,1.263100,true,6,32,12,120
world2_normal_960,960,600,960,600,60,7.384900,0.174400,1.393000,true,6,32,12,120
world2_normal_960,960,600,960,600,61,7.847800,0.114100,1.406300,true,6,32,12,120
world2_normal_960,960,600,960,600,62,7.388700,0.115800,1.266600,true,6,32,12,120
world2_normal_960,960,600,960,600,63,8.016400,0.111000,1.499900,true,6,32,12,120
world2_normal_960,960,600,960,600,64,7.288000,0.126900,1.358700,true,6,32,12,120
world2_normal_960,960,600,960,600,65,7.321900,0.116900,1.342800,true,6,32,12,120
world2_normal_960,960,600,960,600,66,7.407000,0.114700,1.398900,true,6,32,12,120
world2_normal_960,960,600,960,600,67,7.566800,0.107800,1.330400,true,6,32,12,120
world2_normal_960,960,600,960,600,68,7.381100,0.154000,1.411300,true,6,32,12,120
world2_normal_960,960,600,960,600,69,8.048400,0.122000,1.428900,true,6,32,12,120
world2_normal_960,960,600,960,600,70,7.403200,0.121400,1.241400,true,6,32,12,120
world2_normal_960,960,600,960,600,71,9.305600,0.164800,2.630300,true,6,32,13,120
world2_normal_960,960,600,960,600,72,8.126500,0.101800,1.489200,true,6,32,12,120
world2_normal_960,960,600,960,600,73,7.680800,0.099600,1.323500,true,6,32,12,120
world2_normal_960,960,600,960,600,74,7.383300,0.116500,1.432900,true,6,32,12,120
world2_normal_960,960,600,960,600,75,8.029000,0.101500,1.269400,true,6,32,13,120
world2_normal_960,960,600,960,600,76,7.177500,0.104500,1.657800,true,6,32,12,120
world2_normal_960,960,600,960,600,77,7.528400,0.108500,1.293000,true,6,32,12,120
world2_normal_960,960,600,960,600,78,8.318700,0.100900,1.406600,true,6,32,12,120
world2_normal_960,960,600,960,600,79,7.391300,0.133900,1.255400,true,6,32,12,120
world2_normal_960,960,600,960,600,80,8.902100,0.377700,1.408900,true,6,32,12,120
world2_normal_960,960,600,960,600,81,13.393900,0.206500,1.398200,true,6,32,12,120
world2_normal_960,960,600,960,600,82,9.447900,0.156300,1.274000,true,6,32,12,120
world2_normal_960,960,600,960,600,83,8.837300,0.104100,1.370700,true,6,32,12,120
world2_normal_960,960,600,960,600,84,8.265600,0.102000,2.284300,true,6,32,12,120
world2_normal_960,960,600,960,600,85,7.569500,0.111100,1.427200,true,6,32,12,120
world2_normal_960,960,600,960,600,86,7.231000,0.117400,1.443600,true,6,32,12,120
world2_normal_960,960,600,960,600,87,7.627800,0.118000,1.432200,true,6,32,12,120
world2_normal_960,960,600,960,600,88,7.297300,0.115400,1.606300,true,6,32,12,120
world2_normal_960,960,600,960,600,89,8.091100,0.127000,1.528200,true,6,32,12,120
world2_normal_960,960,600,960,600,90,8.047300,0.119600,1.296800,true,6,32,12,120
world2_normal_960,960,600,960,600,91,7.820600,0.109400,1.549600,true,6,32,12,120
world2_normal_960,960,600,960,600,92,7.407700,0.114100,1.259200,true,6,32,12,120
world2_normal_960,960,600,960,600,93,7.756800,0.099800,1.499800,true,6,32,12,120
world2_normal_960,960,600,960,600,94,8.385800,0.121300,1.330200,true,6,32,12,120
world2_normal_960,960,600,960,600,95,7.805600,0.109600,1.427100,true,6,32,12,120
world2_normal_960,960,600,960,600,96,7.497000,0.141500,1.251300,true,6,32,12,120
world2_normal_960,960,600,960,600,97,6.952600,0.112700,1.500200,true,6,32,12,120
world2_normal_960,960,600,960,600,98,7.023800,0.110100,1.349000,true,6,32,12,120
world2_normal_960,960,600,960,600,99,7.329900,0.105100,1.430800,true,6,32,12,120
world2_normal_960,960,600,960,600,100,7.319300,0.118900,1.456500,true,6,32,12,120
world2_normal_960,960,600,960,600,101,7.873900,0.101800,1.505000,true,6,32,12,120
world2_normal_960,960,600,960,600,102,6.880700,0.098200,1.249400,true,6,32,12,120
world2_normal_960,960,600,960,600,103,6.820000,0.107200,1.514400,true,6,32,13,120
world2_normal_960,960,600,960,600,104,6.877800,0.112100,1.514300,true,6,32,12,120
world2_normal_960,960,600,960,600,105,6.871900,0.120800,1.451400,true,6,32,12,120
world2_normal_960,960,600,960,600,106,6.982000,0.161500,1.402100,true,6,32,12,120
world2_normal_960,960,600,960,600,107,7.125500,0.167100,1.415000,true,6,32,12,120
world2_normal_960,960,600,960,600,108,7.023400,0.106700,1.449400,true,6,32,12,120
world2_normal_960,960,600,960,600,109,7.366400,0.094900,1.254400,true,6,32,12,120
world2_normal_960,960,600,960,600,110,7.030400,0.096300,1.408900,true,6,32,12,120
world2_normal_960,960,600,960,600,111,7.528300,0.108400,1.291600,true,6,32,12,120
world2_normal_960,960,600,960,600,112,6.964200,0.103000,1.411500,true,6,32,12,120
world2_normal_960,960,600,960,600,113,7.661200,0.136800,1.479500,true,6,32,12,120
world2_normal_960,960,600,960,600,114,7.088500,0.094800,1.314000,true,6,32,12,120
world2_normal_960,960,600,960,600,115,7.312500,0.133300,1.965100,true,6,32,12,120
world2_normal_960,960,600,960,600,116,7.111100,0.097100,1.248700,true,6,32,12,120
world2_normal_960,960,600,960,600,117,7.393900,0.130600,1.958300,true,6,32,12,120
world2_normal_960,960,600,960,600,118,8.640100,0.110200,1.419800,true,6,32,12,120
world2_normal_960,960,600,960,600,119,11.584400,0.110200,1.447100,true,6,32,12,120
world2_normal_960,960,600,960,600,120,8.451200,0.126700,1.474100,true,6,32,12,120
world2_normal_960,960,600,960,600,121,7.611900,0.146700,2.232800,true,6,32,12,120
world2_normal_960,960,600,960,600,122,7.406100,0.105500,1.639800,true,6,32,12,120
world2_normal_960,960,600,960,600,123,8.058200,0.118700,1.412000,true,6,32,12,120
world2_normal_960,960,600,960,600,124,7.158400,0.113900,1.625700,true,6,32,12,120
world2_normal_960,960,600,960,600,125,7.353100,0.105700,1.529600,true,6,32,12,120
world2_normal_960,960,600,960,600,126,8.071200,0.140100,1.979700,true,6,32,12,120
world2_normal_960,960,600,960,600,127,7.086700,0.097100,1.312000,true,6,32,12,120
world2_normal_960,960,600,960,600,128,7.521300,0.186000,1.687200,true,6,32,12,120
world2_normal_960,960,600,960,600,129,7.449200,0.102500,1.556100,true,6,32,12,120
world2_normal_960,960,600,960,600,130,6.875100,0.108300,1.455000,true,6,32,12,120
world2_normal_960,960,600,960,600,131,7.176700,0.101100,1.336700,true,6,32,12,120
world2_normal_960,960,600,960,600,132,7.252600,0.097500,1.498500,true,6,32,12,120
world2_normal_960,960,600,960,600,133,7.106700,0.104900,1.441900,true,6,32,12,120
world2_normal_960,960,600,960,600,134,7.185000,0.089500,1.259400,true,6,32,12,120
world2_normal_960,960,600,960,600,135,7.613600,0.111100,1.352300,true,6,32,12,120
world2_normal_960,960,600,960,600,136,7.372800,0.101800,1.259300,true,6,32,12,120
world2_normal_960,960,600,960,600,137,7.241100,0.125500,1.421600,true,6,32,12,120
world2_normal_960,960,600,960,600,138,7.056200,0.103600,1.340500,true,6,32,12,120
world2_normal_960,960,600,960,600,139,6.914200,0.213600,1.601200,true,6,32,12,120
world2_normal_960,960,600,960,600,140,7.160000,0.100900,1.270200,true,6,32,12,120
world2_normal_960,960,600,960,600,141,6.977200,0.098000,1.381100,true,6,32,12,120
world2_normal_960,960,600,960,600,142,7.394000,0.108400,1.373200,true,6,32,12,120
world2_normal_960,960,600,960,600,143,7.089600,0.105500,1.468500,true,6,32,12,120
world2_normal_960,960,600,960,600,144,7.692100,0.110000,2.069700,true,6,32,12,120
world2_normal_960,960,600,960,600,145,7.529900,0.094900,1.335800,true,6,32,12,120
world2_normal_960,960,600,960,600,146,8.431100,0.098900,1.469200,true,6,32,12,120
world2_normal_960,960,600,960,600,147,7.208800,0.117200,2.435600,true,6,32,12,120
world2_normal_960,960,600,960,600,148,8.010000,0.095000,1.259300,true,6,32,12,120
world2_normal_960,960,600,960,600,149,8.986000,0.097000,1.264800,true,6,32,12,120
world2_normal_960,960,600,960,600,150,7.091200,0.101400,1.421800,true,6,32,12,120
world2_normal_960,960,600,960,600,151,7.135800,0.102700,1.345400,true,6,32,12,120
world2_normal_960,960,600,960,600,152,7.142000,0.116500,1.525800,true,6,32,12,120
world2_normal_960,960,600,960,600,153,8.913600,0.109400,1.293200,true,6,32,12,120
world2_normal_960,960,600,960,600,154,7.398700,0.132400,1.628700,true,6,32,12,120
world2_normal_960,960,600,960,600,155,7.499500,0.121300,1.351300,true,6,32,12,120
world2_normal_960,960,600,960,600,156,7.321800,0.110500,1.480300,true,6,32,12,120
world2_normal_960,960,600,960,600,157,7.232200,0.095800,1.246500,true,6,32,12,120
world2_normal_960,960,600,960,600,158,7.258000,0.108200,1.548800,true,6,32,12,120
world2_normal_960,960,600,960,600,159,11.184600,0.134800,1.753700,true,6,32,12,120
world2_normal_960,960,600,960,600,160,7.677600,0.101400,1.342500,true,6,32,12,120
world2_normal_960,960,600,960,600,161,7.401600,0.149600,1.580800,true,6,32,12,120
world2_normal_960,960,600,960,600,162,7.197600,0.113100,1.425400,true,6,32,12,120
world2_normal_960,960,600,960,600,163,8.015900,0.130300,2.264900,true,6,32,12,120
world2_normal_960,960,600,960,600,164,7.428200,0.103600,1.484400,true,6,32,12,120
world2_normal_960,960,600,960,600,165,7.308200,0.104300,1.312600,true,6,32,12,120
world2_normal_960,960,600,960,600,166,7.180800,0.140400,1.267700,true,6,32,12,120
world2_normal_960,960,600,960,600,167,7.541600,0.149300,1.259700,true,6,32,12,120
world2_normal_960,960,600,960,600,168,7.000400,0.099700,1.452800,true,6,32,12,120
world2_normal_960,960,600,960,600,169,6.850400,0.094800,1.397400,true,6,32,12,120
world2_normal_960,960,600,960,600,170,6.879500,0.098500,1.524100,true,6,32,12,120
world2_normal_960,960,600,960,600,171,6.808600,0.106200,1.371100,true,6,32,12,120
world2_normal_960,960,600,960,600,172,7.574700,0.099400,1.418400,true,6,32,12,120
world2_normal_960,960,600,960,600,173,6.817400,0.092900,1.469100,true,6,32,12,120
world2_normal_960,960,600,960,600,174,6.883100,0.127900,1.414500,true,6,32,12,120
world2_normal_960,960,600,960,600,175,7.309000,0.098000,1.388100,true,6,32,12,120
world2_normal_960,960,600,960,600,176,6.862300,0.103300,1.529700,true,6,32,12,120
world2_normal_960,960,600,960,600,177,6.766500,0.103700,1.455500,true,6,32,12,120
world2_normal_960,960,600,960,600,178,6.774600,0.093600,1.421000,true,6,32,12,120
world2_normal_960,960,600,960,600,179,9.345400,0.099300,1.275300,true,6,32,12,120
world2_normal_960,960,600,960,600,180,6.968500,0.097300,1.505200,true,6,32,12,120
world2_normal_960,960,600,960,600,181,7.310800,0.109600,1.367600,true,6,32,13,120
world2_normal_960,960,600,960,600,182,6.989200,0.088700,1.249200,true,6,32,12,120
world2_normal_960,960,600,960,600,183,7.271200,0.107600,1.567600,true,6,32,12,120
world2_normal_960,960,600,960,600,184,6.847600,0.090400,1.260300,true,6,32,12,120
world2_normal_960,960,600,960,600,185,6.728300,0.107200,1.405100,true,6,32,13,120
world2_normal_960,960,600,960,600,186,6.763500,0.101800,1.484100,true,6,32,12,120
world2_normal_600,600,400,600,375,0,6.570100,0.102800,2.413100,true,6,32,12,120
world2_normal_600,600,400,600,375,1,6.437000,0.108800,2.383200,true,6,32,12,120
world2_normal_600,600,400,600,375,2,6.886400,0.117600,2.330200,true,6,32,12,120
world2_normal_600,600,400,600,375,3,6.646400,0.102200,2.693200,true,6,32,12,120
world2_normal_600,600,400,600,375,4,6.590300,0.114300,2.378400,true,6,32,12,120
world2_normal_600,600,400,600,375,5,6.872300,0.095200,2.167500,true,6,32,12,120
world2_normal_600,600,400,600,375,6,6.789700,0.109000,2.506600,true,6,32,12,120
world2_normal_600,600,400,600,375,7,7.072500,0.106000,2.302600,true,6,32,12,120
world2_normal_600,600,400,600,375,8,6.811900,0.107700,2.307300,true,6,32,12,120
world2_normal_600,600,400,600,375,9,6.754000,0.100400,2.706600,true,6,32,12,120
world2_normal_600,600,400,600,375,10,6.496600,0.103100,2.384000,true,6,32,12,120
world2_normal_600,600,400,600,375,11,6.901800,0.088100,2.543000,true,6,32,12,120
world2_normal_600,600,400,600,375,12,6.619000,0.101600,2.219000,true,6,32,12,120
world2_normal_600,600,400,600,375,13,6.566300,0.106400,2.689300,true,6,32,12,120
world2_normal_600,600,400,600,375,14,6.592600,0.079300,2.157900,true,6,32,12,120
world2_normal_600,600,400,600,375,15,7.012900,0.095500,2.291500,true,6,32,12,120
world2_normal_600,600,400,600,375,16,6.712900,0.084800,2.458500,true,6,32,12,120
world2_normal_600,600,400,600,375,17,6.535200,0.115400,2.687500,true,6,32,12,120
world2_normal_600,600,400,600,375,18,6.524800,0.092800,2.323500,true,6,32,12,120
world2_normal_600,600,400,600,375,19,6.970700,0.186500,2.580500,true,6,32,12,120
world2_normal_600,600,400,600,375,20,6.509300,0.089600,2.360200,true,6,32,12,120
world2_normal_600,600,400,600,375,21,7.205200,0.084400,2.179800,true,6,32,12,120
world2_normal_600,600,400,600,375,22,6.749100,0.096600,2.713000,true,6,32,12,120
world2_normal_600,600,400,600,375,23,7.172700,0.086400,2.242900,true,6,32,12,120
world2_normal_600,600,400,600,375,24,6.642000,0.156800,2.475500,true,6,32,12,120
world2_normal_600,600,400,600,375,25,7.151500,0.082000,2.313500,true,6,32,12,120
world2_normal_600,600,400,600,375,26,6.718200,0.120300,2.642400,true,6,32,12,120
world2_normal_600,600,400,600,375,27,6.659600,0.081800,2.379500,true,6,32,12,120
world2_normal_600,600,400,600,375,28,7.220700,0.086200,2.269500,true,6,32,12,120
world2_normal_600,600,400,600,375,29,6.864900,0.085000,2.415900,true,6,32,12,120
world2_normal_600,600,400,600,375,30,6.737500,0.081400,2.328800,true,6,32,12,120
world2_normal_600,600,400,600,375,31,6.715800,0.085500,2.292700,true,6,32,12,120
world2_normal_600,600,400,600,375,32,6.997000,0.090000,2.557200,true,6,32,12,120
world2_normal_600,600,400,600,375,33,6.847800,0.111100,2.316800,true,6,32,12,120
world2_normal_600,600,400,600,375,34,6.676900,0.078100,2.185700,true,6,32,13,120
world2_normal_600,600,400,600,375,35,6.695300,0.080100,2.504500,true,6,32,12,120
world2_normal_600,600,400,600,375,36,7.253300,0.101400,2.309100,true,6,32,12,120
world2_normal_600,600,400,600,375,37,6.715700,0.117700,2.500700,true,6,32,12,120
world2_normal_600,600,400,600,375,38,6.739600,0.081300,2.379000,true,6,32,13,120
world2_normal_600,600,400,600,375,39,6.629800,0.121000,2.224100,true,6,32,12,120
world2_normal_600,600,400,600,375,40,6.704900,0.090600,2.359800,true,6,32,12,120
world2_normal_600,600,400,600,375,41,7.316100,0.093000,2.237600,true,6,32,12,120
world2_normal_600,600,400,600,375,42,6.821500,0.097900,2.352300,true,6,32,12,120
world2_normal_600,600,400,600,375,43,7.736100,0.075000,2.406800,true,6,32,12,120
world2_normal_600,600,400,600,375,44,6.616400,0.112500,2.580900,true,6,32,12,120
world2_normal_600,600,400,600,375,45,6.706000,0.083600,2.349700,true,6,32,12,120
world2_normal_600,600,400,600,375,46,6.850900,0.094900,2.361800,true,6,32,12,120
world2_normal_600,600,400,600,375,47,6.757500,0.088900,2.451400,true,6,32,12,120
world2_normal_600,600,400,600,375,48,6.605500,0.101400,2.237000,true,6,32,12,120
world2_normal_600,600,400,600,375,49,6.565200,0.090500,2.413800,true,6,32,12,120
world2_normal_600,600,400,600,375,50,6.438900,0.079200,2.211100,true,6,32,12,120
world2_normal_600,600,400,600,375,51,6.624300,0.095800,2.446800,true,6,32,12,120
world2_normal_600,600,400,600,375,52,6.507800,0.082500,2.237600,true,6,32,12,120
world2_normal_600,600,400,600,375,53,6.653200,0.086600,2.399600,true,6,32,12,120
world2_normal_600,600,400,600,375,54,6.733500,0.082500,2.220700,true,6,32,12,120
world2_normal_600,600,400,600,375,55,6.792100,0.086300,2.330500,true,6,32,12,120
world2_normal_600,600,400,600,375,56,7.112000,0.079500,2.257100,true,6,32,12,120
world2_normal_600,600,400,600,375,57,6.621000,0.086000,2.461500,true,6,32,12,120
world2_normal_600,600,400,600,375,58,6.907200,0.084200,2.307300,true,6,32,12,120
world2_normal_600,600,400,600,375,59,6.625800,0.092200,2.550500,true,6,32,12,120
world2_normal_600,600,400,600,375,60,6.713100,0.075100,2.391600,true,6,32,12,120
world2_normal_600,600,400,600,375,61,6.720200,0.106300,2.637300,true,6,32,12,120
world2_normal_600,600,400,600,375,62,6.708100,0.084800,2.495900,true,6,32,12,120
world2_normal_600,600,400,600,375,63,7.958200,0.093500,2.379600,true,6,32,12,120
world2_normal_600,600,400,600,375,64,6.893500,0.091000,2.542000,true,6,32,12,120
world2_normal_600,600,400,600,375,65,6.567900,0.099500,2.214300,true,6,32,12,120
world2_normal_600,600,400,600,375,66,6.531400,0.127900,2.460500,true,6,32,13,120
world2_normal_600,600,400,600,375,67,7.146000,0.136900,2.353000,true,6,32,12,120
world2_normal_600,600,400,600,375,68,6.925800,0.132600,2.343100,true,6,32,12,120
world2_normal_600,600,400,600,375,69,6.849700,0.075100,2.357300,true,6,32,12,120
world2_normal_600,600,400,600,375,70,7.612400,0.080700,2.336800,true,6,32,12,120
world2_normal_600,600,400,600,375,71,6.844600,0.066200,2.510100,true,6,32,12,120
world2_normal_600,600,400,600,375,72,7.310000,0.070700,2.511900,true,6,32,12,120
world2_normal_600,600,400,600,375,73,6.523300,0.093600,2.806400,true,6,32,12,120
world2_normal_600,600,400,600,375,74,7.071200,0.066600,2.381100,true,6,32,12,120
world2_normal_600,600,400,600,375,75,7.297000,0.087400,2.354600,true,6,32,12,120
world2_normal_600,600,400,600,375,76,7.315300,0.078400,2.508700,true,6,32,12,120
world2_normal_600,600,400,600,375,77,6.627300,0.081100,2.491800,true,6,32,12,120
world2_normal_600,600,400,600,375,78,6.479200,0.070300,2.507000,true,6,32,12,120
world2_normal_600,600,400,600,375,79,7.008900,0.081600,2.340800,true,6,32,12,120
world2_normal_600,600,400,600,375,80,6.678900,0.104700,3.431400,true,6,32,12,120
world2_normal_600,600,400,600,375,81,7.205500,0.084300,2.360300,true,6,32,12,120
world2_normal_600,600,400,600,375,82,6.400000,0.079600,2.354500,true,6,32,12,120
world2_normal_600,600,400,600,375,83,6.746800,0.071500,2.293600,true,6,32,12,120
world2_normal_600,600,400,600,375,84,7.099600,0.077800,2.415700,true,6,32,12,120
world2_normal_600,600,400,600,375,85,6.411800,0.065900,2.430200,true,6,32,12,120
world2_normal_600,600,400,600,375,86,7.051400,0.073800,2.313800,true,6,32,12,120
world2_normal_600,600,400,600,375,87,6.625300,0.068900,2.276900,true,6,32,12,120
world2_normal_600,600,400,600,375,88,6.899700,0.068800,2.224200,true,6,32,12,120
world2_normal_600,600,400,600,375,89,6.336100,0.067300,2.308300,true,6,32,12,120
world2_normal_600,600,400,600,375,90,6.217600,0.065000,2.223200,true,6,32,12,120
world2_normal_600,600,400,600,375,91,6.656300,0.065300,2.198300,true,6,32,12,120
world2_normal_600,600,400,600,375,92,6.638200,0.076100,2.385600,true,6,32,12,120
world2_normal_600,600,400,600,375,93,6.569300,0.063100,2.377900,true,6,32,12,120
world2_normal_600,600,400,600,375,94,6.441100,0.078100,2.212000,true,6,32,12,120
world2_normal_600,600,400,600,375,95,6.639100,0.076300,2.426600,true,6,32,12,120
world2_normal_600,600,400,600,375,96,7.633600,0.218000,2.365000,true,6,32,12,120
world2_normal_600,600,400,600,375,97,6.553800,0.072400,2.378700,true,6,32,12,120
world2_normal_600,600,400,600,375,98,7.071900,0.067600,2.426700,true,6,32,12,120
world2_normal_600,600,400,600,375,99,6.504700,0.088600,2.451900,true,6,32,12,120
world2_normal_600,600,400,600,375,100,6.631400,0.068300,2.380100,true,6,32,12,120
world2_normal_600,600,400,600,375,101,6.668500,0.096400,2.377100,true,6,32,12,120
world2_normal_600,600,400,600,375,102,6.668400,0.074800,2.365200,true,6,32,12,120
world2_normal_600,600,400,600,375,103,6.605800,0.088400,2.307300,true,6,32,12,120
world2_normal_600,600,400,600,375,104,7.121400,0.089000,2.387400,true,6,32,12,120
world2_normal_600,600,400,600,375,105,6.354800,0.084500,2.230200,true,6,32,12,120
world2_normal_600,600,400,600,375,106,6.433100,0.085800,2.231100,true,6,32,12,120
world2_normal_600,600,400,600,375,107,6.416200,0.085300,2.310100,true,6,32,12,120
world2_normal_600,600,400,600,375,108,6.875300,0.069500,2.672500,true,6,32,12,120
world2_normal_600,600,400,600,375,109,6.515700,0.097100,2.410900,true,6,32,12,120
world2_normal_600,600,400,600,375,110,6.495700,0.065200,2.355900,true,6,32,12,120
world2_normal_600,600,400,600,375,111,6.415700,0.092700,2.398300,true,6,32,12,120
world2_normal_600,600,400,600,375,112,6.424700,0.067900,2.374800,true,6,32,12,120
world2_normal_600,600,400,600,375,113,6.339900,0.095700,2.686400,true,6,32,12,120
world2_normal_600,600,400,600,375,114,6.564100,0.063400,2.196700,true,6,32,12,120
world2_normal_600,600,400,600,375,115,6.300000,0.083900,2.681300,true,6,32,12,120
world2_normal_600,600,400,600,375,116,6.872000,0.084100,2.307900,true,6,32,12,120
world2_normal_600,600,400,600,375,117,6.540900,0.101500,2.325400,true,6,32,12,120
world2_normal_600,600,400,600,375,118,6.891100,0.062600,2.141800,true,6,32,12,120
world2_normal_600,600,400,600,375,119,6.901700,0.078300,2.248700,true,6,32,12,120
world2_normal_600,600,400,600,375,120,6.908200,0.065700,2.353100,true,6,32,12,120
world2_normal_600,600,400,600,375,121,6.794600,0.080300,2.207800,true,6,32,12,120
world2_normal_600,600,400,600,375,122,6.815200,0.070600,2.331100,true,6,32,12,120
world2_normal_600,600,400,600,375,123,7.968000,0.074400,2.409400,true,6,32,12,120
world2_normal_600,600,400,600,375,124,6.544800,0.068000,2.422400,true,6,32,12,120
world2_normal_600,600,400,600,375,125,6.703300,0.068100,2.355200,true,6,32,12,120
world2_normal_600,600,400,600,375,126,6.600400,0.060500,2.944900,true,6,32,12,120
world2_normal_600,600,400,600,375,127,7.027700,0.066300,2.177900,true,6,32,12,120
world2_normal_600,600,400,600,375,128,6.680500,0.112100,2.736400,true,6,32,12,120
world2_normal_600,600,400,600,375,129,6.924500,0.067400,2.370100,true,6,32,12,120
world2_normal_600,600,400,600,375,130,6.740300,0.085800,2.243800,true,6,32,12,120
world2_normal_600,600,400,600,375,131,6.912100,0.069200,2.380200,true,6,32,12,120
world2_normal_600,600,400,600,375,132,6.581900,0.076600,2.214800,true,6,32,12,120
world2_normal_600,600,400,600,375,133,6.983800,0.069100,2.408500,true,6,32,12,120
world2_normal_600,600,400,600,375,134,6.597200,0.077400,2.218400,true,6,32,12,120
world2_normal_600,600,400,600,375,135,6.816900,0.071000,2.370700,true,6,32,12,120
world2_normal_600,600,400,600,375,136,6.602000,0.075300,2.185000,true,6,32,12,120
world2_normal_600,600,400,600,375,137,7.008200,0.079700,2.447200,true,6,32,12,120
world2_normal_600,600,400,600,375,138,6.640100,0.091600,2.389400,true,6,32,12,120
world2_normal_600,600,400,600,375,139,6.317100,0.079400,2.406300,true,6,32,12,120
world2_normal_600,600,400,600,375,140,6.564800,0.075600,2.412100,true,6,32,12,120
world2_normal_600,600,400,600,375,141,6.564600,0.088600,2.427600,true,6,32,12,120
world2_normal_600,600,400,600,375,142,6.560300,0.068200,2.194700,true,6,32,12,120
world2_normal_600,600,400,600,375,143,6.610900,0.086400,2.432800,true,6,32,12,120
world2_normal_600,600,400,600,375,144,6.729400,0.069700,2.205800,true,6,32,13,120
world2_normal_600,600,400,600,375,145,6.688400,0.076700,2.438800,true,6,32,12,120
world2_normal_600,600,400,600,375,146,6.512600,0.070000,2.189100,true,6,32,12,120
world2_normal_600,600,400,600,375,147,6.594400,0.073200,2.334800,true,6,32,12,120
world2_normal_600,600,400,600,375,148,6.519100,0.074200,2.207500,true,6,32,13,120
world2_normal_600,600,400,600,375,149,6.558800,0.080800,2.385700,true,6,32,12,120
world2_normal_600,600,400,600,375,150,6.684800,0.074900,2.225400,true,6,32,12,120
world2_normal_600,600,400,600,375,151,6.865500,0.074000,2.360000,true,6,32,12,120
world2_normal_600,600,400,600,375,152,6.672100,0.072500,2.469400,true,6,32,12,120
world2_normal_600,600,400,600,375,153,6.740300,0.071100,2.446100,true,6,32,12,120
world2_normal_600,600,400,600,375,154,6.494900,0.082500,2.382000,true,6,32,12,120
world2_normal_600,600,400,600,375,155,6.511300,0.089200,2.453400,true,6,32,12,120
world2_normal_600,600,400,600,375,156,7.223600,0.073000,2.394400,true,6,32,12,120
world2_normal_600,600,400,600,375,157,6.777300,0.087400,2.404400,true,6,32,12,120
world2_normal_600,600,400,600,375,158,6.538700,0.068700,2.369400,true,6,32,12,120
world2_normal_600,600,400,600,375,159,6.713300,0.077200,2.345300,true,6,32,12,120
world2_normal_600,600,400,600,375,160,8.648700,0.071300,2.331800,true,6,32,12,120
world2_normal_600,600,400,600,375,161,7.356600,0.063900,2.174500,true,6,32,12,120
world2_normal_600,600,400,600,375,162,6.617700,0.079200,2.401600,true,6,32,12,120
world2_normal_600,600,400,600,375,163,6.541700,0.097600,2.377800,true,6,32,12,120
world2_normal_600,600,400,600,375,164,6.756300,0.080600,2.367400,true,6,32,12,120
world2_normal_600,600,400,600,375,165,6.554900,0.069200,2.183700,true,6,32,12,120
world2_normal_600,600,400,600,375,166,6.864700,0.078700,2.532100,true,6,32,12,120
world2_normal_600,600,400,600,375,167,6.922000,0.065000,2.173900,true,6,32,12,120
world2_normal_600,600,400,600,375,168,6.475000,0.090800,2.828200,true,6,32,12,120
world2_normal_600,600,400,600,375,169,6.644100,0.071700,2.281400,true,6,32,12,120
world2_normal_600,600,400,600,375,170,6.654000,0.090400,2.337400,true,6,32,12,120
world2_normal_600,600,400,600,375,171,6.763600,0.076500,2.379800,true,6,32,12,120
world2_normal_600,600,400,600,375,172,7.040400,0.099500,2.201500,true,6,32,12,120
world2_normal_600,600,400,600,375,173,6.607000,0.098200,2.325500,true,6,32,12,120
world2_normal_600,600,400,600,375,174,6.920900,0.084000,2.220800,true,6,32,12,120
world2_normal_600,600,400,600,375,175,6.583200,0.067400,2.622800,true,6,32,12,120
world2_normal_600,600,400,600,375,176,6.379600,0.076700,2.339000,true,6,32,12,120
world2_normal_600,600,400,600,375,177,7.126800,0.070800,2.408300,true,6,32,12,120
world2_normal_600,600,400,600,375,178,6.303100,0.066000,2.391000,true,6,32,12,120
world2_normal_600,600,400,600,375,179,6.412700,0.073100,2.422300,true,6,32,12,120
world2_normal_600,600,400,600,375,180,6.260200,0.081800,2.264000,true,6,32,12,120
world2_normal_600,600,400,600,375,181,6.456000,0.072900,2.275200,true,6,32,12,120
world2_normal_600,600,400,600,375,182,6.604600,0.073200,2.308300,true,6,32,12,120
world2_normal_600,600,400,600,375,183,6.688900,0.070800,2.456800,true,6,32,12,120
world2_normal_600,600,400,600,375,184,6.981200,0.077000,2.656200,true,6,32,12,120
world2_normal_600,600,400,600,375,185,6.475400,0.075900,2.295900,true,6,32,12,120
world2_normal_600,600,400,600,375,186,6.825100,0.072900,2.175200,true,6,32,12,120
world2_normal_600,600,400,600,375,187,6.648400,0.085300,2.294100,true,6,32,12,120
world2_normal_600,600,400,600,375,188,6.640000,0.085300,2.283200,true,6,32,12,120
world2_normal_1280,1280,800,1280,800,0,6.185200,0.079100,10.530200,true,6,32,12,120
world2_normal_1280,1280,800,1280,800,1,6.654300,0.080800,9.799600,true,6,32,12,120
world2_normal_1280,1280,800,1280,800,2,6.585700,0.074100,9.851100,true,6,32,12,120
world2_normal_1280,1280,800,1280,800,3,6.984900,0.071600,9.698200,true,6,32,12,120
world2_normal_1280,1280,800,1280,800,4,6.468300,0.070800,10.047500,true,6,32,12,120
world2_normal_1280,1280,800,1280,800,5,6.478300,0.070200,9.762600,true,6,32,12,120
world2_normal_1280,1280,800,1280,800,6,6.434200,0.080900,9.883200,true,6,32,12,120
world2_normal_1280,1280,800,1280,800,7,7.248500,0.084500,9.744900,true,6,32,12,120
world2_normal_1280,1280,800,1280,800,8,6.592100,0.092800,9.689900,true,6,32,12,120
world2_normal_1280,1280,800,1280,800,9,6.583300,0.097400,9.573400,true,6,32,12,120
world2_normal_1280,1280,800,1280,800,10,6.260300,0.099500,9.807800,true,6,32,12,120
world2_normal_1280,1280,800,1280,800,11,7.167900,0.085200,10.034500,true,6,32,12,120
world2_normal_1280,1280,800,1280,800,12,6.199700,0.079500,9.525700,true,6,32,12,120
world2_normal_1280,1280,800,1280,800,13,6.973700,0.093100,9.889200,true,6,32,12,120
world2_normal_1280,1280,800,1280,800,14,6.800900,0.094100,10.212500,true,6,32,12,120
world2_normal_1280,1280,800,1280,800,15,6.630700,0.084700,10.064200,true,6,32,12,120
world2_normal_1280,1280,800,1280,800,16,6.424900,0.068300,9.675100,true,6,32,12,120
world2_normal_1280,1280,800,1280,800,17,6.726100,0.103800,9.819700,true,6,32,12,120
world2_normal_1280,1280,800,1280,800,18,6.709600,0.089700,9.744700,true,6,32,12,120
world2_normal_1280,1280,800,1280,800,19,6.516600,0.090600,10.061200,true,6,32,12,120
world2_normal_1280,1280,800,1280,800,20,6.207800,0.071700,10.063100,true,6,32,12,120
world2_normal_1280,1280,800,1280,800,21,6.453200,0.092200,9.691600,true,6,32,12,120
world2_normal_1280,1280,800,1280,800,22,6.271600,0.069400,9.956800,true,6,32,12,120
world2_normal_1280,1280,800,1280,800,23,7.110100,0.083900,10.022200,true,6,32,12,120
world2_normal_1280,1280,800,1280,800,24,6.304900,0.086600,10.287200,true,6,32,12,120
world2_normal_1280,1280,800,1280,800,25,6.629700,0.090800,9.745500,true,6,32,12,120
world2_normal_1280,1280,800,1280,800,26,6.321100,0.093600,10.088600,true,6,32,12,120
world2_normal_1280,1280,800,1280,800,27,6.733000,0.065300,9.796700,true,6,32,12,120
world2_normal_1280,1280,800,1280,800,28,6.262400,0.084100,9.800400,true,6,32,12,120
world2_normal_1280,1280,800,1280,800,29,6.803800,0.083400,9.749200,true,6,32,12,120
world2_normal_1280,1280,800,1280,800,30,6.385900,0.086100,10.048700,true,6,32,12,120
world2_normal_1280,1280,800,1280,800,31,7.490100,0.081600,9.691400,true,6,32,12,120
world2_normal_1280,1280,800,1280,800,32,6.252900,0.072900,9.611900,true,6,32,12,120
world2_normal_1280,1280,800,1280,800,33,6.761600,0.086000,9.862600,true,6,32,12,120
world2_normal_1280,1280,800,1280,800,34,7.488900,0.065900,9.696300,true,6,32,12,120
world2_normal_1280,1280,800,1280,800,35,7.020800,0.084400,9.802800,true,6,32,12,120
world2_normal_1280,1280,800,1280,800,36,6.266200,0.068100,9.516100,true,6,32,12,120
world2_normal_1280,1280,800,1280,800,37,6.744800,0.081400,9.927100,true,6,32,12,120
world2_normal_1280,1280,800,1280,800,38,6.471900,0.090000,9.739600,true,6,32,12,120
world2_normal_1280,1280,800,1280,800,39,6.648100,0.063500,9.664400,true,6,32,12,120
world2_normal_1280,1280,800,1280,800,40,6.216200,0.080800,10.782000,true,6,32,12,120
world2_normal_1280,1280,800,1280,800,41,6.584400,0.089700,9.799400,true,6,32,12,120
world2_normal_1280,1280,800,1280,800,42,6.394800,0.085500,9.684600,true,6,32,12,120
world2_normal_1280,1280,800,1280,800,43,6.955600,0.070300,9.746800,true,6,32,12,120
world2_normal_1280,1280,800,1280,800,44,6.455700,0.070500,9.663600,true,6,32,12,120
world2_normal_1280,1280,800,1280,800,45,6.663600,0.073600,9.762700,true,6,32,12,120
world2_normal_1280,1280,800,1280,800,46,7.068700,0.071800,9.779900,true,6,32,12,120
world2_normal_1280,1280,800,1280,800,47,7.545300,0.066700,9.614300,true,6,32,12,120
world2_normal_1280,1280,800,1280,800,48,6.341000,0.066200,9.679700,true,6,32,12,120
world2_normal_1280,1280,800,1280,800,49,6.568700,0.084500,10.052200,true,6,32,12,120
world2_normal_1280,1280,800,1280,800,50,6.432000,0.067500,9.636400,true,6,32,12,120
world2_normal_1280,1280,800,1280,800,51,6.748000,0.064000,9.820500,true,6,32,12,120
world2_normal_1280,1280,800,1280,800,52,6.410100,0.087200,9.743100,true,6,32,12,120
world2_normal_1280,1280,800,1280,800,53,7.051200,0.089300,9.847500,true,6,32,12,120
world2_normal_1280,1280,800,1280,800,54,6.417100,0.082800,9.616400,true,6,32,12,120
world2_normal_1280,1280,800,1280,800,55,6.359100,0.072300,9.632600,true,6,32,12,120
world2_normal_1280,1280,800,1280,800,56,6.976100,0.081100,9.790800,true,6,32,12,120
world2_normal_1280,1280,800,1280,800,57,6.581700,0.067100,9.844500,true,6,32,12,120
world2_normal_1280,1280,800,1280,800,58,6.231300,0.069300,9.806500,true,6,32,12,120
world2_normal_1280,1280,800,1280,800,59,6.563800,0.099600,9.562000,true,6,32,12,120
world2_normal_1280,1280,800,1280,800,60,6.432500,0.074100,9.670700,true,6,32,12,120
world2_normal_1280,1280,800,1280,800,61,6.892600,0.067700,9.563900,true,6,32,12,120
world2_normal_1280,1280,800,1280,800,62,6.144700,0.070900,9.864000,true,6,32,12,120
world2_normal_1280,1280,800,1280,800,63,7.026000,0.069400,9.842000,true,6,32,12,120
world2_normal_1280,1280,800,1280,800,64,6.670700,0.084700,10.075500,true,6,32,12,120
world2_normal_1280,1280,800,1280,800,65,6.990300,0.083000,10.021300,true,6,32,12,120
world2_normal_1280,1280,800,1280,800,66,6.578100,0.063900,9.538400,true,6,32,12,120
world2_normal_1280,1280,800,1280,800,67,6.723600,0.082900,9.869100,true,6,32,12,120
world2_normal_1280,1280,800,1280,800,68,6.292500,0.083400,9.663700,true,6,32,13,120
world2_normal_1280,1280,800,1280,800,69,6.580300,0.084000,9.620300,true,6,32,12,120
world2_normal_1280,1280,800,1280,800,70,6.623200,0.086200,9.790100,true,6,32,12,120
world2_normal_1280,1280,800,1280,800,71,6.819600,0.098100,9.630400,true,6,32,12,120
world2_normal_1280,1280,800,1280,800,72,6.671600,0.084600,9.824000,true,6,32,13,120
world2_normal_1280,1280,800,1280,800,73,6.685200,0.109600,9.846400,true,6,32,12,120
world2_normal_1280,1280,800,1280,800,74,6.430100,0.093800,9.656800,true,6,32,12,120
world2_normal_1280,1280,800,1280,800,75,6.602000,0.063800,9.696100,true,6,32,12,120
world2_normal_1280,1280,800,1280,800,76,6.438600,0.062600,9.734400,true,6,32,12,120
world2_normal_1280,1280,800,1280,800,77,6.565400,0.084600,9.713400,true,6,32,12,120
world2_normal_1280,1280,800,1280,800,78,6.388300,0.086900,9.666000,true,6,32,12,120
world2_normal_1280,1280,800,1280,800,79,7.807700,0.081400,9.759700,true,6,32,12,120
world2_normal_1280,1280,800,1280,800,80,6.667100,0.066500,9.628000,true,6,32,12,120
world2_normal_1280,1280,800,1280,800,81,8.248200,0.089100,9.700400,true,6,32,12,120
world2_normal_1280,1280,800,1280,800,82,6.741100,0.099100,9.571100,true,6,32,12,120
world2_normal_1280,1280,800,1280,800,83,6.921200,0.091000,10.685900,true,6,32,12,120
world2_normal_1280,1280,800,1280,800,84,6.274800,0.099400,10.073800,true,6,32,12,120
world2_normal_1280,1280,800,1280,800,85,6.802800,0.087400,10.017500,true,6,32,12,120
world2_normal_1280,1280,800,1280,800,86,6.442400,0.108000,9.721600,true,6,32,12,120
world2_normal_1280,1280,800,1280,800,87,6.505500,0.106600,9.744500,true,6,32,12,120
world2_normal_1280,1280,800,1280,800,88,6.369400,0.106100,9.827200,true,6,32,12,120
world2_normal_1280,1280,800,1280,800,89,6.440500,0.092700,9.934400,true,6,32,12,120
world2_normal_1280,1280,800,1280,800,90,6.271700,0.080800,9.643100,true,6,32,12,120
world2_normal_1280,1280,800,1280,800,91,6.452900,0.087600,9.815700,true,6,32,12,120
world2_normal_1280,1280,800,1280,800,92,6.778700,0.064400,10.043000,true,6,32,12,120
world2_normal_1280,1280,800,1280,800,93,6.278000,0.106900,9.956800,true,6,32,12,120
world2_normal_1280,1280,800,1280,800,94,6.397100,0.078200,9.835800,true,6,32,12,120
world2_normal_1280,1280,800,1280,800,95,6.482000,0.073500,9.754700,true,6,32,12,120
world2_normal_1280,1280,800,1280,800,96,6.505800,0.065700,9.900200,true,6,32,12,120
world2_normal_1280,1280,800,1280,800,97,6.243600,0.068600,9.653000,true,6,32,12,120
world2_normal_1280,1280,800,1280,800,98,6.295300,0.097500,10.102800,true,6,32,12,120
world2_normal_1280,1280,800,1280,800,99,7.116600,0.079400,9.756300,true,6,32,12,120
world2_normal_1280,1280,800,1280,800,100,7.783800,0.072600,9.844900,true,6,32,13,120
world2_normal_1280,1280,800,1280,800,101,6.630800,0.070900,9.671000,true,6,32,12,120
world2_normal_1280,1280,800,1280,800,102,6.281200,0.085200,9.774300,true,6,32,12,120
world2_normal_1280,1280,800,1280,800,103,6.526400,0.068300,10.194600,true,6,32,12,120
world2_normal_1280,1280,800,1280,800,104,6.322300,0.068200,9.668900,true,6,32,12,120
world2_normal_1280,1280,800,1280,800,105,6.816900,0.093000,9.747500,true,6,32,12,120
world2_high_960,960,600,960,600,0,13.122000,0.083600,1.503800,true,40,320,180,1200
world2_high_960,960,600,960,600,1,13.544800,0.077400,1.272500,true,40,320,180,1200
world2_high_960,960,600,960,600,2,13.160600,0.086200,1.515500,true,40,320,180,1200
world2_high_960,960,600,960,600,3,13.391200,0.174200,1.701300,true,40,320,180,1200
world2_high_960,960,600,960,600,4,13.172700,0.084200,1.489900,true,40,320,180,1200
world2_high_960,960,600,960,600,5,14.892000,0.077600,1.390800,true,40,320,180,1200
world2_high_960,960,600,960,600,6,13.091900,0.078700,1.613300,true,40,320,180,1200
world2_high_960,960,600,960,600,7,13.568900,0.071400,1.244800,true,40,320,180,1200
world2_high_960,960,600,960,600,8,13.551700,0.066600,1.242700,true,40,320,180,1200
world2_high_960,960,600,960,600,9,15.576900,0.069700,1.264600,true,40,320,180,1200
world2_high_960,960,600,960,600,10,12.923400,0.084400,1.634700,true,40,320,180,1200
world2_high_960,960,600,960,600,11,13.186300,0.078200,1.412700,true,40,320,180,1200
world2_high_960,960,600,960,600,12,13.072800,0.088500,1.465400,true,40,320,180,1200
world2_high_960,960,600,960,600,13,13.087000,0.077400,1.426800,true,40,320,180,1200
world2_high_960,960,600,960,600,14,13.269500,0.080400,1.368100,true,40,320,180,1200
world2_high_960,960,600,960,600,15,14.017500,0.072400,1.338100,true,40,320,180,1200
world2_high_960,960,600,960,600,16,13.165800,0.081600,1.529900,true,40,320,180,1200
world2_high_960,960,600,960,600,17,13.766500,0.102900,1.340900,true,40,320,180,1200
world2_high_960,960,600,960,600,18,13.198200,0.092800,1.331700,true,40,320,180,1200
world2_high_960,960,600,960,600,19,15.618800,0.075100,1.477800,true,40,320,180,1200
world2_high_960,960,600,960,600,20,13.423400,0.085100,1.488700,true,40,320,180,1200
world2_high_960,960,600,960,600,21,13.815900,0.089100,1.392500,true,40,320,180,1200
world2_high_960,960,600,960,600,22,13.642200,0.096300,1.358000,true,40,320,180,1200
world2_high_960,960,600,960,600,23,13.821500,0.085900,1.472900,true,40,320,180,1200
world2_high_960,960,600,960,600,24,12.828000,0.097000,1.414700,true,40,320,180,1200
world2_high_960,960,600,960,600,25,13.072800,0.071700,1.457500,true,40,320,180,1200
world2_high_960,960,600,960,600,26,13.026000,0.069800,1.567800,true,40,320,180,1200
world2_high_960,960,600,960,600,27,13.263400,0.079500,1.555000,true,40,320,180,1200
world2_high_960,960,600,960,600,28,13.125700,0.071500,1.704700,true,40,320,180,1200
world2_high_960,960,600,960,600,29,13.236700,0.086700,1.621600,true,40,320,180,1200
world2_high_960,960,600,960,600,30,13.472300,0.076600,1.294100,true,40,320,180,1200
world2_high_960,960,600,960,600,31,15.109100,0.074400,1.457600,true,40,320,180,1200
world2_high_960,960,600,960,600,32,13.020900,0.084000,1.516700,true,40,320,180,1200
world2_high_960,960,600,960,600,33,12.926000,0.073200,1.375800,true,40,320,180,1200
world2_high_960,960,600,960,600,34,14.640200,0.091000,1.533300,true,40,320,180,1200
world2_high_960,960,600,960,600,35,13.090200,0.082100,1.335200,true,40,320,180,1200
world2_high_960,960,600,960,600,36,13.142200,0.080800,1.473500,true,40,320,180,1200
world2_high_960,960,600,960,600,37,12.861600,0.081300,1.364600,true,40,320,180,1200
world2_high_960,960,600,960,600,38,13.478000,0.084800,1.502000,true,40,320,180,1200
world2_high_960,960,600,960,600,39,13.973300,0.087300,1.398000,true,40,320,180,1200
world2_high_960,960,600,960,600,40,13.115500,0.084300,1.465100,true,40,320,180,1200
world2_high_960,960,600,960,600,41,13.176600,0.091300,1.253500,true,40,320,180,1200
world2_high_960,960,600,960,600,42,13.296000,0.069600,1.358800,true,40,320,180,1200
world2_high_960,960,600,960,600,43,13.417000,0.082600,1.242100,true,40,320,180,1200
world2_high_960,960,600,960,600,44,12.707100,0.085900,1.209200,true,40,320,180,1200
world2_high_960,960,600,960,600,45,13.443700,0.073500,1.315500,true,40,320,180,1200
world2_high_960,960,600,960,600,46,13.228000,0.075500,1.461600,true,40,320,180,1200
world2_high_960,960,600,960,600,47,12.909000,0.083700,1.353100,true,40,320,180,1200
world2_high_960,960,600,960,600,48,13.134600,0.075300,1.262300,true,40,320,180,1200
world2_high_960,960,600,960,600,49,13.644200,0.078600,1.420700,true,40,320,180,1200
world2_high_960,960,600,960,600,50,13.059500,0.092200,1.349400,true,40,320,180,1200
world2_high_960,960,600,960,600,51,12.717700,0.101300,1.471500,true,40,320,180,1200
world2_high_960,960,600,960,600,52,12.947700,0.079300,1.358600,true,40,320,180,1200
world2_high_960,960,600,960,600,53,13.072300,0.075100,1.634000,true,40,320,180,1200
world2_high_960,960,600,960,600,54,13.005800,0.080700,1.479200,true,40,320,180,1200
world2_high_960,960,600,960,600,55,12.991500,0.104300,1.407200,true,40,320,180,1200
world2_high_960,960,600,960,600,56,13.226500,0.090800,1.401400,true,40,320,180,1200
world2_high_960,960,600,960,600,57,13.076400,0.092900,1.520900,true,40,320,180,1200
world2_high_960,960,600,960,600,58,12.840100,0.086100,1.374400,true,40,320,180,1200
world2_high_960,960,600,960,600,59,13.079600,0.075200,1.464700,true,40,320,180,1200
world2_high_960,960,600,960,600,60,15.009400,0.073400,1.322900,true,40,320,180,1200
world2_high_960,960,600,960,600,61,12.997000,0.095600,1.434000,true,40,320,180,1200
world2_high_960,960,600,960,600,62,13.891500,0.069700,1.222600,true,40,320,180,1200
world2_high_960,960,600,960,600,63,13.209000,0.067100,1.218300,true,40,320,180,1200
world2_high_960,960,600,960,600,64,12.634400,0.081200,1.445000,true,40,320,180,1200
world2_high_960,960,600,960,600,65,13.865100,0.079100,1.339200,true,40,320,180,1200
world2_high_960,960,600,960,600,66,12.875000,0.091000,1.276600,true,40,320,180,1200
world2_high_960,960,600,960,600,67,13.658100,0.072900,1.689300,true,40,320,180,1200
world2_high_960,960,600,960,600,68,13.129300,0.113800,1.349600,true,40,320,180,1200
world2_high_960,960,600,960,600,69,12.834300,0.078400,1.410900,true,40,320,180,1200
world2_high_960,960,600,960,600,70,13.165400,0.072600,1.698900,true,40,320,180,1200
world2_high_960,960,600,960,600,71,12.745700,0.087700,1.329300,true,40,320,180,1200
world2_high_960,960,600,960,600,72,13.124400,0.079100,1.431300,true,40,320,180,1200
world2_high_960,960,600,960,600,73,13.233500,0.078300,1.290700,true,40,320,180,1200
world2_high_960,960,600,960,600,74,12.826600,0.072500,1.418100,true,40,320,180,1200
world2_high_960,960,600,960,600,75,12.823800,0.079400,1.398200,true,40,320,180,1200
world2_high_960,960,600,960,600,76,12.921600,0.078400,1.416100,true,40,320,180,1200
world2_high_960,960,600,960,600,77,15.195500,0.090700,1.322000,true,40,320,180,1200
world2_high_960,960,600,960,600,78,13.151600,0.083600,1.540800,true,40,320,180,1200
world2_high_960,960,600,960,600,79,13.531200,0.101000,1.293300,true,40,320,180,1200
world2_high_960,960,600,960,600,80,13.567400,0.077800,1.326200,true,40,320,180,1200
world2_high_960,960,600,960,600,81,14.196300,0.079000,1.406000,true,40,320,180,1200
world2_high_960,960,600,960,600,82,13.349200,0.072600,1.253400,true,40,320,180,1200
world2_high_960,960,600,960,600,83,13.464300,0.079400,1.543400,true,40,320,180,1200
world2_high_960,960,600,960,600,84,13.270500,0.072100,1.301600,true,40,320,180,1200
world2_high_960,960,600,960,600,85,14.033000,0.094700,1.837400,true,40,320,180,1200
world2_high_960,960,600,960,600,86,13.624400,0.078500,1.453600,true,40,320,180,1200
world2_high_960,960,600,960,600,87,13.369100,0.095600,1.406100,true,40,320,180,1200
world2_high_960,960,600,960,600,88,13.228600,0.076800,1.601500,true,40,320,180,1200
world2_high_960,960,600,960,600,89,13.503100,0.107700,1.726500,true,40,320,180,1200
world2_high_960,960,600,960,600,90,13.359600,0.073300,1.439600,true,40,320,180,1200
world2_high_960,960,600,960,600,91,13.079700,0.240000,1.495000,true,40,320,180,1200
world2_high_960,960,600,960,600,92,12.983000,0.084300,1.383900,true,40,320,180,1200
world2_high_960,960,600,960,600,93,13.075400,0.080600,1.412000,true,40,320,180,1200
world2_high_960,960,600,960,600,94,13.052800,0.079000,1.305300,true,40,320,180,1200
world2_high_960,960,600,960,600,95,12.956800,0.080400,1.411000,true,40,320,180,1200
world2_high_960,960,600,960,600,96,14.817000,0.093800,1.427200,true,40,320,180,1200
world2_high_960,960,600,960,600,97,13.214800,0.083200,1.397300,true,40,320,180,1200
world2_high_960,960,600,960,600,98,15.084700,0.081800,1.464700,true,40,320,180,1200
world2_high_960,960,600,960,600,99,14.059500,0.088000,1.511300,true,40,320,180,1200
world2_high_960,960,600,960,600,100,13.100600,0.075200,1.346100,true,40,320,180,1200
world2_high_960,960,600,960,600,101,13.352900,0.087700,1.498900,true,40,320,180,1200
world2_high_960,960,600,960,600,102,14.589600,0.079100,1.348200,true,40,320,180,1200
world2_high_960,960,600,960,600,103,13.931000,0.082300,1.354000,true,40,320,180,1200
world2_high_960,960,600,960,600,104,13.554900,0.085400,1.657200,true,40,320,180,1200
world2_high_960,960,600,960,600,105,15.831400,0.081700,1.360400,true,40,320,180,1200
world2_high_960,960,600,960,600,106,13.619500,0.089400,1.530800,true,40,320,180,1200
world2_high_960,960,600,960,600,107,20.406300,0.084800,1.331100,true,40,320,180,1200
world2_high_960,960,600,960,600,108,13.364100,0.081500,1.329100,true,40,320,180,1200
world2_high_960,960,600,960,600,109,13.749500,0.092200,1.480100,true,40,320,180,1200
world2_high_960,960,600,960,600,110,13.615500,0.081600,1.492800,true,40,320,180,1200
world2_high_960,960,600,960,600,111,16.441300,0.093600,1.335500,true,40,320,180,1200
world2_high_960,960,600,960,600,112,13.335300,0.085200,1.428300,true,40,320,180,1200
world2_high_960,960,600,960,600,113,14.566800,0.079300,1.414600,true,40,320,180,1200
world2_high_960,960,600,960,600,114,13.310300,0.098200,1.439000,true,40,320,180,1200
world2_high_960,960,600,960,600,115,14.679600,0.081900,1.331900,true,40,320,180,1200
world2_high_600,600,400,600,375,0,15.765800,0.094300,2.496400,true,40,320,180,1200
world2_high_600,600,400,600,375,1,13.047600,0.079400,2.492800,true,40,320,180,1200
world2_high_600,600,400,600,375,2,12.409700,0.088700,2.658100,true,40,320,180,1200
world2_high_600,600,400,600,375,3,12.733900,0.088700,2.378400,true,40,320,180,1200
world2_high_600,600,400,600,375,4,12.474800,0.088900,2.225400,true,40,320,180,1200
world2_high_600,600,400,600,375,5,13.175100,0.070800,2.199200,true,40,320,180,1200
world2_high_600,600,400,600,375,6,13.311000,0.090400,2.326200,true,40,320,180,1200
world2_high_600,600,400,600,375,7,13.331200,0.090400,2.213700,true,40,320,180,1200
world2_high_600,600,400,600,375,8,12.933900,0.083600,2.512400,true,40,320,180,1200
world2_high_600,600,400,600,375,9,13.541800,0.081600,2.465400,true,40,320,180,1200
world2_high_600,600,400,600,375,10,13.489000,0.088900,3.630000,true,40,320,180,1200
world2_high_600,600,400,600,375,11,13.516500,0.076100,2.286500,true,40,320,180,1200
world2_high_600,600,400,600,375,12,12.992700,0.073500,2.539900,true,40,320,180,1200
world2_high_600,600,400,600,375,13,13.292000,0.085400,2.725200,true,40,320,180,1200
world2_high_600,600,400,600,375,14,12.902800,0.076900,2.412000,true,40,320,180,1200
world2_high_600,600,400,600,375,15,15.444600,0.118500,2.358200,true,40,320,180,1200
world2_high_600,600,400,600,375,16,12.839900,0.110200,2.215100,true,40,320,180,1200
world2_high_600,600,400,600,375,17,12.786400,0.077500,2.473400,true,40,320,180,1200
world2_high_600,600,400,600,375,18,12.971200,0.085000,2.362700,true,40,320,180,1200
world2_high_600,600,400,600,375,19,12.778200,0.080700,2.509000,true,40,320,180,1200
world2_high_600,600,400,600,375,20,12.817400,0.073100,2.226500,true,40,320,180,1200
world2_high_600,600,400,600,375,21,12.697500,0.074100,2.381400,true,40,320,180,1200
world2_high_600,600,400,600,375,22,12.704900,0.093900,2.406800,true,40,320,180,1200
world2_high_600,600,400,600,375,23,12.881900,0.081000,2.516100,true,40,320,180,1200
world2_high_600,600,400,600,375,24,13.047300,0.072600,2.284100,true,40,320,180,1200
world2_high_600,600,400,600,375,25,13.092000,0.094900,2.312800,true,40,320,180,1200
world2_high_600,600,400,600,375,26,13.574900,0.093400,2.394400,true,40,320,180,1200
world2_high_600,600,400,600,375,27,13.216400,0.082700,2.286100,true,40,320,180,1200
world2_high_600,600,400,600,375,28,13.121000,0.075800,2.712100,true,40,320,180,1200
world2_high_600,600,400,600,375,29,13.176700,0.088900,2.559000,true,40,320,180,1200
world2_high_600,600,400,600,375,30,13.429800,0.080100,2.322100,true,40,320,180,1200
world2_high_600,600,400,600,375,31,12.830700,0.085700,2.471300,true,40,320,180,1200
world2_high_600,600,400,600,375,32,13.711900,0.079600,2.387000,true,40,320,180,1200
world2_high_600,600,400,600,375,33,12.827800,0.088200,2.218000,true,40,320,180,1200
world2_high_600,600,400,600,375,34,12.769800,0.087300,2.484800,true,40,320,180,1200
world2_high_600,600,400,600,375,35,12.854400,0.096700,2.416100,true,40,320,180,1200
world2_high_600,600,400,600,375,36,13.487600,0.095400,2.388200,true,40,320,180,1200
world2_high_600,600,400,600,375,37,13.025900,0.072400,2.194600,true,40,320,180,1200
world2_high_600,600,400,600,375,38,13.105900,0.083100,2.501900,true,40,320,180,1200
world2_high_600,600,400,600,375,39,13.146300,0.077500,2.442600,true,40,320,180,1200
world2_high_600,600,400,600,375,40,13.090700,0.095700,2.442800,true,40,320,180,1200
world2_high_600,600,400,600,375,41,14.193200,0.079200,2.903900,true,40,320,180,1200
world2_high_600,600,400,600,375,42,13.942300,0.097000,2.281700,true,40,320,180,1200
world2_high_600,600,400,600,375,43,13.323500,0.079900,2.222300,true,40,320,180,1200
world2_high_600,600,400,600,375,44,13.470600,0.075800,2.437900,true,40,320,180,1200
world2_high_600,600,400,600,375,45,13.827200,0.082000,2.569700,true,40,320,180,1200
world2_high_600,600,400,600,375,46,13.863700,0.103200,2.339700,true,40,320,180,1200
world2_high_600,600,400,600,375,47,12.923000,0.094500,2.381800,true,40,320,180,1200
world2_high_600,600,400,600,375,48,13.580400,0.083500,2.510600,true,40,320,180,1200
world2_high_600,600,400,600,375,49,13.006900,0.099900,2.403800,true,40,320,180,1200
world2_high_600,600,400,600,375,50,13.064500,0.077500,2.909000,true,40,320,180,1200
world2_high_600,600,400,600,375,51,13.184100,0.079100,2.442600,true,40,320,180,1200
world2_high_600,600,400,600,375,52,12.757400,0.094700,2.353700,true,40,320,180,1200
world2_high_600,600,400,600,375,53,13.560500,0.094700,2.506200,true,40,320,180,1200
world2_high_600,600,400,600,375,54,12.829600,0.078400,2.413400,true,40,320,180,1200
world2_high_600,600,400,600,375,55,12.971800,0.098800,2.691000,true,40,320,180,1200
world2_high_600,600,400,600,375,56,12.910600,0.080900,2.332600,true,40,320,180,1200
world2_high_600,600,400,600,375,57,12.739300,0.092700,2.509300,true,40,320,180,1200
world2_high_600,600,400,600,375,58,13.123200,0.074800,2.329000,true,40,320,180,1200
world2_high_600,600,400,600,375,59,12.654700,0.104500,2.308400,true,40,320,180,1200
world2_high_600,600,400,600,375,60,13.622100,0.078100,2.391300,true,40,320,180,1200
world2_high_600,600,400,600,375,61,12.784100,0.117300,2.433100,true,40,320,180,1200
world2_high_600,600,400,600,375,62,12.845100,0.069700,2.193000,true,40,320,180,1200
world2_high_600,600,400,600,375,63,15.541400,0.092300,2.382100,true,40,320,180,1200
world2_high_600,600,400,600,375,64,14.397600,0.071000,2.371900,true,40,320,180,1200
world2_high_600,600,400,600,375,65,13.272400,0.083800,2.367000,true,40,320,180,1200
world2_high_600,600,400,600,375,66,13.098600,0.079400,2.209500,true,40,320,180,1200
world2_high_600,600,400,600,375,67,13.294500,0.078100,2.250000,true,40,320,180,1200
world2_high_600,600,400,600,375,68,13.139100,0.083000,2.497500,true,40,320,180,1200
world2_high_600,600,400,600,375,69,14.013900,0.083300,2.362500,true,40,320,180,1200
world2_high_600,600,400,600,375,70,13.371000,0.096200,2.304200,true,40,320,180,1200
world2_high_600,600,400,600,375,71,13.224500,0.088400,2.494900,true,40,320,180,1200
world2_high_600,600,400,600,375,72,12.909500,0.080800,2.312600,true,40,320,180,1200
world2_high_600,600,400,600,375,73,13.427300,0.089900,2.432600,true,40,320,180,1200
world2_high_600,600,400,600,375,74,13.194600,0.082500,2.411300,true,40,320,180,1200
world2_high_600,600,400,600,375,75,13.534300,0.081500,2.379400,true,40,320,180,1200
world2_high_600,600,400,600,375,76,13.322300,0.074400,2.404600,true,40,320,180,1200
world2_high_600,600,400,600,375,77,13.543600,0.070500,2.203500,true,40,320,180,1200
world2_high_600,600,400,600,375,78,15.544500,0.096000,2.439800,true,40,320,180,1200
world2_high_600,600,400,600,375,79,13.063600,0.087000,2.390000,true,40,320,180,1200
world2_high_600,600,400,600,375,80,13.035500,0.082700,2.364400,true,40,320,180,1200
world2_high_600,600,400,600,375,81,14.538600,0.078700,2.373600,true,40,320,180,1200
world2_high_600,600,400,600,375,82,13.141300,0.104500,2.734100,true,40,320,180,1200
world2_high_600,600,400,600,375,83,13.981700,0.079300,2.801700,true,40,320,180,1200
world2_high_600,600,400,600,375,84,13.280600,0.070200,2.229900,true,40,320,180,1200
world2_high_600,600,400,600,375,85,13.503700,0.095000,3.778000,true,40,320,180,1200
world2_high_600,600,400,600,375,86,16.851400,0.099300,2.528700,true,40,320,180,1200
world2_high_600,600,400,600,375,87,13.082800,0.100700,2.373600,true,40,320,180,1200
world2_high_600,600,400,600,375,88,13.628700,0.096700,2.348800,true,40,320,180,1200
world2_high_600,600,400,600,375,89,13.557900,0.077000,2.344500,true,40,320,180,1200
world2_high_600,600,400,600,375,90,13.100000,0.083800,2.355700,true,40,320,180,1200
world2_high_600,600,400,600,375,91,13.760600,0.083900,2.361100,true,40,320,180,1200
world2_high_600,600,400,600,375,92,14.612000,0.084500,2.350800,true,40,320,180,1200
world2_high_600,600,400,600,375,93,13.513000,0.088700,2.817900,true,40,320,180,1200
world2_high_600,600,400,600,375,94,13.818800,0.085700,2.704000,true,40,320,180,1200
world2_high_600,600,400,600,375,95,14.413400,0.085200,2.779400,true,40,320,180,1200
world2_high_600,600,400,600,375,96,13.452500,0.078200,2.654500,true,40,320,180,1200
world2_high_600,600,400,600,375,97,13.892100,0.085600,2.246800,true,40,320,180,1200
world2_high_600,600,400,600,375,98,13.350300,0.078300,2.770500,true,40,320,180,1200
world2_high_600,600,400,600,375,99,14.070900,0.077600,2.365300,true,40,320,180,1200
world2_high_600,600,400,600,375,100,14.974600,0.081000,2.435600,true,40,320,180,1200
world2_high_600,600,400,600,375,101,13.130300,0.092100,2.230200,true,40,320,180,1200
world2_high_600,600,400,600,375,102,13.170800,0.072800,2.424400,true,40,320,180,1200
world2_high_600,600,400,600,375,103,13.594800,0.082400,2.216500,true,40,320,180,1200
world2_high_600,600,400,600,375,104,13.404600,0.099500,2.432700,true,40,320,180,1200
world2_high_600,600,400,600,375,105,12.943500,0.076700,2.464200,true,40,320,180,1200
world2_high_600,600,400,600,375,106,15.088900,0.083100,2.343000,true,40,320,180,1200
world2_high_600,600,400,600,375,107,12.850100,0.088300,2.501500,true,40,320,180,1200
world2_high_600,600,400,600,375,108,12.890400,0.073700,2.368500,true,40,320,180,1200
world2_high_600,600,400,600,375,109,12.758400,0.078000,2.223800,true,40,320,180,1200
world2_high_1280,1280,800,1280,800,0,12.697300,0.092800,12.120400,true,40,320,180,1200
world2_high_1280,1280,800,1280,800,1,13.111400,0.079800,9.852300,true,40,320,180,1200
world2_high_1280,1280,800,1280,800,2,13.347300,0.090900,9.972500,true,40,320,180,1200
world2_high_1280,1280,800,1280,800,3,13.678600,0.082500,10.663700,true,40,320,180,1200
world2_high_1280,1280,800,1280,800,4,12.257300,0.067600,10.093400,true,40,320,180,1200
world2_high_1280,1280,800,1280,800,5,13.224200,0.079200,9.771300,true,40,320,180,1200
world2_high_1280,1280,800,1280,800,6,13.137000,0.094700,9.738500,true,40,320,180,1200
world2_high_1280,1280,800,1280,800,7,12.779300,0.113000,9.515200,true,40,320,180,1200
world2_high_1280,1280,800,1280,800,8,12.229300,0.074900,10.018700,true,40,320,180,1200
world2_high_1280,1280,800,1280,800,9,13.090200,0.076100,9.825600,true,40,320,180,1200
world2_high_1280,1280,800,1280,800,10,12.703100,0.076000,9.832900,true,40,320,180,1200
world2_high_1280,1280,800,1280,800,11,12.605600,0.088500,9.588600,true,40,320,180,1200
world2_high_1280,1280,800,1280,800,12,12.239800,0.101800,10.052600,true,40,320,180,1200
world2_high_1280,1280,800,1280,800,13,12.389500,0.081100,9.862500,true,40,320,180,1200
world2_high_1280,1280,800,1280,800,14,12.724400,0.075500,10.007500,true,40,320,180,1200
world2_high_1280,1280,800,1280,800,15,12.272200,0.107200,10.901700,true,40,320,180,1200
world2_high_1280,1280,800,1280,800,16,12.175500,0.116400,10.364300,true,40,320,180,1200
world2_high_1280,1280,800,1280,800,17,12.716500,0.101200,9.927700,true,40,320,180,1200
world2_high_1280,1280,800,1280,800,18,14.452900,0.084700,9.916500,true,40,320,180,1200
world2_high_1280,1280,800,1280,800,19,12.524400,0.083500,9.948800,true,40,320,180,1200
world2_high_1280,1280,800,1280,800,20,13.097500,0.076600,9.748300,true,40,320,180,1200
world2_high_1280,1280,800,1280,800,21,12.728800,0.073600,9.556700,true,40,320,180,1200
world2_high_1280,1280,800,1280,800,22,12.587600,0.094700,9.894600,true,40,320,180,1200
world2_high_1280,1280,800,1280,800,23,12.245200,0.090300,10.087300,true,40,320,180,1200
world2_high_1280,1280,800,1280,800,24,12.612300,0.081300,9.629800,true,40,320,180,1200
world2_high_1280,1280,800,1280,800,25,12.171900,0.078000,9.895500,true,40,320,180,1200
world2_high_1280,1280,800,1280,800,26,12.450200,0.093000,9.748500,true,40,320,180,1200
world2_high_1280,1280,800,1280,800,27,13.229700,0.081200,9.745400,true,40,320,180,1200
world2_high_1280,1280,800,1280,800,28,12.513900,0.087500,9.747600,true,40,320,180,1200
world2_high_1280,1280,800,1280,800,29,12.645600,0.080100,9.895000,true,40,320,180,1200
world2_high_1280,1280,800,1280,800,30,12.355500,0.392400,9.698200,true,40,320,180,1200
world2_high_1280,1280,800,1280,800,31,12.370900,0.073400,9.727600,true,40,320,180,1200
world2_high_1280,1280,800,1280,800,32,12.581000,0.081700,9.690100,true,40,320,180,1200
world2_high_1280,1280,800,1280,800,33,12.332300,0.093300,10.109200,true,40,320,180,1200
world2_high_1280,1280,800,1280,800,34,12.494800,0.089900,9.519900,true,40,320,180,1200
world2_high_1280,1280,800,1280,800,35,12.936300,0.095100,9.824900,true,40,320,180,1200
world2_high_1280,1280,800,1280,800,36,12.714300,0.089000,9.894500,true,40,320,180,1200
world2_high_1280,1280,800,1280,800,37,12.349200,0.084500,9.766300,true,40,320,180,1200
world2_high_1280,1280,800,1280,800,38,13.047200,0.074100,10.400800,true,40,320,180,1200
world2_high_1280,1280,800,1280,800,39,12.207200,0.076300,9.816500,true,40,320,180,1200
world2_high_1280,1280,800,1280,800,40,12.627700,0.082800,9.892500,true,40,320,180,1200
world2_high_1280,1280,800,1280,800,41,12.938300,0.078900,9.772800,true,40,320,180,1200
world2_high_1280,1280,800,1280,800,42,12.842900,0.079900,9.870000,true,40,320,180,1200
world2_high_1280,1280,800,1280,800,43,12.795900,0.074400,10.168300,true,40,320,180,1200
world2_high_1280,1280,800,1280,800,44,12.303500,0.083300,9.912500,true,40,320,180,1200
world2_high_1280,1280,800,1280,800,45,12.392800,0.084400,9.816600,true,40,320,180,1200
world2_high_1280,1280,800,1280,800,46,12.701100,0.109500,9.923400,true,40,320,180,1200
world2_high_1280,1280,800,1280,800,47,12.690400,0.119200,9.733300,true,40,320,180,1200
world2_high_1280,1280,800,1280,800,48,12.530800,0.130000,9.964100,true,40,320,180,1200
world2_high_1280,1280,800,1280,800,49,13.961500,0.082000,9.952600,true,40,320,180,1200
world2_high_1280,1280,800,1280,800,50,12.777500,0.076500,9.993600,true,40,320,180,1200
world2_high_1280,1280,800,1280,800,51,12.912600,0.084000,9.809300,true,40,320,180,1200
world2_high_1280,1280,800,1280,800,52,12.300100,0.082000,9.758500,true,40,320,180,1200
world2_high_1280,1280,800,1280,800,53,12.671500,0.093200,10.848800,true,40,320,180,1200
world2_high_1280,1280,800,1280,800,54,12.468200,0.073500,9.763600,true,40,320,180,1200
world2_high_1280,1280,800,1280,800,55,12.625600,0.087200,9.825900,true,40,320,180,1200
world2_high_1280,1280,800,1280,800,56,12.346300,0.070700,10.115000,true,40,320,180,1200
world2_high_1280,1280,800,1280,800,57,12.596200,0.101600,9.658700,true,40,320,180,1200
world2_high_1280,1280,800,1280,800,58,12.369000,0.083200,9.745900,true,40,320,180,1200
world2_high_1280,1280,800,1280,800,59,12.778500,0.075800,9.518700,true,40,320,180,1200
world2_high_1280,1280,800,1280,800,60,12.403800,0.079200,9.649400,true,40,320,180,1200
world2_high_1280,1280,800,1280,800,61,12.394500,0.090300,9.892500,true,40,320,180,1200
world2_high_1280,1280,800,1280,800,62,12.519200,0.075100,9.780400,true,40,320,180,1200
world2_high_1280,1280,800,1280,800,63,12.507900,0.087300,11.041200,true,40,320,180,1200
world2_high_1280,1280,800,1280,800,64,12.470800,0.097000,9.676300,true,40,320,180,1200
world2_high_1280,1280,800,1280,800,65,12.458600,0.085900,10.068500,true,40,320,180,1200
world2_high_1280,1280,800,1280,800,66,13.830900,0.072700,9.980900,true,40,320,180,1200
world2_high_1280,1280,800,1280,800,67,13.355000,0.077900,9.684100,true,40,320,180,1200
world2_high_1280,1280,800,1280,800,68,12.554000,0.072200,9.661700,true,40,320,180,1200
world2_high_1280,1280,800,1280,800,69,12.407700,0.089000,9.616700,true,40,320,180,1200
world2_high_1280,1280,800,1280,800,70,12.409100,0.093200,9.804400,true,40,320,180,1200
world2_high_1280,1280,800,1280,800,71,13.010200,0.073100,9.827600,true,40,320,180,1200
world2_high_1280,1280,800,1280,800,72,14.437100,0.090400,9.646600,true,40,320,180,1200
world2_high_1280,1280,800,1280,800,73,12.490400,0.068900,9.553600,true,40,320,180,1200
world2_high_1280,1280,800,1280,800,74,12.533800,0.091000,9.847200,true,40,320,180,1200
world2_high_1280,1280,800,1280,800,75,13.216000,0.091400,9.806600,true,40,320,180,1200
world2_high_1280,1280,800,1280,800,76,12.879200,0.084100,9.710900,true,40,320,180,1200
world4_normal_960,960,600,960,600,0,14.723200,0.064600,1.226400,true,6,32,12,120
world4_normal_960,960,600,960,600,1,14.290100,0.084600,1.326900,true,6,32,12,120
world4_normal_960,960,600,960,600,2,16.168800,0.085200,1.337000,true,6,32,12,120
world4_normal_960,960,600,960,600,3,14.436200,0.081000,1.264100,true,6,32,12,120
world4_normal_960,960,600,960,600,4,14.110500,0.062700,1.203200,true,6,32,12,120
world4_normal_960,960,600,960,600,5,14.726500,0.078800,1.231400,true,6,32,12,120
world4_normal_960,960,600,960,600,6,14.217700,0.063500,1.214000,true,6,32,12,120
world4_normal_960,960,600,960,600,7,14.412100,0.069800,1.539800,true,6,32,12,120
world4_normal_960,960,600,960,600,8,14.178400,0.102500,1.343000,true,6,32,12,120
world4_normal_960,960,600,960,600,9,14.208200,0.079600,1.389200,true,6,32,12,120
world4_normal_960,960,600,960,600,10,14.011300,0.084700,1.209300,true,6,32,12,120
world4_normal_960,960,600,960,600,11,14.320300,0.072600,1.360900,true,7,32,12,120
world4_normal_960,960,600,960,600,12,14.159200,0.070800,1.393100,true,6,32,12,120
world4_normal_960,960,600,960,600,13,16.420800,0.089900,1.229800,true,6,32,12,120
world4_normal_960,960,600,960,600,14,14.248900,0.066100,1.214000,true,6,32,12,120
world4_normal_960,960,600,960,600,15,14.931400,0.073700,1.301700,true,6,32,12,120
world4_normal_960,960,600,960,600,16,14.509400,0.069200,1.220500,true,6,32,12,120
world4_normal_960,960,600,960,600,17,14.708300,0.063000,1.190200,true,6,32,12,120
world4_normal_960,960,600,960,600,18,14.648900,0.072900,1.365300,true,6,32,12,120
world4_normal_960,960,600,960,600,19,14.542100,0.069400,1.370200,true,6,32,12,120
world4_normal_960,960,600,960,600,20,14.235000,0.072100,1.196900,true,6,32,12,120
world4_normal_960,960,600,960,600,21,14.329700,0.072600,1.249400,true,6,32,12,120
world4_normal_960,960,600,960,600,22,15.684200,0.114400,1.507200,true,6,32,12,120
world4_normal_960,960,600,960,600,23,15.163700,0.076500,1.345700,true,6,32,12,120
world4_normal_960,960,600,960,600,24,14.226800,0.075600,1.375900,true,6,32,12,120
world4_normal_960,960,600,960,600,25,14.099600,0.083800,1.433200,true,6,32,12,120
world4_normal_960,960,600,960,600,26,14.067400,0.077500,1.353600,true,6,32,12,120
world4_normal_960,960,600,960,600,27,14.511200,0.112800,1.227500,true,6,32,12,120
world4_normal_960,960,600,960,600,28,14.138600,0.088500,1.257500,true,6,32,12,120
world4_normal_960,960,600,960,600,29,14.747700,0.068400,1.450100,true,6,32,12,120
world4_normal_960,960,600,960,600,30,14.085900,0.090500,1.357500,true,6,32,12,120
world4_normal_960,960,600,960,600,31,13.984200,0.068000,2.426100,true,6,32,12,120
world4_normal_960,960,600,960,600,32,14.122700,0.081100,1.318100,true,6,32,12,120
world4_normal_960,960,600,960,600,33,14.225700,0.075600,1.459900,true,6,32,12,120
world4_normal_960,960,600,960,600,34,14.056700,0.069000,1.710100,true,6,32,12,120
world4_normal_960,960,600,960,600,35,14.014000,0.087200,1.305800,true,6,32,12,120
world4_normal_960,960,600,960,600,36,14.056200,0.079300,1.408200,true,6,32,12,120
world4_normal_960,960,600,960,600,37,14.232900,0.069900,1.494500,true,6,32,12,120
world4_normal_960,960,600,960,600,38,14.204400,0.065600,1.198600,true,6,32,12,120
world4_normal_960,960,600,960,600,39,15.431000,0.094900,1.352700,true,6,32,12,120
world4_normal_960,960,600,960,600,40,14.508000,0.071000,1.227000,true,6,32,12,120
world4_normal_960,960,600,960,600,41,15.505800,0.085600,1.294300,true,6,32,12,120
world4_normal_960,960,600,960,600,42,14.260700,0.072500,1.726000,true,6,32,12,120
world4_normal_960,960,600,960,600,43,14.188000,0.071500,1.284500,true,6,32,12,120
world4_normal_960,960,600,960,600,44,14.054000,0.089400,1.398200,true,6,32,12,120
world4_normal_960,960,600,960,600,45,14.113200,0.078800,1.727100,true,6,32,12,120
world4_normal_960,960,600,960,600,46,14.121600,0.086300,1.332100,true,6,32,12,120
world4_normal_960,960,600,960,600,47,14.090900,0.078600,1.379000,true,6,32,12,120
world4_normal_960,960,600,960,600,48,14.591100,0.096000,1.369300,true,6,32,12,120
world4_normal_960,960,600,960,600,49,14.465500,0.082700,1.409700,true,6,32,12,120
world4_normal_960,960,600,960,600,50,14.231300,0.069000,1.450300,true,6,32,12,120
world4_normal_960,960,600,960,600,51,14.237400,0.098400,1.519500,true,6,32,12,120
world4_normal_960,960,600,960,600,52,14.302200,0.070800,1.745400,true,6,32,12,120
world4_normal_960,960,600,960,600,53,14.210500,0.085700,1.200400,true,6,32,12,120
world4_normal_960,960,600,960,600,54,14.242900,0.092100,1.800100,true,6,32,12,120
world4_normal_960,960,600,960,600,55,14.334500,0.089200,1.323700,true,6,32,12,120
world4_normal_960,960,600,960,600,56,14.653300,0.089000,1.304200,true,6,32,12,120
world4_normal_960,960,600,960,600,57,14.827100,0.093000,1.462900,true,6,32,12,120
world4_normal_960,960,600,960,600,58,14.124000,0.075200,1.331000,true,6,32,12,120
world4_normal_960,960,600,960,600,59,14.755400,0.083600,1.480100,true,6,32,12,120
world4_normal_960,960,600,960,600,60,14.021900,0.080600,1.402600,true,6,32,12,120
world4_normal_960,960,600,960,600,61,13.987400,0.068300,1.353700,true,6,32,12,120
world4_normal_960,960,600,960,600,62,14.056200,0.087700,1.412000,true,6,32,12,120
world4_normal_960,960,600,960,600,63,14.246600,0.088800,1.416100,true,6,32,12,120
world4_normal_960,960,600,960,600,64,14.668400,0.088400,1.443300,true,6,32,12,120
world4_normal_960,960,600,960,600,65,15.334700,0.080200,1.283200,true,6,32,12,120
world4_normal_960,960,600,960,600,66,14.590700,0.072300,1.227800,true,7,32,12,120
world4_normal_960,960,600,960,600,67,14.210400,0.067000,1.206900,true,6,32,12,120
world4_normal_960,960,600,960,600,68,14.291700,0.068300,1.179800,true,6,32,12,120
world4_normal_960,960,600,960,600,69,14.219200,0.067300,1.210100,true,6,32,13,120
world4_normal_960,960,600,960,600,70,14.685000,0.072900,1.395100,true,6,32,12,120
world4_normal_960,960,600,960,600,71,13.977900,0.060200,1.194900,true,6,32,12,120
world4_normal_960,960,600,960,600,72,14.083600,0.069900,1.225500,true,6,32,12,120
world4_normal_960,960,600,960,600,73,14.130500,0.064400,1.474100,true,6,32,13,120
world4_normal_960,960,600,960,600,74,14.626900,0.075400,1.277600,true,6,32,12,120
world4_normal_960,960,600,960,600,75,14.282000,0.063700,1.242700,true,6,32,12,120
world4_normal_960,960,600,960,600,76,14.640500,0.067700,1.308700,true,6,32,12,120
world4_normal_960,960,600,960,600,77,14.824100,0.071200,1.220400,true,6,32,12,120
world4_normal_960,960,600,960,600,78,14.385100,0.065200,1.238800,true,6,32,12,120
world4_normal_960,960,600,960,600,79,14.951200,0.067800,1.416800,true,6,32,12,120
world4_normal_960,960,600,960,600,80,14.283500,0.074300,1.341100,true,6,32,12,120
world4_normal_960,960,600,960,600,81,14.886800,0.067600,1.217000,true,6,32,12,120
world4_normal_960,960,600,960,600,82,14.468200,0.061700,1.243700,true,6,32,12,120
world4_normal_960,960,600,960,600,83,14.609200,0.090700,1.374900,true,6,32,12,120
world4_normal_960,960,600,960,600,84,14.282400,0.071400,1.205400,true,6,32,12,120
world4_normal_960,960,600,960,600,85,14.471000,0.085300,1.220000,true,6,32,12,120
world4_normal_960,960,600,960,600,86,14.746400,0.104000,1.514100,true,6,32,12,120
world4_normal_960,960,600,960,600,87,14.098000,0.089800,1.460800,true,6,32,12,120
world4_normal_960,960,600,960,600,88,14.210200,0.083100,1.233200,true,6,32,12,120
world4_normal_960,960,600,960,600,89,14.305800,0.064700,1.202500,true,6,32,12,120
world4_normal_960,960,600,960,600,90,14.431100,0.072200,1.444800,true,6,32,12,120
world4_normal_960,960,600,960,600,91,14.131700,0.087300,1.512600,true,6,32,12,120
world4_normal_960,960,600,960,600,92,14.051700,0.090000,1.348500,true,6,32,12,120
world4_normal_960,960,600,960,600,93,14.343000,0.091900,1.238600,true,6,32,12,120
world4_normal_960,960,600,960,600,94,14.025800,0.065700,1.604500,true,6,32,12,120
world4_normal_960,960,600,960,600,95,14.337400,0.075900,1.214100,true,6,32,12,120
world4_normal_960,960,600,960,600,96,14.406100,0.061800,1.245300,true,6,32,12,120
world4_normal_960,960,600,960,600,97,14.396100,0.080800,1.472800,true,6,32,12,120
world4_normal_960,960,600,960,600,98,14.427600,0.077200,1.276700,true,6,32,12,120
world4_normal_960,960,600,960,600,99,14.231800,0.069400,1.553400,true,6,32,12,120
world4_normal_960,960,600,960,600,100,14.526500,0.076500,1.284600,true,6,32,12,120
world4_normal_960,960,600,960,600,101,14.591400,0.080600,1.414100,true,6,32,13,120
world4_normal_960,960,600,960,600,102,14.463000,0.088600,1.311700,true,6,32,12,120
world4_normal_960,960,600,960,600,103,15.390100,0.080100,1.275600,true,6,32,12,120
world4_normal_960,960,600,960,600,104,14.388900,0.078100,1.477300,true,6,32,12,120
world4_normal_960,960,600,960,600,105,14.274600,0.072800,1.423500,true,6,32,12,120
world4_normal_960,960,600,960,600,106,14.384000,0.075100,1.208300,true,6,32,12,120
world4_normal_960,960,600,960,600,107,14.353700,0.083900,1.342800,true,6,32,12,120
world4_normal_960,960,600,960,600,108,14.152400,0.070100,1.414300,true,6,32,12,120
world4_normal_960,960,600,960,600,109,14.636200,0.086500,1.251300,true,6,32,12,120
world4_normal_600,600,400,600,375,0,13.961200,0.088700,2.643800,true,6,32,12,120
world4_normal_600,600,400,600,375,1,14.050000,0.070300,2.240600,true,6,32,12,120
world4_normal_600,600,400,600,375,2,14.095800,0.078100,2.465200,true,6,32,12,120
world4_normal_600,600,400,600,375,3,14.040800,0.089500,2.506600,true,6,32,12,120
world4_normal_600,600,400,600,375,4,14.776400,0.075700,2.371600,true,6,32,12,120
world4_normal_600,600,400,600,375,5,14.041800,0.077200,2.264800,true,6,32,12,120
world4_normal_600,600,400,600,375,6,14.420500,0.069400,2.313600,true,6,32,12,120
world4_normal_600,600,400,600,375,7,13.830300,0.111800,2.336400,true,6,32,12,120
world4_normal_600,600,400,600,375,8,14.246400,0.099200,2.371800,true,6,32,12,120
world4_normal_600,600,400,600,375,9,13.977300,0.088900,2.673100,true,6,32,12,120
world4_normal_600,600,400,600,375,10,14.123700,0.077400,2.284600,true,6,32,12,120
world4_normal_600,600,400,600,375,11,14.013500,0.083600,2.441800,true,7,32,12,120
world4_normal_600,600,400,600,375,12,14.910200,0.090400,2.369000,true,6,32,12,120
world4_normal_600,600,400,600,375,13,13.992200,0.077900,2.393100,true,6,32,12,120
world4_normal_600,600,400,600,375,14,14.523700,0.071600,2.615400,true,6,32,12,120
world4_normal_600,600,400,600,375,15,13.918400,0.069200,2.661700,true,6,32,12,120
world4_normal_600,600,400,600,375,16,14.536000,0.082500,2.441100,true,6,32,12,120
world4_normal_600,600,400,600,375,17,14.508700,0.067900,2.680600,true,6,32,12,120
world4_normal_600,600,400,600,375,18,14.856600,0.076000,2.734800,true,6,32,12,120
world4_normal_600,600,400,600,375,19,14.726900,0.077500,2.328500,true,6,32,12,120
world4_normal_600,600,400,600,375,20,16.519700,0.075400,2.355900,true,6,32,12,120
world4_normal_600,600,400,600,375,21,13.915700,0.090000,2.279900,true,6,32,12,120
world4_normal_600,600,400,600,375,22,14.429600,0.112600,2.326600,true,6,32,12,120
world4_normal_600,600,400,600,375,23,14.400600,0.090300,2.376700,true,6,32,12,120
world4_normal_600,600,400,600,375,24,14.011500,0.071400,2.701900,true,6,32,12,120
world4_normal_600,600,400,600,375,25,14.948200,0.071800,2.303500,true,6,32,12,120
world4_normal_600,600,400,600,375,26,15.053800,0.104800,2.728800,true,6,32,12,120
world4_normal_600,600,400,600,375,27,14.080000,0.075000,2.228800,true,6,32,12,120
world4_normal_600,600,400,600,375,28,14.206200,0.079000,2.341600,true,6,32,12,120
world4_normal_600,600,400,600,375,29,14.350000,0.091600,2.400400,true,6,32,12,120
world4_normal_600,600,400,600,375,30,13.941100,0.084700,2.268300,true,6,32,12,120
world4_normal_600,600,400,600,375,31,14.090100,0.089900,2.396100,true,6,32,12,120
world4_normal_600,600,400,600,375,32,13.925700,0.100100,2.311300,true,6,32,12,120
world4_normal_600,600,400,600,375,33,14.185300,0.069100,2.424100,true,6,32,12,120
world4_normal_600,600,400,600,375,34,13.872300,0.070600,2.317400,true,6,32,12,120
world4_normal_600,600,400,600,375,35,14.450600,0.065200,2.157600,true,6,32,12,120
world4_normal_600,600,400,600,375,36,14.042600,0.113500,2.309100,true,6,32,12,120
world4_normal_600,600,400,600,375,37,15.252700,0.079900,2.359500,true,6,32,12,120
world4_normal_600,600,400,600,375,38,13.858100,0.081400,2.256800,true,6,32,12,120
world4_normal_600,600,400,600,375,39,13.809600,0.087600,2.238200,true,6,32,12,120
world4_normal_600,600,400,600,375,40,14.402400,0.086900,2.324800,true,6,32,12,120
world4_normal_600,600,400,600,375,41,14.485700,0.070900,2.325000,true,6,32,12,120
world4_normal_600,600,400,600,375,42,14.155900,0.076900,2.452400,true,6,32,12,120
world4_normal_600,600,400,600,375,43,14.130300,0.076500,2.481500,true,6,32,12,120
world4_normal_600,600,400,600,375,44,14.145500,0.088800,2.348700,true,6,32,12,120
world4_normal_600,600,400,600,375,45,16.347300,0.074500,2.186000,true,6,32,12,120
world4_normal_600,600,400,600,375,46,14.264400,0.095900,2.498000,true,6,32,12,120
world4_normal_600,600,400,600,375,47,14.553300,0.091700,2.678600,true,6,32,12,120
world4_normal_600,600,400,600,375,48,14.243800,0.073500,2.409100,true,6,32,12,120
world4_normal_600,600,400,600,375,49,14.345000,0.078500,2.504800,true,6,32,12,120
world4_normal_600,600,400,600,375,50,14.264400,0.078800,2.315300,true,6,32,12,120
world4_normal_600,600,400,600,375,51,14.206000,0.077800,2.454400,true,6,32,12,120
world4_normal_600,600,400,600,375,52,14.437600,0.079200,2.450000,true,6,32,12,120
world4_normal_600,600,400,600,375,53,14.227000,0.084800,2.229200,true,6,32,12,120
world4_normal_600,600,400,600,375,54,14.442400,0.070200,2.342800,true,6,32,12,120
world4_normal_600,600,400,600,375,55,14.504500,0.073400,2.302300,true,6,32,12,120
world4_normal_600,600,400,600,375,56,15.129200,0.071700,2.409400,true,6,32,12,120
world4_normal_600,600,400,600,375,57,14.235200,0.074600,2.487500,true,6,32,12,120
world4_normal_600,600,400,600,375,58,14.280600,0.070100,2.244500,true,6,32,12,120
world4_normal_600,600,400,600,375,59,14.615700,0.070800,2.403300,true,6,32,12,120
world4_normal_600,600,400,600,375,60,14.277800,0.083900,2.351800,true,6,32,12,120
world4_normal_600,600,400,600,375,61,14.100100,0.087900,2.385500,true,6,32,12,120
world4_normal_600,600,400,600,375,62,14.346200,0.078900,2.451900,true,6,32,12,120
world4_normal_600,600,400,600,375,63,14.149600,0.094300,2.291500,true,6,32,12,120
world4_normal_600,600,400,600,375,64,14.478200,0.077900,2.346100,true,6,32,12,120
world4_normal_600,600,400,600,375,65,14.353900,0.085800,2.217400,true,6,32,12,120
world4_normal_600,600,400,600,375,66,14.954100,0.094100,2.357400,true,7,32,12,120
world4_normal_600,600,400,600,375,67,14.192900,0.071900,2.374700,true,6,32,12,120
world4_normal_600,600,400,600,375,68,16.015200,0.085600,2.514200,true,6,32,12,120
world4_normal_600,600,400,600,375,69,16.793600,0.083900,2.432600,true,6,32,13,120
world4_normal_600,600,400,600,375,70,15.557500,0.096800,2.747300,true,6,32,12,120
world4_normal_600,600,400,600,375,71,14.506800,0.092800,2.557200,true,6,32,12,120
world4_normal_600,600,400,600,375,72,14.424500,0.075700,2.470200,true,6,32,12,120
world4_normal_600,600,400,600,375,73,16.463200,0.081000,2.467000,true,6,32,13,120
world4_normal_600,600,400,600,375,74,14.717300,0.083300,2.403800,true,6,32,12,120
world4_normal_600,600,400,600,375,75,14.278200,0.069300,2.469400,true,6,32,12,120
world4_normal_600,600,400,600,375,76,14.340500,0.086300,2.491200,true,6,32,12,120
world4_normal_600,600,400,600,375,77,14.221600,0.096200,2.332400,true,6,32,12,120
world4_normal_600,600,400,600,375,78,14.760300,0.098700,2.701400,true,6,32,12,120
world4_normal_600,600,400,600,375,79,14.034400,0.086100,2.707200,true,6,32,12,120
world4_normal_600,600,400,600,375,80,14.918500,0.095800,2.342400,true,6,32,12,120
world4_normal_600,600,400,600,375,81,15.723200,0.072700,2.317200,true,6,32,12,120
world4_normal_600,600,400,600,375,82,14.284100,0.104500,2.361300,true,6,32,12,120
world4_normal_600,600,400,600,375,83,13.972300,0.102200,2.677700,true,6,32,12,120
world4_normal_600,600,400,600,375,84,14.384200,0.071900,2.327600,true,6,32,12,120
world4_normal_600,600,400,600,375,85,14.473300,0.074400,2.481300,true,6,32,12,120
world4_normal_600,600,400,600,375,86,14.403500,0.069900,2.398900,true,6,32,12,120
world4_normal_600,600,400,600,375,87,14.062100,0.069700,2.349600,true,6,32,12,120
world4_normal_600,600,400,600,375,88,14.527700,0.078800,2.619800,true,6,32,12,120
world4_normal_600,600,400,600,375,89,13.982000,0.070700,2.651700,true,6,32,12,120
world4_normal_600,600,400,600,375,90,13.966900,0.075600,2.264700,true,6,32,12,120
world4_normal_600,600,400,600,375,91,14.508400,0.072600,2.156700,true,6,32,12,120
world4_normal_600,600,400,600,375,92,14.417700,0.090000,2.181600,true,6,32,12,120
world4_normal_600,600,400,600,375,93,14.010700,0.077900,2.302600,true,6,32,12,120
world4_normal_600,600,400,600,375,94,14.029500,0.073100,2.641100,true,6,32,12,120
world4_normal_600,600,400,600,375,95,14.031700,0.099000,2.261700,true,6,32,12,120
world4_normal_600,600,400,600,375,96,14.497900,0.080200,2.186800,true,6,32,12,120
world4_normal_600,600,400,600,375,97,14.479900,0.068900,2.382800,true,6,32,12,120
world4_normal_600,600,400,600,375,98,13.897500,0.074900,2.257500,true,6,32,12,120
world4_normal_600,600,400,600,375,99,14.487600,0.098700,2.300900,true,6,32,12,120
world4_normal_600,600,400,600,375,100,14.333300,0.083800,2.375000,true,6,32,12,120
world4_normal_600,600,400,600,375,101,14.585300,0.093800,2.404900,true,6,32,13,120
world4_normal_600,600,400,600,375,102,13.871800,0.075100,2.689600,true,6,32,12,120
world4_normal_600,600,400,600,375,103,14.055000,0.077200,2.297700,true,6,32,12,120
world4_normal_1280,1280,800,1280,800,0,13.864500,0.089900,9.859100,true,6,32,12,120
world4_normal_1280,1280,800,1280,800,1,14.271800,0.082300,9.724100,true,6,32,12,120
world4_normal_1280,1280,800,1280,800,2,13.957700,0.099000,9.808400,true,6,32,12,120
world4_normal_1280,1280,800,1280,800,3,14.105100,0.098700,9.993400,true,6,32,12,120
world4_normal_1280,1280,800,1280,800,4,14.223400,0.091600,9.880000,true,6,32,12,120
world4_normal_1280,1280,800,1280,800,5,14.252300,0.091300,10.054300,true,6,32,12,120
world4_normal_1280,1280,800,1280,800,6,14.264400,0.077800,9.982000,true,6,32,12,120
world4_normal_1280,1280,800,1280,800,7,14.781500,0.085800,9.716100,true,6,32,12,120
world4_normal_1280,1280,800,1280,800,8,14.554000,0.093500,9.654400,true,6,32,12,120
world4_normal_1280,1280,800,1280,800,9,14.242300,0.084600,9.842100,true,6,32,12,120
world4_normal_1280,1280,800,1280,800,10,14.464000,0.087600,9.758600,true,6,32,12,120
world4_normal_1280,1280,800,1280,800,11,14.109500,0.100700,10.112000,true,6,32,12,120
world4_normal_1280,1280,800,1280,800,12,14.294700,0.092400,9.679100,true,6,32,12,120
world4_normal_1280,1280,800,1280,800,13,14.333700,0.073000,9.607700,true,6,32,12,120
world4_normal_1280,1280,800,1280,800,14,14.209200,0.085300,9.548600,true,6,32,12,120
world4_normal_1280,1280,800,1280,800,15,14.295800,0.079200,10.568900,true,6,32,12,120
world4_normal_1280,1280,800,1280,800,16,14.151300,0.089800,9.786100,true,6,32,12,120
world4_normal_1280,1280,800,1280,800,17,14.162300,0.088100,9.616300,true,6,32,12,120
world4_normal_1280,1280,800,1280,800,18,14.446600,0.100800,9.517600,true,6,32,12,120
world4_normal_1280,1280,800,1280,800,19,14.406700,0.087200,10.538200,true,6,32,12,120
world4_normal_1280,1280,800,1280,800,20,14.137500,0.090200,9.978800,true,6,32,12,120
world4_normal_1280,1280,800,1280,800,21,14.050200,0.103800,9.693700,true,6,32,12,120
world4_normal_1280,1280,800,1280,800,22,13.900800,0.096300,9.660200,true,6,32,12,120
world4_normal_1280,1280,800,1280,800,23,14.191200,0.085500,9.722500,true,6,32,12,120
world4_normal_1280,1280,800,1280,800,24,14.325800,0.096500,10.755600,true,7,32,12,120
world4_normal_1280,1280,800,1280,800,25,14.995500,0.075900,9.570900,true,6,32,12,120
world4_normal_1280,1280,800,1280,800,26,14.080900,0.084500,9.646900,true,6,32,12,120
world4_normal_1280,1280,800,1280,800,27,14.010900,0.073600,9.641600,true,6,32,12,120
world4_normal_1280,1280,800,1280,800,28,13.738100,0.077500,10.810400,true,6,32,12,120
world4_normal_1280,1280,800,1280,800,29,14.310100,0.078900,9.714900,true,6,32,12,120
world4_normal_1280,1280,800,1280,800,30,13.760600,0.085400,9.658600,true,6,32,12,120
world4_normal_1280,1280,800,1280,800,31,14.439700,0.097900,9.621100,true,6,32,12,120
world4_normal_1280,1280,800,1280,800,32,13.813900,0.090100,9.900900,true,6,32,12,120
world4_normal_1280,1280,800,1280,800,33,14.232600,0.077900,9.714500,true,6,32,12,120
world4_normal_1280,1280,800,1280,800,34,13.980000,0.080300,9.869100,true,6,32,12,120
world4_normal_1280,1280,800,1280,800,35,13.996800,0.085600,9.786300,true,6,32,12,120
world4_normal_1280,1280,800,1280,800,36,14.066600,0.070100,9.804400,true,6,32,12,120
world4_normal_1280,1280,800,1280,800,37,14.026000,0.072700,9.746700,true,6,32,12,120
world4_normal_1280,1280,800,1280,800,38,14.379400,0.076800,9.716100,true,6,32,12,120
world4_normal_1280,1280,800,1280,800,39,14.059600,0.079000,9.702500,true,6,32,12,120
world4_normal_1280,1280,800,1280,800,40,13.922700,0.082000,9.765500,true,6,32,12,120
world4_normal_1280,1280,800,1280,800,41,13.816600,0.071500,10.064800,true,6,32,12,120
world4_normal_1280,1280,800,1280,800,42,14.463200,0.099500,10.112900,true,6,32,12,120
world4_normal_1280,1280,800,1280,800,43,14.100400,0.100100,10.094200,true,6,32,12,120
world4_normal_1280,1280,800,1280,800,44,14.446500,0.091000,9.695600,true,6,32,12,120
world4_normal_1280,1280,800,1280,800,45,14.980000,0.099800,9.816100,true,6,32,12,120
world4_normal_1280,1280,800,1280,800,46,14.680300,0.092800,9.948100,true,6,32,12,120
world4_normal_1280,1280,800,1280,800,47,14.401100,0.122400,9.823700,true,6,32,12,120
world4_normal_1280,1280,800,1280,800,48,13.823200,0.100900,10.099800,true,6,32,12,120
world4_normal_1280,1280,800,1280,800,49,14.139000,0.089500,9.774500,true,6,32,12,120
world4_normal_1280,1280,800,1280,800,50,13.989200,0.087800,9.800200,true,6,32,12,120
world4_normal_1280,1280,800,1280,800,51,14.308800,0.090500,9.770900,true,6,32,12,120
world4_normal_1280,1280,800,1280,800,52,14.028200,0.085300,9.764000,true,6,32,12,120
world4_normal_1280,1280,800,1280,800,53,13.958900,0.090700,9.794300,true,6,32,12,120
world4_normal_1280,1280,800,1280,800,54,14.408900,0.090500,9.662300,true,6,32,12,120
world4_normal_1280,1280,800,1280,800,55,14.529800,0.085500,10.089400,true,6,32,12,120
world4_normal_1280,1280,800,1280,800,56,14.144400,0.094200,9.783800,true,6,32,12,120
world4_normal_1280,1280,800,1280,800,57,14.250400,0.091900,9.779900,true,6,32,12,120
world4_normal_1280,1280,800,1280,800,58,13.919100,0.077100,10.075000,true,6,32,12,120
world4_normal_1280,1280,800,1280,800,59,14.034800,0.092100,9.787900,true,6,32,12,120
world4_normal_1280,1280,800,1280,800,60,13.862300,0.090400,10.118000,true,6,32,12,120
world4_normal_1280,1280,800,1280,800,61,15.757800,0.096600,10.751300,true,6,32,12,120
world4_normal_1280,1280,800,1280,800,62,14.209500,0.087300,9.572100,true,6,32,12,120
world4_normal_1280,1280,800,1280,800,63,13.819000,0.104600,9.714100,true,6,32,12,120
world4_normal_1280,1280,800,1280,800,64,13.895600,0.089500,9.842700,true,6,32,12,120
world4_normal_1280,1280,800,1280,800,65,13.853800,0.074800,9.755200,true,6,32,12,120
world4_normal_1280,1280,800,1280,800,66,14.290900,0.088800,9.820100,true,6,32,12,120
world4_normal_1280,1280,800,1280,800,67,14.355600,0.076200,9.736400,true,6,32,12,120
world4_normal_1280,1280,800,1280,800,68,13.891400,0.079500,9.759000,true,6,32,12,120
world4_normal_1280,1280,800,1280,800,69,15.054200,0.095100,9.796600,true,6,32,12,120
world4_normal_1280,1280,800,1280,800,70,14.249700,0.085600,9.886500,true,6,32,12,120
world4_normal_1280,1280,800,1280,800,71,14.143000,0.070900,9.759000,true,6,32,12,120
world4_normal_1280,1280,800,1280,800,72,14.115900,0.071000,9.761300,true,6,32,12,120
world4_high_960,960,600,960,600,0,20.174900,0.086100,1.405400,true,40,320,180,1200
world4_high_960,960,600,960,600,1,20.002000,0.062500,1.226400,true,40,320,180,1200
world4_high_960,960,600,960,600,2,20.093400,0.079200,1.421900,true,40,320,180,1200
world4_high_960,960,600,960,600,3,20.365500,0.068000,1.216700,true,40,320,180,1200
world4_high_960,960,600,960,600,4,19.986600,0.075300,1.347300,true,40,320,180,1200
world4_high_960,960,600,960,600,5,20.421700,0.066700,1.315800,true,40,320,180,1200
world4_high_960,960,600,960,600,6,20.082300,0.089900,1.698200,true,40,320,180,1200
world4_high_960,960,600,960,600,7,20.088200,0.090800,1.341200,true,40,320,180,1200
world4_high_960,960,600,960,600,8,19.724500,0.088500,1.444200,true,40,320,180,1200
world4_high_960,960,600,960,600,9,20.025400,0.085300,1.346400,true,40,320,180,1200
world4_high_960,960,600,960,600,10,20.256200,0.089100,1.383100,true,40,320,180,1200
world4_high_960,960,600,960,600,11,20.445200,0.066300,1.233100,true,40,320,180,1200
world4_high_960,960,600,960,600,12,20.082100,0.075200,1.238800,true,40,320,180,1200
world4_high_960,960,600,960,600,13,20.176900,0.080400,1.251200,true,40,320,180,1200
world4_high_960,960,600,960,600,14,19.963400,0.071900,1.228000,true,40,320,180,1200
world4_high_960,960,600,960,600,15,19.855500,0.076500,1.751900,true,40,320,180,1200
world4_high_960,960,600,960,600,16,19.763500,0.087400,1.407800,true,40,320,180,1200
world4_high_960,960,600,960,600,17,19.720500,0.079100,1.303400,true,40,320,180,1200
world4_high_960,960,600,960,600,18,20.113800,0.080100,1.242900,true,40,320,180,1200
world4_high_960,960,600,960,600,19,19.909000,0.076600,1.363300,true,40,320,180,1200
world4_high_960,960,600,960,600,20,20.213100,0.077300,1.427700,true,40,320,180,1200
world4_high_960,960,600,960,600,21,20.531700,0.075500,1.475400,true,40,320,180,1200
world4_high_960,960,600,960,600,22,19.946500,0.074700,1.204700,true,40,320,180,1200
world4_high_960,960,600,960,600,23,20.217100,0.076400,1.413700,true,40,320,180,1200
world4_high_960,960,600,960,600,24,19.889800,0.098000,1.742800,true,40,320,180,1200
world4_high_960,960,600,960,600,25,19.941500,0.073600,1.906400,true,40,320,180,1200
world4_high_960,960,600,960,600,26,19.834200,0.084500,1.203800,true,40,320,180,1200
world4_high_960,960,600,960,600,27,20.199500,0.063600,1.290100,true,40,320,180,1200
world4_high_960,960,600,960,600,28,19.894300,0.095300,1.427500,true,40,320,180,1200
world4_high_960,960,600,960,600,29,20.170500,0.092900,1.499000,true,40,320,180,1200
world4_high_960,960,600,960,600,30,20.014500,0.069900,1.394400,true,40,320,180,1200
world4_high_960,960,600,960,600,31,20.062500,0.100200,1.410200,true,40,320,180,1200
world4_high_960,960,600,960,600,32,20.080600,0.091100,1.307500,true,40,320,180,1200
world4_high_960,960,600,960,600,33,20.381000,0.078200,1.321700,true,40,320,180,1200
world4_high_960,960,600,960,600,34,20.183200,0.072900,1.254900,true,40,320,180,1200
world4_high_960,960,600,960,600,35,20.070300,0.069300,1.231100,true,40,320,180,1200
world4_high_960,960,600,960,600,36,21.074400,0.059600,1.226900,true,40,320,180,1200
world4_high_960,960,600,960,600,37,20.023000,0.072800,1.364400,true,40,320,180,1200
world4_high_960,960,600,960,600,38,19.785900,0.068800,1.200100,true,40,320,180,1200
world4_high_960,960,600,960,600,39,20.671600,0.074400,1.222800,true,40,320,180,1200
world4_high_960,960,600,960,600,40,21.529700,0.078400,1.364700,true,40,320,180,1200
world4_high_960,960,600,960,600,41,19.850300,0.078100,1.721000,true,40,320,180,1200
world4_high_960,960,600,960,600,42,21.410400,0.096600,1.261200,true,40,320,180,1200
world4_high_960,960,600,960,600,43,19.890900,0.097400,1.438800,true,40,320,180,1200
world4_high_960,960,600,960,600,44,19.951000,0.110600,1.440600,true,40,320,180,1200
world4_high_960,960,600,960,600,45,19.996400,0.103500,1.379000,true,40,320,180,1200
world4_high_960,960,600,960,600,46,20.198300,0.078300,1.379700,true,40,320,180,1200
world4_high_960,960,600,960,600,47,20.744400,0.088800,1.327700,true,40,320,180,1200
world4_high_960,960,600,960,600,48,20.473900,0.090000,1.398200,true,40,320,180,1200
world4_high_960,960,600,960,600,49,20.016900,0.079000,1.288600,true,40,320,180,1200
world4_high_960,960,600,960,600,50,20.253500,0.082000,1.316100,true,40,320,180,1200
world4_high_960,960,600,960,600,51,21.217800,0.067100,1.291400,true,40,320,180,1200
world4_high_960,960,600,960,600,52,20.049400,0.086700,1.498300,true,40,320,180,1200
world4_high_960,960,600,960,600,53,19.977500,0.082100,1.439100,true,40,320,180,1200
world4_high_960,960,600,960,600,54,19.980900,0.078800,1.705700,true,40,320,180,1200
world4_high_960,960,600,960,600,55,20.464800,0.072800,1.419100,true,40,320,180,1200
world4_high_960,960,600,960,600,56,20.126500,0.072200,1.741300,true,40,320,180,1200
world4_high_960,960,600,960,600,57,20.223000,0.071300,1.200600,true,40,320,180,1200
world4_high_960,960,600,960,600,58,19.983200,0.092400,1.469800,true,40,320,180,1200
world4_high_960,960,600,960,600,59,19.976300,0.070400,1.720000,true,40,320,180,1200
world4_high_960,960,600,960,600,60,20.244500,0.094800,1.467700,true,40,320,180,1200
world4_high_960,960,600,960,600,61,19.917100,0.101300,1.350200,true,40,320,180,1200
world4_high_960,960,600,960,600,62,20.157300,0.093400,1.457900,true,40,320,180,1200
world4_high_960,960,600,960,600,63,20.182200,0.100700,1.764600,true,40,320,180,1200
world4_high_960,960,600,960,600,64,20.098800,0.090800,1.692500,true,40,320,180,1200
world4_high_960,960,600,960,600,65,20.671800,0.087700,1.363100,true,40,320,180,1200
world4_high_960,960,600,960,600,66,20.643600,0.090300,1.346700,true,40,320,180,1200
world4_high_960,960,600,960,600,67,20.261800,0.066100,1.387100,true,40,320,180,1200
world4_high_960,960,600,960,600,68,20.238400,0.088400,1.277800,true,40,320,180,1200
world4_high_960,960,600,960,600,69,20.174400,0.078800,1.336900,true,40,320,180,1200
world4_high_960,960,600,960,600,70,20.501500,0.081000,1.425800,true,40,320,180,1200
world4_high_960,960,600,960,600,71,20.311800,0.067300,1.277100,true,40,320,180,1200
world4_high_960,960,600,960,600,72,20.086700,0.088000,1.267400,true,40,320,180,1200
world4_high_960,960,600,960,600,73,20.199300,0.090000,1.516700,true,40,320,180,1200
world4_high_960,960,600,960,600,74,20.180600,0.071300,1.237800,true,40,320,180,1200
world4_high_960,960,600,960,600,75,20.215600,0.070700,1.244300,true,40,320,180,1200
world4_high_960,960,600,960,600,76,20.273400,0.066900,1.210800,true,40,320,180,1200
world4_high_960,960,600,960,600,77,20.459200,0.073400,1.396100,true,40,320,180,1200
world4_high_960,960,600,960,600,78,20.411000,0.080400,1.470700,true,40,320,180,1200
world4_high_960,960,600,960,600,79,19.870300,0.087600,1.303800,true,40,320,180,1200
world4_high_960,960,600,960,600,80,20.336100,0.087300,1.239800,true,40,320,180,1200
world4_high_600,600,400,600,375,0,20.115500,0.086200,2.393300,true,40,320,180,1200
world4_high_600,600,400,600,375,1,19.994000,0.075300,2.371400,true,40,320,180,1200
world4_high_600,600,400,600,375,2,20.931500,0.091900,2.399500,true,40,320,180,1200
world4_high_600,600,400,600,375,3,20.213700,0.082400,2.722900,true,40,320,180,1200
world4_high_600,600,400,600,375,4,20.415400,0.072900,2.201100,true,40,320,180,1200
world4_high_600,600,400,600,375,5,20.343500,0.078800,2.282600,true,40,320,180,1200
world4_high_600,600,400,600,375,6,20.133100,0.079400,2.389400,true,40,320,180,1200
world4_high_600,600,400,600,375,7,19.944400,0.097200,2.698800,true,40,320,180,1200
world4_high_600,600,400,600,375,8,19.849700,0.084400,2.329400,true,40,320,180,1200
world4_high_600,600,400,600,375,9,20.605000,0.075300,2.331800,true,40,320,180,1200
world4_high_600,600,400,600,375,10,20.606200,0.096200,2.571100,true,40,320,180,1200
world4_high_600,600,400,600,375,11,20.233200,0.063600,2.505000,true,40,320,180,1200
world4_high_600,600,400,600,375,12,20.114600,0.077600,2.191000,true,40,320,180,1200
world4_high_600,600,400,600,375,13,20.168800,0.071400,2.175200,true,40,320,180,1200
world4_high_600,600,400,600,375,14,21.719900,0.086600,2.196500,true,40,320,180,1200
world4_high_600,600,400,600,375,15,20.571500,0.109800,2.330500,true,40,320,180,1200
world4_high_600,600,400,600,375,16,21.812300,0.115400,2.274200,true,40,320,180,1200
world4_high_600,600,400,600,375,17,20.706200,0.087700,2.666200,true,40,320,180,1200
world4_high_600,600,400,600,375,18,20.113800,0.088600,2.430800,true,40,320,180,1200
world4_high_600,600,400,600,375,19,21.522900,0.090400,2.404100,true,40,320,180,1200
world4_high_600,600,400,600,375,20,20.353900,0.083900,2.687700,true,40,320,180,1200
world4_high_600,600,400,600,375,21,20.251500,0.097600,2.677000,true,40,320,180,1200
world4_high_600,600,400,600,375,22,20.114400,0.079500,2.289600,true,40,320,180,1200
world4_high_600,600,400,600,375,23,19.966100,0.077400,2.371500,true,40,320,180,1200
world4_high_600,600,400,600,375,24,20.188200,0.105800,2.669400,true,40,320,180,1200
world4_high_600,600,400,600,375,25,20.599800,0.095600,2.442400,true,40,320,180,1200
world4_high_600,600,400,600,375,26,20.431800,0.092400,2.367400,true,40,320,180,1200
world4_high_600,600,400,600,375,27,20.895700,0.085500,2.286800,true,40,320,180,1200
world4_high_600,600,400,600,375,28,20.338800,0.091000,2.309800,true,40,320,180,1200
world4_high_600,600,400,600,375,29,20.264900,0.081500,2.390100,true,40,320,180,1200
world4_high_600,600,400,600,375,30,20.444800,0.087900,2.382900,true,40,320,180,1200
world4_high_600,600,400,600,375,31,20.158500,0.083600,2.271800,true,40,320,180,1200
world4_high_600,600,400,600,375,32,20.464400,0.089500,2.291600,true,40,320,180,1200
world4_high_600,600,400,600,375,33,20.087600,0.089000,2.372400,true,40,320,180,1200
world4_high_600,600,400,600,375,34,20.474500,0.084100,2.340500,true,40,320,180,1200
world4_high_600,600,400,600,375,35,20.358100,0.097600,2.415200,true,40,320,180,1200
world4_high_600,600,400,600,375,36,20.598600,0.093900,2.429300,true,40,320,180,1200
world4_high_600,600,400,600,375,37,20.456400,0.084700,2.413800,true,40,320,180,1200
world4_high_600,600,400,600,375,38,20.247800,0.086700,2.234100,true,40,320,180,1200
world4_high_600,600,400,600,375,39,20.816300,0.086300,2.420600,true,40,320,180,1200
world4_high_600,600,400,600,375,40,20.675200,0.079100,2.391200,true,40,320,180,1200
world4_high_600,600,400,600,375,41,20.810900,0.096900,2.275200,true,40,320,180,1200
world4_high_600,600,400,600,375,42,20.912300,0.095600,2.500600,true,40,320,180,1200
world4_high_600,600,400,600,375,43,20.351600,0.075100,2.463700,true,40,320,180,1200
world4_high_600,600,400,600,375,44,20.417800,0.074300,2.652100,true,40,320,180,1200
world4_high_600,600,400,600,375,45,21.074500,0.073300,2.450500,true,40,320,180,1200
world4_high_600,600,400,600,375,46,26.696200,0.126500,2.466000,true,40,320,180,1200
world4_high_600,600,400,600,375,47,20.882700,0.083200,2.660000,true,40,320,180,1200
world4_high_600,600,400,600,375,48,20.750000,0.078100,2.418500,true,40,320,180,1200
world4_high_600,600,400,600,375,49,23.185600,0.079400,2.461400,true,40,320,180,1200
world4_high_600,600,400,600,375,50,20.206200,0.087600,2.274500,true,40,320,180,1200
world4_high_600,600,400,600,375,51,20.357100,0.102000,2.334600,true,40,320,180,1200
world4_high_600,600,400,600,375,52,20.328100,0.079300,2.356000,true,40,320,180,1200
world4_high_600,600,400,600,375,53,20.122300,0.073300,2.216600,true,40,320,180,1200
world4_high_600,600,400,600,375,54,20.174400,0.077500,2.339600,true,40,320,180,1200
world4_high_600,600,400,600,375,55,20.124500,0.101600,2.629600,true,40,320,180,1200
world4_high_600,600,400,600,375,56,20.273400,0.098100,2.427700,true,40,320,180,1200
world4_high_600,600,400,600,375,57,20.356300,0.083700,2.175400,true,40,320,180,1200
world4_high_600,600,400,600,375,58,20.577700,0.081800,2.194400,true,40,320,180,1200
world4_high_600,600,400,600,375,59,20.387200,0.142900,2.307900,true,40,320,180,1200
world4_high_600,600,400,600,375,60,21.096300,0.124800,2.391700,true,40,320,180,1200
world4_high_600,600,400,600,375,61,20.580000,0.094600,2.349300,true,40,320,180,1200
world4_high_600,600,400,600,375,62,20.256200,0.073300,2.411300,true,40,320,180,1200
world4_high_600,600,400,600,375,63,20.832500,0.083700,2.334500,true,40,320,180,1200
world4_high_600,600,400,600,375,64,20.380500,0.084100,2.369600,true,40,320,180,1200
world4_high_600,600,400,600,375,65,20.361000,0.080200,2.453600,true,40,320,180,1200
world4_high_600,600,400,600,375,66,20.083200,0.076400,2.699000,true,40,320,180,1200
world4_high_600,600,400,600,375,67,20.454000,0.078300,2.445300,true,40,320,180,1200
world4_high_600,600,400,600,375,68,21.992900,0.080500,2.299700,true,40,320,180,1200
world4_high_600,600,400,600,375,69,20.973600,0.086800,2.652200,true,40,320,180,1200
world4_high_600,600,400,600,375,70,20.362300,0.099500,2.473800,true,40,320,180,1200
world4_high_600,600,400,600,375,71,20.283900,0.079000,2.454900,true,40,320,180,1200
world4_high_600,600,400,600,375,72,22.523500,0.083800,2.452300,true,40,320,180,1200
world4_high_600,600,400,600,375,73,20.324700,0.085500,2.449900,true,40,320,180,1200
world4_high_600,600,400,600,375,74,20.409900,0.064700,2.169000,true,40,320,180,1200
world4_high_600,600,400,600,375,75,20.288000,0.076900,2.293100,true,40,320,180,1200
world4_high_1280,1280,800,1280,800,0,20.530000,0.087400,9.692500,true,40,320,180,1200
world4_high_1280,1280,800,1280,800,1,20.942500,0.074500,9.801000,true,40,320,180,1200
world4_high_1280,1280,800,1280,800,2,20.271100,0.086700,10.072100,true,40,320,180,1200
world4_high_1280,1280,800,1280,800,3,20.292000,0.082000,9.657300,true,40,320,180,1200
world4_high_1280,1280,800,1280,800,4,20.250000,0.130800,9.694400,true,40,320,180,1200
world4_high_1280,1280,800,1280,800,5,20.196300,0.080500,9.777200,true,40,320,180,1200
world4_high_1280,1280,800,1280,800,6,20.175500,0.091300,9.694400,true,40,320,180,1200
world4_high_1280,1280,800,1280,800,7,20.234800,0.084000,9.569800,true,40,320,180,1200
world4_high_1280,1280,800,1280,800,8,20.481400,0.100000,10.047900,true,40,320,180,1200
world4_high_1280,1280,800,1280,800,9,20.614100,0.068000,9.516800,true,40,320,180,1200
world4_high_1280,1280,800,1280,800,10,20.037000,0.110900,9.759000,true,40,320,180,1200
world4_high_1280,1280,800,1280,800,11,20.246800,0.088500,10.033900,true,40,320,180,1200
world4_high_1280,1280,800,1280,800,12,20.102700,0.088900,9.794600,true,40,320,180,1200
world4_high_1280,1280,800,1280,800,13,20.127600,0.072500,9.572500,true,40,320,180,1200
world4_high_1280,1280,800,1280,800,14,20.146600,0.082800,10.212000,true,40,320,180,1200
world4_high_1280,1280,800,1280,800,15,20.355500,0.059400,10.069600,true,40,320,180,1200
world4_high_1280,1280,800,1280,800,16,19.996200,0.078400,9.695400,true,40,320,180,1200
world4_high_1280,1280,800,1280,800,17,20.157100,0.081400,9.686200,true,40,320,180,1200
world4_high_1280,1280,800,1280,800,18,20.288600,0.080700,9.684400,true,40,320,180,1200
world4_high_1280,1280,800,1280,800,19,20.172500,0.071500,9.561600,true,40,320,180,1200
world4_high_1280,1280,800,1280,800,20,20.558700,0.096400,10.034000,true,40,320,180,1200
world4_high_1280,1280,800,1280,800,21,20.410800,0.088400,9.734200,true,40,320,180,1200
world4_high_1280,1280,800,1280,800,22,22.858600,0.082800,9.722400,true,40,320,180,1200
world4_high_1280,1280,800,1280,800,23,20.409500,0.075600,9.651400,true,40,320,180,1200
world4_high_1280,1280,800,1280,800,24,21.689800,0.100100,9.964200,true,40,320,180,1200
world4_high_1280,1280,800,1280,800,25,20.198000,0.087000,10.071300,true,40,320,180,1200
world4_high_1280,1280,800,1280,800,26,19.962400,0.077100,10.447500,true,40,320,180,1200
world4_high_1280,1280,800,1280,800,27,20.284100,0.077500,9.582100,true,40,320,180,1200
world4_high_1280,1280,800,1280,800,28,20.349400,0.088500,9.685400,true,40,320,180,1200
world4_high_1280,1280,800,1280,800,29,20.166100,0.090700,9.754500,true,40,320,180,1200
world4_high_1280,1280,800,1280,800,30,20.464500,0.080900,9.965100,true,40,320,180,1200
world4_high_1280,1280,800,1280,800,31,20.134200,0.094900,9.676900,true,40,320,180,1200
world4_high_1280,1280,800,1280,800,32,20.088500,0.083900,10.930400,true,40,320,180,1200
world4_high_1280,1280,800,1280,800,33,20.444200,0.071700,10.221000,true,40,320,180,1200
world4_high_1280,1280,800,1280,800,34,20.295700,0.084200,9.598000,true,40,320,180,1200
world4_high_1280,1280,800,1280,800,35,20.823500,0.066300,9.513700,true,40,320,180,1200
world4_high_1280,1280,800,1280,800,36,20.429800,0.073700,9.726800,true,40,320,180,1200
world4_high_1280,1280,800,1280,800,37,20.266700,0.074800,9.533300,true,40,320,180,1200
world4_high_1280,1280,800,1280,800,38,20.329000,0.070500,10.356600,true,40,320,180,1200
world4_high_1280,1280,800,1280,800,39,20.576600,0.067600,9.486300,true,40,320,180,1200
world4_high_1280,1280,800,1280,800,40,20.587700,0.075700,9.810800,true,40,320,180,1200
world4_high_1280,1280,800,1280,800,41,20.520900,0.088200,9.652800,true,40,320,180,1200
world4_high_1280,1280,800,1280,800,42,21.769300,0.071000,10.407500,true,40,320,180,1200
world4_high_1280,1280,800,1280,800,43,23.914900,0.088700,10.373400,true,40,320,180,1200
world4_high_1280,1280,800,1280,800,44,20.841600,0.073600,9.782500,true,40,320,180,1200
world4_high_1280,1280,800,1280,800,45,20.463200,0.093500,10.070700,true,40,320,180,1200
world4_high_1280,1280,800,1280,800,46,20.413300,0.121800,10.199500,true,40,320,180,1200
world4_high_1280,1280,800,1280,800,47,20.379500,0.081000,9.771600,true,40,320,180,1200
world4_high_1280,1280,800,1280,800,48,20.263800,0.079500,9.731100,true,40,320,180,1200
world4_high_1280,1280,800,1280,800,49,20.186600,0.100900,9.802300,true,40,320,180,1200
world4_high_1280,1280,800,1280,800,50,20.242400,0.077500,9.793000,true,40,320,180,1200
world4_high_1280,1280,800,1280,800,51,20.170100,0.082300,9.894500,true,40,320,180,1200
world4_high_1280,1280,800,1280,800,52,21.347000,0.074300,9.772200,true,40,320,180,1200
world4_high_1280,1280,800,1280,800,53,26.163900,0.083100,9.928500,true,40,320,180,1200
world4_high_1280,1280,800,1280,800,54,21.748600,0.255900,12.029000,true,40,320,180,1200
world4_high_1280,1280,800,1280,800,55,21.799100,0.077800,10.874300,true,40,320,180,1200
world4_high_1280,1280,800,1280,800,56,21.111600,0.070000,10.310300,true,40,320,180,1200
